state_district,round,mean_wage_wtd,n_obs,ln_wage,year,sector
01_01,2017-18,9500,2,9.159047077588632,2017,rural
01_01,2018-19,10248.259280880413,5,9.234863143888873,2018,rural
01_01,2019-20,13163.88605121144,3,9.485232453934263,2019,rural
01_01,2020-21,10000,1,9.210340371976184,2020,rural
01_01,2022-23,14448.446866404292,9,9.578342204470015,2022,rural
01_02,2017-18,6939.641814716813,18,8.845005440456646,2017,rural
01_02,2018-19,8197.235911437205,35,9.0115522924557,2018,rural
01_02,2019-20,8664.573266227444,42,9.066997952954,2019,rural
01_02,2020-21,9383.370547821729,36,9.14669431091194,2020,rural
01_02,2021-22,9865.434379363462,26,9.196792449860705,2021,rural
01_02,2022-23,11920.79468824243,29,9.38603960687381,2022,rural
01_03,2017-18,7673.395009812167,2,8.945514431344206,2017,rural
01_03,2018-19,20000,1,9.903487552536127,2018,rural
01_03,2019-20,16552.581090252246,4,9.714297325760102,2019,rural
01_05,2018-19,13000,2,9.472704636443673,2018,rural
01_05,2019-20,12000,1,9.392661928770137,2019,rural
01_05,2021-22,32000,1,10.373491181781864,2021,rural
01_05,2022-23,28284.3993076835,5,10.250065670418406,2022,rural
01_06,2017-18,16397.235175491754,6,9.704868012739668,2017,rural
01_06,2018-19,13453.333469763984,3,9.506982195940465,2018,rural
01_06,2020-21,12689.88390707367,4,9.448560412287838,2020,rural
01_06,2021-22,28308.716094659303,2,10.250925025422964,2021,rural
01_06,2022-23,25450.982445850266,6,10.144509624213956,2022,rural
01_07,2017-18,15870.26514586149,13,9.67220252074456,2017,rural
01_07,2018-19,14838.03311141262,25,9.604948968274991,2018,rural
01_07,2019-20,6546.043371897306,7,8.786616080749122,2019,rural
01_07,2020-21,18343.405993568947,11,9.817025442502814,2020,rural
01_07,2021-22,22864.91604385968,38,10.037358964266463,2021,rural
01_07,2022-23,27857.190531258286,31,10.234846399867608,2022,rural
01_08,2017-18,12775.811303836752,8,9.45530892020506,2017,rural
01_08,2018-19,12865.192306242481,6,9.462280672621418,2018,rural
01_08,2019-20,11168.21376220359,16,9.320826965417433,2019,rural
01_08,2020-21,7062.908521062911,16,8.862612217472138,2020,rural
01_08,2021-22,19866.276197897565,26,9.896778909723936,2021,rural
01_08,2022-23,14948.099079507181,53,9.612339418861918,2022,rural
01_09,2017-18,6371.209030044634,8,8.759544531191297,2017,rural
01_09,2018-19,9000,4,9.104979856318357,2018,rural
01_09,2019-20,9961.01523873465,4,9.206434276983837,2019,rural
01_09,2020-21,6053.938037165921,8,8.708464254505486,2020,rural
01_09,2021-22,9646.86529877723,42,9.1743883020563,2021,rural
01_09,2022-23,15742.478200949114,25,9.664117955635822,2022,rural
01_10,2017-18,11754.215560055434,147,9.371967226297903,2017,rural
01_10,2018-19,10536.143793274894,289,9.26256689113512,2018,rural
01_10,2019-20,10571.905905351663,344,9.265955375320559,2019,rural
01_10,2020-21,12883.165125426434,338,9.463676709021069,2020,rural
01_10,2021-22,13168.557949015576,245,9.485587293603007,2021,rural
01_10,2022-23,14819.797807067223,272,9.603719255509182,2022,rural
01_11,2017-18,6378.84719379583,5,8.760742669384705,2017,rural
01_11,2018-19,9936.610405213069,26,9.203981235983255,2018,rural
01_11,2019-20,4834.997496549381,36,8.483635890110504,2019,rural
01_11,2020-21,9172.713931796674,12,9.12398847912962,2020,rural
01_11,2021-22,16852.112490801104,14,9.732231298296252,2021,rural
01_11,2022-23,11803.120907967023,25,9.37611925921012,2022,rural
01_12,2017-18,9100.633264555776,22,9.116099279595327,2017,rural
01_12,2018-19,10877.363851808861,15,9.29443919801996,2018,rural
01_12,2019-20,22666.666666666668,3,10.028650695490134,2019,rural
01_12,2020-21,20161.86457921499,39,9.91154820695682,2020,rural
01_12,2021-22,19040.40495565352,18,9.854318576798462,2021,rural
01_12,2022-23,22395.893866544877,26,10.016632911510639,2022,rural
01_13,2018-19,15149.628689045325,13,9.62573130166326,2018,rural
01_13,2019-20,15023.48754748766,22,9.617370091939781,2019,rural
01_13,2020-21,18391.92082162805,8,9.819666761389604,2020,rural
01_13,2021-22,27206.561418858553,10,10.211213451827646,2021,rural
01_13,2022-23,47700,1,10.772686676876432,2022,rural
01_14,2017-18,6760.578584690854,8,8.81886375482575,2017,rural
01_14,2018-19,12634.734833425407,29,9.444205032932139,2018,rural
01_14,2019-20,11705.791792020747,39,9.367839023260451,2019,rural
01_14,2020-21,18236.923355430463,25,9.81120357371186,2020,rural
01_14,2021-22,24516.614821116826,38,10.107106322652923,2021,rural
01_14,2022-23,18319.33177930486,77,9.81571216263412,2022,rural
01_15,2018-19,14326.191058624045,14,9.569844683580234,2018,rural
01_15,2019-20,13252.987594743041,27,9.491978284846365,2019,rural
01_15,2020-21,8822.34144543575,26,9.085042583773964,2020,rural
01_15,2021-22,14400,2,9.574983485564092,2021,rural
01_16,2018-19,16142.857142857143,7,9.689232948639164,2018,rural
01_16,2019-20,16000,1,9.680344001221918,2019,rural
01_16,2020-21,13978.539616940105,9,9.54527854802366,2020,rural
01_16,2021-22,18500,2,9.825526011066415,2021,rural
01_17,2019-20,19267.60572962198,6,9.866180505096388,2019,rural
01_19,2017-18,11000.066676435832,13,9.305656613256303,2017,rural
01_19,2018-19,22298.38977513154,26,10.012269747447926,2018,rural
01_19,2019-20,9696.356681705953,34,9.179505494112064,2019,rural
01_19,2020-21,20973.23017995929,23,9.951002150181104,2020,rural
01_19,2021-22,36875.327219202896,21,10.515297967343844,2021,rural
01_19,2022-23,20902.60719046391,11,9.947629176127984,2022,rural
01_20,2018-19,41829.99618806189,6,10.641368973306951,2018,rural
01_20,2019-20,35111.643422007386,14,10.466288075871281,2019,rural
01_20,2020-21,20000,1,9.903487552536127,2020,rural
01_20,2021-22,11842.956899947829,10,9.37948861542988,2021,rural
01_20,2022-23,19601.38159123738,8,9.883355332083196,2022,rural
01_21,2017-18,16784.156442914136,59,9.728190651547962,2017,rural
01_21,2018-19,29460.118941270546,96,10.290792727390363,2018,rural
01_21,2019-20,28118.317720902425,57,10.244176519131544,2019,rural
01_21,2020-21,40517.4290132571,91,10.609487506528694,2020,rural
01_21,2021-22,24530.120069478806,117,10.107657032041974,2021,rural
01_21,2022-23,25007.069787443874,98,10.126913855370114,2022,rural
01_22,2018-19,30848.927965513627,9,10.336857278827429,2018,rural
01_22,2019-20,32972.9510102208,13,10.403442837981526,2019,rural
01_22,2020-21,40000,3,10.596634733096073,2020,rural
01_22,2022-23,25169.949148963213,5,10.133406067823913,2022,rural
02_01,2017-18,6000,2,8.699514748210191,2017,rural
02_01,2018-19,15000,1,9.615805480084347,2018,rural
02_01,2019-20,13370.569262846966,3,9.50081124681464,2019,rural
02_01,2020-21,10056.849968340848,3,9.216009270200644,2020,rural
02_01,2021-22,14805.970147377271,8,9.602785766749307,2021,rural
02_01,2022-23,24353.493287080015,5,10.100430579702847,2022,rural
02_02,2017-18,7205.577178545614,7,8.88261061328144,2017,rural
02_02,2018-19,8361.752385901604,12,9.03142329965095,2018,rural
02_02,2019-20,7272.6773130760685,17,8.891879771382012,2019,rural
02_02,2020-21,9984.794356820272,18,9.208818650427043,2020,rural
02_02,2021-22,10524.855284766623,13,9.261494908790176,2021,rural
02_02,2022-23,14507.316729398575,4,9.582408403167362,2022,rural
02_04,2017-18,22925.182145421033,9,10.039991242367739,2017,rural
02_04,2018-19,15057.598707936217,17,9.619638040296437,2018,rural
02_04,2019-20,16945.01962012122,16,9.737729241911312,2019,rural
02_04,2021-22,16000,1,9.680344001221918,2021,rural
02_04,2022-23,14500,2,9.581903928408666,2022,rural
02_05,2017-18,12400,5,9.425451751593128,2017,rural
02_05,2018-19,28554.25228797259,3,10.25956114577881,2018,rural
02_05,2019-20,20781.105538968615,8,9.941799465305825,2019,rural
02_05,2020-21,14738.651713966667,13,9.598228690322582,2020,rural
02_05,2021-22,13806.754062609347,3,9.532913176242793,2021,rural
02_05,2022-23,33436.66724994288,9,10.417408398653631,2022,rural
02_06,2017-18,11076.24309039205,13,9.31255783153936,2017,rural
02_06,2018-19,24494.48655704948,19,10.106203332720082,2018,rural
02_06,2019-20,22324.345926471266,2,10.013433107509073,2019,rural
02_06,2020-21,41952.25782252908,3,10.644287532199792,2020,rural
02_06,2021-22,14745.46168291915,3,9.598690631910033,2021,rural
02_06,2022-23,15428.78847194121,6,9.643990424577915,2022,rural
02_07,2018-19,23882.68302947239,18,10.08090891586325,2018,rural
02_07,2019-20,14490.978547025112,15,9.581281565610428,2019,rural
02_07,2020-21,140868.22709189414,10,11.855580172755223,2020,rural
02_07,2021-22,10259.900993803878,20,9.235998468951484,2021,rural
02_07,2022-23,3986.3119393824945,6,8.290621756461936,2022,rural
02_08,2019-20,4200,1,8.34283980427146,2019,rural
02_08,2022-23,13573.47146174685,4,9.515872538959341,2022,rural
02_09,2017-18,22184.802789234822,11,10.007162774399365,2017,rural
02_09,2018-19,19065.21268097207,13,9.855620627801017,2018,rural
02_09,2019-20,21538.447082713043,12,9.977594853529872,2019,rural
02_09,2020-21,32513.08510409572,8,10.389397905876274,2020,rural
02_09,2021-22,11105.423940983479,10,9.315188911284995,2021,rural
02_09,2022-23,15571.814362632222,23,9.653217787430943,2022,rural
02_10,2017-18,9771.605981600502,2,9.187236110402257,2017,rural
02_10,2018-19,10301.30942086155,3,9.240026294376603,2018,rural
02_10,2020-21,29447.5091696396,5,10.2903646072223,2020,rural
02_10,2021-22,14013.2249603309,10,9.547756802729428,2021,rural
02_10,2022-23,11156.842899095032,12,9.319808301566825,2022,rural
02_11,2017-18,21355.060323177957,7,9.969044008051627,2017,rural
02_11,2018-19,33250,2,10.411810046084,2018,rural
02_11,2019-20,28432.768221994706,13,10.255297569654998,2019,rural
02_11,2020-21,23697.752000590288,13,10.07313547032869,2020,rural
02_11,2021-22,38742.3075524942,28,10.564687500300485,2021,rural
02_11,2022-23,14829.043414704965,9,9.604342929660106,2022,rural
03_01,2017-18,12108.434026860761,2,9.401657515787614,2017,rural
03_01,2018-19,12145.583257535085,20,9.4047208647817,2018,rural
03_01,2019-20,21882.62048366174,21,9.993448015528223,2019,rural
03_01,2020-21,11809.375469215047,22,9.376649026270274,2020,rural
03_01,2021-22,15498.017147327673,16,9.648467368745253,2021,rural
03_01,2022-23,11310.787686390391,6,9.333512211812412,2022,rural
03_02,2017-18,7679.979936237992,7,8.946372213669294,2017,rural
03_02,2018-19,30931.16784563961,3,10.33951962266562,2018,rural
03_02,2019-20,32669.12489930602,13,10.39418571817288,2019,rural
03_02,2020-21,12439.436788206205,17,9.428627091008309,2020,rural
03_02,2021-22,11270.937247985295,18,9.329982766662503,2021,rural
03_02,2022-23,22649.59191784784,6,10.027897113876815,2022,rural
03_03,2017-18,13457.248857372755,41,9.507273188352952,2017,rural
03_03,2018-19,16253.3139752425,104,9.696052103903574,2018,rural
03_03,2019-20,15072.290738733507,58,9.620613286620376,2019,rural
03_03,2020-21,13912.32609775624,82,9.540530495793638,2020,rural
03_03,2021-22,18261.243459303765,71,9.812536249273137,2021,rural
03_03,2022-23,19735.651592142563,61,9.89018200463538,2022,rural
03_04,2017-18,7802.6990896615935,24,8.962224989956743,2017,rural
03_04,2018-19,11431.175682297098,22,9.344099610842775,2018,rural
03_04,2019-20,13801.684313030411,18,9.532545915366468,2019,rural
03_04,2020-21,9625.12439009631,18,9.172132082718845,2020,rural
03_04,2021-22,9148.208782291991,19,9.12131337760764,2021,rural
03_04,2022-23,18286.889185264423,24,9.813939644101497,2022,rural
03_05,2017-18,4326.735169438111,2,8.372568534154492,2017,rural
03_05,2018-19,3515.347934292084,4,8.164893784919867,2018,rural
03_05,2019-20,23219.279526663853,20,10.052738226633714,2019,rural
03_05,2020-21,5339.597385649706,6,8.582905533166075,2020,rural
03_05,2022-23,12478.700569026676,26,9.431778515430864,2022,rural
03_06,2017-18,23963.292471654684,21,10.084278458133282,2017,rural
03_06,2018-19,26368.100982245494,7,10.179910262429015,2018,rural
03_06,2019-20,16185.147868737111,9,9.691849302477838,2019,rural
03_06,2020-21,22542.522878212374,13,10.023158710265967,2020,rural
03_06,2021-22,19296.098456308846,11,9.867658201934544,2021,rural
03_06,2022-23,11016.606448302171,4,9.307159090482003,2022,rural
03_07,2017-18,15177.6528283236,63,9.627579416354228,2017,rural
03_07,2018-19,16218.837510681164,89,9.693928654982678,2018,rural
03_07,2019-20,15237.535539848,116,9.631517106180441,2019,rural
03_07,2020-21,20878.777594129442,96,9.94648849594033,2020,rural
03_07,2021-22,15235.561013123439,74,9.631387514707917,2021,rural
03_07,2022-23,26735.19893465037,50,10.193736288337021,2022,rural
03_08,2017-18,18299.998401947494,4,9.814656251504235,2017,rural
03_08,2018-19,17008.53872143314,12,9.741470774670477,2018,rural
03_08,2019-20,12341.665832004413,34,9.420736282838265,2019,rural
03_08,2020-21,24383.89319005375,3,10.101678078147618,2020,rural
03_08,2021-22,19392.13531251024,10,9.872622866593781,2021,rural
03_08,2022-23,23257.39071164685,21,10.05437824057317,2022,rural
03_09,2017-18,7122.194982896237,7,8.870971241010878,2017,rural
03_09,2018-19,8810.766248868642,14,9.083729690048088,2018,rural
03_09,2019-20,11879.216350390676,12,9.382545626969103,2019,rural
03_09,2020-21,12076.260757073098,13,9.398996883594027,2020,rural
03_09,2021-22,14108.998981076995,21,9.554568098395208,2021,rural
03_09,2022-23,17271.758585623353,39,9.756827994886642,2022,rural
03_10,2017-18,17142.703394164604,17,9.749327903994919,2017,rural
03_10,2018-19,11763.033382384214,11,9.37271712887057,2018,rural
03_10,2019-20,10389.52200205422,12,9.248553077457911,2019,rural
03_10,2020-21,17111.302691700595,12,9.747494500265086,2020,rural
03_10,2021-22,23176.858583667195,19,10.050909585003378,2021,rural
03_10,2022-23,24309.19294055253,3,10.09860986809814,2022,rural
03_11,2017-18,13724.230518914299,7,9.526918200610396,2017,rural
03_11,2018-19,17153.506451402605,14,9.749957889503168,2018,rural
03_11,2019-20,16922.9240654742,15,9.736424435337462,2019,rural
03_11,2020-21,15732.590467050497,31,9.663489665713524,2020,rural
03_11,2021-22,12818.181147499517,13,9.4586198442392,2021,rural
03_11,2022-23,2500,1,7.824046010856292,2022,rural
03_12,2017-18,15371.19459586473,47,9.640250556080046,2017,rural
03_12,2018-19,18870.376304932743,76,9.845348580131576,2018,rural
03_12,2019-20,15309.167653880517,41,9.636207121000126,2019,rural
03_12,2020-21,13739.505136881287,45,9.528030548889115,2020,rural
03_12,2021-22,18246.111721305435,27,9.81170727994408,2021,rural
03_12,2022-23,24988.542422355622,37,10.126172695691595,2022,rural
03_13,2017-18,19922.080458243105,8,9.899583966359897,2017,rural
03_13,2018-19,23984.84070108371,19,10.08517727230826,2018,rural
03_13,2019-20,15539.83075271842,17,9.65116173278887,2019,rural
03_13,2020-21,14094.454526227615,25,9.553536702992872,2020,rural
03_13,2021-22,22248.478740932078,16,10.010028914062906,2021,rural
03_13,2022-23,24573.288717223993,11,10.109415307482857,2022,rural
03_14,2017-18,17988.208972299297,24,9.797471765140179,2017,rural
03_14,2018-19,16010.110684528707,65,9.680975719428993,2018,rural
03_14,2019-20,16988.162074825985,35,9.740272031935449,2019,rural
03_14,2020-21,23629.187647061637,64,10.07023799155623,2020,rural
03_14,2021-22,26697.63841078154,44,10.192330391442095,2021,rural
03_14,2022-23,19974.661515507483,23,9.902219825084517,2022,rural
03_15,2017-18,22543.689749996516,23,10.023210472067031,2017,rural
03_15,2018-19,24657.665789901323,43,10.112843116516437,2018,rural
03_15,2019-20,19666.526794537764,76,9.886673322052308,2019,rural
03_15,2020-21,15986.3957199737,59,9.67949337203783,2020,rural
03_15,2021-22,12486.768132486333,58,9.43242481323019,2021,rural
03_15,2022-23,16726.987590306835,82,9.724778717415807,2022,rural
03_16,2017-18,18076.925564528996,6,9.802391573276992,2017,rural
03_16,2020-21,9210.525971129504,4,9.128102236318984,2020,rural
03_16,2021-22,6444.147651127607,12,8.770927656996442,2021,rural
03_16,2022-23,19224.022135782172,10,9.863915928881632,2022,rural
03_17,2018-19,5750,2,8.656955133791396,2018,rural
03_17,2019-20,16370.065054443865,10,9.703209644361186,2019,rural
03_17,2020-21,5000,2,8.517193191416238,2020,rural
03_17,2021-22,25109.676737642596,9,10.131008578219403,2021,rural
03_17,2022-23,11533.997886698975,3,9.35305429095174,2022,rural
03_18,2017-18,22210.237348332805,20,10.008308603383952,2017,rural
03_18,2018-19,25907.46047783312,30,10.16228625554657,2018,rural
03_18,2019-20,29830.09342587353,24,10.303273009447354,2019,rural
03_18,2020-21,29707.627054025943,31,10.299159094988358,2020,rural
03_18,2021-22,24318.132810428233,50,10.098977557245687,2021,rural
03_18,2022-23,17684.86435305698,14,9.780464431440924,2022,rural
03_19,2017-18,19708.34098546211,46,9.88879722539474,2017,rural
03_19,2018-19,13343.41077917063,70,9.498777967386399,2018,rural
03_19,2019-20,13123.652710884,29,9.482171431591578,2019,rural
03_19,2020-21,10498.029073733192,27,9.258942811262896,2020,rural
03_19,2021-22,14760.002547406195,52,9.599676270742945,2021,rural
03_19,2022-23,15184.903283893267,30,9.628057008272425,2022,rural
03_20,2017-18,12500,2,9.433483923290392,2017,rural
03_20,2018-19,31028.46516165253,8,10.34266029317212,2018,rural
03_20,2019-20,25473.057232968342,8,10.145376593474055,2019,rural
03_20,2020-21,15333.999625445806,8,9.637827839692454,2020,rural
03_20,2021-22,8000,1,8.987196820661973,2021,rural
03_20,2022-23,39354.172696523776,16,10.58035728879604,2022,rural
03_21,2017-18,23629.99942504177,4,10.070272345849247,2017,rural
03_21,2018-19,18383.15231014599,7,9.819189888828845,2018,rural
03_21,2019-20,19678.43144542356,9,9.887278464453349,2019,rural
03_21,2020-21,12200.285838599679,7,9.4092146598403,2020,rural
03_21,2021-22,12600.019543633167,16,9.441453644020363,2021,rural
03_21,2022-23,12204.264919656109,20,9.409540753209615,2022,rural
03_22,2017-18,13023.805353876094,6,9.474534142942995,2017,rural
03_22,2018-19,18499.40248464191,24,9.825493712417357,2018,rural
03_22,2019-20,13386.660369830892,35,9.502013995316233,2019,rural
03_22,2020-21,13652.18802717304,8,9.521655082798222,2020,rural
03_22,2021-22,13167.56344689895,7,9.48551176979279,2021,rural
03_22,2022-23,15558.330924715503,19,9.65235152492973,2022,rural
04_01,2017-18,26890.759010293146,24,10.199537975353698,2017,rural
04_01,2018-19,29847.650915196726,39,10.303861419415714,2018,rural
04_01,2019-20,24626.790245811135,44,10.111590163735256,2019,rural
04_01,2020-21,33536.59063960514,50,10.420392379632169,2020,rural
04_01,2021-22,22804.256984529078,50,10.034702507362184,2021,rural
04_01,2022-23,26455.90070783279,37,10.18323450154878,2022,rural
05_01,2018-19,15000,2,9.615805480084347,2018,rural
05_01,2019-20,15000,1,9.615805480084347,2019,rural
05_02,2020-21,8000,2,8.987196820661973,2020,rural
05_02,2021-22,9507.6141873792,3,9.159848249972649,2021,rural
05_02,2022-23,10000,1,9.210340371976184,2022,rural
05_04,2019-20,20000,1,9.903487552536127,2019,rural
05_04,2020-21,16868.616782389832,2,9.733210179433305,2020,rural
05_04,2021-22,10477.105303903294,6,9.256947708262013,2021,rural
05_04,2022-23,23750,4,10.075337809462788,2022,rural
05_05,2017-18,18735.74903892661,14,9.838188691155914,2017,rural
05_05,2018-19,14487.53982457141,38,9.58104423653613,2018,rural
05_05,2019-20,17355.258257033496,60,9.761650809028355,2019,rural
05_05,2020-21,17047.300468490863,42,9.743747139882307,2020,rural
05_05,2021-22,20247.51679249113,65,9.915787437484013,2021,rural
05_05,2022-23,17763.443706942555,51,9.784897900167454,2022,rural
05_06,2020-21,23451.708068801556,13,10.062698609976676,2020,rural
05_06,2021-22,23179.262826130536,18,10.051013314236643,2021,rural
05_06,2022-23,15468.315117303142,7,9.646549024727017,2022,rural
05_07,2018-19,6155.38902260694,4,8.725083240944063,2018,rural
05_07,2019-20,10845.040501891968,5,9.291463157868291,2019,rural
05_07,2020-21,11000,1,9.305650551780507,2020,rural
05_07,2022-23,15000,2,9.615805480084347,2022,rural
05_09,2017-18,8535.419545905957,7,9.051979789955514,2017,rural
05_09,2018-19,9877.776557560532,6,9.198042720634215,2018,rural
05_09,2020-21,9000,2,9.104979856318357,2020,rural
05_09,2022-23,26154.608037697,5,10.171780669559633,2022,rural
05_10,2018-19,12309.524299521592,6,9.418128575013593,2018,rural
05_10,2020-21,16205.494957966339,9,9.693105658643072,2020,rural
05_10,2021-22,15157.234837331733,7,9.626233243966823,2021,rural
05_11,2017-18,12838.595064138739,42,9.460211152576509,2017,rural
05_11,2018-19,10806.581434029304,66,9.287910619548132,2018,rural
05_11,2019-20,12742.617255737807,71,9.452707344113222,2019,rural
05_11,2020-21,15137.275988181169,69,9.624915589283223,2020,rural
05_11,2021-22,13854.66154237155,31,9.536377028443775,2021,rural
05_11,2022-23,19922.736554743642,21,9.899616898949366,2022,rural
05_12,2017-18,12480.141248478722,26,9.431893959846448,2017,rural
05_12,2018-19,14774.40733016047,63,9.600651728451846,2018,rural
05_12,2019-20,13934.108329194478,50,9.54209495001043,2019,rural
05_12,2020-21,11439.761164663834,42,9.344850387501157,2020,rural
05_12,2021-22,13828.40696310533,37,9.53448023097476,2021,rural
05_12,2022-23,16107.643860072263,50,9.68704921222061,2022,rural
05_13,2017-18,24135.13567191694,15,10.091423969455091,2017,rural
05_13,2018-19,16875.250112959435,78,9.7336033371396,2018,rural
05_13,2019-20,17495.569633035935,101,9.769702964033716,2019,rural
05_13,2020-21,20108.511877939913,58,9.908898480920717,2020,rural
05_13,2021-22,19208.642374430656,73,9.863115580408868,2021,rural
05_13,2022-23,22363.430909652416,86,10.015182355107166,2022,rural
06_01,2017-18,12438.130870753715,9,9.428522103457148,2017,rural
06_01,2018-19,9479.605975614624,11,9.15689803063154,2018,rural
06_01,2019-20,59344.05607648007,14,10.991107244668264,2019,rural
06_01,2020-21,23195.738256488235,13,10.051723844939229,2020,rural
06_01,2021-22,39177.3607144499,6,10.575854326147605,2021,rural
06_01,2022-23,25748.60479578733,2,10.156135721936076,2022,rural
06_02,2017-18,15834.799945191908,15,9.669965325182288,2017,rural
06_02,2018-19,16362.591333894192,19,9.702752992105966,2018,rural
06_02,2019-20,15967.628973622057,14,9.678318762661434,2019,rural
06_02,2020-21,10826.405089033415,13,9.289743344819954,2020,rural
06_02,2021-22,17234.678048535974,23,9.754678798679942,2021,rural
06_02,2022-23,17418.194846757386,22,9.765270619707362,2022,rural
06_03,2017-18,14131.802850285034,16,9.556183057793348,2017,rural
06_03,2018-19,19634.62211722073,22,9.885049721460005,2018,rural
06_03,2019-20,23494.146392253722,11,10.06450657941293,2019,rural
06_03,2020-21,16120.758043078073,2,9.687863039959822,2020,rural
06_03,2021-22,15317.728130586265,58,9.636766137949733,2021,rural
06_03,2022-23,16691.721310253608,37,9.72266814556521,2022,rural
06_04,2017-18,28378.526350023858,13,10.253388023714823,2017,rural
06_04,2018-19,30061.44828557437,25,10.310998841972514,2018,rural
06_04,2019-20,22568.108911493662,25,10.024293078595997,2019,rural
06_04,2020-21,7567.732314557801,6,8.93164873940819,2020,rural
06_04,2021-22,11786.213665076344,26,9.374685793952045,2021,rural
06_04,2022-23,20734.75803435393,17,9.939566703181669,2022,rural
06_05,2017-18,5857.142857142857,4,8.675417196631132,2017,rural
06_05,2018-19,15200,1,9.629050706834368,2018,rural
06_05,2019-20,13533.280592326888,3,9.512907159795418,2019,rural
06_05,2020-21,22041.371326182893,10,10.000676481212531,2020,rural
06_05,2021-22,31466.666666666668,3,10.356684063465483,2021,rural
06_05,2022-23,13940.315499557326,12,9.542540316738265,2022,rural
06_06,2017-18,28017.78019722166,5,10.24059459466931,2017,rural
06_06,2018-19,16286.920222653824,39,9.698117624339291,2018,rural
06_06,2019-20,12804.637153987474,33,9.457562661956276,2019,rural
06_06,2020-21,13599.281660995195,36,9.517772251284697,2020,rural
06_06,2021-22,18592.48954335479,22,9.830512990165293,2021,rural
06_06,2022-23,13949.298971395649,31,9.543184533040241,2022,rural
06_07,2017-18,15564.199885936001,20,9.65272867686032,2017,rural
06_07,2018-19,13521.670882049875,40,9.512048927911275,2018,rural
06_07,2019-20,19964.20472917783,43,9.901696185454663,2019,rural
06_07,2020-21,12487.25610062017,41,9.432463891284199,2020,rural
06_07,2021-22,17076.457232415716,33,9.745456023837933,2021,rural
06_07,2022-23,18535.357964900675,41,9.827435428314482,2022,rural
06_08,2017-18,16783.333333333332,3,9.728141609478598,2017,rural
06_08,2018-19,17081.08265756185,37,9.745726852778734,2018,rural
06_08,2019-20,15583.826836548777,33,9.653988914202818,2019,rural
06_08,2020-21,11223.96084552675,31,9.325806133316371,2020,rural
06_08,2021-22,22790.628714284067,19,10.034104709146792,2021,rural
06_08,2022-23,27326.511571664672,30,10.215612629782433,2022,rural
06_09,2018-19,21801.59882484175,21,9.989738586676962,2018,rural
06_09,2019-20,9182.967599340474,16,9.12510569927674,2019,rural
06_09,2020-21,11128.170613442682,14,9.317235065391092,2020,rural
06_09,2021-22,15500.171444990667,9,9.648606363813306,2021,rural
06_09,2022-23,20178.465291961867,12,9.912371240072165,2022,rural
06_10,2018-19,11750.619780236337,9,9.371661265435375,2018,rural
06_10,2019-20,22790.15763486908,8,10.03408403905956,2019,rural
06_10,2020-21,15779.376700790463,6,9.666459094303553,2020,rural
06_10,2021-22,16800,6,9.72913416539135,2021,rural
06_10,2022-23,15288.487122277078,31,9.634855348460444,2022,rural
06_11,2017-18,11495.517210629925,26,9.349712430585232,2017,rural
06_11,2018-19,12749.62123248195,11,9.453256842888985,2018,rural
06_11,2019-20,12314.456450996133,8,9.418529172430434,2019,rural
06_11,2020-21,15994.089679791532,21,9.679974537965744,2020,rural
06_11,2021-22,16284.978020443845,18,9.697998368028358,2021,rural
06_11,2022-23,20487.7272774471,5,9.9275813164596,2022,rural
06_12,2017-18,16930.95799184524,18,9.736899058986724,2017,rural
06_12,2018-19,18276.823717929346,33,9.813389072685734,2018,rural
06_12,2019-20,11402.451117539984,28,9.341583621581707,2019,rural
06_12,2020-21,14790.293808601707,15,9.601726420862617,2020,rural
06_12,2021-22,13969.823603118599,17,9.544654825336542,2021,rural
06_12,2022-23,13499.131134931333,22,9.510380601979847,2022,rural
06_13,2017-18,20792.974379031475,4,9.942370438393322,2017,rural
06_13,2018-19,14027.695575184054,43,9.548788909797338,2018,rural
06_13,2019-20,8788.852226328368,21,9.081239404943762,2019,rural
06_13,2020-21,7930.911212494952,20,8.978523215025692,2020,rural
06_13,2021-22,21155.15922556254,13,9.959639089741893,2021,rural
06_13,2022-23,20112.133479313958,19,9.909078567607626,2022,rural
06_14,2017-18,13240.758960886433,12,9.491055151177871,2017,rural
06_14,2018-19,19037.973022228103,16,9.854190843761613,2018,rural
06_14,2019-20,15751.412359312677,10,9.664685313840495,2019,rural
06_14,2020-21,21808.46568118551,18,9.990053507394384,2020,rural
06_14,2021-22,18715.073215801953,12,9.83708453247632,2021,rural
06_14,2022-23,25828.713711564786,20,10.159242086613938,2022,rural
06_15,2017-18,8679.003932817808,3,9.068662046785956,2017,rural
06_15,2018-19,27462.800636716376,17,10.220587663805139,2018,rural
06_15,2019-20,16781.313050859757,7,9.72802122790491,2019,rural
06_15,2020-21,21648.351793149333,6,9.982684600885944,2020,rural
06_15,2021-22,27036.292264128795,8,10.2049354003456,2021,rural
06_15,2022-23,11830.25080195221,7,9.378415157250851,2022,rural
06_16,2017-18,19578.348963123477,5,9.882179589910328,2017,rural
06_16,2018-19,11372.232126318168,3,9.338929884655265,2018,rural
06_16,2020-21,11647.677913156971,10,9.362862118367765,2020,rural
06_16,2021-22,19376.818652413014,22,9.871832715747411,2021,rural
06_16,2022-23,26745.64539221852,9,10.19412694999663,2022,rural
06_17,2017-18,11754.736969091695,8,9.372011584636343,2017,rural
06_17,2018-19,11666.666666666666,3,9.36449105180344,2018,rural
06_17,2019-20,11436.043981532654,26,9.344525399319089,2019,rural
06_17,2020-21,15346.130114149895,10,9.63861861140295,2020,rural
06_17,2021-22,17472.531902529896,11,9.768385321220551,2021,rural
06_17,2022-23,19000,2,9.852194258148577,2022,rural
06_18,2017-18,17008.144959796686,16,9.741447623581431,2017,rural
06_18,2018-19,22346.36385966608,36,10.014418895963443,2018,rural
06_18,2019-20,28192.136828035058,17,10.24679838215897,2019,rural
06_18,2020-21,29651.927014449102,32,10.297282394369597,2020,rural
06_18,2021-22,34313.34574917917,17,10.443289646375927,2021,rural
06_18,2022-23,27656.301820003264,42,10.227608894906217,2022,rural
06_19,2017-18,10000,1,9.210340371976184,2017,rural
06_19,2018-19,7000,1,8.85366542803745,2018,rural
06_19,2019-20,10021.405237121477,10,9.21247860803139,2019,rural
06_19,2020-21,9857.499903331376,5,9.195987855945175,2020,rural
06_19,2021-22,17727.92071932997,9,9.782896117477556,2021,rural
06_19,2022-23,21150.86976295835,12,9.959436307173004,2022,rural
06_20,2017-18,16894.519572484638,12,9.734744562667407,2017,rural
06_20,2018-19,30875.335038800393,36,10.337712925330523,2018,rural
06_20,2019-20,28322.140350953272,25,10.251399122316,2019,rural
06_20,2020-21,26113.12204103502,46,10.170193227162136,2020,rural
06_20,2021-22,25960.930514924275,44,10.164348014356081,2021,rural
06_20,2022-23,26568.983814138748,37,10.187499792412343,2022,rural
06_21,2017-18,20833.333333333332,3,9.944309547056383,2017,rural
06_21,2020-21,18650.840022197724,21,9.833646465462332,2020,rural
06_21,2021-22,11946.599033270735,8,9.388201917127171,2021,rural
07_01,2017-18,37006.79201659771,94,10.51885674279597,2017,rural
07_01,2018-19,25450.458830584066,139,10.144489050522797,2018,rural
07_01,2019-20,47862.27862711529,84,10.77608297059053,2019,rural
07_01,2020-21,23429.223265467062,45,10.06173937967051,2020,rural
07_01,2021-22,27850.579216818896,23,10.234609042870538,2021,rural
07_01,2022-23,28036.818880905415,29,10.241273885386896,2022,rural
07_02,2018-19,13579.435415289592,4,9.516311825527492,2018,rural
07_02,2019-20,12062.880327586246,9,9.397888274898271,2019,rural
07_02,2020-21,25399.45048479139,30,10.142482818315568,2020,rural
07_02,2021-22,65000,1,11.082142548877775,2021,rural
07_02,2022-23,25309.657973423884,6,10.138941339952163,2022,rural
07_03,2017-18,15000,1,9.615805480084347,2017,rural
07_03,2018-19,26637.631550818227,13,10.190080214951909,2018,rural
07_03,2019-20,14121.303695869647,23,9.555439836520916,2019,rural
07_03,2020-21,21078.514902025727,17,9.9560095496055,2020,rural
07_03,2021-22,27327.177571788805,18,10.215637001426309,2021,rural
07_03,2022-23,18117.381404489835,28,9.8046270550528,2022,rural
07_04,2017-18,16265.079896241627,11,9.696775751052881,2017,rural
07_04,2018-19,15286.413692879914,18,9.63471971895094,2018,rural
07_04,2019-20,11789.553826756253,19,9.37496914945285,2019,rural
07_04,2020-21,17650.110678200846,16,9.778497333061377,2020,rural
07_04,2021-22,23814.0819406167,20,10.07803236286422,2021,rural
07_04,2022-23,32323.10094080134,16,10.383537452983147,2022,rural
07_05,2017-18,15532.653007491863,4,9.650699732685522,2017,rural
07_05,2018-19,24460.39422742377,4,10.104810526340382,2018,rural
07_05,2019-20,23750.000076685323,3,10.075337812691643,2019,rural
07_06,2020-21,29279.62960384411,4,10.284647317853299,2020,rural
07_06,2021-22,40350.49973833377,6,10.605359058710217,2021,rural
07_06,2022-23,36235.04222830207,13,10.497781946943615,2022,rural
07_07,2017-18,11033.56594712164,3,9.308697355295498,2017,rural
07_07,2018-19,20000,1,9.903487552536127,2018,rural
07_07,2019-20,34026.379686170745,11,10.434891375887013,2019,rural
07_07,2020-21,32073.051219395256,30,10.375771430643365,2020,rural
07_07,2021-22,22793.037477089143,13,10.034210394494576,2021,rural
07_07,2022-23,23766.441608028137,14,10.07602984818151,2022,rural
07_08,2019-20,30000,2,10.308952660644293,2019,rural
07_08,2020-21,23367.429263357448,15,10.059098419914356,2020,rural
07_08,2021-22,41081.750937680976,25,10.623319285765163,2021,rural
07_08,2022-23,21000,2,9.95227771670556,2022,rural
07_09,2017-18,11098.591439924223,6,9.314573481944157,2017,rural
07_09,2018-19,15376.814212084748,5,9.640616083247524,2018,rural
07_09,2019-20,16889.865896328127,18,9.734469069943689,2019,rural
07_09,2020-21,19689.30085825841,8,9.887830663550172,2020,rural
07_09,2021-22,24471.51660226158,17,10.105265132540744,2021,rural
07_09,2022-23,34166.63067152731,13,10.439004735375661,2022,rural
08_01,2017-18,14689.046590277845,6,9.594857365106481,2017,rural
08_01,2018-19,12193.783474102318,37,9.4086815495528775,2018,rural
08_01,2019-20,11109.065904974024,53,9.315516802138976,2019,rural
08_01,2020-21,10512.614954903911,31,9.260331239289565,2020,rural
08_01,2021-22,15265.437013833445,28,9.633346533244842,2021,rural
08_01,2022-23,17530.070308358372,17,9.771672988652153,2022,rural
08_02,2017-18,10000,4,9.210340371976184,2017,rural
08_02,2018-19,13535.768912294423,29,9.513091009618007,2018,rural
08_02,2019-20,11110.724455960197,20,9.315666088064928,2019,rural
08_02,2020-21,13049.240561975872,25,9.476485216572867,2020,rural
08_02,2021-22,26879.228657388107,17,10.199109098443662,2021,rural
08_02,2022-23,18218.430444304166,8,9.810189022443799,2022,rural
08_03,2017-18,8129.594200481501,8,9.003266287456205,2017,rural
08_03,2018-19,13298.489059949763,27,9.495405703241309,2018,rural
08_03,2019-20,11092.984003416397,54,9.314068115694566,2019,rural
08_03,2020-21,9569.560146710885,38,9.166342521709526,2020,rural
08_03,2021-22,10931.277358892823,27,9.299383441578447,2021,rural
08_03,2022-23,15960.390188541445,24,9.677865318608553,2022,rural
08_04,2017-18,10374.572330349523,17,9.247113123078153,2017,rural
08_04,2018-19,15381.713186199948,19,9.640934627376325,2018,rural
08_04,2019-20,11436.5529577076,14,9.344569904643638,2019,rural
08_04,2020-21,7264.449131827201,12,8.890747748191771,2020,rural
08_04,2021-22,12405.330178297689,33,9.42588151232128,2021,rural
08_04,2022-23,15810.372284117662,26,9.668421477308804,2022,rural
08_05,2017-18,10495.492807042425,8,9.258701187516532,2017,rural
08_05,2018-19,17502.209574410397,27,9.770082413336187,2018,rural
08_05,2019-20,12380.083640389552,12,9.423844302305389,2019,rural
08_05,2020-21,10357.83306620171,28,9.245498330441697,2020,rural
08_05,2021-22,10779.064371280012,21,9.28536104767956,2021,rural
08_05,2022-23,11246.283000881282,16,9.327792953116823,2022,rural
08_06,2017-18,9036.216412853699,12,9.10899582737344,2017,rural
08_06,2018-19,16404.742732938244,10,9.705325763037443,2018,rural
08_06,2019-20,13140.80605863527,35,9.483477634041105,2019,rural
08_06,2020-21,19823.330987721016,21,9.894614855706696,2020,rural
08_06,2021-22,16666.146623896137,12,9.721134792689131,2021,rural
08_06,2022-23,23299.831825528363,17,10.056201421739262,2022,rural
08_07,2017-18,16999.99967598601,3,9.740968603978706,2017,rural
08_07,2018-19,10444.31297169247,7,9.253812896020015,2018,rural
08_07,2019-20,12606.294129457865,15,9.441951502297911,2019,rural
08_07,2020-21,29305.30821191831,5,10.285523946238547,2020,rural
08_07,2021-22,14694.733231528115,15,9.59524442499842,2021,rural
08_07,2022-23,17044.59622448686,4,9.743588495496281,2022,rural
08_08,2017-18,9131.282116119244,3,9.119461392658518,2017,rural
08_08,2018-19,13909.09031508758,4,9.54029788487008,2018,rural
08_08,2019-20,15285.726753737474,3,9.634674780053466,2019,rural
08_08,2020-21,11865.387709928002,9,9.381380845110368,2020,rural
08_08,2022-23,7604.172702606234,8,8.936452415423817,2022,rural
08_09,2017-18,16140.25420583531,9,9.689071691751662,2017,rural
08_09,2018-19,10398.44353730106,10,9.249411414054409,2018,rural
08_09,2019-20,13316.217475842337,9,9.496737930481222,2019,rural
08_09,2020-21,7916.942948785868,8,8.976760418979733,2020,rural
08_09,2021-22,20409.969539238173,6,9.923778763359767,2021,rural
08_09,2022-23,21993.711161337786,12,9.998511835172923,2022,rural
08_10,2018-19,15000,2,9.615805480084347,2018,rural
08_10,2019-20,13010.93030274357,6,9.473545075694384,2019,rural
08_10,2020-21,12981.691411009186,8,9.471295290783175,2020,rural
08_10,2021-22,12072.51642001278,17,9.398686777863796,2021,rural
08_10,2022-23,45323.93749208321,4,10.72159059336446,2022,rural
08_11,2017-18,15998.953613360938,5,9.680278599918358,2017,rural
08_11,2018-19,15616.31766705656,4,9.656071650854818,2018,rural
08_11,2019-20,10518.4629405342,6,9.260887367302601,2019,rural
08_11,2020-21,22002.649432112994,8,9.998918153821904,2020,rural
08_11,2021-22,19511.948763861445,12,9.878782314013948,2021,rural
08_11,2022-23,16883.78557415805,8,9.734109006878487,2022,rural
08_12,2017-18,16281.635994357759,65,9.69779312556156,2017,rural
08_12,2018-19,17973.49735253192,114,9.796653582573692,2018,rural
08_12,2019-20,20012.99302316447,140,9.904136992762387,2019,rural
08_12,2020-21,17241.085622330404,134,9.755050513367939,2020,rural
08_12,2021-22,17291.75984915265,132,9.757985357717029,2021,rural
08_12,2022-23,23729.85733957641,134,10.074489337594478,2022,rural
08_13,2017-18,12260.420987907748,10,9.414131547229182,2017,rural
08_13,2018-19,13430.796708447333,23,9.50530561079924,2018,rural
08_13,2019-20,12444.825293094458,22,9.429060176382098,2019,rural
08_13,2020-21,12943.747553246765,41,9.468368136114172,2020,rural
08_13,2021-22,16742.46059481936,32,9.725703322179486,2021,rural
08_13,2022-23,18086.74337779179,21,9.80293453884388,2022,rural
08_14,2017-18,13790.095019043558,31,9.531705861194613,2017,rural
08_14,2018-19,10998.272211917269,39,9.30549346779958,2018,rural
08_14,2019-20,8446.449244345951,18,9.041501424269484,2019,rural
08_14,2020-21,14348.889568050605,23,9.571427836176245,2020,rural
08_14,2021-22,12622.680648119866,46,9.44325052622661,2021,rural
08_14,2022-23,10073.255925957472,17,9.217639262743669,2022,rural
08_15,2017-18,14250.44257956145,35,9.56454324342934,2017,rural
08_15,2018-19,21091.88542966389,73,9.956643668702357,2018,rural
08_15,2019-20,22246.646376907782,51,10.00994655160093,2019,rural
08_15,2020-21,16422.985044963814,87,9.706437159721778,2020,rural
08_15,2021-22,21039.98107613994,75,9.954179767428235,2021,rural
08_15,2022-23,22259.67337176763,87,10.010531951396079,2022,rural
08_16,2019-20,20666.66662774722,4,9.936277373475919,2019,rural
08_16,2021-22,19795.796840879342,13,9.893224913384207,2021,rural
08_16,2022-23,8964.147598761483,7,9.100988300510547,2022,rural
08_17,2017-18,10556.921219850572,15,9.26453696360044,2017,rural
08_17,2018-19,9619.232281753038,18,9.171519736083637,2018,rural
08_17,2019-20,20525.786076346812,19,9.929437232069445,2019,rural
08_17,2020-21,18467.95590532945,17,9.823792395998376,2020,rural
08_17,2021-22,25715.20571598797,2,10.154837758021,2021,rural
08_17,2022-23,11817.17025395934,8,9.377308859080234,2022,rural
08_18,2018-19,13903.62943959166,12,9.53990519579729,2018,rural
08_18,2019-20,9054.687392861617,4,9.111037846569905,2019,rural
08_18,2020-21,7839.107303283879,4,8.966880242484358,2020,rural
08_18,2022-23,13646.368931246265,9,9.52122875286263,2022,rural
08_19,2017-18,27850.00111137474,6,10.234588285261164,2017,rural
08_19,2018-19,12360.104704500463,11,9.422229202213703,2018,rural
08_19,2019-20,15000,5,9.615805480084347,2019,rural
08_19,2021-22,25326.12406914904,6,10.139591713883062,2021,rural
08_19,2022-23,24270.833308129808,5,10.097030633035619,2022,rural
08_20,2017-18,8333.333333333334,3,9.028018815182229,2017,rural
08_20,2018-19,3716.4852768905753,2,8.22053368260512,2018,rural
08_20,2019-20,11307.27282979616,15,9.333201410926545,2019,rural
08_20,2020-21,27411.859011368208,10,10.218731009374531,2020,rural
08_20,2021-22,9684.104994219811,6,9.178241160029309,2021,rural
08_20,2022-23,15000,3,9.615805480084347,2022,rural
08_21,2017-18,6669.563750864538,14,8.805309732102705,2017,rural
08_21,2018-19,12487.366391056512,48,9.432472723484675,2018,rural
08_21,2019-20,23948.28005960872,31,10.083651786465284,2019,rural
08_21,2020-21,18024.106589648378,38,9.79946539585671,2020,rural
08_21,2021-22,13806.293985679822,27,9.532879853088554,2021,rural
08_21,2022-23,11741.14541502758,28,9.370854653787106,2022,rural
08_22,2017-18,9874.362237882284,12,9.197697004178126,2017,rural
08_22,2018-19,7910.849520353999,30,8.975990453269759,2018,rural
08_22,2019-20,14779.317862489515,7,9.600984040696224,2019,rural
08_22,2020-21,21032.732082707018,10,9.953835173844395,2020,rural
08_22,2021-22,7146.667269403414,4,8.874401410854789,2021,rural
08_22,2022-23,20933.401792633398,36,9.949101334131562,2022,rural
08_23,2017-18,9216.827577814543,15,9.128786176844025,2017,rural
08_23,2018-19,12876.329773069816,14,9.463146003543807,2018,rural
08_23,2019-20,17333.335076403106,3,9.760386809457167,2019,rural
08_23,2020-21,8457.538387626602,9,9.042813439530358,2020,rural
08_23,2021-22,9691.004046429462,5,9.178953316279552,2021,rural
08_23,2022-23,23285.714330987747,6,10.055595332677845,2022,rural
08_24,2017-18,8536.088534344835,8,9.052058164805125,2017,rural
08_24,2018-19,10819.314663700818,8,9.289088210625554,2018,rural
08_24,2019-20,10307.69295197025,12,9.240645783976086,2019,rural
08_24,2020-21,9077.560278963676,4,9.113560743747156,2020,rural
08_24,2021-22,13074.141563564608,40,9.47839163198346,2021,rural
08_24,2022-23,12045.901835969413,37,9.396479784472788,2022,rural
08_25,2018-19,17974.61206875549,12,9.796715600645955,2018,rural
08_25,2019-20,9469.21834904974,6,9.155801643074458,2019,rural
08_25,2020-21,15391.817822714995,8,9.641591336993123,2020,rural
08_25,2021-22,19278.11526026646,8,9.866725807175841,2021,rural
08_25,2022-23,35000,1,10.46310334047155,2022,rural
08_26,2018-19,8500,2,9.047821442478408,2018,rural
08_26,2019-20,20000,2,9.903487552536127,2019,rural
08_26,2020-21,15300.24521427077,12,9.635624134328616,2020,rural
08_26,2021-22,20384.615746676533,4,9.922535765268313,2021,rural
08_26,2022-23,18216.122942670983,11,9.810062356879286,2022,rural
08_27,2017-18,8801.640932044205,10,9.08269345263349,2017,rural
08_27,2018-19,20808.181734156286,4,9.943101540950224,2018,rural
08_27,2019-20,16416.78831207763,2,9.706059767777422,2019,rural
08_27,2021-22,10582.70309892584,6,9.26697616417178,2021,rural
08_27,2022-23,5500,1,8.612503371220562,2022,rural
08_28,2017-18,24389.352772198854,16,10.101901954252652,2017,rural
08_28,2018-19,21592.61727289427,14,9.98010674232618,2018,rural
08_28,2019-20,9375.453523507758,11,9.145850225509365,2019,rural
08_28,2021-22,26332.285133484736,14,10.178551036931266,2021,rural
08_28,2022-23,11608.305811912263,11,9.359476139143972,2022,rural
08_29,2017-18,24991.622488902525,13,10.126295947247739,2017,rural
08_29,2018-19,14625.659305403276,44,9.590532751795287,2018,rural
08_29,2019-20,12981.865275921156,24,9.471308683779679,2019,rural
08_29,2020-21,19326.90109708261,22,9.869253243627861,2020,rural
08_29,2021-22,15858.41589946052,29,9.671455609964696,2021,rural
08_29,2022-23,20137.744490544716,34,9.910351168468994,2022,rural
08_30,2017-18,7427.145294052067,7,8.912896850430963,2017,rural
08_30,2018-19,14991.489361702128,4,9.615237943179215,2018,rural
08_30,2019-20,13070.450905672618,10,9.478109305309532,2019,rural
08_30,2020-21,12916.639102091345,24,9.466271612079469,2020,rural
08_30,2021-22,13534.223674947127,28,9.512976843546923,2021,rural
08_30,2022-23,11175.044715252783,6,9.321438420838666,2022,rural
08_31,2017-18,7000,1,8.85366542803745,2017,rural
08_31,2018-19,8680.756585258838,5,9.068863968056144,2018,rural
08_31,2019-20,15631.865949600633,9,9.657066798862008,2019,rural
08_31,2020-21,21113.439606434873,14,9.957665064871035,2020,rural
08_31,2021-22,22772.6686389638,5,10.033316351969251,2021,rural
08_31,2022-23,15537.43226811043,10,9.651007376556716,2022,rural
08_32,2017-18,16296.597376103975,11,9.698711615071282,2017,rural
08_32,2018-19,18691.477974561854,21,9.835822975683799,2018,rural
08_32,2019-20,21973.393784299667,29,9.99758762701733,2019,rural
08_32,2020-21,19995.749394172413,13,9.903274999656986,2020,rural
08_32,2021-22,22037.89041423683,25,10.00051854245331,2021,rural
08_32,2022-23,32089.812753008646,33,10.376293899029498,2022,rural
08_33,2018-19,4800.000042648666,6,8.47637120578112,2018,rural
08_33,2019-20,4268.656640649788,3,8.359054452661148,2019,rural
08_33,2020-21,6222.222633119932,6,8.735882458418196,2020,rural
08_33,2022-23,20172.701791058957,3,9.912085572947333,2022,rural
09_01,2017-18,9779.557044470333,13,9.188049470026701,2017,rural
09_01,2018-19,7545.709086228313,42,8.92873434773079,2018,rural
09_01,2019-20,8055.556714564859,43,8.994117407383554,2019,rural
09_01,2020-21,8692.155886630902,56,9.07017627571054,2020,rural
09_01,2021-22,6240.613478845758,23,8.738833770448567,2021,rural
09_01,2022-23,13476.955590796468,47,9.50873651257908,2022,rural
09_02,2017-18,20043.439331689508,12,9.905657163811,2017,rural
09_02,2018-19,15577.286102966083,42,9.653569113171228,2018,rural
09_02,2019-20,10167.400502475664,50,9.226941851893878,2019,rural
09_02,2020-21,6893.520276202075,51,8.838337158958206,2020,rural
09_02,2021-22,11227.63159694417,35,9.326133125841247,2021,rural
09_02,2022-23,23263.74589315038,22,10.054651457523866,2022,rural
09_03,2017-18,6420.943235573091,15,8.767320307320942,2017,rural
09_03,2018-19,11757.836945075924,30,9.372275271292981,2018,rural
09_03,2019-20,11873.789294051845,12,9.382088669520053,2019,rural
09_03,2020-21,11155.533067737377,12,9.31969089306124,2020,rural
09_03,2021-22,19970.42015978107,34,9.90200746573691,2021,rural
09_03,2022-23,14161.019808068728,15,9.558248384998207,2022,rural
09_04,2017-18,14409.92326847996,7,9.575672364099443,2017,rural
09_04,2018-19,17397.007911462868,18,9.764053511304628,2018,rural
09_04,2019-20,8834.609984135534,19,9.086432239369165,2019,rural
09_04,2020-21,11739.258676945852,20,9.370693946324117,2020,rural
09_04,2021-22,10967.645998246675,8,9.302704944850255,2021,rural
09_04,2022-23,11335.103474176392,34,9.33565969163189,2022,rural
09_05,2017-18,7182.048310737748,14,8.879339901404695,2017,rural
09_05,2018-19,8129.1478881004905,25,9.003211386237071,2018,rural
09_05,2019-20,8852.239383784863,18,9.088425743709136,2019,rural
09_05,2020-21,6837.663418091452,8,8.830201346713947,2020,rural
09_05,2021-22,13327.317671719078,19,9.497571167997002,2021,rural
09_05,2022-23,18544.382040693574,13,9.827922167216625,2022,rural
09_06,2017-18,10666.66681683486,4,9.274878907192022,2017,rural
09_06,2018-19,7060.810851812869,7,8.862315175423923,2018,rural
09_06,2019-20,5276.03100367361,2,8.570929390179607,2019,rural
09_06,2020-21,11942.07577579273,16,9.38782322240524,2020,rural
09_06,2021-22,10635.769116247833,8,9.271978044365714,2021,rural
09_07,2017-18,19913.245805932536,7,9.899140407675485,2017,rural
09_07,2018-19,17151.407295040633,26,9.749835507247372,2018,rural
09_07,2019-20,13383.118829258967,38,9.501749402876657,2019,rural
09_07,2020-21,12017.304993057463,42,9.394102972722163,2020,rural
09_07,2021-22,20602.49533461323,41,9.933167480189908,2021,rural
09_07,2022-23,23657.197676981774,33,10.07142268913902,2022,rural
09_08,2018-19,11566.859435534046,5,9.355899343024282,2018,rural
09_08,2019-20,45000,1,10.714417768752456,2019,rural
09_08,2022-23,18705.79548802051,23,9.836588673973141,2022,rural
09_09,2017-18,12120.48195103166,49,9.402652023769306,2017,rural
09_09,2018-19,19999.7136582341,50,9.903473235345343,2018,rural
09_09,2019-20,12412.582517031453,55,9.426465956229132,2019,rural
09_09,2020-21,18309.34142726047,37,9.815166669094905,2020,rural
09_09,2021-22,25292.870877255693,59,10.138277851499499,2021,rural
09_09,2022-23,22789.24113787531,58,10.034043823654418,2022,rural
09_10,2017-18,26899.098455298397,15,10.19984805035538,2017,rural
09_10,2018-19,15193.860448097554,13,9.628646707349246,2018,rural
09_10,2019-20,11478.806245588557,9,9.348257678890773,2019,rural
09_10,2020-21,12988.128912262882,17,9.471791058663383,2020,rural
09_10,2021-22,28358.41549846021,6,10.252679108085934,2021,rural
09_10,2022-23,30866.858789589147,27,10.337438356231536,2022,rural
09_11,2017-18,10266.485828378401,20,9.236640066019438,2017,rural
09_11,2018-19,9029.225631621714,33,9.108221887653203,2018,rural
09_11,2019-20,7730.869068266314,53,8.952976563239448,2019,rural
09_11,2020-21,8084.546644288156,42,8.997709696757902,2020,rural
09_11,2021-22,9380.953189848608,42,9.146436656224216,2021,rural
09_11,2022-23,12014.354594383505,15,9.393857430072224,2022,rural
09_12,2017-18,5806.567599788927,21,8.666744900706897,2017,rural
09_12,2018-19,7982.403064872824,49,8.9849947810605,2018,rural
09_12,2019-20,7784.492570576407,21,8.959888901742532,2019,rural
09_12,2020-21,9299.064636421283,47,9.137669097354275,2020,rural
09_12,2021-22,15914.72454914616,31,9.675000031941291,2021,rural
09_12,2022-23,10946.889275984699,39,9.300810610500076,2022,rural
09_13,2017-18,9366.054830326391,22,9.144847243914521,2017,rural
09_13,2018-19,9614.371318258898,15,9.171014270368659,2018,rural
09_13,2019-20,12000,2,9.392661928770137,2019,rural
09_13,2020-21,6454.393070827283,8,8.772516274201323,2020,rural
09_13,2021-22,20081.63759790278,12,9.907561124160763,2021,rural
09_13,2022-23,16798.43404368851,19,9.729040949361664,2022,rural
09_14,2017-18,25000,1,10.126631103850338,2017,rural
09_14,2018-19,18458.15473240585,15,9.823261542735766,2018,rural
09_14,2019-20,7751.285188306714,22,8.955613939348247,2019,rural
09_14,2020-21,9923.936886426709,30,9.202704985100489,2020,rural
09_14,2021-22,12513.45974785827,14,9.434560123807477,2021,rural
09_14,2022-23,16465.868151968978,49,9.709044920536684,2022,rural
09_15,2017-18,7397.592311624439,47,8.908909862956145,2017,rural
09_15,2018-19,11765.15432778427,58,9.372897418609153,2018,rural
09_15,2019-20,11690.893988623806,46,9.36656552618911,2019,rural
09_15,2020-21,13019.996823898126,66,9.474241671822295,2020,rural
09_15,2021-22,12248.492373572375,61,9.413158136853836,2021,rural
09_15,2022-23,14357.185382268632,67,9.572005819370627,2022,rural
09_16,2017-18,6668.336349725792,24,8.805125684968905,2017,rural
09_16,2018-19,11144.963355893024,11,9.318742957873157,2018,rural
09_16,2019-20,7200.796598630688,12,8.881946937582844,2019,rural
09_16,2020-21,14257.806125694606,17,9.565059834004442,2020,rural
09_16,2021-22,9126.002482275184,28,9.11888303348766,2021,rural
09_16,2022-23,12642.068569139956,38,9.444785306933051,2022,rural
09_17,2018-19,8517.777472834698,11,9.049910725797547,2018,rural
09_17,2019-20,5791.608078150487,14,8.664165265710922,2019,rural
09_17,2020-21,12582.55764860199,6,9.440066820289294,2020,rural
09_17,2021-22,9876.9840093625,21,9.197962481929647,2021,rural
09_17,2022-23,6914.149993756225,6,8.84132531445456,2022,rural
09_18,2018-19,6450.062038874282,35,8.771845028173683,2018,rural
09_18,2019-20,5171.246451416254,20,8.550869031561463,2019,rural
09_18,2020-21,11255.4526571775,17,9.328607970850845,2020,rural
09_18,2021-22,11726.08960424329,31,9.369571518996183,2021,rural
09_18,2022-23,11177.498926500475,22,9.321658012067019,2022,rural
09_19,2017-18,6980.944788989709,35,8.850939543185325,2017,rural
09_19,2018-19,8222.061375581388,56,9.01457623222945,2018,rural
09_19,2019-20,7116.182717059125,57,8.870126725389627,2019,rural
09_19,2020-21,6697.719727835891,51,8.80952240832158,2020,rural
09_19,2021-22,13938.134925242892,129,9.542383882339246,2021,rural
09_19,2022-23,11250.366324016153,65,9.328155969237201,2022,rural
09_20,2018-19,3877.6977623435673,3,8.262996896288746,2018,rural
09_20,2019-20,4083.4970050044753,11,8.314709009359706,2019,rural
09_20,2020-21,8100.626823078627,12,8.999696723231684,2020,rural
09_20,2021-22,6390.3540490711885,9,8.76254495257709,2021,rural
09_20,2022-23,9975.8626204044,33,9.207923716255067,2022,rural
09_21,2017-18,6116.562588541154,19,8.718755549172482,2017,rural
09_21,2018-19,7219.707428303168,14,8.884569708670135,2018,rural
09_21,2019-20,9778.757115474473,43,9.187967670645655,2019,rural
09_21,2020-21,10000,1,9.210340371976184,2020,rural
09_21,2021-22,8154.195530289335,6,9.006287862769069,2021,rural
09_21,2022-23,7969.4114119217165,48,8.983365918608213,2022,rural
09_22,2017-18,4000,1,8.294049640102028,2017,rural
09_22,2018-19,6500,2,8.779557455883728,2018,rural
09_22,2019-20,6183.638081122123,12,8.729662063509666,2019,rural
09_22,2020-21,4840.1121868875,18,8.484693178551034,2020,rural
09_22,2021-22,7770.767237006167,20,8.958124181988312,2021,rural
09_22,2022-23,3700.473095402232,14,8.216215954080685,2022,rural
09_23,2018-19,4623.71191629581,11,8.438953106572232,2018,rural
09_23,2019-20,6647.988542321172,14,8.802069613056238,2019,rural
09_23,2020-21,8871.367672320837,8,9.090584254208974,2020,rural
09_23,2021-22,8205.932559011497,28,9.0126126544711,2021,rural
09_23,2022-23,9012.658242696227,16,9.106385339574565,2022,rural
09_24,2017-18,4934.139598628355,31,8.503933589884914,2017,rural
09_24,2018-19,5833.595561490406,26,8.671388823631478,2018,rural
09_24,2019-20,7261.270895677303,2,8.890310146999596,2019,rural
09_24,2020-21,11381.126259379473,6,9.339711671094307,2020,rural
09_24,2021-22,8446.160040916584,26,9.041467184037616,2021,rural
09_24,2022-23,7200,2,8.881836305004146,2022,rural
09_25,2017-18,11439.92251149494,10,9.344864491440127,2017,rural
09_25,2018-19,9491.905053119053,32,9.158194614673667,2018,rural
09_25,2019-20,10739.509502306086,16,9.2816846968436,2019,rural
09_25,2020-21,5270.826768191877,15,8.569942511240557,2020,rural
09_25,2021-22,20193.5380389713,7,9.91311793314985,2021,rural
09_25,2022-23,14025.398224755045,14,9.548625123909726,2022,rural
09_26,2017-18,10705.71113279546,34,9.278532628784292,2017,rural
09_26,2018-19,10751.111067860924,55,9.282764383364887,2018,rural
09_26,2019-20,15218.592629043915,47,9.630273158614832,2019,rural
09_26,2020-21,11049.080329501572,86,9.310102475382843,2020,rural
09_26,2021-22,9822.010299066093,41,9.192381095169816,2021,rural
09_26,2022-23,14634.451535256594,56,9.591133722185715,2022,rural
09_27,2017-18,4875,4,8.491875383431948,2017,rural
09_27,2018-19,30954.13617399451,9,10.340261909700429,2018,rural
09_27,2019-20,3667.3206108446925,4,8.2072165956224,2019,rural
09_27,2020-21,6971.3717034720285,6,8.849567285463806,2020,rural
09_27,2021-22,8767.063396973703,5,9.078757182881443,2021,rural
09_27,2022-23,9412.49087893666,14,9.149792903070406,2022,rural
09_28,2017-18,10676.023141735162,7,9.275755678163051,2017,rural
09_28,2018-19,6682.862355980057,11,8.807301671156525,2018,rural
09_28,2019-20,6333.333333333333,3,8.753581969480468,2019,rural
09_28,2020-21,15614.998373039827,12,9.655987165525039,2020,rural
09_28,2021-22,22916.666666666668,2,10.039619726860709,2021,rural
09_28,2022-23,9618.428553131263,11,9.171436178250993,2022,rural
09_29,2017-18,8928.112196687363,8,9.096960251375393,2017,rural
09_29,2018-19,9256.054821997188,13,9.133033191716516,2018,rural
09_29,2019-20,8686.96468271809,5,9.06957886871903,2019,rural
09_29,2020-21,9047.819227543236,4,9.110279038323958,2020,rural
09_29,2021-22,11371.516875673016,11,9.338866988195642,2021,rural
09_29,2022-23,9467.240833899436,23,9.155592785110212,2022,rural
09_30,2017-18,43333.91928292188,3,10.67669096259177,2017,rural
09_30,2018-19,22192.557204013632,10,10.007512250567343,2018,rural
09_30,2019-20,11805.954119427306,13,9.376359269584995,2019,rural
09_30,2020-21,10689.552387088484,23,9.277022131027227,2020,rural
09_30,2021-22,14062.947787856576,5,9.551298801131832,2021,rural
09_30,2022-23,10705.866030530831,13,9.278547097380807,2022,rural
09_31,2020-21,7127.450773015426,3,8.871708914135887,2020,rural
09_31,2021-22,17000,1,9.740968623038354,2021,rural
09_31,2022-23,10574.608781957944,24,9.266211008616255,2022,rural
09_32,2017-18,18250,4,9.811920359010637,2017,rural
09_32,2018-19,13928.995272986263,4,9.54172793732307,2018,rural
09_32,2019-20,11790.591547776265,12,9.375057165960314,2019,rural
09_32,2020-21,20000,2,9.903487552536127,2020,rural
09_32,2021-22,17292.61217952176,2,9.758034647631478,2021,rural
09_32,2022-23,12708.337112957184,27,9.450013522654583,2022,rural
09_33,2017-18,12777.49259879026,29,9.455440511404564,2017,rural
09_33,2018-19,15065.753651173221,52,9.620179476942598,2018,rural
09_33,2019-20,11913.323393761757,47,9.385412665721661,2019,rural
09_33,2020-21,10661.19021386727,59,9.274365343819943,2020,rural
09_33,2021-22,15619.788764729867,58,9.656293899917463,2021,rural
09_33,2022-23,14978.48407757524,55,9.614370055526958,2022,rural
09_34,2017-18,7465.586438020891,5,8.91805926522946,2017,rural
09_34,2018-19,9372.281447603009,13,9.14551182986425,2018,rural
09_34,2019-20,13464.54258520144,10,9.507815034018957,2019,rural
09_34,2020-21,18166.666666666668,3,9.807343691983226,2020,rural
09_34,2021-22,17500,2,9.769956159911606,2021,rural
09_34,2022-23,10402.226303764015,14,9.249775129889867,2022,rural
09_35,2017-18,12751.793855190928,12,9.453427235214804,2017,rural
09_35,2018-19,10777.427389569444,22,9.285209169374697,2018,rural
09_35,2019-20,12427.423374684036,19,9.427660872162978,2019,rural
09_35,2020-21,10358.755514508735,39,9.24558738451583,2020,rural
09_35,2021-22,10752.514037650099,53,9.282894870181345,2021,rural
09_35,2022-23,10442.369832467186,29,9.25362683112411,2022,rural
09_36,2018-19,12500,1,9.433483923290392,2018,rural
09_36,2019-20,12000,2,9.392661928770137,2019,rural
09_36,2020-21,9514.32912823423,10,9.160554270490378,2020,rural
09_36,2021-22,8230.392990844279,24,9.015589043544958,2021,rural
09_36,2022-23,4849.3161491305755,9,8.486592973810806,2022,rural
09_37,2017-18,7722.875864136189,11,8.951942094911168,2017,rural
09_37,2018-19,10084.078143338693,12,9.218713037518036,2018,rural
09_37,2019-20,8902.60340517031,9,9.094099030380214,2019,rural
09_37,2020-21,3500,1,8.160518247477505,2020,rural
09_37,2021-22,11881.763046014701,6,9.382759986452463,2021,rural
09_37,2022-23,12032.433360203046,19,9.395361062845122,2022,rural
09_38,2017-18,7550,4,8.92930284224307,2017,rural
09_38,2018-19,6567.402919753182,5,8.789873739532387,2018,rural
09_38,2019-20,6432.455916472209,8,8.769111690882855,2019,rural
09_38,2020-21,8500,6,9.047821442478408,2020,rural
09_38,2021-22,11085.658488044399,11,9.313407523808365,2021,rural
09_38,2022-23,11330.357207625824,5,9.335240881117816,2022,rural
09_39,2017-18,16247.150761541156,4,9.69567283463311,2017,rural
09_39,2018-19,7406.719749384417,12,8.910142941383414,2018,rural
09_39,2020-21,5000,2,8.517193191416238,2020,rural
09_39,2021-22,7712.954127632902,4,8.950656548507121,2021,rural
09_39,2022-23,16696.60641346774,9,9.722960768980759,2022,rural
09_40,2017-18,6500,1,8.779557455883728,2017,rural
09_40,2018-19,7800.486210549489,3,8.96194134542079,2018,rural
09_40,2019-20,16532.89299544443,12,9.7131071903501809,2019,rural
09_40,2020-21,23665.95374928354,5,10.071792743631919,2020,rural
09_40,2021-22,2750,2,7.919356190660617,2021,rural
09_41,2017-18,8565.251738813617,3,9.05546880189823,2017,rural
09_41,2018-19,8957.61116791981,13,9.100258859698783,2018,rural
09_41,2019-20,6976.831264062457,4,8.850350119049171,2019,rural
09_41,2020-21,6530.217462520054,13,8.784195523786428,2020,rural
09_41,2021-22,9806.428293125657,7,9.190793397896751,2021,rural
09_41,2022-23,15581.228871073856,10,9.65382219122274,2022,rural
09_42,2020-21,12000,1,9.392661928770137,2020,rural
09_42,2021-22,12000,2,9.392661928770137,2021,rural
09_43,2018-19,6250,2,8.740336742730447,2018,rural
09_43,2019-20,6103.973701358457,11,8.716695264527498,2019,rural
09_43,2020-21,5500,4,8.612503371220562,2020,rural
09_43,2021-22,13751.373164808221,20,9.528893964639895,2021,rural
09_43,2022-23,11971.035472366902,15,9.3902453004386,2022,rural
09_44,2017-18,10450.948545732468,16,9.254448023200169,2017,rural
09_44,2018-19,8415.494783750506,23,9.037829902727696,2018,rural
09_44,2019-20,11885.372180143924,36,9.383063694419167,2019,rural
09_44,2020-21,10195.940929887258,43,9.229744972019756,2020,rural
09_44,2021-22,11723.042522587999,23,9.369311630343933,2021,rural
09_44,2022-23,12615.226571188363,28,9.442659821372718,2022,rural
09_45,2017-18,4793.450699645105,8,8.475005827629511,2017,rural
09_45,2018-19,7276.413250344564,6,8.892393334389174,2018,rural
09_45,2019-20,8820.852254810068,10,9.084873771862185,2019,rural
09_45,2020-21,6408.226271462258,13,8.76533779890229,2020,rural
09_45,2021-22,9607.335663034677,13,9.170282217222153,2021,rural
09_45,2022-23,13722.836384214335,11,9.526816613456761,2022,rural
09_46,2017-18,28768.258127117864,11,10.267027909947926,2017,rural
09_46,2018-19,21809.437468354063,9,9.990098066490468,2018,rural
09_46,2019-20,9556.51158660849,11,9.164978042656136,2019,rural
09_46,2020-21,8522.361055370942,13,9.050448700607928,2020,rural
09_46,2021-22,9949.718077798972,5,9.205299495861675,2021,rural
09_46,2022-23,6872.766651873834,12,8.835322019122842,2022,rural
09_47,2018-19,9505.441545833428,4,9.15961970790285,2018,rural
09_47,2019-20,7506.2449334715375,7,8.923490610853417,2019,rural
09_47,2020-21,9000,1,9.104979856318357,2020,rural
09_47,2022-23,6734.911640073467,7,8.815059969244441,2022,rural
09_48,2017-18,9435.149363215294,9,9.152197288436783,2017,rural
09_48,2018-19,8224.379344459292,3,9.014858113146143,2018,rural
09_48,2019-20,10681.745120749041,6,9.276291499984925,2019,rural
09_48,2020-21,8567.558568381926,8,9.055738089836506,2020,rural
09_48,2021-22,4000,1,8.294049640102028,2021,rural
09_48,2022-23,7847.598288769623,5,8.967962813488851,2022,rural
09_49,2017-18,12000,1,9.392661928770137,2017,rural
09_49,2018-19,7730.6863541341145,8,8.952952928601507,2018,rural
09_49,2019-20,10000,1,9.210340371976184,2019,rural
09_49,2020-21,8034.807982236532,6,8.991538380217923,2020,rural
09_49,2021-22,9690.45237526307,11,9.178896388548784,2021,rural
09_49,2022-23,12024.564355966659,13,9.394706866123665,2022,rural
09_50,2019-20,8635.220182567895,9,9.063604489105474,2019,rural
09_50,2020-21,8000,1,8.987196820661973,2020,rural
09_50,2021-22,11310.48616193574,4,9.333485553326538,2021,rural
09_50,2022-23,8000,1,8.987196820661973,2022,rural
09_51,2017-18,9305.263125096792,5,9.138335446494574,2017,rural
09_51,2018-19,13041.9893900488,12,9.475929384431026,2018,rural
09_51,2019-20,14590.000033269673,3,9.588091643797139,2019,rural
09_51,2021-22,6666.666666666667,3,8.804875263868018,2021,rural
09_52,2017-18,13555.350505606059,11,9.514536619629148,2017,rural
09_52,2018-19,10065.17618509995,12,9.21683684264994,2018,rural
09_52,2019-20,8603.504096596154,17,9.059924852347706,2019,rural
09_52,2020-21,11666.668006550424,6,9.364491166650614,2020,rural
09_52,2021-22,9875.55211101596,15,9.197817498182719,2021,rural
09_52,2022-23,10635.889012729513,3,9.271989317251066,2022,rural
09_53,2017-18,30250,2,10.317251463458987,2017,rural
09_53,2018-19,8964.768673085195,19,9.101057582369478,2018,rural
09_53,2019-20,18597.728381620036,5,9.830794722222386,2019,rural
09_53,2020-21,8734.722627384604,9,9.0750614679008,2020,rural
09_53,2021-22,10857.143361716773,3,9.292578516687067,2021,rural
09_54,2020-21,10418.715885134732,6,9.251359072121552,2020,rural
09_54,2021-22,11105.068220731247,9,9.315156879554255,2021,rural
09_54,2022-23,19610.68609824171,4,9.883829905740095,2022,rural
09_55,2017-18,20500,2,9.9281801651265,2017,rural
09_55,2018-19,7526.526323160539,3,8.926188902691711,2018,rural
09_55,2019-20,4399.433729991527,7,8.38923111389489,2019,rural
09_55,2020-21,12134.388226876366,18,9.40379870295303,2020,rural
09_55,2022-23,9373.016175945817,6,9.145590220547389,2022,rural
09_56,2017-18,10808.733092812941,3,9.288109706060435,2017,rural
09_56,2018-19,12256.207255277192,3,9.413787802352829,2018,rural
09_56,2020-21,7917.445453124995,9,8.976823888982684,2020,rural
09_56,2021-22,9000,1,9.104979856318357,2021,rural
09_56,2022-23,9555.555580051205,2,9.164878000462924,2022,rural
09_57,2017-18,8821.982926555791,8,9.085001945337211,2017,rural
09_57,2018-19,9719.218515142551,19,9.181860494545566,2018,rural
09_57,2019-20,11973.922133474773,12,9.390486408497289,2019,rural
09_57,2020-21,9273.70648246896,39,9.134938414943214,2020,rural
09_57,2021-22,13519.906528430969,28,9.511918435995465,2021,rural
09_57,2022-23,14821.947455265457,28,9.603864297454788,2022,rural
09_58,2017-18,5683.333333333333,8,8.645293194043553,2017,rural
09_58,2018-19,2500,1,7.824046010856292,2018,rural
09_58,2020-21,10500,2,9.259130536145614,2020,rural
09_58,2021-22,10500,1,9.259130536145614,2021,rural
09_58,2022-23,14955.553887147658,8,9.612838007298805,2022,rural
09_59,2017-18,3738.9114640555485,3,8.226549795653046,2017,rural
09_59,2018-19,6334.974572520683,10,8.753841078938294,2018,rural
09_59,2019-20,14350.00642389963,5,9.571505668846179,2019,rural
09_59,2022-23,12007.847340415308,29,9.393315660075865,2022,rural
09_60,2017-18,7385.382574637561,6,8.907257997907715,2017,rural
09_60,2018-19,13887.642700764904,9,9.538754709377715,2018,rural
09_60,2019-20,12816.887089777048,10,9.458518884279853,2019,rural
09_60,2020-21,32209.877509270726,6,10.380028439439117,2020,rural
09_60,2021-22,10521.640637651968,9,9.261189428281543,2021,rural
09_60,2022-23,27177.376529093664,19,10.210140160938176,2022,rural
09_61,2017-18,10199.814909202874,5,9.230124852951137,2017,rural
09_61,2018-19,5000,2,8.517193191416238,2018,rural
09_61,2019-20,10249.728121050483,8,9.235006459439203,2019,rural
09_61,2020-21,12317.33760695984,18,9.41876311040264,2020,rural
09_61,2021-22,22517.525593212293,5,10.022049200249338,2021,rural
09_61,2022-23,13715.317072099075,20,9.526268521740933,2022,rural
09_62,2017-18,16000,1,9.680344001221918,2017,rural
09_62,2018-19,14156.692372771198,7,9.557942750467877,2018,rural
09_62,2019-20,13979.696226612317,7,9.54536128641097,2019,rural
09_62,2020-21,25647.43893688522,2,10.152198999098724,2020,rural
09_62,2021-22,15317.868006146284,22,9.636775269520694,2021,rural
09_62,2022-23,8992.218161211855,7,9.104114833539768,2022,rural
09_63,2017-18,16642.424174773652,6,9.719710387344525,2017,rural
09_63,2018-19,19021.730991051543,2,9.85333734095156,2018,rural
09_63,2019-20,13414.694927142406,25,9.504106021426516,2019,rural
09_63,2020-21,16974.354383844428,9,9.739458918351295,2020,rural
09_63,2021-22,17317.264294975503,35,9.759459219004393,2021,rural
09_63,2022-23,16463.566566752295,16,9.708905131606805,2022,rural
09_64,2017-18,4450,2,8.400659375160286,2017,rural
09_64,2018-19,10898.685008158276,22,9.2963974194861,2018,rural
09_64,2019-20,13716.704852884346,9,9.526369701361617,2019,rural
09_64,2020-21,10159.271477410575,10,9.226142013582274,2020,rural
09_64,2021-22,10361.397639936324,27,9.24584241404406,2021,rural
09_64,2022-23,9513.274350081625,8,9.160443402282,2022,rural
09_65,2017-18,5106.448484848484,4,8.538259428814616,2017,rural
09_65,2018-19,10697.378355163997,15,9.277753976893202,2018,rural
09_65,2019-20,8850,1,9.088172738001974,2019,rural
09_65,2021-22,15405.629794137783,4,9.642488292644813,2021,rural
09_65,2022-23,20162.145879019954,11,9.911562158932417,2022,rural
09_66,2017-18,7352.521155571817,21,8.902798547754417,2017,rural
09_66,2018-19,9032.356202184965,40,9.10856854284912,2018,rural
09_66,2019-20,14001.116895391524,18,9.546892383657532,2019,rural
09_66,2020-21,11214.839794140331,42,9.324993161889312,2020,rural
09_66,2021-22,22472.900873613606,43,10.020065456695999,2021,rural
09_66,2022-23,21728.72780360346,37,9.98639052591321,2022,rural
09_67,2018-19,12989.526202564322,4,9.471898634985928,2018,rural
09_67,2019-20,8330,2,9.027618735160889,2019,rural
09_67,2020-21,15500,1,9.648595302907339,2020,rural
09_67,2021-22,15500,2,9.648595302907339,2021,rural
09_68,2018-19,14500,3,9.581903928408666,2018,rural
09_68,2020-21,16523.465494801247,12,9.712536800789481,2020,rural
09_68,2021-22,12896.529484810286,22,9.464713521968864,2021,rural
09_68,2022-23,12500,2,9.433483923290392,2022,rural
09_69,2017-18,15423.076285672756,4,9.643620126939272,2017,rural
09_69,2018-19,6278.094701719294,3,8.744821821983777,2018,rural
09_69,2019-20,13098.28699582148,5,9.480236736961178,2019,rural
09_69,2020-21,10250,1,9.235032984566555,2020,rural
09_69,2021-22,11000,2,9.305650551780507,2021,rural
09_69,2022-23,12000,1,9.392661928770137,2022,rural
09_70,2017-18,9545.691776705267,5,9.163845208830159,2017,rural
09_70,2018-19,10251.978443558552,15,9.235225984824567,2018,rural
09_70,2019-20,5000,2,8.517193191416238,2019,rural
09_70,2020-21,7546.961276293926,10,8.928900281265202,2020,rural
09_70,2021-22,14149.613381994392,13,9.557442579870857,2021,rural
09_70,2022-23,11414.395300785296,12,9.342630583472703,2022,rural
09_71,2017-18,5000,2,8.517193191416238,2017,rural
09_71,2018-19,3500,3,8.160518247477505,2018,rural
09_71,2019-20,9009.591243072056,14,9.10604498254464,2019,rural
09_71,2020-21,8763.69185032114,27,9.078372539248402,2020,rural
09_71,2021-22,11716.321796301867,5,9.36873817396697,2021,rural
09_71,2022-23,10186.40006931687,3,9.228808783064071,2022,rural
10_01,2017-18,16750.618553318094,5,9.726190465127674,2017,rural
10_01,2018-19,14889.125711682502,5,9.608386407478855,2018,rural
10_01,2019-20,15600,5,9.655026193237628,2019,rural
10_01,2020-21,10895.647316155637,9,9.2961186596712,2020,rural
10_01,2021-22,10830.591103429177,25,9.290129918692958,2021,rural
10_01,2022-23,14274.075648611777,28,9.566200279265587,2022,rural
10_02,2017-18,25000,1,10.126631103850338,2017,rural
10_02,2018-19,15045.802704554571,27,9.618854341217137,2018,rural
10_02,2019-20,10412.671519272732,12,9.250778758778587,2019,rural
10_02,2020-21,13446.490116803063,11,9.50647339311605,2020,rural
10_02,2021-22,11343.471632081872,5,9.33639767082556,2021,rural
10_02,2022-23,12062.806843288363,34,9.397882183109271,2022,rural
10_04,2017-18,6404.705889799931,4,8.764788294431868,2017,rural
10_04,2018-19,5000,2,8.517193191416238,2018,rural
10_04,2019-20,8000,3,8.987196820661973,2019,rural
10_04,2020-21,8000,3,8.987196820661973,2020,rural
10_04,2021-22,9781.131736830836,17,9.188210475846232,2021,rural
10_04,2022-23,12250,4,9.413281215972873,2022,rural
10_05,2017-18,5500,2,8.612503371220562,2017,rural
10_05,2018-19,7011.723261544124,5,8.85533877885388,2018,rural
10_05,2019-20,7906.188657513984,3,8.975401106146423,2019,rural
10_05,2020-21,5718.446834708182,5,8.651452515108573,2020,rural
10_05,2021-22,5347.826415575132,3,8.584445479874411,2021,rural
10_05,2022-23,7257.406590834101,7,8.8897778251076,2022,rural
10_06,2018-19,11000,6,9.305650551780507,2018,rural
10_06,2019-20,5000,1,8.517193191416238,2019,rural
10_06,2020-21,9952.390162998932,8,9.205568018691888,2020,rural
10_07,2017-18,9000,2,9.104979856318357,2017,rural
10_07,2018-19,16977.27983132818,10,9.739631248641638,2018,rural
10_07,2019-20,14468.008237720007,13,9.579695162446999,2019,rural
10_07,2020-21,12568.97337484648,8,9.438986625603434,2020,rural
10_07,2021-22,8376.81164169407,6,9.033222648726616,2021,rural
10_07,2022-23,12701.879897892599,9,9.449505284948401,2022,rural
10_08,2018-19,11198.920867934177,8,9.323572701563817,2018,rural
10_08,2019-20,10437.740893379652,6,9.253183448498017,2019,rural
10_08,2020-21,8525.992154950698,8,9.050874677192278,2020,rural
10_08,2021-22,8183.003611814994,11,9.009814551907585,2021,rural
10_08,2022-23,9000,2,9.104979856318357,2022,rural
10_09,2017-18,10577.319453579326,7,9.26646731353617,2017,rural
10_09,2018-19,12289.119938730662,19,9.4164695920816,2018,rural
10_09,2019-20,11674.461596395477,25,9.365158965533295,2019,rural
10_09,2020-21,17727.460933607923,26,9.782870181458783,2020,rural
10_09,2021-22,13485.649131269452,18,9.509381371698876,2021,rural
10_09,2022-23,15672.532660538527,26,9.659664947085242,2022,rural
10_10,2018-19,7039.569100159212,4,8.859302239915094,2018,rural
10_10,2019-20,10654.241735246334,19,9.27371337684281,2019,rural
10_10,2020-21,11370.02050403458,18,9.338735390088125,2020,rural
10_10,2021-22,10875.411918710188,17,9.294259732822093,2021,rural
10_10,2022-23,16233.563092433456,33,9.694836173840406,2022,rural
10_11,2018-19,26666.666666666668,3,10.191169624987909,2018,rural
10_11,2019-20,12317.542967190788,11,9.418779782716543,2019,rural
10_11,2020-21,10933.977260164984,9,9.299630399716637,2020,rural
10_11,2021-22,10092.823008539895,14,9.219579857024454,2021,rural
10_11,2022-23,10000,5,9.210340371976184,2022,rural
10_12,2017-18,8000,1,8.987196820661973,2017,rural
10_12,2018-19,8000,1,8.987196820661973,2018,rural
10_12,2019-20,9207.017552149917,12,9.127721249677895,2019,rural
10_12,2020-21,20000,1,9.903487552536127,2020,rural
10_12,2021-22,20000,2,9.903487552536127,2021,rural
10_12,2022-23,26500,2,10.184900011974314,2022,rural
10_13,2017-18,5569.4348553962045,12,8.625048865546797,2017,rural
10_13,2018-19,5247.93732467482,11,8.56559038784583,2018,rural
10_13,2019-20,6641.562800197911,3,8.801102576252902,2019,rural
10_13,2020-21,7823.999577093368,5,8.964951157662169,2020,rural
10_13,2021-22,7451.981173972751,6,8.916235205412967,2021,rural
10_13,2022-23,9443.64532433698,7,9.153097341839116,2022,rural
10_14,2017-18,16114.736455988024,21,9.687489440159126,2017,rural
10_14,2018-19,15676.675705243806,25,9.659929262833256,2018,rural
10_14,2019-20,9543.032396083245,14,9.163566575159814,2019,rural
10_14,2020-21,11597.253356028612,23,9.358523569405023,2020,rural
10_14,2021-22,10999.829039241562,28,9.305635009772601,2021,rural
10_14,2022-23,20980.037142487796,23,9.951326652324688,2022,rural
10_15,2021-22,16000,3,9.680344001221918,2021,rural
10_15,2022-23,18197.113703553743,11,9.809018272771699,2022,rural
10_16,2017-18,5666.666666666667,3,8.642356334370243,2017,rural
10_16,2018-19,30000,3,10.308952660644293,2018,rural
10_16,2019-20,15000,2,9.615805480084347,2019,rural
10_16,2020-21,30000,2,10.308952660644293,2020,rural
10_16,2021-22,19426.00736489688,9,9.874368033087958,2021,rural
10_16,2022-23,21643.89069326905,5,9.982478508540535,2022,rural
10_17,2017-18,7375,4,8.905851181208021,2017,rural
10_17,2018-19,9500,2,9.159047077588632,2018,rural
10_17,2019-20,8550.233815677679,14,9.053713908419773,2019,rural
10_17,2020-21,11436.198421360912,16,9.344538903882878,2020,rural
10_17,2021-22,24832.204975132514,12,10.119896677424252,2021,rural
10_17,2022-23,14179.317479656145,9,9.559539666322358,2022,rural
10_18,2017-18,15187.51298321678,10,9.628228854944549,2017,rural
10_18,2018-19,20000,2,9.903487552536127,2018,rural
10_18,2019-20,12878.899906721852,14,9.46334558504182,2019,rural
10_18,2020-21,9971.125120226045,12,9.207448707163065,2020,rural
10_18,2021-22,12289.395960505379,11,9.416492052491812,2021,rural
10_18,2022-23,18715.86296298303,15,9.837126730041318,2022,rural
10_19,2018-19,20000,2,9.903487552536127,2018,rural
10_19,2019-20,11766.320338418784,2,9.372996520824548,2019,rural
10_19,2020-21,12000,2,9.392661928770137,2020,rural
10_20,2017-18,2000,2,7.600902459542082,2017,rural
10_20,2018-19,3740.235991623258,19,8.226903987782404,2018,rural
10_20,2019-20,6000,3,8.699514748210191,2019,rural
10_20,2020-21,7333.333333333333,3,8.900185443672344,2020,rural
10_20,2021-22,6089.290511879654,6,8.71428685340486,2021,rural
10_20,2022-23,9884.871128162315,12,9.198760698409194,2022,rural
10_21,2017-18,8000,2,8.987196820661973,2017,rural
10_21,2018-19,10000,1,9.210340371976184,2018,rural
10_21,2021-22,13750,2,9.528794103094718,2021,rural
10_21,2022-23,12862.684506486994,5,9.46208572456708,2022,rural
10_22,2017-18,5500,2,8.612503371220562,2017,rural
10_22,2018-19,12541.890567719533,13,9.436829565799355,2018,rural
10_22,2019-20,12763.770001986948,12,9.454365967961808,2019,rural
10_22,2020-21,14000.413821105438,15,9.546842166810936,2020,rural
10_22,2021-22,12123.71611170817,20,9.402918822505015,2021,rural
10_22,2022-23,12078.322319010966,39,9.399167580967388,2022,rural
10_23,2017-18,9222.222316277053,2,9.129371319641232,2017,rural
10_23,2018-19,12666.666666666666,3,9.446729150040413,2018,rural
10_23,2019-20,17500,4,9.769956159911606,2019,rural
10_23,2020-21,26275.58892436715,5,10.17639560936141,2020,rural
10_23,2021-22,8285.026022081542,6,9.022205070722544,2021,rural
10_23,2022-23,3000,1,8.006367567650246,2022,rural
10_24,2017-18,9500,2,9.159047077588632,2017,rural
10_24,2019-20,6284.947073189281,15,8.745912699857511,2019,rural
10_24,2020-21,9686.341968135554,23,9.17847212774317,2020,rural
10_24,2021-22,12737.40886393355,7,9.452298522563956,2021,rural
10_24,2022-23,8500,2,9.047821442478408,2022,rural
10_25,2017-18,7321.814121814122,2,8.898613407099289,2017,rural
10_25,2018-19,10932.455365001872,18,9.299491200498213,2018,rural
10_25,2019-20,22988.242402162887,8,10.042738164298106,2019,rural
10_25,2021-22,15116.28160191052,4,9.623527693689248,2021,rural
10_25,2022-23,16815.8262332085,4,9.730075759643295,2022,rural
10_26,2018-19,14904.476940663515,6,9.60941691261908,2018,rural
10_26,2019-20,10000,1,9.210340371976184,2019,rural
10_26,2022-23,20000,3,9.903487552536127,2022,rural
10_27,2018-19,14935.944218005143,5,9.61152595048006,2018,rural
10_27,2019-20,7353.777595529993,4,8.90296941875092,2019,rural
10_27,2020-21,10084.9409039079,13,9.218798590570241,2020,rural
10_27,2021-22,14610.60845013078,16,9.589503150019306,2021,rural
10_27,2022-23,16337.388461737279,18,9.70121153077756,2022,rural
10_28,2017-18,11414.415829288286,20,9.342632381945945,2017,rural
10_28,2018-19,13035.736555235422,85,9.475449830734792,2018,rural
10_28,2019-20,13760.31756143611,96,9.529544189813768,2019,rural
10_28,2020-21,11243.423861568015,73,9.327538691080758,2020,rural
10_28,2021-22,17167.440632753198,90,9.7507698823705,2021,rural
10_28,2022-23,17354.007760452576,72,9.76157875353857,2022,rural
10_29,2017-18,7035.197375182075,16,8.858681025328636,2017,rural
10_29,2018-19,13140.742932629328,35,9.483472830214211,2018,rural
10_29,2019-20,15135.708788668226,15,9.624812051457278,2019,rural
10_29,2020-21,14388.373882981357,39,9.57417579022861,2020,rural
10_29,2021-22,23953.77432344785,19,10.08388118221601,2021,rural
10_29,2022-23,19651.083347993812,20,9.885887747991108,2022,rural
10_30,2017-18,9190.476308369944,13,9.125923042991417,2017,rural
10_30,2018-19,7111.627184545831,6,8.869486355199067,2018,rural
10_30,2019-20,8962.746091746167,6,9.10083194246633,2019,rural
10_30,2020-21,10102.507848342007,6,9.220538973823597,2020,rural
10_30,2021-22,12676.609516189936,4,9.447513803923492,2021,rural
10_30,2022-23,14865.537114863353,12,9.606800867632659,2022,rural
10_31,2018-19,13071.431472184291,6,9.478184324124014,2018,rural
10_31,2019-20,8195.383240805688,11,9.011326255283459,2019,rural
10_31,2022-23,22000,1,9.998797732340453,2022,rural
10_32,2017-18,11500,2,9.350102314351341,2017,rural
10_32,2018-19,7984.675431174618,24,8.985279412506097,2018,rural
10_32,2019-20,16654.065580683477,30,9.720409644621773,2019,rural
10_32,2020-21,8096.463392345339,12,8.999182627086066,2020,rural
10_32,2021-22,13940.09955912468,10,9.542524826263522,2021,rural
10_32,2022-23,13836.99429973004,23,9.535101030710786,2022,rural
10_33,2017-18,8125,6,9.002701007197938,2017,rural
10_33,2018-19,11587.143882257235,8,9.35765147647906,2018,rural
10_33,2019-20,6136.98999450523,7,8.722089672031768,2019,rural
10_33,2020-21,6648.814895711353,8,8.802193906597177,2020,rural
10_33,2021-22,15594.068298134807,10,9.654645883630046,2021,rural
10_33,2022-23,14631.250785717724,12,9.590914984940559,2022,rural
10_34,2017-18,12156.672161049413,26,9.405633447099094,2017,rural
10_34,2018-19,10737.985965279577,26,9.28154282396728,2018,rural
10_34,2019-20,14616.756494402283,15,9.589923854682477,2019,rural
10_34,2020-21,12981.64417004625,36,9.471291651731267,2020,rural
10_34,2021-22,13199.208362074733,25,9.48791213420594,2021,rural
10_34,2022-23,33472.203056345,14,10.418470613860096,2022,rural
10_35,2017-18,7120.973033613987,8,8.870799657093054,2017,rural
10_35,2018-19,6076.762046732323,10,8.712227274997542,2018,rural
10_35,2020-21,9573.0495524477,16,9.166707091204522,2020,rural
10_35,2021-22,8969.932155987446,10,9.101633391589171,2021,rural
10_35,2022-23,11186.957013697644,19,9.322503826316767,2022,rural
10_36,2019-20,9578.514741865905,11,9.167277821561852,2019,rural
10_36,2020-21,10000,1,9.210340371976184,2020,rural
10_36,2021-22,6333.333333333333,3,8.753581969480468,2021,rural
10_37,2019-20,5882.306137370436,6,8.679704164235332,2019,rural
10_37,2020-21,11056.31781036927,7,9.310757291105276,2020,rural
10_37,2021-22,14622.60738887665,11,9.590324061374785,2021,rural
10_37,2022-23,7681.047476783976,7,8.946511207047665,2022,rural
10_38,2019-20,10000,2,9.210340371976184,2019,rural
10_38,2020-21,12000,1,9.392661928770137,2020,rural
10_38,2021-22,8000,4,8.987196820661973,2021,rural
10_38,2022-23,7500,2,8.922658299524402,2022,rural
11_01,2018-19,17395.342066957786,4,9.763957752064025,2018,rural
11_01,2019-20,21753.339430898886,9,9.987522561784045,2019,rural
11_01,2020-21,8781.079730732503,11,9.080354655233647,2020,rural
11_01,2021-22,9961.897953522119,5,9.206522890007395,2021,rural
11_02,2017-18,12333.333333333334,3,9.420060902958252,2017,rural
11_02,2018-19,14886.362045486363,4,9.608200773831031,2018,rural
11_02,2019-20,15990.903363750907,2,9.679775299776333,2019,rural
11_02,2020-21,17000,1,9.740968623038354,2020,rural
11_02,2021-22,16000,1,9.680344001221918,2021,rural
11_03,2017-18,8000,3,8.987196820661973,2017,rural
11_03,2018-19,13159.82547534822,10,9.484923943039716,2018,rural
11_03,2019-20,14966.721311904033,10,9.613584436185016,2019,rural
11_03,2020-21,15566.666666666666,3,9.652887154988878,2020,rural
11_03,2021-22,23308.941167198645,7,10.0565923070255,2021,rural
11_03,2022-23,36176.39026982046,14,10.49616198254615,2022,rural
11_04,2017-18,13679.21010234449,23,9.523632448452773,2017,rural
11_04,2018-19,14703.269523179784,55,9.595825164578779,2018,rural
11_04,2019-20,16111.266512496864,31,9.687274089623227,2019,rural
11_04,2020-21,19097.181054658053,31,9.85729601438107,2020,rural
11_04,2021-22,17740.340763405755,26,9.783596464439274,2021,rural
11_04,2022-23,21932.468509237446,58,9.995723398197903,2022,rural
12_01,2020-21,18500,3,9.825526011066415,2020,rural
12_02,2019-20,9888.536918869644,7,9.199131478270774,2019,rural
12_02,2020-21,20274.309565277075,4,9.917109824903266,2020,rural
12_02,2021-22,13743.464250665209,11,9.528318662866573,2021,rural
12_02,2022-23,16240,1,9.69523261371567,2022,rural
12_03,2022-23,7825.692261870363,8,8.965167479465947,2022,rural
12_04,2018-19,16659.990661327007,9,9.720765355176079,2018,rural
12_04,2019-20,8000,3,8.987196820661973,2019,rural
12_04,2020-21,15705.530059077206,8,9.66176816237914,2020,rural
12_04,2021-22,12158.882737836226,11,9.40581527118677,2021,rural
12_04,2022-23,15133.333333333334,3,9.62465509536133,2022,rural
12_05,2017-18,15000,1,9.615805480084347,2017,rural
12_05,2018-19,13500,3,9.51044496442652,2018,rural
12_05,2019-20,10125,4,9.22276289197474,2019,rural
12_05,2021-22,18000,1,9.798127036878302,2021,rural
12_05,2022-23,18721.35682644551,4,9.837420227450197,2022,rural
12_06,2018-19,9778.841041998936,6,9.18797625314375,2018,rural
12_06,2019-20,12084.054184128134,18,9.399642026452826,2019,rural
12_06,2020-21,10244.600704890401,14,9.234506085281005,2020,rural
12_06,2021-22,30000,2,10.308952660644293,2021,rural
12_06,2022-23,18142.65255438539,7,9.806020939791896,2022,rural
12_07,2018-19,24500,2,10.106428396532818,2018,rural
12_07,2019-20,12231.80834233678,13,9.411795078939447,2019,rural
12_07,2020-21,12061.632784769281,6,9.397784849572151,2020,rural
12_07,2021-22,14812.425943767328,14,9.6032216982881,2021,rural
12_07,2022-23,14226.316468603656,5,9.562848800835683,2022,rural
12_09,2019-20,6624.7249938887535,4,8.79856413963643,2019,rural
12_09,2020-21,5907.264266787307,4,8.683938104208558,2020,rural
12_09,2022-23,13278.786999140375,10,9.493923078432458,2022,rural
12_10,2017-18,25000,1,10.126631103850338,2017,rural
12_10,2020-21,7589.745073307336,3,8.93455328264608,2020,rural
12_10,2021-22,9026.468396344679,11,9.107916473162438,2021,rural
12_10,2022-23,13250.95111552947,3,9.491824611142253,2022,rural
12_11,2018-19,15250,1,9.632334782035558,2018,rural
12_11,2019-20,6343.588748980525,3,8.755199936021215,2019,rural
12_11,2020-21,23550,2,10.066881099444563,2020,rural
12_11,2022-23,19250,2,9.86526633971593,2022,rural
12_12,2021-22,14950,2,9.612466578818832,2021,rural
12_12,2022-23,15350,4,9.638870753015343,2022,rural
12_14,2018-19,30000,2,10.308952660644293,2018,rural
12_14,2019-20,20000,1,9.903487552536127,2019,rural
12_14,2020-21,12000,3,9.392661928770137,2020,rural
12_14,2022-23,11400,3,9.341368634382587,2022,rural
12_15,2017-18,9800.006306462548,2,9.190138308175042,2017,rural
12_15,2018-19,8946.544006397684,22,9.09902259215933,2018,rural
12_15,2019-20,10134.87125344595,11,9.223737355642706,2019,rural
12_15,2020-21,10606.104116374861,4,9.26918497439176,2020,rural
12_15,2021-22,10715.654429881097,16,9.279460982093111,2021,rural
12_15,2022-23,14755.200433607191,18,9.599350871399123,2022,rural
13_01,2017-18,14688.177373269618,7,9.594798188854188,2017,rural
13_01,2018-19,10311.273543896858,12,9.240993094493644,2018,rural
13_01,2019-20,9918.795747919059,9,9.202186796530654,2019,rural
13_01,2020-21,8905.21799544483,12,9.09439267554146,2020,rural
13_01,2022-23,21000,4,9.95227771670556,2022,rural
13_02,2017-18,7860.919973004653,8,8.969658923485564,2017,rural
13_02,2018-19,6776.484452315225,8,8.821213729100192,2018,rural
13_02,2019-20,11652.659734874102,3,9.363289736359256,2019,rural
13_02,2020-21,12695.669638741456,5,9.449016240974615,2020,rural
13_02,2021-22,14256.64630573185,8,9.564978484382443,2021,rural
13_02,2022-23,13900.256641368724,13,9.539662582356158,2022,rural
13_03,2018-19,15000,3,9.615805480084347,2018,rural
13_03,2021-22,13542.857142857143,6,9.5136145391878,2021,rural
13_03,2022-23,13542.857142857143,3,9.5136145391878,2022,rural
13_04,2017-18,12826.213176342555,5,9.459246260211772,2017,rural
13_04,2018-19,9075.911710005661,4,9.11337911799936,2018,rural
13_04,2019-20,10867.470731135672,2,9.293529269612085,2019,rural
13_04,2020-21,10000,5,9.210340371976184,2020,rural
13_04,2021-22,14365.07798245051,4,9.572555400041225,2021,rural
13_05,2017-18,11982.19404738695,13,9.391176997420676,2017,rural
13_05,2018-19,17338.97680057588,7,9.760712240552884,2018,rural
13_05,2019-20,9654.585861006944,35,9.175188300209555,2019,rural
13_05,2020-21,12962.499548250404,33,9.469815817687284,2020,rural
13_05,2021-22,13130.874502219698,42,9.482721568446772,2021,rural
13_05,2022-23,12778.785829955286,42,9.455541717937413,2022,rural
13_06,2021-22,11363.494339439485,7,9.33816124527864,2021,rural
13_06,2022-23,10285.061751168121,12,9.238447806071768,2022,rural
13_07,2017-18,4666.666666666667,3,8.448200319929287,2017,rural
13_07,2018-19,9552.682217138483,7,9.164577254474217,2018,rural
13_07,2019-20,8146.792513197888,9,9.005379572108325,2019,rural
13_07,2020-21,11459.070458814858,13,9.34653687518273,2020,rural
13_07,2021-22,12428.14005142688,13,9.42771853947317,2021,rural
13_07,2022-23,20000,1,9.903487552536127,2022,rural
13_08,2018-19,15000,6,9.615805480084347,2018,rural
13_08,2022-23,20000,3,9.903487552536127,2022,rural
13_09,2017-18,5000,4,8.517193191416238,2017,rural
13_09,2020-21,18290.07683136009,9,9.814113942106546,2020,rural
13_10,2017-18,21686.74024626683,3,9.984456304203162,2017,rural
13_10,2018-19,20336.555153738238,13,9.920175292119282,2018,rural
13_10,2019-20,10226.902565553308,12,9.232777033582895,2019,rural
13_10,2020-21,9728.010533454286,18,9.182764687002884,2020,rural
13_10,2021-22,9897.628807257113,9,9.200050493016048,2021,rural
13_10,2022-23,14058.956606109183,20,9.551014952519143,2022,rural
14_01,2019-20,18300.79910913839,5,9.81470000504216,2019,rural
14_01,2020-21,13000,1,9.472704636443673,2020,rural
14_01,2021-22,17232.9941386173,5,9.754581089156021,2021,rural
14_02,2017-18,4787.319344990552,21,8.473725898049107,2017,rural
14_02,2018-19,12342.34037550801,4,9.42079093713531,2018,rural
14_02,2019-20,14515.38497491665,4,9.582964398664137,2019,rural
14_02,2020-21,16425.58408678608,41,9.706595403559875,2020,rural
14_02,2021-22,14626.5038970337,8,9.590590497379763,2021,rural
14_02,2022-23,15975.32355105297,18,9.678800532627674,2022,rural
14_03,2017-18,9500,1,9.159047077588632,2017,rural
14_03,2018-19,12804.749089230432,6,9.457571403691972,2018,rural
14_03,2019-20,12801.670925074568,3,9.457330982409422,2019,rural
14_03,2020-21,15388.367306526623,20,9.641367133260212,2020,rural
14_03,2021-22,12694.999632145573,9,9.448963465162455,2021,rural
14_04,2017-18,5273.363838968443,36,8.57042373752336,2017,rural
14_04,2018-19,9390.553102755412,65,9.147459473849405,2018,rural
14_04,2019-20,8772.385383942734,52,9.079364041990738,2019,rural
14_04,2020-21,10627.702545155804,102,9.271219318640446,2020,rural
14_04,2021-22,15314.764601580446,115,9.636572648700199,2021,rural
14_04,2022-23,14396.428631527182,73,9.574735443104602,2022,rural
14_05,2017-18,10121.538380192482,62,9.222420945141534,2017,rural
14_05,2018-19,11346.837129500344,137,9.33669431707031,2018,rural
14_05,2019-20,12732.690247915441,142,9.451928000560772,2019,rural
14_05,2020-21,11166.177096488507,159,9.320644586078448,2020,rural
14_05,2021-22,14129.98813523046,165,9.55605463599177,2021,rural
14_05,2022-23,15497.250359872232,139,9.648417891033507,2022,rural
14_06,2017-18,10277.700427093438,178,9.237731820123447,2017,rural
14_06,2018-19,10465.569584882884,346,9.255846061003643,2018,rural
14_06,2019-20,10226.373727682801,354,9.2327253217824925,2019,rural
14_06,2020-21,11901.684599855014,285,9.38443523209355,2020,rural
14_06,2021-22,15176.026885926374,332,9.627472283221502,2021,rural
14_06,2022-23,13118.336777891285,391,9.481766284484289,2022,rural
14_07,2017-18,8948.626246021417,55,9.099255307423142,2017,rural
14_07,2018-19,10314.299926766926,52,9.241286553766047,2018,rural
14_07,2019-20,9081.40127756537,78,9.113983785411408,2019,rural
14_07,2020-21,8713.93236135422,62,9.072678444580959,2020,rural
14_07,2021-22,10015.195765276247,68,9.211858795115688,2021,rural
14_07,2022-23,12957.372378751676,113,9.469420200796888,2022,rural
14_08,2017-18,11224.951066651798,17,9.325894353282628,2017,rural
14_08,2018-19,13623.572009720867,23,9.519556807412854,2018,rural
14_08,2019-20,11059.368437374265,63,9.311033170134321,2019,rural
14_08,2020-21,14950.829390842498,23,9.612522054928332,2020,rural
14_08,2021-22,12217.720238518423,20,9.410642655461755,2021,rural
14_08,2022-23,11885.278725169026,42,9.383055831363563,2022,rural
14_09,2017-18,10535.382001489954,13,9.262494585807762,2017,rural
14_09,2018-19,11318.963690220953,9,9.334234800766241,2018,rural
14_09,2019-20,11974.944387499183,5,9.39057177821816,2019,rural
14_09,2020-21,16745.703181725323,8,9.725896977880511,2020,rural
14_09,2021-22,19639.291714204057,16,9.88528751782659,2021,rural
14_09,2022-23,20877.86081403357,5,9.946444585312895,2022,rural
15_01,2017-18,15416.585779297053,7,9.643199207510397,2017,rural
15_01,2018-19,11052.236125246962,15,9.310388050748754,2018,rural
15_01,2019-20,10365.213277862711,8,9.24621060139361,2019,rural
15_01,2020-21,12366.150209865835,16,9.422718197049901,2020,rural
15_01,2021-22,17556.42916562828,5,9.773175496033847,2021,rural
15_01,2022-23,19578.45492747403,17,9.882185002218792,2022,rural
15_02,2017-18,8503.305198496933,22,9.048210213779043,2017,rural
15_02,2018-19,8008.717280494327,35,8.98828588747516,2018,rural
15_02,2019-20,7599.757558643781,28,8.93587162558715,2019,rural
15_02,2020-21,11168.677356465538,43,9.320868474708906,2020,rural
15_02,2021-22,12352.180315193527,53,9.421587870214477,2021,rural
15_02,2022-23,22575.846437402728,19,10.024635872040879,2022,rural
15_03,2017-18,14295.4761483536,90,9.567698412935764,2017,rural
15_03,2018-19,13564.112457985195,173,9.515182794127202,2018,rural
15_03,2019-20,14228.717628108398,270,9.563017569532448,2019,rural
15_03,2020-21,15943.448090892909,309,9.676803245820151,2020,rural
15_03,2021-22,16054.829066166223,344,9.683764959700586,2021,rural
15_03,2022-23,19450.6039171438,349,9.875633398289176,2022,rural
15_04,2017-18,11503.316642839236,8,9.350390676496133,2017,rural
15_04,2018-19,7176.636357904597,11,8.878586078444679,2018,rural
15_04,2019-20,19745.773359722894,29,9.890694740323841,2019,rural
15_04,2020-21,12471.210645170086,78,9.431178118578362,2020,rural
15_04,2021-22,15119.909855397202,104,9.623767687771123,2021,rural
15_04,2022-23,21602.239944170084,83,9.980552289414652,2022,rural
15_05,2017-18,15756.71517489261,8,9.665021913698691,2017,rural
15_05,2018-19,9183.357125396366,35,9.125148116696858,2018,rural
15_05,2019-20,12995.036166297528,30,9.472322730165025,2019,rural
15_05,2020-21,11275.86090285397,33,9.33041951647629,2020,rural
15_05,2021-22,23738.29343657299,10,10.07484478000997,2021,rural
15_05,2022-23,14761.939181048245,22,9.599807470354586,2022,rural
15_06,2017-18,21030.077243662374,8,9.953708941712462,2017,rural
15_06,2018-19,10949.890447772035,25,9.301084730424922,2018,rural
15_06,2019-20,13298.429605277162,71,9.495401232447277,2019,rural
15_06,2020-21,14649.098350227916,77,9.59213406649165,2020,rural
15_06,2021-22,15378.121236339524,68,9.640701079313132,2021,rural
15_06,2022-23,18020.89680702328,108,9.799287297239365,2022,rural
15_07,2020-21,17291.274547598532,5,9.757957291842382,2020,rural
15_07,2021-22,16248.005809438095,10,9.695725460808045,2021,rural
15_07,2022-23,15570.664792939975,22,9.653143960958296,2022,rural
15_08,2017-18,11527.894082523435,7,9.352524949792201,2017,rural
15_08,2018-19,15181.839532874585,8,9.62785522495654,2018,rural
15_08,2019-20,13224.922456882075,23,9.489858393335554,2019,rural
15_08,2020-21,14635.212030080716,22,9.591185686898093,2020,rural
15_08,2021-22,14741.337036877332,16,9.598410869694547,2021,rural
15_08,2022-23,17411.100705644774,37,9.764863253374038,2022,rural
16_01,2017-18,10719.475126700749,114,9.279817471364614,2017,rural
16_01,2018-19,11672.227141579955,185,9.364967550395377,2018,rural
16_01,2019-20,10470.04653495391,218,9.256273748453932,2019,rural
16_01,2020-21,11767.710854140329,215,9.373114691461087,2020,rural
16_01,2021-22,14066.740441814693,178,9.551568456021009,2021,rural
16_01,2022-23,15225.970987821389,240,9.63075786642768,2022,rural
16_02,2017-18,11083.331925238976,3,9.313197630369775,2017,rural
16_02,2018-19,12763.733196326233,12,9.454363084353455,2018,rural
16_02,2019-20,13455.620991267966,34,9.507152215293154,2019,rural
16_02,2020-21,15773.558860119761,54,9.66609032730085,2020,rural
16_02,2021-22,13254.445762054685,26,9.492088304348705,2021,rural
16_02,2022-23,11780.335409087262,52,9.374186929558068,2022,rural
16_03,2018-19,7049.300268128792,8,8.860683638132745,2018,rural
16_03,2019-20,13775.759874161124,14,9.530665795778162,2019,rural
16_03,2020-21,7838.317636292182,14,8.966779503109695,2020,rural
16_03,2021-22,10058.175025308721,17,9.216141018182087,2021,rural
16_03,2022-23,12560.771572016765,25,9.438333869028444,2022,rural
16_04,2017-18,9993.322553146065,37,9.209672404250012,2017,rural
16_04,2018-19,8716.404860811357,63,9.072962145285334,2018,rural
16_04,2019-20,12706.594368937438,43,9.449876379336,2019,rural
16_04,2020-21,11929.995391307746,46,9.386811128780717,2020,rural
16_04,2021-22,18888.546872988965,41,9.846311031808137,2021,rural
16_04,2022-23,18235.039637363534,22,9.81110027693735,2022,rural
16_05,2021-22,10468.24519182959,4,9.256101686362882,2021,rural
16_05,2022-23,19559.16227619483,17,9.881199114256248,2022,rural
16_06,2021-22,17216.003658286456,9,9.753594675454893,2021,rural
16_06,2022-23,19141.906763172232,20,9.859635281945339,2022,rural
16_07,2021-22,21939.059177428557,15,9.996023851297588,2021,rural
16_07,2022-23,22640.023361144697,18,10.027474564169268,2022,rural
16_08,2021-22,21481.855869392344,18,9.974963944769147,2021,rural
16_08,2022-23,22067.964768598507,15,10.00188227789832,2022,rural
17_01,2017-18,14524.448483722988,9,9.583588610859675,2017,rural
17_01,2018-19,15665.218687202196,16,9.659198163531569,2018,rural
17_01,2019-20,14678.940997971325,5,9.594169160463586,2019,rural
17_01,2020-21,16131.064059132568,6,9.688502136651637,2020,rural
17_01,2021-22,16700.39305057923,3,9.723187534090709,2021,rural
17_01,2022-23,17198.650808926395,7,9.752586218383373,2022,rural
17_02,2017-18,9250,1,9.132378830506472,2017,rural
17_02,2018-19,9921.199055139667,4,9.202429065468346,2018,rural
17_02,2019-20,11035.791069327535,5,9.30889900341889,2019,rural
17_02,2020-21,16110.777139000375,9,9.687243714548211,2020,rural
17_02,2021-22,13848.64634234532,8,9.535942769824134,2021,rural
17_02,2022-23,9860,1,9.19624144759668,2022,rural
17_03,2017-18,8966.666666666666,3,9.10126927692182,2017,rural
17_03,2021-22,22166.666666666668,3,10.006344937975836,2021,rural
17_03,2022-23,20195,2,9.913190327997514,2022,rural
17_04,2017-18,6697.441237547778,3,8.809480827591216,2017,rural
17_04,2018-19,5466.004079113031,23,8.606303112757956,2018,rural
17_04,2019-20,15666.091749980567,6,9.65925389454099,2019,rural
17_04,2020-21,10600,2,9.268609280100158,2020,rural
17_04,2021-22,3993.9394635370013,12,8.292533357009868,2021,rural
17_04,2022-23,4397.797683723168,9,8.388859168174633,2022,rural
17_05,2017-18,8000,4,8.987196820661973,2017,rural
17_05,2018-19,8000,1,8.987196820661973,2018,rural
17_05,2019-20,4741.01012248677,18,8.46400549799513,2019,rural
17_05,2020-21,2201.1960138814284,3,7.696756134299641,2020,rural
17_05,2021-22,19787.52244664688,19,9.892806838573811,2021,rural
17_05,2022-23,6114.656563792689,9,8.718443883632007,2022,rural
17_06,2017-18,8414.00323092168,33,9.037652648143936,2017,rural
17_06,2018-19,8506.758871566528,33,9.048616287865869,2018,rural
17_06,2019-20,9941.524820848781,30,9.204475690385538,2019,rural
17_06,2020-21,11704.36620427868,53,9.367717231024443,2020,rural
17_06,2021-22,13796.7508136762,77,9.532188395138665,2021,rural
17_06,2022-23,17017.937388346214,73,9.74202320725984,2022,rural
17_07,2019-20,8437.762968908415,9,9.040472501380556,2019,rural
17_07,2020-21,3666.6666666666665,3,8.207038263112398,2020,rural
17_07,2021-22,9523.382505601809,3,9.161505369889737,2021,rural
17_07,2022-23,7250,1,8.88875674784872,2022,rural
18_01,2021-22,24200,3,10.094107912144779,2021,rural
18_01,2022-23,15087.431477049131,12,9.62161732369202,2022,rural
18_02,2017-18,11950.359366244182,33,9.388516629396541,2017,rural
18_02,2018-19,15872.809509043003,37,9.672362830557939,2018,rural
18_02,2019-20,13032.96940294293,38,9.475237533867634,2019,rural
18_02,2020-21,16952.180176469123,39,9.738151728517721,2020,rural
18_02,2021-22,14180.735632225642,31,9.55963967689463,2021,rural
18_02,2022-23,12128.318615820772,29,9.403298378630476,2022,rural
18_03,2017-18,8935.484627078577,2,9.097785665303228,2017,rural
18_03,2018-19,13197.649819519462,14,9.487794048746954,2018,rural
18_03,2019-20,8885.314148510286,10,9.092155097139873,2019,rural
18_03,2020-21,15384.327932991711,25,9.641104603538544,2020,rural
18_03,2021-22,19396.920591236172,13,9.872869600041591,2021,rural
18_03,2022-23,13587.290950775834,39,9.516890145903625,2022,rural
18_04,2017-18,13359.143644918739,12,9.499956346602017,2017,rural
18_04,2018-19,15378.381861878303,16,9.640718026983546,2018,rural
18_04,2019-20,11506.84940128129,12,9.350697737163408,2019,rural
18_04,2020-21,19030.558002333484,7,9.853801282105891,2020,rural
18_04,2021-22,15810.091543730841,12,9.66840372042906,2021,rural
18_04,2022-23,10585.91855527275,5,9.267279958762108,2022,rural
18_05,2017-18,9000,3,9.104979856318357,2017,rural
18_05,2018-19,12543.706089326855,3,9.436974311936776,2018,rural
18_05,2019-20,18030.50791170931,6,9.799820486167159,2019,rural
18_05,2020-21,11487.05018020199,13,9.348975608569917,2020,rural
18_05,2021-22,10250,4,9.235032984566555,2021,rural
18_05,2022-23,19383.614463712784,6,9.872183372890433,2022,rural
18_06,2017-18,9037.534502242823,45,9.109141684135286,2017,rural
18_06,2018-19,10509.129464592994,62,9.259999631191464,2018,rural
18_06,2019-20,7493.224233647399,36,8.921754455666898,2019,rural
18_06,2020-21,13217.58101864248,45,9.489303117740334,2020,rural
18_06,2021-22,13344.113625354456,35,9.498830639651787,2021,rural
18_06,2022-23,13578.91138365456,30,9.516273234692859,2022,rural
18_07,2017-18,4162.666666666667,3,8.333911173527158,2017,rural
18_07,2018-19,17684.180070756192,10,9.780425737588036,2018,rural
18_07,2019-20,11408.840674826615,17,9.342143831631352,2019,rural
18_07,2020-21,12251.658356871876,12,9.413416582881533,2020,rural
18_07,2021-22,17769.813732654035,30,9.78525643896962,2021,rural
18_07,2022-23,25586.140168112877,18,10.149806084174836,2022,rural
18_08,2018-19,19121.112045246104,6,9.85854834627633,2018,rural
18_08,2019-20,34810,3,10.457659980805484,2019,rural
18_08,2020-21,19586.904761904763,2,9.882616497531428,2020,rural
18_08,2021-22,34371.9320488996,3,10.444995581499343,2021,rural
18_08,2022-23,19242.131002724247,6,9.864857477063726,2022,rural
18_09,2020-21,12046.459419967874,13,9.396526071674996,2020,rural
18_09,2021-22,10030,2,9.21333588095598,2021,rural
18_09,2022-23,23209.525550283106,9,10.052318057451757,2022,rural
18_10,2017-18,8063.101846553978,5,8.995053605952634,2017,rural
18_10,2018-19,8350.29866728495,45,9.030052585742341,2018,rural
18_10,2019-20,10410.21046822025,23,9.250542379293229,2019,rural
18_10,2020-21,20529.326066994672,20,9.929609682732556,2020,rural
18_10,2021-22,14381.655933912598,41,9.573708779993751,2021,rural
18_10,2022-23,14259.440327293627,41,9.565174445462704,2022,rural
18_11,2018-19,7989.05932974677,29,8.985828300884153,2018,rural
18_11,2019-20,15257.125385212528,7,9.63280191128829,2019,rural
18_11,2020-21,18048.813198956235,19,9.800835210849005,2020,rural
18_11,2021-22,14267.583957701501,28,9.565745386935445,2021,rural
18_11,2022-23,49319.80136662132,29,10.806080929829402,2022,rural
18_12,2018-19,16106.939014795013,17,9.687005452828778,2018,rural
18_12,2019-20,6844.311696528735,6,8.831173177009623,2019,rural
18_12,2020-21,8324.433698396204,13,9.02695028831822,2020,rural
18_12,2022-23,12779.762679139822,6,9.455618158051738,2022,rural
18_13,2017-18,14906.107543464423,18,9.609526310192509,2017,rural
18_13,2018-19,27543.210125597783,19,10.223511327784554,2018,rural
18_13,2019-20,21828.72716967468,37,9.990982141370198,2019,rural
18_13,2020-21,10022.919180094132,12,9.212629667547692,2020,rural
18_13,2021-22,16080.621520982251,16,9.685370193788374,2021,rural
18_13,2022-23,20661.573971453778,42,9.936030924256434,2022,rural
18_14,2017-18,14930.041437010748,8,9.611130665948725,2017,rural
18_14,2018-19,16497.653475948773,11,9.7109734361965,2018,rural
18_14,2019-20,8538.461501924168,4,9.052336118553782,2019,rural
18_14,2020-21,10500,4,9.259130536145614,2020,rural
18_14,2021-22,10000,2,9.210340371976184,2021,rural
18_14,2022-23,12166.666791535585,9,9.406455261165672,2022,rural
18_15,2017-18,16000,1,9.680344001221918,2017,rural
18_15,2019-20,6743.365252134603,11,8.816314374868728,2019,rural
18_15,2020-21,12500.525727302225,13,9.433525980590149,2020,rural
18_15,2021-22,25000,2,10.126631103850338,2021,rural
18_15,2022-23,23137.42611093725,9,10.049206763400143,2022,rural
18_16,2020-21,6571.428571428572,7,8.790486526415918,2020,rural
18_16,2021-22,15250.001170871175,9,9.632334858813993,2021,rural
18_16,2022-23,15000,1,9.615805480084347,2022,rural
18_17,2017-18,8881.572003026064,21,9.09173384768652,2017,rural
18_17,2018-19,12407.051420877377,50,9.426020252939592,2018,rural
18_17,2019-20,20927.846115113585,15,9.948835901167659,2019,rural
18_17,2020-21,11511.747578999108,25,9.351123321554667,2020,rural
18_17,2021-22,12182.656654672357,54,9.407768633627175,2021,rural
18_17,2022-23,13448.328186274646,44,9.506610078886055,2022,rural
18_18,2017-18,14100,1,9.55393007636626,2017,rural
18_18,2018-19,14414.335544025347,5,9.575978514249465,2018,rural
18_18,2019-20,20002.16890886848,8,9.90359599209977,2019,rural
18_18,2020-21,4000,1,8.294049640102028,2020,rural
18_18,2021-22,9549.80075730446,7,9.164275570147657,2021,rural
18_18,2022-23,12614.663019603162,16,9.442615148043233,2022,rural
18_19,2019-20,14000,1,9.546812608597396,2019,rural
18_19,2020-21,4989.1984152542755,15,8.515030537616267,2020,rural
18_19,2022-23,11675.324675324675,15,9.365232891600073,2022,rural
18_20,2017-18,4650.537559337356,6,8.444738096058327,2017,rural
18_20,2019-20,10130.856517872022,16,9.223341146271718,2019,rural
18_20,2020-21,12656.367088236084,14,9.44591569466234,2020,rural
18_20,2021-22,17160.50549286369,26,9.750365830234175,2021,rural
18_20,2022-23,17079.152342897243,19,9.745613837475027,2022,rural
18_21,2018-19,13669.030834788482,18,9.522888029969003,2018,rural
18_21,2021-22,11220.374892054027,10,9.325486591357532,2021,rural
18_21,2022-23,12060.150848259716,6,9.397661978350522,2022,rural
18_22,2017-18,10956.939866442252,8,9.301728312249624,2017,rural
18_22,2018-19,14129.072310872809,12,9.55598981965722,2018,rural
18_22,2019-20,15564.331652522036,38,9.652737142828968,2019,rural
18_22,2020-21,21809.038468586165,12,9.990079771501504,2020,rural
18_22,2021-22,20462.67297710797,13,9.92635767501485,2021,rural
18_22,2022-23,15226.660454900673,9,9.63080314770859,2022,rural
18_23,2017-18,16370.10567468115,31,9.703212125731097,2017,rural
18_23,2018-19,14759.57520714822,62,9.599647317736803,2018,rural
18_23,2019-20,22082.006648127277,56,10.002518377064488,2019,rural
18_23,2020-21,16080.89205863495,66,9.685387017477474,2020,rural
18_23,2021-22,19912.178281775705,48,9.899086797491462,2021,rural
18_23,2022-23,19134.673071928122,68,9.859257312369092,2022,rural
18_24,2017-18,20000,9,9.903487552536127,2017,rural
18_24,2018-19,20000,3,9.903487552536127,2018,rural
18_24,2020-21,13000,1,9.472704636443673,2020,rural
18_24,2021-22,13024.525004191477,13,9.474589397948261,2021,rural
18_24,2022-23,11219.322830309291,15,9.325392823450446,2022,rural
18_25,2019-20,9500,2,9.159047077588632,2019,rural
18_25,2020-21,9000,1,9.104979856318357,2020,rural
18_26,2017-18,14158.628858602175,5,9.558079530539567,2017,rural
18_26,2018-19,29930.266444485776,6,10.306625503061907,2018,rural
18_26,2019-20,14234.142645044165,6,9.563398769239672,2019,rural
18_26,2020-21,11108.2031921171,12,9.315439140671801,2020,rural
18_26,2021-22,15444.641698666448,8,9.645017406551151,2021,rural
18_27,2019-20,25185,1,10.134003858179751,2019,rural
18_27,2020-21,20545,1,9.93037288131751,2020,rural
18_27,2021-22,17413.333333333332,3,9.764991475282203,2021,rural
18_28,2021-22,10348.891374943503,7,9.244634679424422,2021,rural
18_28,2022-23,9430.420775127477,11,9.151695995536313,2022,rural
18_30,2021-22,16945.443985643287,2,9.737754285270237,2021,rural
18_30,2022-23,14155.260180192257,8,9.557841578174832,2022,rural
19_01,2017-18,13273.633160905987,6,9.493534877412133,2017,rural
19_01,2018-19,13806.150797983672,28,9.532869481844916,2018,rural
19_01,2019-20,9811.56356569199,45,9.191316924740944,2019,rural
19_01,2020-21,9509.19069181155,37,9.160014051162278,2020,rural
19_01,2021-22,11660.5378096684,36,9.363965583169126,2021,rural
19_01,2022-23,16206.851793607833,40,9.693189382024947,2022,rural
19_02,2017-18,8668.340546161651,30,9.06743264962812,2017,rural
19_02,2018-19,8592.138761801038,21,9.058602966734743,2018,rural
19_02,2019-20,6835.915592653832,31,8.829945696683216,2019,rural
19_02,2020-21,4581.711702071296,20,8.42982794136375,2020,rural
19_02,2021-22,8122.681107633151,34,9.002415564325538,2021,rural
19_02,2022-23,10795.62288966562,44,9.28689604296701,2022,rural
19_03,2017-18,5000,1,8.517193191416238,2017,rural
19_03,2018-19,7500,1,8.922658299524402,2018,rural
19_03,2019-20,7000,2,8.85366542803745,2019,rural
19_03,2020-21,4654.205822031168,4,8.445526567643949,2020,rural
19_03,2021-22,12085.639769058855,10,9.399773230839283,2021,rural
19_03,2022-23,7500,2,8.922658299524402,2022,rural
19_04,2017-18,9853.627063511876,21,9.19559489618434,2017,rural
19_04,2018-19,9874.554501634208,34,9.197716474993106,2018,rural
19_04,2019-20,8026.453588256412,28,8.990498064088719,2019,rural
19_04,2020-21,8656.466972563627,21,9.06606194747813,2020,rural
19_04,2021-22,9483.803800598005,53,9.157340759560723,2021,rural
19_04,2022-23,8973.668110212242,10,9.102049802367763,2022,rural
19_05,2017-18,5000,3,8.517193191416238,2017,rural
19_05,2018-19,4314.256896588427,12,8.36968037468663,2018,rural
19_05,2019-20,6202.167354989127,11,8.732654083331985,2019,rural
19_05,2020-21,7846.185912177981,11,8.967782821642734,2020,rural
19_05,2021-22,8030.466305483533,14,8.990997875676147,2021,rural
19_05,2022-23,17727.27577615636,3,9.782859736735807,2022,rural
19_06,2017-18,6915.443939368452,26,8.841512441512991,2017,rural
19_06,2018-19,5313.810435528074,66,8.578064453031626,2018,rural
19_06,2019-20,10180.474078838928,18,9.228226858650725,2019,rural
19_06,2020-21,4115.958347104294,39,8.322626977151591,2020,rural
19_06,2021-22,6481.229838603186,57,8.776665561246393,2021,rural
19_06,2022-23,6619.5082580504595,25,8.797776364910805,2022,rural
19_07,2017-18,5891.46735237155,47,8.681260371658206,2017,rural
19_07,2018-19,7085.388344640882,98,8.865789962851421,2018,rural
19_07,2019-20,6454.783448167927,186,8.772576754796686,2019,rural
19_07,2020-21,5432.698188291284,106,8.600191193433156,2020,rural
19_07,2021-22,4450.245589355053,111,8.400714562256564,2021,rural
19_07,2022-23,6784.091579223687,116,8.822335676676568,2022,rural
19_08,2017-18,11356.520706352558,11,9.337547369513869,2017,rural
19_08,2018-19,10776.575866026074,34,9.285130156345543,2018,rural
19_08,2019-20,10932.954590136434,9,9.29953686395805,2019,rural
19_08,2020-21,8031.699495875925,11,8.991151427869552,2020,rural
19_08,2021-22,11293.012554142206,27,9.331939455397736,2021,rural
19_08,2022-23,10267.97896570262,20,9.236785493459776,2022,rural
19_09,2017-18,14422.917334617603,55,9.576573702070004,2017,rural
19_09,2018-19,10743.596529673207,121,9.282065184414655,2018,rural
19_09,2019-20,10434.075705266368,66,9.252832239188216,2019,rural
19_09,2020-21,9179.977984861653,45,9.124780085448442,2020,rural
19_09,2021-22,12510.729099817612,36,9.434341883122984,2021,rural
19_09,2022-23,13507.176700798125,43,9.510976430639857,2022,rural
19_10,2017-18,7033.179353318425,34,8.85839413766328,2017,rural
19_10,2018-19,7375.488389843089,91,8.905917401367022,2018,rural
19_10,2019-20,9797.596151660884,73,9.189892343923143,2019,rural
19_10,2020-21,7953.677835366711,56,8.98138972147321,2020,rural
19_10,2021-22,9814.10978751441,45,9.19157640341369,2021,rural
19_10,2022-23,10032.946520846217,87,9.213629608586102,2022,rural
19_11,2017-18,8059.811090207047,94,8.994645397286428,2017,rural
19_11,2018-19,8092.942681744663,232,8.998747687022167,2018,rural
19_11,2019-20,10455.255030684068,211,9.254860004743998,2019,rural
19_11,2020-21,14276.613314491347,182,9.566378044915274,2020,rural
19_11,2021-22,13513.972858578092,205,9.511479455717184,2021,rural
19_11,2022-23,14779.232761686855,187,9.6009782825788,2022,rural
19_12,2017-18,7553.654850351318,59,8.929786811250423,2017,rural
19_12,2018-19,7261.757645769245,73,8.89037717848559,2018,rural
19_12,2019-20,10386.521335336134,69,9.248264219113691,2019,rural
19_12,2020-21,8985.775710152342,64,9.103398129397874,2020,rural
19_12,2021-22,9899.836757886294,80,9.20027354688434,2021,rural
19_12,2022-23,15617.910916626424,103,9.6561736703151,2022,rural
19_13,2018-19,5899.300343332166,8,8.682589036986046,2018,rural
19_13,2019-20,14000.0003794476,6,9.546812635700796,2019,rural
19_13,2020-21,7500,3,8.922658299524402,2020,rural
19_13,2021-22,17000,2,9.740968623038354,2021,rural
19_13,2022-23,22625,4,10.026810768568128,2022,rural
19_14,2017-18,6782.940453009865,5,8.822165982050088,2017,rural
19_14,2018-19,5443.559047295613,13,8.602188362565721,2018,rural
19_14,2019-20,5468.869650534671,5,8.606827228821494,2019,rural
19_14,2020-21,7211.044684989462,13,8.883369113678791,2020,rural
19_14,2021-22,6434.287759501139,8,8.769396431620285,2021,rural
19_15,2017-18,8123.667777547891,55,9.00253702791381,2017,rural
19_15,2018-19,10635.740958943928,167,9.271975396946344,2018,rural
19_15,2019-20,8263.01731339882,123,9.019545091991112,2019,rural
19_15,2020-21,8409.004294469441,115,9.037058350531952,2020,rural
19_15,2021-22,10663.559192994653,117,9.27458752501344,2021,rural
19_15,2022-23,13546.135064477634,161,9.513856550526679,2022,rural
19_16,2017-18,14569.658717956549,51,9.586696475301773,2017,rural
19_16,2018-19,12886.893158329229,120,9.46396603959904,2018,rural
19_16,2019-20,12979.067491463937,126,9.471093145725394,2019,rural
19_16,2020-21,18235.71080760244,96,9.811137082883528,2020,rural
19_16,2021-22,14563.898059751877,140,9.58630100980309,2021,rural
19_16,2022-23,18633.58770082401,151,9.832721021588917,2022,rural
19_17,2017-18,8609.81632927333,67,9.060658264937949,2017,rural
19_17,2018-19,8834.992555876108,136,9.086475542181411,2018,rural
19_17,2019-20,7536.487047783643,95,8.927511443650772,2019,rural
19_17,2020-21,6532.679044020909,74,8.784572405212192,2020,rural
19_17,2021-22,11927.19924239464,93,9.386576721595057,2021,rural
19_17,2022-23,10409.558594462429,135,9.25047975864109,2022,rural
19_18,2017-18,16638.50975348709,11,9.719475152280927,2017,rural
19_18,2018-19,11329.816806055027,15,9.335193184964151,2018,rural
19_18,2019-20,12151.263868390257,46,9.405188465448505,2019,rural
19_18,2020-21,15940.864107774232,17,9.676641160898374,2020,rural
19_18,2021-22,9164.437404123517,28,9.12308577313308,2021,rural
19_18,2022-23,16209.280290831039,73,9.693339214658984,2022,rural
19_19,2017-18,3854.597696534158,10,8.257021921675959,2017,rural
19_19,2018-19,7448.947735731119,8,8.915828057871774,2018,rural
19_19,2019-20,8568.403819904823,13,9.055836742191644,2019,rural
19_19,2020-21,10450.983507909763,24,9.254451368553815,2020,rural
19_19,2021-22,10937.49990400692,2,9.29995252188936,2021,rural
19_19,2022-23,6292.959372283667,3,8.747186727488879,2022,rural
19_20,2019-20,9148.936350795942,3,9.121392905697848,2019,rural
19_20,2020-21,11192.877334353867,12,9.32303290268992,2020,rural
19_20,2021-22,5363.6934383098705,3,8.587408091073694,2021,rural
19_20,2022-23,6593.009838422061,17,8.793765251364889,2022,rural
19_22,2019-20,7481.481481481482,5,8.920186110379014,2019,rural
19_22,2020-21,23708.160455367233,8,10.073574590868935,2020,rural
19_22,2022-23,6298.333333333333,3,8.74804032711548,2022,rural
19_23,2019-20,22256.682086369874,31,10.01039756099635,2019,rural
19_23,2020-21,10408.454520981726,87,9.250373689586795,2020,rural
19_23,2021-22,9916.216369843409,102,9.20192671319167,2021,rural
19_23,2022-23,12668.583536959042,97,9.446880470456088,2022,rural
20_01,2020-21,8147.715707795333,3,9.005492885696672,2020,rural
20_01,2021-22,9535.662893711531,6,9.16279403776915,2021,rural
20_01,2022-23,10000,1,9.210340371976184,2022,rural
20_02,2020-21,7250,4,8.88875674784872,2020,rural
20_02,2021-22,11867.857321535428,4,9.38158895922313,2021,rural
20_03,2018-19,9417.32267398892,6,9.150306109974418,2018,rural
20_03,2019-20,10932.167279596491,9,9.299464848760056,2019,rural
20_03,2020-21,10467.341552147276,6,9.256015360654038,2020,rural
20_03,2021-22,12643.320275772769,16,9.4448843132518,2021,rural
20_03,2022-23,19378.69991539056,8,9.87192979936536,2022,rural
20_04,2017-18,16599.079868474815,3,9.717102543198406,2017,rural
20_04,2018-19,5821.353894096361,6,8.66928814152343,2018,rural
20_04,2019-20,8682.852871058982,5,9.069105425434646,2019,rural
20_04,2020-21,6147.527084251287,7,8.72380517981489,2020,rural
20_04,2022-23,8196.051678573376,4,9.011407814679734,2022,rural
20_05,2018-19,10939.559531726652,3,9.300140812983221,2018,rural
20_05,2019-20,8310.003015148004,9,9.025215250683123,2019,rural
20_05,2020-21,4050.5956938853715,5,8.306619234194628,2020,rural
20_05,2021-22,12713.314031066144,6,9.450405072215574,2021,rural
20_05,2022-23,11568.96466771624,9,9.356081331976014,2022,rural
20_06,2018-19,9300,6,9.137769679141348,2018,rural
20_06,2019-20,5000,1,8.517193191416238,2019,rural
20_06,2020-21,1470.0855206811725,4,7.293075855414678,2020,rural
20_07,2017-18,7000,2,8.85366542803745,2017,rural
20_07,2018-19,5639.118842373875,10,8.637483098664708,2018,rural
20_07,2019-20,2971.875205453819,2,7.996948414866479,2019,rural
20_07,2020-21,7131.954675697965,17,8.87234062390086,2020,rural
20_07,2022-23,33081.79597881218,5,10.406738439647311,2022,rural
20_08,2018-19,750,2,6.620073206530356,2018,rural
20_08,2022-23,18399.23922390815,6,9.820064596215555,2022,rural
20_09,2017-18,6334.796588264544,8,8.753812983047075,2017,rural
20_09,2018-19,7580.571606369387,23,8.933343885604506,2018,rural
20_09,2019-20,12522.313721901863,42,9.43526742964913,2019,rural
20_09,2020-21,16947.1108762411,42,9.737852648501095,2020,rural
20_09,2021-22,14477.908186981367,59,9.580379193278992,2021,rural
20_09,2022-23,13814.95781052296,103,9.533507183463817,2022,rural
20_10,2017-18,3982.7816281991513,23,8.289735755718102,2017,rural
20_10,2018-19,8312.612024828086,48,9.025529161544348,2018,rural
20_10,2019-20,8209.375833458664,26,9.013032174399127,2019,rural
20_10,2020-21,8808.925503446435,20,9.083520748205656,2020,rural
20_10,2021-22,8342.819574973839,27,9.029156516751156,2021,rural
20_10,2022-23,13420.327572276372,31,9.504525819488306,2022,rural
20_11,2018-19,6024.7524705532805,19,8.7036316737893,2018,rural
20_11,2020-21,18304.347863265768,2,9.814893898766515,2020,rural
20_11,2021-22,18304.347863265768,4,9.814893898766515,2021,rural
20_12,2017-18,13054.666107194422,16,9.47690090494974,2017,rural
20_12,2018-19,20236.525327878553,24,9.915244435140028,2018,rural
20_12,2019-20,17222.045718221434,27,9.753945569893245,2019,rural
20_12,2020-21,13774.205286262122,82,9.530552939889482,2020,rural
20_12,2021-22,15288.917075720368,66,9.634883470758892,2021,rural
20_12,2022-23,22847.263116615788,34,10.03658661307054,2022,rural
20_13,2017-18,6000,1,8.699514748210191,2017,rural
20_13,2018-19,3127.997163964258,4,8.048148195003748,2018,rural
20_13,2019-20,8500,5,9.047821442478408,2019,rural
20_13,2020-21,7750,6,8.955448122347393,2020,rural
20_13,2021-22,9500,4,9.159047077588632,2021,rural
20_13,2022-23,11000,2,9.305650551780507,2022,rural
20_14,2018-19,6000,1,8.699514748210191,2018,rural
20_14,2019-20,9600,5,9.169518377455928,2019,rural
20_14,2020-21,10000,2,9.210340371976184,2020,rural
20_15,2017-18,13918.967079551454,10,9.541007727079942,2017,rural
20_15,2018-19,13500.525015384592,11,9.510483853698812,2018,rural
20_15,2019-20,18197.668161352478,16,9.809048741853822,2019,rural
20_15,2020-21,11070.396286602047,21,9.312029823309642,2020,rural
20_15,2021-22,28352.52702853458,35,10.252471441992428,2021,rural
20_15,2022-23,22304.437258014124,44,10.012540917834285,2022,rural
20_16,2017-18,8500,2,9.047821442478408,2017,rural
20_16,2018-19,9564.111123163875,5,9.165772947411163,2018,rural
20_16,2019-20,10841.295278080848,11,9.291117758453069,2019,rural
20_16,2020-21,8069.571910391703,35,8.995855712817509,2020,rural
20_16,2021-22,13501.648670345914,16,9.510567080699353,2021,rural
20_16,2022-23,19368.6443174114,5,9.871410765175844,2022,rural
20_17,2018-19,11071.428804641793,6,9.312123087350544,2018,rural
20_17,2020-21,10428.569815755694,3,9.252304416421639,2020,rural
20_17,2021-22,11678.570286160282,3,9.365510841883044,2021,rural
20_17,2022-23,6250,2,8.740336742730447,2022,rural
20_18,2018-19,5916.788269256258,4,8.685549058574605,2018,rural
20_18,2020-21,6000,3,8.699514748210191,2020,rural
20_18,2021-22,14821.054570531118,10,9.603804054923764,2021,rural
20_18,2022-23,30417.316504979088,3,10.322767347095667,2022,rural
20_19,2017-18,11956.11665734019,12,9.388998280577722,2017,rural
20_19,2018-19,7481.57477524064,17,8.920198580259171,2018,rural
20_19,2019-20,10193.787911513855,21,9.229533785456349,2019,rural
20_19,2020-21,13928.01017913366,31,9.541657212287337,2020,rural
20_19,2021-22,14314.941762100896,31,9.569059149211045,2021,rural
20_19,2022-23,19668.03643644624,37,9.886750081105172,2022,rural
20_20,2017-18,3400,2,8.131530710604252,2017,rural
20_20,2019-20,6000,1,8.699514748210191,2019,rural
20_20,2021-22,22500,2,10.021270588192511,2021,rural
20_20,2022-23,10726.56072661173,4,9.280478255503676,2022,rural
20_21,2020-21,20276.11945311192,5,9.917199090929785,2020,rural
20_21,2021-22,23160.000321965876,4,10.05018194558874,2021,rural
20_22,2017-18,18166.669120073406,9,9.80734382703313,2017,rural
20_22,2021-22,7689.867458706181,4,8.947658826812297,2021,rural
20_22,2022-23,7371.15347849274,4,8.905329482908853,2022,rural
20_23,2018-19,3420.5389936866763,7,8.137553418132178,2018,rural
20_23,2019-20,6535.8301708469435,11,8.785054652549709,2019,rural
20_23,2020-21,12632.918029823268,4,9.444061228233293,2020,rural
20_23,2021-22,33425.71661032161,7,10.417080841091757,2021,rural
20_23,2022-23,18205.882500811484,2,9.80950003517269,2022,rural
20_24,2021-22,14064.865590589923,6,9.5514351645747,2021,rural
21_01,2017-18,12931.407831090373,8,9.467414346820267,2017,rural
21_01,2018-19,8552.319151274194,14,9.053957770913389,2018,rural
21_01,2021-22,20066.086523914848,9,9.906786431442516,2021,rural
21_01,2022-23,17003.650758669868,8,9.741183350492756,2022,rural
21_02,2017-18,12000,1,9.392661928770137,2017,rural
21_02,2018-19,7132.805884273933,8,8.872459968151103,2018,rural
21_02,2020-21,6208.601610770205,8,8.733690966119072,2020,rural
21_02,2021-22,18102.540541931823,8,9.80380756883687,2021,rural
21_02,2022-23,16705.364290855174,6,9.723485161847615,2022,rural
21_03,2017-18,23815.151066928556,8,10.07807725656687,2017,rural
21_03,2018-19,9254.090157068242,17,9.132820911916596,2018,rural
21_03,2019-20,11974.004321726312,17,9.390493272411097,2019,rural
21_03,2020-21,24365.43862383739,9,10.100920957325188,2020,rural
21_03,2021-22,19513.64844741888,12,9.878869420102259,2021,rural
21_03,2022-23,73143.69353506654,10,11.20018118995069,2022,rural
21_04,2018-19,19116.808331434968,8,9.858323244399088,2018,rural
21_04,2019-20,22157.892980974753,3,10.005949054254655,2019,rural
21_05,2017-18,25755.873402899768,9,10.156417973399053,2017,rural
21_05,2018-19,9607.60079281813,15,9.170309813439719,2018,rural
21_05,2019-20,6569.133831879292,20,8.790137265934948,2019,rural
21_05,2020-21,7637.446050487687,6,8.94081853968897,2020,rural
21_05,2021-22,14898.11595939164,14,9.608990038260208,2021,rural
21_05,2022-23,25264.98605606495,20,10.13717476581867,2022,rural
21_06,2017-18,30000,1,10.308952660644293,2017,rural
21_06,2018-19,18841.224851043622,10,9.843802559342112,2018,rural
21_06,2019-20,12283.814668404651,8,9.41603779421185,2019,rural
21_06,2020-21,23572.760793651567,17,10.067847120748844,2020,rural
21_06,2021-22,17141.586116413673,11,9.749262726750924,2021,rural
21_06,2022-23,27645.496296323443,20,10.227218111091391,2022,rural
21_07,2017-18,6250,2,8.740336742730447,2017,rural
21_07,2018-19,6500,1,8.779557455883728,2018,rural
21_07,2019-20,13848.478952920375,3,9.535930682690672,2019,rural
21_07,2020-21,37413.094392362436,13,10.52977603956866,2020,rural
21_07,2021-22,18283.33855865696,12,9.813745462832324,2021,rural
21_07,2022-23,17459.402678122155,12,9.767633617933368,2022,rural
21_08,2017-18,6650,2,8.8023721336499,2017,rural
21_08,2018-19,12125,4,9.403024715805683,2018,rural
21_08,2019-20,13342.662657640101,17,9.498721899075527,2019,rural
21_08,2020-21,10483.135047900798,13,9.257523058931913,2020,rural
21_08,2021-22,16855.623620831648,35,9.732439626143107,2021,rural
21_08,2022-23,18995.5447499135,25,9.85195974380558,2022,rural
21_09,2017-18,9152.540823936959,4,9.121786805398205,2017,rural
21_09,2018-19,3876.313096781922,14,8.262639748071773,2018,rural
21_09,2019-20,9517.676107901316,16,9.160905991673728,2019,rural
21_09,2020-21,22903.828237632028,13,10.039059347519654,2020,rural
21_09,2021-22,10883.721557588553,12,9.295023516847904,2021,rural
21_09,2022-23,11120.025834968157,7,9.316502891090378,2022,rural
21_10,2017-18,5000,2,8.517193191416238,2017,rural
21_10,2019-20,22000,1,9.998797732340453,2019,rural
21_10,2020-21,19956.58373550679,3,9.901314379680942,2020,rural
21_10,2021-22,9415.205127900326,4,9.15008122820392,2021,rural
21_10,2022-23,27813.863582741833,7,10.233289865400867,2022,rural
21_11,2017-18,10647.427574655341,4,9.273073599675651,2017,rural
21_11,2018-19,6293.776246716023,2,8.747316526740763,2018,rural
21_11,2019-20,20505.113131306585,6,9.92842955506559,2019,rural
21_11,2020-21,13406.442464474507,9,9.503490651331814,2020,rural
21_11,2021-22,20410.493959851156,10,9.92380445736557,2021,rural
21_11,2022-23,17888.74159660996,11,9.791926832866606,2022,rural
21_12,2017-18,14883.640759070213,22,9.608017953127815,2017,rural
21_12,2018-19,14052.05276611663,18,9.550523768439628,2018,rural
21_12,2019-20,10469.011633355049,28,9.256174899538056,2019,rural
21_12,2020-21,18568.09515335393,33,9.829200072529355,2020,rural
21_12,2021-22,19639.638470485406,47,9.885305173922605,2021,rural
21_12,2022-23,21798.47164493012,10,9.989595138288768,2022,rural
21_13,2018-19,16745.053656911834,8,9.725858189577416,2018,rural
21_13,2019-20,17579.703337267598,2,9.774500296083565,2019,rural
21_13,2021-22,18441.340298599735,2,9.822350178775052,2021,rural
21_13,2022-23,23540.223761555826,3,10.066465886357697,2022,rural
21_14,2019-20,10729.166666666666,12,9.280721168737982,2019,rural
21_14,2020-21,10611.111189740555,2,9.269656956542708,2020,rural
21_14,2021-22,12763.888987175695,4,9.45437529002215,2021,rural
21_15,2018-19,15616.43894098435,4,9.656079416671284,2018,rural
21_15,2019-20,12085.417414100277,22,9.399754832392174,2019,rural
21_15,2020-21,12514.902084866007,12,9.434675380013136,2020,rural
21_15,2021-22,13439.2300449538,13,9.505933324114212,2021,rural
21_15,2022-23,17065.670326083356,5,9.744824141324298,2022,rural
21_16,2017-18,4947.001683114303,23,8.506536951456942,2017,rural
21_16,2018-19,5500.00018093548,6,8.612503404117922,2018,rural
21_16,2019-20,13000,1,9.472704636443673,2019,rural
21_16,2020-21,15051.06569642737,4,9.619204078063929,2020,rural
21_16,2021-22,23297.391640154652,10,10.056096686512806,2021,rural
21_16,2022-23,36830.206168499346,7,10.514073607264859,2022,rural
21_17,2017-18,10204.6740143736,25,9.23060113101728,2017,rural
21_17,2018-19,15527.255814005577,41,9.650352198275707,2018,rural
21_17,2019-20,10939.30389371401,11,9.300117444492118,2019,rural
21_17,2020-21,16149.925428543655,9,9.689670711212505,2020,rural
21_17,2021-22,10538.836490766484,24,9.26282242613159,2021,rural
21_17,2022-23,23161.115932966684,23,10.050230114160277,2022,rural
21_18,2017-18,4529.5143682532525,21,8.418370009254273,2017,rural
21_18,2018-19,10381.463050540968,24,9.24777709577989,2018,rural
21_18,2019-20,7674.841944420395,13,8.945702978682487,2019,rural
21_18,2020-21,12047.092148851356,9,9.396578594349522,2020,rural
21_18,2021-22,10476.826245783408,9,9.256921072867195,2021,rural
21_18,2022-23,14014.1176270718,12,9.547820502435414,2022,rural
21_19,2017-18,13372.147280340896,21,9.500929261564057,2017,rural
21_19,2018-19,10773.556280495592,50,9.28484991810573,2018,rural
21_19,2019-20,6281.781320660259,44,8.745408869027914,2019,rural
21_19,2020-21,9432.197494665388,66,9.151884380787793,2020,rural
21_19,2021-22,8073.086230779844,52,8.996291120717858,2021,rural
21_19,2022-23,12922.042639593192,43,9.466689863879978,2022,rural
21_20,2019-20,6000,2,8.699514748210191,2019,rural
21_21,2020-21,33043.712002860964,10,10.405586570079137,2020,rural
21_21,2021-22,27582.01855088281,8,10.224919337606126,2021,rural
21_21,2022-23,32975.86919070764,5,10.403531336319475,2022,rural
21_22,2020-21,4500,2,8.411832675758411,2020,rural
21_22,2021-22,6500,1,8.779557455883728,2021,rural
21_23,2017-18,66666.66666666667,3,11.107460356862065,2017,rural
21_23,2020-21,19034.882489011707,7,9.854028495380769,2020,rural
21_23,2021-22,10333.333333333334,3,9.243130194799173,2021,rural
21_24,2017-18,9257.792373599941,13,9.133220894638496,2017,rural
21_24,2018-19,11320.436772391362,4,9.334364935146338,2018,rural
21_24,2019-20,5766.996604138997,10,8.659906704771647,2019,rural
21_24,2020-21,19613.34761010042,10,9.883965613958306,2020,rural
21_24,2021-22,19353.03113250769,17,9.870604333864778,2021,rural
21_24,2022-23,20491.28015212047,21,9.927754716202791,2022,rural
21_25,2020-21,10333.333333333334,3,9.243130194799173,2020,rural
21_26,2018-19,12000,2,9.392661928770137,2018,rural
21_26,2019-20,14096.70349226963,8,9.553696254157483,2019,rural
21_26,2020-21,6750,2,8.817297783866575,2020,rural
21_26,2021-22,9000,1,9.104979856318357,2021,rural
21_26,2022-23,13548.815957606459,4,9.514054439287237,2022,rural
21_27,2017-18,19198.72931948761,2,9.86259937454911,2017,rural
21_27,2018-19,17775.71720153766,5,9.785588602748454,2018,rural
21_27,2019-20,8973.642267006719,4,9.102046922470443,2019,rural
21_27,2020-21,6246.0007143581925,7,8.739696652213524,2020,rural
21_27,2021-22,23000,1,10.043249494911286,2021,rural
21_27,2022-23,22167.167468265856,3,10.006367530273975,2022,rural
21_28,2017-18,5000,1,8.517193191416238,2017,rural
21_28,2018-19,17202.264983414996,20,9.752796339214092,2018,rural
21_28,2019-20,18744.89489260046,9,9.838676721931057,2019,rural
21_28,2022-23,17183.071660180187,5,9.751679972349512,2022,rural
21_29,2018-19,7357.026919425474,5,8.903411178947655,2018,rural
21_29,2019-20,8970.622177285752,17,9.101710314663658,2019,rural
21_29,2020-21,10486.59203125723,18,9.257852770746922,2020,rural
21_29,2021-22,14701.948089244563,10,9.595735287064281,2021,rural
21_29,2022-23,42833.333333333336,6,10.665071894649301,2022,rural
21_30,2018-19,11333.333333333334,3,9.335503514930188,2018,rural
22_01,2018-19,22000,2,9.998797732340453,2018,rural
22_01,2019-20,9533.803421533567,19,9.1625990168752125,2019,rural
22_01,2020-21,8333.333333333334,3,9.028018815182229,2020,rural
22_01,2021-22,10106.666532421694,8,9.220950537805384,2021,rural
22_01,2022-23,10119.72384997974,4,9.222241654917735,2022,rural
22_02,2017-18,18000,1,9.798127036878302,2017,rural
22_02,2018-19,18000,2,9.798127036878302,2018,rural
22_02,2020-21,6000,1,8.699514748210191,2020,rural
22_02,2021-22,5266.65487502658,3,8.569150691425438,2021,rural
22_02,2022-23,9727.656284925717,8,9.182728271028873,2022,rural
22_03,2018-19,13800,1,9.532423871145296,2018,rural
22_03,2019-20,7416.666666666667,6,8.911484998926277,2019,rural
22_03,2021-22,2300,1,7.7406644019172415,2021,rural
22_03,2022-23,9474.765097304631,10,9.156387237802104,2022,rural
22_04,2017-18,16357.859672996725,6,9.70246377476422,2017,rural
22_04,2018-19,19573.64883331358,18,9.88193949335858,2018,rural
22_04,2019-20,20801.972565003645,13,9.942803096048813,2019,rural
22_04,2020-21,18513.292191509703,8,9.826244249909497,2020,rural
22_04,2021-22,5290.8658398030675,7,8.573737186280079,2021,rural
22_04,2022-23,12629.322990955818,9,9.443776610658094,2022,rural
22_05,2017-18,7306.666727324913,2,8.89654246069561,2017,rural
22_05,2018-19,11847.198491322262,16,9.379846704378618,2018,rural
22_05,2019-20,15729.550152830507,12,9.663296397603373,2019,rural
22_05,2020-21,12000,1,9.392661928770137,2020,rural
22_05,2021-22,12608.58029294137,8,9.44213283681114,2021,rural
22_05,2022-23,10130.534918818721,17,9.223309401260094,2022,rural
22_06,2017-18,13663.335979328966,6,9.522471318486925,2017,rural
22_06,2018-19,14578.981752505873,4,9.587336164475387,2018,rural
22_06,2019-20,6389.610292509594,3,8.762428558424093,2019,rural
22_06,2020-21,17774.246311526425,10,9.78550585217058,2020,rural
22_06,2021-22,17071.25474583135,5,9.745151318993992,2021,rural
22_06,2022-23,12000,4,9.392661928770137,2022,rural
22_07,2017-18,21172.841005751292,13,9.960474554735308,2017,rural
22_07,2018-19,32710.603556256097,11,10.395454572097329,2018,rural
22_07,2019-20,26263.12343801434,8,10.17592108358694,2019,rural
22_07,2020-21,23090.107151090982,17,10.047159542922051,2020,rural
22_07,2021-22,16898.416911385713,30,9.73497522264099,2021,rural
22_07,2022-23,9542.188832925085,35,9.163478175539126,2022,rural
22_08,2017-18,9754.554929145546,4,9.185489627120981,2017,rural
22_08,2018-19,7129.150644012596,5,8.871947382050575,2018,rural
22_08,2019-20,5500,1,8.612503371220562,2019,rural
22_08,2020-21,14283.990377440501,8,9.566894635054108,2020,rural
22_08,2021-22,12382.315030556707,9,9.424024526378416,2021,rural
22_09,2017-18,5033.404387759341,10,8.523851850808644,2017,rural
22_09,2018-19,9804.287572683446,39,9.190575076396877,2018,rural
22_09,2019-20,16709.469537649635,18,9.723730875882056,2019,rural
22_09,2020-21,15625.945408203941,15,9.656687978899233,2020,rural
22_09,2021-22,11684.048469721043,19,9.365979811883232,2021,rural
22_09,2022-23,11028.04933016006,25,9.308197245307428,2022,rural
22_10,2017-18,8313.140865289783,18,9.025592778568535,2017,rural
22_10,2018-19,12098.690239010497,64,9.400852481016075,2018,rural
22_10,2019-20,18521.252614305446,27,9.826674141674609,2019,rural
22_10,2020-21,14887.24505038197,36,9.608260088437623,2020,rural
22_10,2021-22,12673.258770407481,46,9.447249443906777,2021,rural
22_10,2022-23,10736.881659242781,37,9.28143997760221,2022,rural
22_11,2017-18,11440.337643038147,19,9.344900778749839,2017,rural
22_11,2018-19,15186.299823234884,27,9.62814897297581,2018,rural
22_11,2019-20,18749.169948780953,37,9.83890476102029,2019,rural
22_11,2020-21,17662.925541192606,24,9.779223119622163,2020,rural
22_11,2021-22,14062.14790518641,32,9.551241920779912,2021,rural
22_11,2022-23,20291.82163650084,54,9.917973208804703,2022,rural
22_12,2017-18,16933.732700185567,4,9.737062929276977,2017,rural
22_12,2018-19,12786.028682448445,9,9.456108344594018,2018,rural
22_12,2019-20,17347.896734080656,5,9.761226552325173,2019,rural
22_12,2020-21,11101.446067197294,9,9.314830655139282,2020,rural
22_12,2021-22,15774.648887732059,4,9.666159429648689,2021,rural
22_13,2019-20,8094.572189932346,9,8.998949016034818,2019,rural
22_13,2020-21,10475.891776578941,3,9.256831874968947,2020,rural
22_13,2021-22,8750,1,9.07680897935166,2021,rural
22_13,2022-23,10666.666666666666,3,9.274878893113755,2022,rural
22_14,2017-18,31000,1,10.341742483467284,2017,rural
22_14,2018-19,21912.659931280803,7,9.99481982783518,2018,rural
22_14,2019-20,5750,2,8.656955133791396,2019,rural
22_14,2020-21,9711.573934989348,7,9.181073642381174,2020,rural
22_14,2021-22,4500,1,8.411832675758411,2021,rural
22_14,2022-23,13107.35243802244,12,9.480928606555544,2022,rural
22_15,2017-18,2500,2,7.824046010856292,2017,rural
22_15,2018-19,13281.512563642653,9,9.494128314409213,2018,rural
22_15,2019-20,29905.589899658495,2,10.30580069507105,2019,rural
22_15,2020-21,15711.756620925345,3,9.662164540461887,2020,rural
22_15,2021-22,14929.788148627995,11,9.611113700789428,2021,rural
22_15,2022-23,15346.17648826977,5,9.63862163327553,2022,rural
22_16,2018-19,6840,1,8.830543010616596,2018,rural
22_16,2019-20,38631,2,10.561810341941893,2019,rural
22_17,2017-18,7750,2,8.955448122347393,2017,rural
22_17,2021-22,12402.126226182178,3,9.425623206747254,2021,rural
22_17,2022-23,10000,2,9.210340371976184,2022,rural
22_19,2018-19,6615.670006598338,5,8.797196357375888,2018,rural
22_19,2019-20,15925.557271326303,4,9.675680473317984,2019,rural
22_19,2020-21,17388.41659881437,6,9.763559550805704,2020,rural
22_19,2021-22,6500,2,8.779557455883728,2021,rural
22_19,2022-23,12606.656544313531,19,9.441980250607491,2022,rural
22_20,2020-21,25300,1,10.138559674715612,2020,rural
22_20,2021-22,15597.357533849021,7,9.654856790033884,2021,rural
22_21,2021-22,11982.62168594426,11,9.391212686287396,2021,rural
22_21,2022-23,15352.285828937569,10,9.639019655866065,2022,rural
22_22,2020-21,14200,1,9.560997243589352,2020,rural
22_22,2021-22,14200,1,9.560997243589352,2021,rural
22_23,2019-20,18375.045480101293,10,9.818748799185528,2019,rural
22_23,2020-21,16930,2,9.736842475127181,2020,rural
22_24,2017-18,10510.906620030646,7,9.260168722760548,2017,rural
22_24,2018-19,7250,2,8.88875674784872,2018,rural
22_24,2019-20,6302.953707693045,2,8.748773644998284,2019,rural
22_24,2020-21,5614.046767514954,8,8.633027087402796,2020,rural
22_24,2021-22,5908.602336287789,8,8.684164591109798,2021,rural
22_24,2022-23,3819.9251044353127,6,8.247986095239652,2022,rural
22_25,2020-21,28000,3,10.239959789157341,2020,rural
22_25,2021-22,12950,2,9.468851067127684,2021,rural
22_25,2022-23,9706.492142887424,8,9.180550233695925,2022,rural
22_26,2017-18,10000,3,9.210340371976184,2017,rural
22_26,2019-20,5000,1,8.517193191416238,2019,rural
22_26,2022-23,13966.666666666666,3,9.54442881724212,2022,rural
23_01,2018-19,11748.335754041427,4,9.371466871586781,2018,rural
23_01,2019-20,9665.885849186117,3,9.176358042815963,2019,rural
23_01,2020-21,4739.130016205895,2,8.4636088569586,2020,rural
23_01,2021-22,8481.88396648571,6,9.045687869969933,2021,rural
23_01,2022-23,20733.61470005433,9,9.93951156070925,2022,rural
23_02,2017-18,8000,2,8.987196820661973,2017,rural
23_02,2018-19,9491.672808584775,21,9.158170146732378,2018,rural
23_02,2019-20,7036.129540366724,7,8.858813516769082,2019,rural
23_02,2020-21,9477.254804677556,8,9.15664997574773,2020,rural
23_02,2021-22,8639.734039915855,20,9.064127078907166,2021,rural
23_02,2022-23,13792.89733303026,24,9.531909052636685,2022,rural
23_03,2017-18,15623.154974994717,6,9.656509386032083,2017,rural
23_03,2018-19,12900.86704265814,18,9.465049800700255,2018,rural
23_03,2019-20,13308.18493198466,22,9.496134533343637,2019,rural
23_03,2020-21,7574.685795817358,18,8.93256715041727,2020,rural
23_03,2021-22,11984.611455822644,19,9.391378727137518,2021,rural
23_03,2022-23,11310.881789119103,25,9.333520531510374,2022,rural
23_04,2017-18,13897.324821720298,30,9.539451641727155,2017,rural
23_04,2018-19,13892.140853262921,55,9.53907855297632,2018,rural
23_04,2019-20,16072.573533622419,34,9.684869591125763,2019,rural
23_04,2020-21,14809.136433801712,37,9.602999595892742,2020,rural
23_04,2021-22,11500.553592058792,63,9.350150451632619,2021,rural
23_04,2022-23,16381.716769121853,39,9.703921160774694,2022,rural
23_05,2017-18,3476.1421828142866,4,8.153678389695534,2017,rural
23_05,2018-19,10000,2,9.210340371976184,2018,rural
23_05,2019-20,9659.455203974148,5,9.175692528512062,2019,rural
23_05,2020-21,11769.354388290445,10,9.373254346438108,2020,rural
23_05,2021-22,7358.651139833049,13,8.903631925882676,2021,rural
23_05,2022-23,6100,3,8.716044050161402,2022,rural
23_06,2017-18,6051.581639960863,6,8.708074944951223,2017,rural
23_06,2018-19,5956.432683700785,13,8.6922270378578,2018,rural
23_06,2020-21,3333.3333333333335,3,8.111728083308073,2020,rural
23_06,2022-23,4443.182450470934,4,8.399126166794765,2022,rural
23_07,2019-20,7110.93105029812,9,8.869388463633179,2019,rural
23_07,2020-21,8577.655911914484,21,9.056915951415498,2020,rural
23_07,2022-23,12214.313175304045,29,9.410363754137517,2022,rural
23_08,2017-18,9315.78947368421,2,9.139466032389526,2017,rural
23_08,2018-19,8543.775792736487,22,9.052958319368829,2018,rural
23_08,2019-20,11354.231914681899,6,9.337345809335163,2019,rural
23_08,2020-21,9127.936521336502,9,9.119094937238206,2020,rural
23_08,2021-22,9418.450499345747,14,9.150425863525047,2021,rural
23_08,2022-23,7666.666666666667,3,8.944637206243177,2022,rural
23_09,2017-18,3000,3,8.006367567650246,2017,rural
23_09,2018-19,7337.226016396645,3,8.900716123254746,2018,rural
23_09,2019-20,6303.030203348544,3,8.74878578140208,2019,rural
23_09,2020-21,6352.9070252604315,6,8.756667786382241,2020,rural
23_09,2021-22,8210.762928767033,7,9.013201124897263,2021,rural
23_09,2022-23,10554.131004901834,25,9.264272626708532,2022,rural
23_10,2017-18,3413.1914807157386,11,8.135403050677754,2017,rural
23_10,2018-19,6577.198428304851,19,8.791364162878912,2018,rural
23_10,2019-20,13894.387210778083,9,9.539240239784755,2019,rural
23_10,2020-21,11125.260919803864,28,9.316973560224929,2020,rural
23_10,2021-22,7885.016468968025,39,8.972719588040237,2021,rural
23_10,2022-23,7427.546626242181,22,8.912950884831995,2022,rural
23_11,2017-18,5884.537687554124,7,8.68008345884375,2017,rural
23_11,2018-19,6345.942683295056,11,8.755570940160194,2018,rural
23_11,2019-20,4587.824423942486,10,8.431161208977874,2019,rural
23_11,2020-21,13570.192533531763,2,9.515630940903044,2020,rural
23_11,2021-22,5618.926279100248,7,8.633895871093802,2021,rural
23_12,2017-18,6968.337620443616,22,8.849131970349864,2017,rural
23_12,2018-19,12637.497784295214,28,9.444423688000935,2018,rural
23_12,2019-20,15231.096879552588,16,9.631094464277606,2019,rural
23_12,2020-21,19795.971672050448,22,9.89323374507714,2020,rural
23_12,2021-22,11009.745211882248,21,9.30653608793054,2021,rural
23_12,2022-23,11784.578661599215,14,9.374547062639401,2022,rural
23_13,2017-18,4418.182407385737,4,8.393483670449116,2017,rural
23_13,2018-19,9148.088604795845,23,9.121300240797105,2018,rural
23_13,2019-20,8219.531590477089,5,9.014268502299693,2019,rural
23_13,2020-21,7500,4,8.922658299524402,2020,rural
23_13,2021-22,9813.211133678884,10,9.191484831686731,2021,rural
23_13,2022-23,8694.132789624378,4,9.070403685140903,2022,rural
23_14,2019-20,4786.764685985959,6,8.473610031298112,2019,rural
23_14,2020-21,7000,4,8.85366542803745,2020,rural
23_14,2021-22,10639.254547864497,5,9.272305699150298,2021,rural
23_14,2022-23,18628.091679365305,8,9.832426025679448,2022,rural
23_15,2017-18,8750,2,9.07680897935166,2017,rural
23_15,2018-19,18492.955590641617,9,9.82514515966749,2018,rural
23_15,2019-20,14547.734690853089,23,9.585190569128178,2019,rural
23_15,2020-21,8747.048229056689,19,9.076471577187286,2020,rural
23_15,2021-22,11160.249540440014,6,9.320113595939796,2021,rural
23_15,2022-23,21557.377679725643,8,9.97847338867032,2022,rural
23_16,2017-18,7588.29898939592,19,8.934362733203765,2017,rural
23_16,2018-19,14707.82016684623,9,9.59613461545263,2018,rural
23_16,2019-20,21000,1,9.95227771670556,2019,rural
23_16,2020-21,10214.722120810378,13,9.231585303828396,2020,rural
23_16,2021-22,72144.2620037465,21,11.18642303233184,2021,rural
23_16,2022-23,58952.15910600981,2,10.984481531350946,2022,rural
23_17,2017-18,12890.26477020193,3,9.464227636467188,2017,rural
23_17,2018-19,8834.946017511333,17,9.086470274662842,2018,rural
23_17,2019-20,12416.127096912107,18,9.426751478913141,2019,rural
23_17,2020-21,7160.824565144756,10,8.876380416053689,2020,rural
23_17,2021-22,31499.204104262903,6,10.357717557963184,2021,rural
23_17,2022-23,17862.731378288227,17,9.790471775452382,2022,rural
23_18,2017-18,10150.071957435586,20,9.225236073847325,2017,rural
23_18,2018-19,17099.338377699183,30,9.7467950503796,2018,rural
23_18,2019-20,8813.310902413268,21,9.084018460182316,2019,rural
23_18,2020-21,7572.363095874109,23,8.932260463619324,2020,rural
23_18,2021-22,12311.270470525878,30,9.418270420232119,2021,rural
23_18,2022-23,17849.544321566354,44,9.78973325867837,2022,rural
23_19,2017-18,19346.153820008796,9,9.87024890970896,2017,rural
23_19,2018-19,8788.303422465993,13,9.08117695981629,2018,rural
23_19,2019-20,12556.004271179647,7,9.437954258132194,2019,rural
23_19,2020-21,9761.826951014733,5,9.186234849493694,2020,rural
23_19,2021-22,14500,1,9.581903928408666,2021,rural
23_19,2022-23,16899.598190472407,5,9.735045124916827,2022,rural
23_20,2018-19,10517.771813319792,7,9.260821659040383,2018,rural
23_20,2019-20,8721.63488886548,6,9.073561986584702,2019,rural
23_20,2020-21,9504.545446508999,23,9.15952543121287,2020,rural
23_20,2021-22,12535.314943982412,25,9.436305135444885,2021,rural
23_20,2022-23,16550.83358437089,14,9.714191747172505,2022,rural
23_21,2017-18,4416.630117174445,3,8.393132267355288,2017,rural
23_21,2018-19,13040.543438322244,17,9.47581850933024,2018,rural
23_21,2019-20,5909.334711460416,15,8.684288534090813,2019,rural
23_21,2020-21,7217.357294841992,14,8.884244139237982,2020,rural
23_21,2021-22,9968.904799495052,17,9.207226007322681,2021,rural
23_21,2022-23,18075.4209417158,14,9.802308335370771,2022,rural
23_22,2017-18,13705.291921370223,23,9.525537308865397,2017,rural
23_22,2018-19,15692.62599082502,42,9.66094619888815,2018,rural
23_22,2019-20,14560.339830776149,60,9.586056661504138,2019,rural
23_22,2020-21,10636.924257067763,74,9.272086647521956,2020,rural
23_22,2021-22,16255.319377727652,70,9.696175480513467,2021,rural
23_22,2022-23,16393.72870720265,55,9.704654144778056,2022,rural
23_23,2017-18,13315.272082468715,8,9.496666932321547,2017,rural
23_23,2018-19,6561.551869678904,8,8.788982419460762,2018,rural
23_23,2019-20,10097.809422784081,18,9.220073790472307,2019,rural
23_23,2020-21,4500.67981077243,11,8.41198373340917,2020,rural
23_23,2021-22,15895.59482877734,4,9.673797295027676,2021,rural
23_23,2022-23,13475.012432435435,14,9.508592318406489,2022,rural
23_24,2017-18,13490.30864482037,14,9.509726828467153,2017,rural
23_24,2018-19,18392.222757827796,15,9.8196831780393,2018,rural
23_24,2019-20,7419.3429925258815,11,8.911845786759356,2019,rural
23_24,2020-21,8691.117815953516,13,9.070056842432738,2020,rural
23_24,2021-22,8829.921105197307,6,9.085901358699347,2021,rural
23_24,2022-23,13102.653249134097,13,9.48057002678301,2022,rural
23_25,2017-18,17495.543781835855,10,9.76970148644712,2017,rural
23_25,2018-19,17298.975183796076,25,9.758402540800372,2018,rural
23_25,2019-20,9478.934531472183,35,9.156827197737787,2019,rural
23_25,2020-21,12330.51431887522,20,9.41983230809259,2020,rural
23_25,2021-22,12925.567584747196,17,9.466962612125966,2021,rural
23_25,2022-23,18007.908624151765,25,9.798566308392873,2022,rural
23_26,2017-18,4000,1,8.294049640102028,2017,rural
23_26,2018-19,25274.87015333927,5,10.137565906519958,2018,rural
23_26,2019-20,7891.631453335738,6,8.973558167285706,2019,rural
23_26,2020-21,10479.95618772721,18,9.257219777305913,2020,rural
23_26,2021-22,10340.151946509623,3,9.243789842974723,2021,rural
23_26,2022-23,12297.56919505085,8,9.417156895411205,2022,rural
23_27,2017-18,11680.881943430608,17,9.365708762386928,2017,rural
23_27,2018-19,22899.09644754474,57,10.038852732324811,2018,rural
23_27,2019-20,16103.659119214837,15,9.686801799635015,2019,rural
23_27,2020-21,7113.816140859065,39,8.869794107482132,2020,rural
23_27,2021-22,10608.498150039739,41,9.26941067116844,2021,rural
23_27,2022-23,18379.061617140902,55,9.81896734004383,2022,rural
23_28,2017-18,5273.809473728493,4,8.570508240687781,2017,rural
23_28,2018-19,6546.206117654729,8,8.786640942138689,2018,rural
23_28,2019-20,8590.694589153049,10,9.058434871913372,2019,rural
23_28,2021-22,51148.2123835817,6,10.842482822256482,2021,rural
23_28,2022-23,47695.3585081336,6,10.772589366232756,2022,rural
23_29,2017-18,7386.350905547469,11,8.907389103835477,2017,rural
23_29,2018-19,1000,1,6.907755278982137,2018,rural
23_29,2019-20,1750,2,7.4673710669175595,2019,rural
23_29,2020-21,9257.918567177763,9,9.133234525611481,2020,rural
23_29,2021-22,10779.355354938714,6,9.285388042576441,2021,rural
23_29,2022-23,10835.031586116149,9,9.29053982915921,2022,rural
23_30,2017-18,9586.63077501376,5,9.16812477924614,2017,rural
23_30,2018-19,12218.713196364552,22,9.410723924101005,2018,rural
23_30,2019-20,14033.714868216568,13,9.549217918391683,2019,rural
23_30,2020-21,8858.017961852585,25,9.089078312235952,2020,rural
23_30,2021-22,7812.799414492578,12,8.96351861836532,2021,rural
23_30,2022-23,11423.795613765133,6,9.34345379346739,2022,rural
23_31,2018-19,10480.564230352524,5,9.257277795199874,2018,rural
23_31,2019-20,10683.679721319266,11,9.276472596367498,2019,rural
23_31,2020-21,9862.504629329527,10,9.196495434541044,2020,rural
23_31,2021-22,18650.857642301893,10,9.833647410197036,2021,rural
23_31,2022-23,24688.245938205124,9,10.114082536405443,2022,rural
23_32,2017-18,7879.751755876056,5,8.972051679294278,2017,rural
23_32,2018-19,4566.631969215909,15,8.426531225137325,2018,rural
23_32,2019-20,9280.442204127768,2,9.135664475951831,2019,rural
23_32,2020-21,5714.524442423795,9,8.650766360592272,2020,rural
23_32,2021-22,8107.3982104457455,9,9.00053228311601,2021,rural
23_32,2022-23,12016.598203602223,13,9.39404415668636,2022,rural
23_33,2019-20,16875,4,9.733588515740731,2019,rural
23_33,2020-21,2678.343950225508,3,7.892953953487747,2020,rural
23_33,2021-22,9456.395988477398,23,9.154446615723105,2021,rural
23_33,2022-23,6904.762206130353,3,8.839966627325753,2022,rural
23_34,2017-18,15697.711455180503,12,9.661270213525375,2017,rural
23_34,2018-19,12108.639532784267,55,9.401674487774175,2018,rural
23_34,2019-20,10958.127122875369,34,9.301836662950524,2019,rural
23_34,2020-21,13367.824481907173,58,9.500605940469343,2020,rural
23_34,2021-22,12326.574809782069,34,9.419512764361688,2021,rural
23_34,2022-23,13947.709397896804,21,9.543070572899461,2022,rural
23_35,2018-19,6000,1,8.699514748210191,2018,rural
23_35,2019-20,6000,2,8.699514748210191,2019,rural
23_35,2021-22,14366.828505908545,16,9.572677252272708,2021,rural
23_35,2022-23,7383.806938780761,4,8.907044629955283,2022,rural
23_36,2022-23,8500,2,9.047821442478408,2022,rural
23_37,2017-18,14575.757575757576,6,9.587114987621417,2017,rural
23_37,2020-21,3833.3333333333335,3,8.251490025683232,2020,rural
23_38,2017-18,7250,2,8.88875674784872,2017,rural
23_38,2018-19,17191.689559822786,22,9.75218138091308,2018,rural
23_38,2019-20,16421.79395583019,8,9.706364631352255,2019,rural
23_38,2020-21,8692.806707809978,15,9.07025114744821,2020,rural
23_38,2021-22,11493.051579446392,32,9.349497921259706,2021,rural
23_38,2022-23,11783.292709247547,27,9.374437935062057,2022,rural
23_39,2017-18,6065.3611738830905,8,8.710349370121675,2017,rural
23_39,2018-19,7000,1,8.85366542803745,2018,rural
23_39,2020-21,6914.548099382279,13,8.84138289118716,2020,rural
23_39,2021-22,5780,1,8.662158961666423,2021,rural
23_39,2022-23,14907.325116732594,13,9.60960798970139,2022,rural
23_40,2017-18,9719.77732464575,7,9.181917988205008,2017,rural
23_40,2018-19,10406.9493059439,23,9.250229064476182,2018,rural
23_40,2019-20,9733.333333333334,3,9.183311699588263,2019,rural
23_40,2020-21,8162.488217777953,14,9.00730433012612,2020,rural
23_40,2021-22,13775.564019546866,5,9.530651578340553,2021,rural
23_40,2022-23,12853.324126557725,21,9.461357743761333,2022,rural
23_41,2018-19,12251.02958114811,5,9.413365259881747,2018,rural
23_41,2019-20,10281.47666754732,11,9.238099173396291,2019,rural
23_41,2020-21,7234.042657753553,5,8.886553309336453,2020,rural
23_41,2021-22,19271.492666136655,5,9.866382219027935,2021,rural
23_41,2022-23,18021.057434775128,18,9.799296210615747,2022,rural
23_42,2017-18,1500,1,7.313220387090301,2017,rural
23_42,2018-19,5873.950632752788,4,8.678282707357022,2018,rural
23_42,2019-20,8678.382612539946,2,9.068590455331044,2019,rural
23_42,2020-21,9880.97875939219,14,9.198366850551137,2020,rural
23_42,2021-22,11397.143261907884,23,9.341118011918688,2021,rural
23_42,2022-23,7732.078173639318,9,8.95313295068054,2022,rural
23_43,2017-18,10000,2,9.210340371976184,2017,rural
23_43,2018-19,10000,1,9.210340371976184,2018,rural
23_43,2019-20,7528.527430221367,4,8.926454741273943,2019,rural
23_43,2022-23,9855.65625610542,11,9.195800808552416,2022,rural
23_44,2018-19,8962.986395048658,4,9.100858753454688,2018,rural
23_44,2019-20,5693.051592196712,13,8.647001691301853,2019,rural
23_44,2020-21,5232.89902344539,3,8.562720710073938,2020,rural
23_44,2021-22,14096.797621690655,7,9.553702931541796,2021,rural
23_44,2022-23,14738.370330767215,6,9.598209598624715,2022,rural
23_45,2017-18,6500,1,8.779557455883728,2017,rural
23_45,2018-19,11662.32522334112,9,9.364118858834612,2018,rural
23_45,2019-20,10000,1,9.210340371976184,2019,rural
23_45,2020-21,10000,2,9.210340371976184,2020,rural
23_46,2017-18,14230.085830979844,6,9.563113722757896,2017,rural
23_46,2018-19,9666.743844602894,13,9.176446804193068,2018,rural
23_46,2019-20,11984.326138200162,12,9.391354919856,2019,rural
23_46,2020-21,5984.090725774665,4,8.696859680932205,2020,rural
23_46,2021-22,8060.882497175073,16,8.994778320471625,2021,rural
23_46,2022-23,12958.536446946337,2,9.469510035053002,2022,rural
23_47,2018-19,12934.210542297084,7,9.467631060078556,2018,rural
23_47,2020-21,12833.333333333334,3,9.459801231607766,2020,rural
23_47,2021-22,13800,1,9.532423871145296,2021,rural
23_47,2022-23,16228.14944193812,5,9.694502633178324,2022,rural
23_48,2018-19,22296.711209691606,7,10.01219446718603,2018,rural
23_48,2019-20,24080.307360046412,3,10.089149663462825,2019,rural
23_48,2020-21,10931.045098067225,6,9.299362193989031,2020,rural
23_48,2021-22,11750,2,9.371608519572305,2021,rural
23_49,2018-19,7719.697183841232,6,8.951530417358473,2018,rural
23_49,2020-21,3320.5129799972815,6,8.10787456202215,2020,rural
23_49,2021-22,8706.947331914196,9,9.071876529874315,2021,rural
23_50,2018-19,4434.847034409203,6,8.397248403598518,2018,rural
23_50,2019-20,6103.23510750349,22,8.716574255070311,2019,rural
23_50,2020-21,11984.537458373443,15,9.391372552746473,2020,rural
23_50,2021-22,24071.70296004205,18,10.088792278587771,2021,rural
23_50,2022-23,10111.595590585677,5,9.221438122567283,2022,rural
24_01,2017-18,9024.658285131929,6,9.107715919340977,2017,rural
24_01,2018-19,8535.751204080705,21,9.052018645893357,2018,rural
24_01,2019-20,27328.646238150963,6,10.215690743782021,2019,rural
24_01,2020-21,25825.91293671034,16,10.159133644252085,2020,rural
24_01,2021-22,17109.9542442718,29,9.74741569267295,2021,rural
24_01,2022-23,23044.330773426424,19,10.045175064742764,2022,rural
24_02,2017-18,4492.063428942981,4,8.41006743618228,2017,rural
24_02,2018-19,12902.250156255926,26,9.465157005856009,2018,rural
24_02,2019-20,13408.65138071817,19,9.503655403039298,2019,rural
24_02,2020-21,7819.60581991344,12,8.964389425608212,2020,rural
24_02,2021-22,12573.185845152824,40,9.439321717773435,2021,rural
24_02,2022-23,14056.776639501193,17,9.550859881577665,2022,rural
24_03,2017-18,9500,1,9.159047077588632,2017,rural
24_03,2018-19,9225.806380202135,3,9.129759877576515,2018,rural
24_03,2019-20,6318.841062194172,6,8.751291094090327,2019,rural
24_03,2020-21,7570.233425208635,15,8.931979181518656,2020,rural
24_03,2021-22,11591.463637591405,8,9.358024212880975,2021,rural
24_03,2022-23,9797.24544715157,24,9.189856548327901,2022,rural
24_04,2017-18,16151.863325911585,3,9.689790698212914,2017,rural
24_04,2018-19,12173.631118052743,26,9.40702750779413,2018,rural
24_04,2019-20,12798.718615177437,15,9.457100336707287,2019,rural
24_04,2020-21,12971.280613143503,7,9.470493008993296,2020,rural
24_04,2021-22,13842.390536308118,16,9.535490940867994,2021,rural
24_04,2022-23,16706.932162197787,14,9.72357901180767,2022,rural
24_05,2018-19,12755.551499290717,16,9.453721867531476,2018,rural
24_05,2019-20,20786.017006095044,5,9.942035780299435,2019,rural
24_05,2020-21,11477.744012892308,7,9.348165136005623,2020,rural
24_05,2021-22,20420.03863362166,17,9.924271983666998,2021,rural
24_05,2022-23,27558.72487081746,4,10.224074456670342,2022,rural
24_06,2018-19,22454.60119394313,19,10.019250825130017,2018,rural
24_06,2019-20,17573.709664463848,6,9.774159295176394,2019,rural
24_06,2020-21,12000,1,9.392661928770137,2020,rural
24_06,2021-22,4332.323977262805,2,8.37385939231958,2021,rural
24_06,2022-23,14127.05794899068,20,9.555847240905848,2022,rural
24_07,2017-18,20116.762219060467,68,9.909308687758157,2017,rural
24_07,2018-19,18170.745406507842,128,9.8075681845723,2018,rural
24_07,2019-20,20151.099808181618,100,9.911014146936534,2019,rural
24_07,2020-21,22022.75533190819,128,9.999831531054925,2020,rural
24_07,2021-22,18295.403901429352,181,9.814405154357976,2021,rural
24_07,2022-23,20198.386138314127,197,9.913357986054724,2022,rural
24_08,2017-18,11536.518156914002,8,9.353272775030751,2017,rural
24_08,2018-19,11903.925158940072,14,9.384623470001705,2018,rural
24_08,2019-20,13755.26813311663,22,9.529177166670433,2019,rural
24_08,2020-21,25825.932217125897,15,10.159134390804914,2020,rural
24_08,2021-22,15855.679072394805,11,9.671283016228381,2021,rural
24_08,2022-23,14120.61659601504,18,9.555391178366822,2022,rural
24_09,2017-18,13171.400799460107,44,9.485803151986289,2017,rural
24_09,2018-19,16333.306197915861,71,9.700961627071184,2018,rural
24_09,2019-20,20279.62378896434,55,9.917371906693027,2019,rural
24_09,2020-21,17189.75617861362,46,9.752068914367845,2020,rural
24_09,2021-22,21525.572887258902,40,9.976996943913138,2021,rural
24_09,2022-23,24260.879280644476,63,10.09662042589089,2022,rural
24_10,2017-18,13824.752930592973,6,9.534215955025996,2017,rural
24_10,2018-19,16977.585172699968,27,9.739649233774065,2018,rural
24_10,2019-20,11444.197951490105,23,9.345238151424292,2019,rural
24_10,2020-21,12413.17353198451,3,9.426513569276807,2020,rural
24_10,2021-22,18805.908729290863,6,9.841926393549208,2021,rural
24_10,2022-23,19274.15758504764,9,9.866520492420543,2022,rural
24_11,2021-22,15595.024547059696,10,9.654707203074631,2021,rural
24_11,2022-23,17474.114232866665,10,9.76847587814162,2022,rural
24_12,2017-18,8741.950994285904,3,9.075888669629224,2017,rural
24_12,2018-19,10677.289443280544,16,9.275874282856522,2018,rural
24_12,2019-20,15000,4,9.615805480084347,2019,rural
24_12,2020-21,15328.212868601979,23,9.63745038767958,2020,rural
24_12,2021-22,20563.355034414304,28,9.931265888863967,2021,rural
24_12,2022-23,18557.201019102755,16,9.828613187807237,2022,rural
24_13,2017-18,11316.248691392158,21,9.333994909149936,2017,rural
24_13,2018-19,9458.790927941025,27,9.154699844991946,2018,rural
24_13,2019-20,11687.5,4,9.366275173596943,2019,rural
24_13,2020-21,12311.113298208636,16,9.41825765361141,2020,rural
24_13,2021-22,18356.71565155681,6,9.817750762091674,2021,rural
24_13,2022-23,10073.20789613735,14,9.217634494679105,2022,rural
24_14,2017-18,17860.32413276569,27,9.790337002796921,2017,rural
24_14,2018-19,23589.177907329948,42,10.06854332259269,2018,rural
24_14,2019-20,17978.98093476977,11,9.796958628709122,2019,rural
24_14,2020-21,17305.455808235092,46,9.758777095406762,2020,rural
24_14,2021-22,12318.63897802298,35,9.418868758421898,2021,rural
24_14,2022-23,14366.895244903617,42,9.57268189761528,2022,rural
24_15,2017-18,6000,1,8.699514748210191,2017,rural
24_15,2018-19,11118.049201588718,17,9.31632512090286,2018,rural
24_15,2019-20,12063.597230405816,26,9.397947703616621,2019,rural
24_15,2020-21,11895.262659625978,14,9.38389550400869,2020,rural
24_15,2021-22,10224.765153040764,71,9.232568012729462,2021,rural
24_15,2022-23,11372.695334920716,38,9.338970615372336,2022,rural
24_16,2017-18,8885.91302486493,20,9.092222495564195,2017,rural
24_16,2018-19,9507.922494874649,9,9.159880676877092,2018,rural
24_16,2019-20,12500,2,9.433483923290392,2019,rural
24_16,2020-21,12919.806462017987,14,9.466516797504426,2020,rural
24_16,2021-22,10000,1,9.210340371976184,2021,rural
24_16,2022-23,6061.617114166344,7,8.709731893987591,2022,rural
24_17,2017-18,16652.049721524247,25,9.720288594229471,2017,rural
24_17,2018-19,17835.93650574102,9,9.788970605847615,2018,rural
24_17,2019-20,20131.929619384926,6,9.910062371932705,2019,rural
24_17,2020-21,16936.917960573595,5,9.737251013080229,2020,rural
24_17,2021-22,3375,8,8.12415060330663,2021,rural
24_17,2022-23,35344.12954197331,5,10.472887590828977,2022,rural
24_18,2017-18,2000,2,7.600902459542082,2017,rural
24_18,2018-19,2678.5082092586727,3,7.893015280187953,2018,rural
24_18,2019-20,16819.83942485716,22,9.730314386802247,2019,rural
24_18,2020-21,19263.47065805574,5,9.865965869432411,2020,rural
24_18,2021-22,8600.75913787815,4,9.059605750192166,2021,rural
24_18,2022-23,2500,1,7.824046010856292,2022,rural
24_19,2017-18,13414.963589301266,27,9.504126048677977,2017,rural
24_19,2018-19,12216.91838787585,41,9.410577023171863,2018,rural
24_19,2019-20,12408.324790407873,49,9.426122880400952,2019,rural
24_19,2020-21,20105.27592925838,58,9.908737543646962,2020,rural
24_19,2021-22,13952.33291817248,47,9.543402007545016,2021,rural
24_19,2022-23,18807.308259447214,41,9.842000810483949,2022,rural
24_20,2020-21,20600,3,9.933046354777673,2020,rural
24_20,2021-22,17053.333333333332,3,9.74410096702467,2021,rural
24_21,2017-18,12333.873201212744,14,9.420104675071542,2017,rural
24_21,2018-19,30942.581707077414,11,10.339888563020772,2018,rural
24_21,2019-20,56475.41058380866,2,10.941560611496739,2019,rural
24_21,2020-21,9319.033470272541,25,9.139814197395532,2020,rural
24_21,2021-22,9753.356822709158,17,9.185366794246491,2021,rural
24_23,2017-18,13662.249023804405,9,9.522391762603673,2017,rural
24_23,2018-19,12415.246009053355,4,9.426680513215404,2018,rural
24_23,2019-20,15515.591975095398,10,9.649600731172024,2019,rural
24_23,2021-22,11707.47601353225,9,9.367982892243491,2021,rural
24_23,2022-23,22537.089098081353,24,10.02291763542441,2022,rural
24_24,2017-18,10000,1,9.210340371976184,2017,rural
24_24,2018-19,12681.801231081346,22,9.447923270827053,2018,rural
24_24,2019-20,18825.51254164667,11,9.842968278945353,2019,rural
24_24,2020-21,24951.55981784277,5,10.12469161697472,2020,rural
24_24,2021-22,100649.87577939426,14,11.519403196883314,2021,rural
24_24,2022-23,94810.34328485376,36,11.45963378867176,2022,rural
24_25,2017-18,22065.537574957427,63,10.001772284649897,2017,rural
24_25,2018-19,18316.333828871164,77,9.81554849969034,2018,rural
24_25,2019-20,16269.449947784062,113,9.697044391884,2019,rural
24_25,2020-21,14425.600455245802,68,9.576759716523535,2020,rural
24_25,2021-22,21651.62855060527,103,9.982835952338586,2021,rural
24_25,2022-23,12431.525094402848,167,9.42799087162061,2022,rural
24_26,2018-19,5267.123327851698,6,8.569239634407985,2018,rural
24_26,2019-20,10000,1,9.210340371976184,2019,rural
24_27,2020-21,12647.82778417293,26,9.4452407627445,2020,rural
24_27,2021-22,13045.454471441553,3,9.476195035709972,2021,rural
24_28,2019-20,4600,1,8.433811582477187,2019,rural
24_28,2020-21,4800,2,8.476371196895983,2020,rural
24_28,2021-22,18500,3,9.825526011066415,2021,rural
24_28,2022-23,38631.9160171912,4,10.561834053632792,2022,rural
24_30,2019-20,10000,1,9.210340371976184,2019,rural
24_30,2020-21,19000,2,9.852194258148577,2020,rural
24_30,2021-22,17260.59473582049,13,9.756181421507302,2021,rural
24_30,2022-23,14701.98560249665,3,9.595737838644794,2022,rural
24_31,2019-20,15000,1,9.615805480084347,2019,rural
24_31,2020-21,16162.235039668247,10,9.690432629421732,2020,rural
24_31,2021-22,12608.670722468622,13,9.44214000884803,2021,rural
24_31,2022-23,22169.841747294853,11,10.006488164438505,2022,rural
24_32,2022-23,11765.95746903961,3,9.372965680683855,2022,rural
24_33,2019-20,17068.552029053146,9,9.744992986710411,2019,rural
24_33,2020-21,18183.640478307454,14,9.808277594016392,2020,rural
24_33,2021-22,25718.724662980716,21,10.154974591701501,2021,rural
24_33,2022-23,19226.100923393147,28,9.864024057930258,2022,rural
25_01,2019-20,4500,1,8.411832675758411,2019,rural
25_01,2020-21,9939.23123987901,11,9.20424495660731,2020,rural
25_01,2021-22,29333.333333333332,3,10.286479804792235,2021,rural
25_02,2017-18,17000,2,9.740968623038354,2017,rural
25_02,2018-19,17459.317878780417,7,9.767628760977535,2018,rural
25_02,2019-20,15799.354986522792,3,9.667724394543953,2019,rural
25_02,2020-21,4947.5960733194,2,8.50665709584693,2020,rural
25_02,2021-22,19901.07952261764,11,9.898529256608969,2021,rural
25_02,2022-23,16453.39681589814,14,9.708287228244366,2022,rural
25_03,2021-22,13200,2,9.487972108574462,2021,rural
25_03,2022-23,21739.39209009953,34,9.986881197547323,2022,rural
26_01,2017-18,7530,4,8.92665032079394,2017,rural
26_01,2018-19,12614.820317401956,10,9.442627617406691,2018,rural
26_01,2019-20,12935.363960934084,10,9.467720231907618,2019,rural
26_01,2020-21,12151.746567346338,11,9.405228188836471,2020,rural
27_01,2017-18,7700.730844243054,6,8.949070518174407,2017,rural
27_01,2018-19,15309.383897137035,7,9.636221245982895,2018,rural
27_01,2019-20,13389.127747136206,16,9.502198294452565,2019,rural
27_01,2020-21,8854.71541675507,12,9.088705411558774,2020,rural
27_01,2021-22,9756.428983263913,5,9.185681729593368,2021,rural
27_02,2017-18,7247.055789340823,7,8.888350567346633,2017,rural
27_02,2018-19,11502.809954547669,4,9.350346628377949,2018,rural
27_02,2019-20,16731.15703330458,16,9.725027950782822,2019,rural
27_02,2020-21,21458.891159890758,20,9.973894344760778,2020,rural
27_02,2021-22,14193.508799018893,7,9.560540012245376,2021,rural
27_02,2022-23,19241.58670014506,14,9.86482918964184,2022,rural
27_03,2017-18,6851.6858858389105,11,8.83225001569602,2017,rural
27_03,2018-19,12391.650787162305,43,9.424778201193034,2018,rural
27_03,2019-20,12287.38391999488,66,9.416328317411399,2019,rural
27_03,2020-21,12746.082908283073,35,9.452979280504197,2020,rural
27_03,2021-22,22717.34208569197,24,10.030883880326765,2021,rural
27_03,2022-23,22254.158331572646,66,10.010284161439017,2022,rural
27_04,2018-19,7226.648287655769,9,8.885530623661174,2018,rural
27_04,2019-20,9473.69737900538,9,9.156274540711065,2019,rural
27_04,2020-21,15071.163465022455,9,9.620538492689729,2020,rural
27_04,2021-22,7674.250909896775,22,8.9456259663757,2021,rural
27_04,2022-23,19871.854730574225,12,9.897059674449553,2022,rural
27_05,2017-18,10000,1,9.210340371976184,2017,rural
27_05,2018-19,8722.943451034405,7,9.073712011669388,2018,rural
27_05,2019-20,18449.316723022836,11,9.822782614800396,2019,rural
27_05,2020-21,20525.178425828097,30,9.929407627380437,2020,rural
27_05,2021-22,13378.568015719395,8,9.501409303718498,2021,rural
27_05,2022-23,13155.123312070893,5,9.484566567210079,2022,rural
27_06,2017-18,21272.726876054792,3,9.965181102894471,2017,rural
27_06,2018-19,21661.326748035015,8,9.983283772050955,2018,rural
27_06,2021-22,18214.285714285714,7,9.809961494525304,2021,rural
27_06,2022-23,12333.333333333334,3,9.420060902958252,2022,rural
27_07,2017-18,7412.0380368305705,9,8.9108607191825,2017,rural
27_07,2018-19,11128.535239602921,33,9.317267830901198,2018,rural
27_07,2019-20,11859.633436116295,56,9.38089576449534,2019,rural
27_07,2020-21,12668.224449327965,42,9.446852125320325,2020,rural
27_07,2021-22,16576.049711519747,41,9.715714144060488,2021,rural
27_07,2022-23,14093.971723814235,44,9.553502447627983,2022,rural
27_08,2017-18,11500,2,9.350102314351341,2017,rural
27_08,2018-19,10196.813138355112,11,9.22983051303746,2018,rural
27_08,2019-20,6457.689770378757,18,8.773026912130717,2019,rural
27_08,2020-21,6730.018600671595,11,8.814333186479173,2020,rural
27_08,2021-22,17344.43931554149,13,9.76102723345857,2021,rural
27_08,2022-23,11533.29747505488,7,9.352993563273586,2022,rural
27_09,2017-18,10371.969342876493,28,9.246862190896039,2017,rural
27_09,2018-19,14110.570410158654,64,9.554679469980048,2018,rural
27_09,2019-20,8399.141685789476,62,9.035884799347489,2019,rural
27_09,2020-21,13665.227120315607,61,9.522609718810628,2020,rural
27_09,2021-22,17423.124350340346,71,9.765553588534573,2021,rural
27_09,2022-23,17320.779853755233,86,9.759662207301117,2022,rural
27_10,2018-19,29574.37674816725,4,10.294663615020724,2018,rural
27_10,2019-20,50000,2,10.819778284410283,2019,rural
27_10,2020-21,11446.666678780237,9,9.345453846841618,2020,rural
27_10,2021-22,16800.04281472864,12,9.729136713883856,2021,rural
27_10,2022-23,9258.15535197435,15,9.133260101745778,2022,rural
27_11,2017-18,8784.707519928761,12,9.080767706945599,2017,rural
27_11,2018-19,6861.007004608733,5,8.833609503621537,2018,rural
27_11,2020-21,11241.719165302353,3,9.3273870624016,2020,rural
27_11,2021-22,12564.201843998904,27,9.438606925795243,2021,rural
27_11,2022-23,9057.154275440344,12,9.111310252064515,2022,rural
27_12,2018-19,40000,1,10.596634733096073,2018,rural
27_12,2022-23,13128.148930572346,11,9.482513977203777,2022,rural
27_13,2017-18,6980.118245051792,6,8.850821136164761,2017,rural
27_13,2018-19,8238.1761445342745,12,9.016534256721098,2018,rural
27_13,2019-20,11161.833701351154,27,9.32025553259478,2019,rural
27_13,2020-21,10690.654515649772,14,9.277125229053105,2020,rural
27_13,2021-22,12234.772488213393,24,9.412037380543552,2021,rural
27_13,2022-23,7730.328590106772,27,8.952906649100619,2022,rural
27_14,2017-18,8968.5261430422,7,9.101476631969733,2017,rural
27_14,2018-19,8800.563049302154,16,9.082570981294726,2018,rural
27_14,2019-20,14175.373553970638,16,9.55926148126252,2019,rural
27_14,2020-21,11288.619694506104,9,9.331550390546875,2020,rural
27_14,2021-22,14718.461982151886,20,9.59685790191578,2021,rural
27_14,2022-23,9300.818112063447,26,9.137857644311378,2022,rural
27_15,2017-18,21228.010844720815,4,9.963076854816357,2017,rural
27_15,2018-19,7959.675543451731,16,8.982143517134784,2018,rural
27_15,2019-20,10669.571986149389,34,9.275151229728277,2019,rural
27_15,2020-21,12708.701007732627,6,9.450042156579098,2020,rural
27_15,2021-22,15998.239727634218,17,9.68023397814674,2021,rural
27_15,2022-23,17193.517936546003,21,9.7522877276161,2022,rural
27_16,2017-18,13888.829763587,4,9.538840181917422,2017,rural
27_16,2018-19,12741.891326155745,20,9.4526503738499,2018,rural
27_16,2021-22,11732.140841916229,17,9.370087434961887,2021,rural
27_16,2022-23,20000,2,9.903487552536127,2022,rural
27_17,2017-18,9008.494345035188,17,9.105923227318996,2017,rural
27_17,2018-19,18606.066714262743,20,9.83124297395374,2018,rural
27_17,2019-20,15030.80770641797,18,9.617857220918399,2019,rural
27_17,2020-21,10502.660523621364,7,9.259383887251547,2020,rural
27_17,2021-22,15516.778649634589,7,9.649677210958512,2021,rural
27_17,2022-23,14084.01840216349,25,9.552795986874735,2022,rural
27_18,2018-19,7806.575526966114,6,8.962721673816745,2018,rural
27_18,2019-20,7130.8277352078985,12,8.872182598564715,2019,rural
27_18,2020-21,27984.08812255038,9,10.239391346286816,2020,rural
27_18,2021-22,21761.002437776202,11,9.987874767821294,2021,rural
27_18,2022-23,30781.47876420275,13,10.334668449260374,2022,rural
27_19,2017-18,13643.417707410792,38,9.521012465070713,2017,rural
27_19,2018-19,16105.580609956856,43,9.68692111264957,2018,rural
27_19,2019-20,14313.257673354627,22,9.56894149677174,2019,rural
27_19,2020-21,13198.937974673277,17,9.487891648873521,2020,rural
27_19,2021-22,17342.30428220721,19,9.760904129752916,2021,rural
27_19,2022-23,16772.03657864486,29,9.727468289223456,2022,rural
27_20,2017-18,15236.130297924079,59,9.631424879539091,2017,rural
27_20,2018-19,15459.866875848784,101,9.646002711227805,2018,rural
27_20,2019-20,11569.026396279236,55,9.356086667665082,2019,rural
27_20,2020-21,16765.119261162414,69,9.727055772573948,2020,rural
27_20,2021-22,19614.53354260766,94,9.884026077713816,2021,rural
27_20,2022-23,29083.863591944726,70,10.27793878361814,2022,rural
27_21,2017-18,15889.321290600741,52,9.673402545629282,2017,rural
27_21,2018-19,22174.30091442261,144,10.006689280837431,2018,rural
27_21,2019-20,22004.828576049076,123,9.999017188987585,2019,rural
27_21,2020-21,19558.343093531366,105,9.881157231081142,2020,rural
27_21,2021-22,24966.7760256719,109,10.125301261028085,2021,rural
27_21,2022-23,26658.926443937828,197,10.190879324502468,2022,rural
27_22,2017-18,27929.83842535787,145,10.237450873937092,2017,rural
27_22,2018-19,24474.51362855931,181,10.10538759502799,2018,rural
27_22,2019-20,41474.21846522319,175,10.632827271366292,2019,rural
27_22,2020-21,34628.6104502646,76,10.452435510985424,2020,rural
27_22,2021-22,19476.955164261708,109,9.87698725924346,2021,rural
27_22,2022-23,31551.809306121995,157,10.359386213587255,2022,rural
27_24,2018-19,18858.614004264407,11,9.844725064847811,2018,rural
27_24,2019-20,22405.098047531523,8,10.017043803355794,2019,rural
27_24,2020-21,27117.47920662148,15,10.207933788125898,2020,rural
27_24,2021-22,26115.979209504378,10,10.170302636223514,2021,rural
27_24,2022-23,16091.747060309628,8,9.686061814596009,2022,rural
27_25,2017-18,18797.2064297691,41,9.841463543615616,2017,rural
27_25,2018-19,26676.2076423036,80,10.191527347583936,2018,rural
27_25,2019-20,39345.19035814502,96,10.580129019136184,2019,rural
27_25,2020-21,21310.696685408057,68,9.96696441744461,2020,rural
27_25,2021-22,18153.11224603151,103,9.806597298603629,2021,rural
27_25,2022-23,25405.901568580604,94,10.142736771238367,2022,rural
27_26,2017-18,13263.017466259149,17,9.492734799409655,2017,rural
27_26,2018-19,29244.64552101716,26,10.283451776792115,2018,rural
27_26,2019-20,23986.43333922412,13,10.085243671968176,2019,rural
27_26,2020-21,17925.641991400324,24,9.793987480246287,2020,rural
27_26,2021-22,11495.162144551721,27,9.34968154275693,2021,rural
27_26,2022-23,20532.642146806193,17,9.929771198605417,2022,rural
27_27,2017-18,9563.366025336945,5,9.165695038775171,2017,rural
27_27,2018-19,8955.600090339778,7,9.10003432401286,2018,rural
27_27,2019-20,13881.95569430986,3,9.538345124301715,2019,rural
27_27,2020-21,22663.13703041092,11,10.028494964118057,2020,rural
27_27,2021-22,10727.036962033191,22,9.280522652292358,2021,rural
27_27,2022-23,10570.15053758908,12,9.265789320729668,2022,rural
27_28,2017-18,24050.263083601832,7,10.08790121450118,2017,rural
27_28,2018-19,27521.052236939842,2,10.222706526670246,2018,rural
27_28,2019-20,12301.090059835082,19,9.417443160184565,2019,rural
27_28,2020-21,6886.004636388084,9,8.837246317204674,2020,rural
27_28,2021-22,12312.14203604928,19,9.418341211843439,2021,rural
27_28,2022-23,13970.079369509314,31,9.544673133660016,2022,rural
27_29,2017-18,13846.46260137027,9,9.535785071150045,2017,rural
27_29,2018-19,14687.448493071879,8,9.594748564025686,2018,rural
27_29,2019-20,9096.519495953333,8,9.115647146371337,2019,rural
27_29,2020-21,6746.1473460182215,8,8.816726857366197,2020,rural
27_29,2021-22,9877.099291858758,11,9.197974153693353,2021,rural
27_29,2022-23,11750,2,9.371608519572305,2022,rural
27_30,2017-18,11174.812589279727,17,9.32141764880689,2017,rural
27_30,2018-19,24756.165938132664,43,10.116829865782847,2018,rural
27_30,2019-20,16662.21526360569,30,9.720898875885181,2019,rural
27_30,2020-21,10841.218426828444,31,9.291110669676053,2020,rural
27_30,2021-22,9582.858850367886,54,9.167731245065704,2021,rural
27_30,2022-23,13743.874421560076,25,9.528348507217807,2022,rural
27_31,2017-18,23882.618741267856,32,10.080906224026197,2017,rural
27_31,2018-19,16895.159389866378,21,9.734782433248096,2018,rural
27_31,2019-20,11527.346753125914,16,9.352477469967416,2019,rural
27_31,2020-21,15283.10256693707,30,9.634503089683559,2020,rural
27_31,2021-22,19046.350825452428,8,9.854630804486291,2021,rural
27_31,2022-23,33204.794685934685,15,10.410449562728314,2022,rural
27_32,2017-18,11040.560834557737,8,9.309331118772477,2017,rural
27_32,2018-19,9700,2,9.179881164491475,2018,rural
27_32,2020-21,18227.488981747367,14,9.810686117195276,2020,rural
27_32,2021-22,11533.837538128115,7,9.353040388600876,2021,rural
27_32,2022-23,25000,3,10.126631103850338,2022,rural
27_33,2018-19,7666.666666666667,3,8.944637206243177,2018,rural
27_33,2020-21,7214.285714285715,5,8.883818466208139,2020,rural
27_34,2017-18,6925.907685856382,6,8.843024396235998,2017,rural
27_34,2018-19,13970.941052155882,23,9.544734812341312,2018,rural
27_34,2019-20,8144.288967883758,22,9.00507222046482,2019,rural
27_34,2020-21,19669.910835031525,48,9.886845378329186,2020,rural
27_34,2021-22,14373.908090242909,54,9.5731699038409,2021,rural
27_34,2022-23,20813.339887524704,48,9.943349400864703,2022,rural
27_35,2017-18,7100,4,8.867850063029406,2017,rural
27_35,2018-19,10750.324867978588,15,9.282691253376264,2018,rural
27_35,2019-20,14012.251135342553,16,9.547687307033053,2019,rural
27_35,2020-21,12906.33659642074,18,9.465473678770968,2020,rural
27_35,2021-22,40239.815529309875,6,10.60261222050143,2021,rural
27_35,2022-23,31822.894844137303,28,10.367941273370885,2022,rural
28_01,2017-18,10901.500515897875,12,9.29665572075167,2017,rural
28_01,2018-19,15333.957871295781,13,9.63782511671033,2018,rural
28_01,2019-20,17573.960477406355,5,9.774173567129074,2019,rural
28_01,2020-21,6000,1,8.699514748210191,2020,rural
28_01,2021-22,34813.488216134574,8,10.457760183085687,2021,rural
28_01,2022-23,13329.278176003194,12,9.497718261369227,2022,rural
28_02,2017-18,21102.237853587892,5,9.957134373252005,2017,rural
28_02,2018-19,20129.71230846908,10,9.909952226851088,2018,rural
28_02,2019-20,26439.277627872598,15,10.182605972407544,2019,rural
28_02,2020-21,18000,1,9.798127036878302,2020,rural
28_02,2021-22,31052.923875125754,5,10.34344824959894,2021,rural
28_02,2022-23,33423.50418912842,10,10.417014649708594,2022,rural
28_03,2017-18,13202.22923761548,17,9.488140975953101,2017,rural
28_03,2018-19,11762.378876965535,34,9.372661486451927,2018,rural
28_03,2019-20,17881.67486598336,37,9.79153171693465,2019,rural
28_03,2020-21,14141.552446185397,33,9.556872724526182,2020,rural
28_03,2021-22,15455.91321161592,19,9.645746941246053,2021,rural
28_03,2022-23,9988.502824605028,24,9.209189993004452,2022,rural
28_04,2017-18,7379.024442694209,28,8.90639671951991,2017,rural
28_04,2018-19,9369.38645628529,28,9.145202893503239,2018,rural
28_04,2019-20,15456.91461709528,25,9.645811730238199,2019,rural
28_04,2020-21,13044.264401945946,33,9.476103806708831,2020,rural
28_04,2021-22,15886.377428273656,35,9.673217255457597,2021,rural
28_04,2022-23,27801.98147141606,20,10.232862573088937,2022,rural
28_05,2017-18,14551.155448825848,3,9.585425681737085,2017,rural
28_05,2018-19,11042.924282352278,4,9.309545165404252,2018,rural
28_05,2019-20,19389.633648127387,7,9.87249385420196,2019,rural
28_05,2020-21,11865.318007776956,6,9.381374970683213,2020,rural
28_05,2021-22,32230.643365833486,7,10.380672936317774,2021,rural
28_05,2022-23,16971.1492419634,25,9.73927007791305,2022,rural
28_06,2017-18,12295.504657496664,20,9.416988999557972,2017,rural
28_06,2018-19,19692.343145269206,34,9.887985166344244,2018,rural
28_06,2019-20,15538.220630268026,28,9.651058114808965,2019,rural
28_06,2020-21,16587.751511567345,30,9.716419841242457,2020,rural
28_06,2021-22,14733.711687936842,43,9.59789345924466,2021,rural
28_06,2022-23,20284.13961321317,40,9.917594559814372,2022,rural
28_07,2017-18,19026.62324127016,20,9.853594500576163,2017,rural
28_07,2018-19,9268.459384431466,24,9.134372451051485,2018,rural
28_07,2019-20,15985.0508958483,29,9.679409245464369,2019,rural
28_07,2020-21,13027.6435911444,18,9.474828808879172,2020,rural
28_07,2021-22,12873.065802938007,26,9.462892485348426,2021,rural
28_07,2022-23,12814.996090831373,23,9.458371333751803,2022,rural
28_08,2017-18,29594.992024262,3,10.295360437628657,2017,rural
28_08,2018-19,14450.21680082685,31,9.578464696945456,2018,rural
28_08,2019-20,19068.809979936053,9,9.855809293917185,2019,rural
28_08,2020-21,21836.13051713954,6,9.991321240038005,2020,rural
28_08,2021-22,17571.81820641378,3,9.774051659402145,2021,rural
28_08,2022-23,16489.282014190176,15,9.710465873925926,2022,rural
28_09,2017-18,13180.535043084528,3,9.486496402307239,2017,rural
28_09,2018-19,9195.814441472845,17,9.126503707501243,2018,rural
28_09,2019-20,17826.800628561454,11,9.788458257210715,2019,rural
28_09,2020-21,12368.453201006778,19,9.422904413186814,2020,rural
28_09,2021-22,13502.354809388864,14,9.510619379540422,2021,rural
28_09,2022-23,18551.951794933964,18,9.828330280556289,2022,rural
28_10,2017-18,5814.696292134314,8,8.668143835237021,2017,rural
28_10,2018-19,14073.465373679128,30,9.552046414998037,2018,rural
28_10,2019-20,5531.675113548764,23,8.618245962489699,2019,rural
28_10,2020-21,12276.946936414206,17,9.41547854997668,2020,rural
28_10,2021-22,12778.916378582046,34,9.455551933928325,2021,rural
28_10,2022-23,10160.95819185562,29,9.226308026907553,2022,rural
28_11,2017-18,9672.47903434566,58,9.177039919019531,2017,rural
28_11,2018-19,12110.95797063181,31,9.401865939168387,2018,rural
28_11,2019-20,14315.087605231409,28,9.569069337334057,2019,rural
28_11,2020-21,10545.036561020539,43,9.263410560049637,2020,rural
28_11,2021-22,10605.131211839962,18,9.26909323956156,2021,rural
28_11,2022-23,15956.53680321885,45,9.677623855178048,2022,rural
28_12,2017-18,14903.243371071438,24,9.609334144156422,2017,rural
28_12,2018-19,18628.304387291195,33,9.832437444278579,2018,rural
28_12,2019-20,11638.917185405518,15,9.362109691649502,2019,rural
28_12,2020-21,8567.970891952176,47,9.055786214823982,2020,rural
28_12,2021-22,8760.37841588053,23,9.077994381157302,2021,rural
28_12,2022-23,8154.470687680697,25,9.006321606471674,2022,rural
28_13,2017-18,10469.254675810365,6,9.256198114684118,2017,rural
28_13,2018-19,13943.443822105077,30,9.54276469986572,2018,rural
28_13,2019-20,12086.069660936002,16,9.399808800675869,2019,rural
28_13,2020-21,12361.309864875666,26,9.422326701519236,2020,rural
28_13,2021-22,11988.615156168267,35,9.39171274144837,2021,rural
28_13,2022-23,15993.377066722553,14,9.67992998219803,2022,rural
29_01,2017-18,11411.384188742844,36,9.342366749147896,2017,rural
29_01,2018-19,12433.1339455043,64,9.428120280280597,2018,rural
29_01,2019-20,23078.323620803283,58,10.046649084570033,2019,rural
29_01,2020-21,33233.29544462774,32,10.411307527199758,2020,rural
29_01,2021-22,25571.345122853338,28,10.14922767241015,2021,rural
29_01,2022-23,17479.6387322168,31,9.768791981502632,2022,rural
29_02,2017-18,24271.54632518314,8,10.097060010130798,2017,rural
29_02,2018-19,18118.159980193814,24,9.804670028093872,2018,rural
29_02,2019-20,12132.212802745255,29,9.403619409269973,2019,rural
29_02,2020-21,15289.878432823178,29,9.63494634812781,2020,rural
29_02,2021-22,17898.92877016094,17,9.792496144795642,2021,rural
29_02,2022-23,16834.46599706345,28,9.73118361128594,2022,rural
29_03,2017-18,23436.82183862073,16,10.06206364740863,2017,rural
29_03,2018-19,14231.834630885094,20,9.563236609750698,2018,rural
29_03,2019-20,12857.536073776331,18,9.46168538330536,2019,rural
29_03,2020-21,17079.16799507922,22,9.745614753924185,2020,rural
29_03,2021-22,19251.403800853208,18,9.865339261776699,2021,rural
29_03,2022-23,10939.375963521876,6,9.300124032623426,2022,rural
29_04,2017-18,2000,1,7.600902459542082,2017,rural
29_04,2018-19,8399.436060012735,5,9.035919846864932,2018,rural
29_04,2019-20,6661.849381769483,7,8.804152409937478,2019,rural
29_04,2020-21,30422.445919266913,9,10.32293596755359,2020,rural
29_04,2021-22,9341.65692447128,5,9.142238916396197,2021,rural
29_05,2018-19,10503.741429212107,7,9.259486799268,2018,rural
29_05,2019-20,14246.439294736689,2,9.564262280419507,2019,rural
29_05,2020-21,5460.569217325981,14,8.605308315562567,2020,rural
29_05,2021-22,11182.06809919199,13,9.322066711640662,2021,rural
29_05,2022-23,10175.14210823001,6,9.227702976624078,2022,rural
29_06,2017-18,13036.328553054747,2,9.475495243157397,2017,rural
29_06,2018-19,10014.531719168648,13,9.211792489060516,2018,rural
29_06,2019-20,12821.149212855295,14,9.45885136864544,2019,rural
29_06,2020-21,9326.237915328345,5,9.14058698801524,2020,rural
29_06,2021-22,8000,1,8.987196820661973,2021,rural
29_06,2022-23,15497.580797303424,10,9.648439213132635,2022,rural
29_07,2017-18,4897.815968320176,4,8.496544663984713,2017,rural
29_07,2018-19,9792.972360863023,18,9.189420301380757,2018,rural
29_07,2019-20,4312.499954253375,4,8.369273050731701,2019,rural
29_07,2020-21,12218.346285972366,19,9.410693895087695,2020,rural
29_07,2021-22,14154.181491593014,35,9.557765371189738,2021,rural
29_07,2022-23,21127.122340517722,12,9.958312913002345,2022,rural
29_08,2017-18,9166.666666666666,3,9.123328994986553,2017,rural
29_08,2018-19,14439.692442324947,20,9.577736113212023,2018,rural
29_08,2019-20,9576.269250836658,46,9.167043364097816,2019,rural
29_08,2020-21,9619.983528546252,23,9.171597831448958,2020,rural
29_08,2021-22,11171.489448213824,36,9.321120226791844,2021,rural
29_08,2022-23,20250.88761385781,39,9.915953904357158,2022,rural
29_09,2017-18,17454.382828170103,5,9.767346061032056,2017,rural
29_09,2018-19,20058.374853741592,22,9.906402043963983,2018,rural
29_09,2019-20,17724.857704861748,16,9.782723323433647,2019,rural
29_09,2020-21,20710.583768647004,13,9.938400141758997,2020,rural
29_09,2021-22,8247.14431161251,8,9.017622275360079,2021,rural
29_09,2022-23,8598.10933179646,4,9.059297612932168,2022,rural
29_10,2018-19,9316.22467020136,14,9.139512747308682,2018,rural
29_10,2019-20,13110.811300897634,9,9.481192458969442,2019,rural
29_10,2020-21,16500,2,9.711115659888671,2020,rural
29_10,2021-22,10789.311061643146,15,9.286311206505003,2021,rural
29_10,2022-23,14913.79738420128,32,9.610042062400705,2022,rural
29_11,2017-18,10868.917994912423,8,9.293662434674335,2017,rural
29_11,2018-19,15003.313191288851,15,9.616026335113336,2018,rural
29_11,2019-20,9412.960562219489,25,9.149842801824164,2019,rural
29_11,2020-21,10071.152581529788,36,9.21743043611721,2020,rural
29_11,2021-22,17558.93869896497,4,9.7733184268071,2021,rural
29_11,2022-23,10217.806784566004,9,9.23188724039174,2022,rural
29_12,2018-19,17800,2,9.786953736280177,2018,rural
29_12,2019-20,8548.736174574042,19,9.053538735165676,2019,rural
29_12,2020-21,11434.912495134993,17,9.344426454056373,2020,rural
29_12,2021-22,18814.071155954436,18,9.8423603345995,2021,rural
29_12,2022-23,20160.979117835075,16,9.911504288358879,2022,rural
29_13,2017-18,10179.117885114163,8,9.228093634593074,2017,rural
29_13,2018-19,8091.191456735566,18,8.998531274454038,2018,rural
29_13,2019-20,12456.63182974066,15,9.430008437158378,2019,rural
29_13,2020-21,16237.237760711381,2,9.695062510622812,2020,rural
29_13,2021-22,16841.022240391023,24,9.731572989065064,2021,rural
29_13,2022-23,18318.439394501176,12,9.815663448709923,2022,rural
29_14,2017-18,23033.333333333332,3,10.044697721087651,2017,rural
29_14,2018-19,18571.42839610481,4,9.829379570941896,2018,rural
29_14,2019-20,16004.06033215368,6,9.68059773978717,2019,rural
29_14,2020-21,10641.316177108467,18,9.272499456101375,2020,rural
29_14,2021-22,13537.526167650118,14,9.513220824282456,2021,rural
29_14,2022-23,20638.278161101312,25,9.934902793688392,2022,rural
29_15,2018-19,12732.147113804614,12,9.451885342985292,2018,rural
29_15,2019-20,13711.829870341395,7,9.52601423340509,2019,rural
29_15,2020-21,17750,2,9.784140794903562,2020,rural
29_15,2021-22,12181.31082786949,6,9.407658156808882,2021,rural
29_15,2022-23,27608.700501057658,4,10.225886237574523,2022,rural
29_16,2021-22,22500,3,10.021270588192511,2021,rural
29_16,2022-23,18303.84068431464,12,9.814866190268974,2022,rural
29_17,2017-18,11000,1,9.305650551780507,2017,rural
29_17,2018-19,11131.749520439012,29,9.31755662153376,2018,rural
29_17,2019-20,17774.525403737345,11,9.785521554103303,2019,rural
29_17,2020-21,18044.261996507084,14,9.800583018291366,2020,rural
29_17,2021-22,18398.669282783278,4,9.820033619393879,2021,rural
29_17,2022-23,18039.424866433692,25,9.800314912090316,2022,rural
29_18,2017-18,23099.565638315686,45,10.047569092796978,2017,rural
29_18,2018-19,19759.74217879479,143,9.891401923584896,2018,rural
29_18,2019-20,22872.245511552588,100,10.037679468097764,2019,rural
29_18,2020-21,21689.457903608796,88,9.984581610590602,2020,rural
29_18,2021-22,24962.475952314777,137,10.125129014371169,2021,rural
29_18,2022-23,30649.548346674954,128,10.330373205421362,2022,rural
29_19,2017-18,11743.333680333464,17,9.371041012215864,2017,rural
29_19,2018-19,21066.708845362577,14,9.955449293618122,2018,rural
29_19,2019-20,28792.99332627189,3,10.26788734924266,2019,rural
29_19,2020-21,23280.25,4,10.055360640619329,2020,rural
29_19,2021-22,21671.5958691373,14,9.983757735987579,2021,rural
29_19,2022-23,18508.248985630755,14,9.82597180280169,2022,rural
29_20,2017-18,3640,5,8.199738960630786,2017,rural
29_20,2021-22,9000,1,9.104979856318357,2021,rural
29_20,2022-23,12000,2,9.392661928770137,2022,rural
29_21,2017-18,11660.9536604816,24,9.364001245623543,2017,rural
29_21,2018-19,10611.063897934158,39,9.269652499713358,2018,rural
29_21,2019-20,9189.037420077899,59,9.125766467761382,2019,rural
29_21,2020-21,7724.940397340898,39,8.952209386181606,2020,rural
29_21,2021-22,14566.36248205145,37,9.586470209958504,2021,rural
29_21,2022-23,13355.844745969103,34,9.49970937670496,2022,rural
29_22,2017-18,14918.181746984124,3,9.610335999507267,2017,rural
29_22,2018-19,15878.073736128,8,9.67269442619215,2018,rural
29_22,2022-23,19319.444624235555,2,9.86886736119575,2022,rural
29_23,2017-18,11277.533374651672,20,9.330567828679783,2017,rural
29_23,2018-19,15883.658020123517,62,9.673046062185799,2018,rural
29_23,2019-20,15349.422794786022,48,9.6388331493628,2019,rural
29_23,2020-21,25856.29308711965,35,10.16030929661857,2020,rural
29_23,2021-22,27307.20754205449,52,10.214905958857345,2021,rural
29_23,2022-23,25962.601910836172,49,10.164412393485712,2022,rural
29_24,2017-18,18333.333333333332,6,9.816476175546498,2017,rural
29_24,2018-19,9728.809999517474,8,9.18284686549266,2018,rural
29_24,2019-20,11839.515308568001,13,9.379197970823713,2019,rural
29_24,2020-21,15465.026218198967,26,9.646336380442593,2020,rural
29_24,2021-22,22120.543017966593,5,10.004262004067623,2021,rural
29_24,2022-23,13723.93273217575,11,9.526896502492686,2022,rural
29_25,2017-18,26612.903746712072,2,10.189151480405094,2017,rural
29_25,2018-19,9825.818046163055,9,9.192768694967384,2018,rural
29_25,2019-20,13516.810803696266,7,9.511689434470599,2019,rural
29_25,2020-21,10241.914627292399,25,9.234243856437315,2020,rural
29_25,2021-22,17497.22204446019,31,9.769797406994467,2021,rural
29_25,2022-23,20395.576401390004,13,9.923073313249333,2022,rural
29_26,2017-18,9279.38036028816,7,9.135550052030256,2017,rural
29_26,2019-20,12500,1,9.433483923290392,2019,rural
29_26,2020-21,16542.313310694204,8,9.713676820387697,2020,rural
29_26,2021-22,18250,2,9.811920359010637,2021,rural
29_27,2017-18,14019.933376017765,12,9.548235408510083,2017,rural
29_27,2018-19,7803.09360050322,6,8.962275549495697,2018,rural
29_27,2019-20,10656.914248337815,10,9.273964185678103,2019,rural
29_27,2020-21,26744.36054289016,5,10.194078909271783,2020,rural
29_27,2021-22,20081.78936057033,11,9.907568681417652,2021,rural
29_27,2022-23,22429.270512475963,10,10.01812210413544,2022,rural
29_28,2018-19,12000,1,9.392661928770137,2018,rural
29_28,2019-20,5000,1,8.517193191416238,2019,rural
29_28,2020-21,12865.311029293605,22,9.462289900816419,2020,rural
29_28,2021-22,15366.791854074954,5,9.639964086969451,2021,rural
29_28,2022-23,19974.138225378978,4,9.90219362704443,2022,rural
29_29,2018-19,11629.333639415167,2,9.361285947174302,2018,rural
29_29,2019-20,13071.268974349425,6,9.47817189252115,2019,rural
29_29,2020-21,12379.488334311842,4,9.423796215361202,2020,rural
29_29,2021-22,13377.442191600085,7,9.501325148860488,2021,rural
29_29,2022-23,16807.58560808591,12,9.72958558777576,2022,rural
29_30,2017-18,2115.262346339052,2,7.656934124610198,2017,rural
29_30,2018-19,14570.053086398864,15,9.586723542724059,2018,rural
29_30,2019-20,16176.014818198817,8,9.691284857320591,2019,rural
29_30,2020-21,15926.09234159161,7,9.675714070966574,2020,rural
29_30,2021-22,13768.646546048922,5,9.530149296844636,2021,rural
29_30,2022-23,14000,3,9.546812608597396,2022,rural
30_01,2017-18,29158.272166306193,13,10.280493930811003,2017,rural
30_01,2018-19,23663.693605535736,47,10.071697237162894,2018,rural
30_01,2019-20,22068.778478716104,48,10.00191915013029,2019,rural
30_01,2020-21,18918.424898776735,54,9.847891588547151,2020,rural
30_01,2021-22,32358.57955516299,61,10.384634475127521,2021,rural
30_01,2022-23,28145.77587831775,50,10.245152564699461,2022,rural
30_02,2017-18,20821.61212585169,11,9.943746770768392,2017,rural
30_02,2018-19,18712.544914793463,40,9.836949428981168,2018,rural
30_02,2019-20,26950.779949464504,24,10.2017675165293,2019,rural
30_02,2020-21,23208.237511312218,32,10.052262559776459,2020,rural
30_02,2021-22,26161.74040277506,23,10.172053332516237,2021,rural
30_02,2022-23,15841.950269970046,27,9.670416780893559,2022,rural
31_01,2018-19,17500,4,9.769956159911606,2018,rural
32_01,2017-18,14031.672788341768,12,9.549072395379252,2017,rural
32_01,2018-19,12158.072254367866,30,9.405748611239508,2018,rural
32_01,2019-20,12948.944793135424,21,9.468769580652186,2019,rural
32_01,2020-21,8856.39100090636,20,9.088894624374367,2020,rural
32_01,2021-22,16498.493960661697,13,9.711024380611434,2021,rural
32_01,2022-23,25879.46552927912,46,10.161205096519016,2022,rural
32_02,2017-18,16692.448111399983,25,9.722711687229364,2017,rural
32_02,2018-19,14899.120040694432,67,9.609057432518062,2018,rural
32_02,2019-20,12555.110267531061,83,9.437883054311465,2019,rural
32_02,2020-21,12089.587656293093,73,9.400099836847978,2020,rural
32_02,2021-22,15377.920066781247,80,9.640687997684303,2021,rural
32_02,2022-23,19824.83796570668,88,9.894690873239215,2022,rural
32_04,2017-18,12240.04147011891,110,9.412467944142188,2017,rural
32_04,2018-19,13648.829343793579,135,9.521409034575859,2018,rural
32_04,2019-20,14370.563936357623,107,9.572937222308447,2019,rural
32_04,2020-21,11082.30179031757,56,9.31310468153417,2020,rural
32_04,2021-22,16637.344206580074,58,9.719405098667343,2021,rural
32_04,2022-23,26266.962999111376,65,10.17606726880628,2022,rural
32_05,2017-18,11900.899513895634,41,9.38436926564588,2017,rural
32_05,2018-19,12561.436019174424,69,9.438386766223518,2018,rural
32_05,2019-20,13365.944912211698,55,9.500465326576041,2019,rural
32_05,2020-21,12847.475980009263,68,9.460902649240918,2020,rural
32_05,2021-22,18680.302443001994,74,9.83522490239063,2021,rural
32_05,2022-23,28169.72827521103,87,10.246003214931495,2022,rural
32_06,2017-18,16970.89345620287,13,9.73925500599986,2017,rural
32_06,2018-19,15438.565276607806,8,9.64462389676171,2018,rural
32_06,2019-20,17875.147428087657,21,9.79116661525338,2019,rural
32_06,2020-21,16575.602936134237,55,9.715687190629824,2020,rural
32_06,2021-22,15243.26642065578,59,9.63189313833883,2021,rural
32_06,2022-23,13998.150491673694,27,9.546680492132806,2022,rural
32_07,2017-18,20531.912270208577,41,9.92973565083883,2017,rural
32_07,2018-19,21382.954088222647,95,9.97034934567152,2018,rural
32_07,2019-20,15388.020076756286,121,9.641344568573459,2019,rural
32_07,2020-21,14114.837509400628,105,9.554981828712055,2020,rural
32_07,2021-22,23182.427258202573,89,10.051149824880289,2021,rural
32_07,2022-23,22174.11401394971,92,10.00668085210449,2022,rural
32_08,2017-18,15311.745374399596,73,9.636375484400839,2017,rural
32_08,2018-19,14029.986258822846,162,9.548952193682117,2018,rural
32_08,2019-20,14172.249868461666,54,9.559041096966096,2019,rural
32_08,2020-21,11529.208601696739,51,9.352638972719776,2020,rural
32_08,2021-22,19397.73433092501,85,9.872911551165558,2021,rural
32_08,2022-23,23216.181677238943,67,10.052604800611912,2022,rural
32_09,2017-18,8000,3,8.987196820661973,2017,rural
32_09,2018-19,5000,1,8.517193191416238,2018,rural
32_09,2021-22,16500,1,9.711115659888671,2021,rural
32_09,2022-23,34000,2,10.4341158035983,2022,rural
32_10,2017-18,18912.835472838135,22,9.847596096093325,2017,rural
32_10,2018-19,14966.131440912914,49,9.61354502323657,2018,rural
32_10,2019-20,14328.65146396381,13,9.57001641059942,2019,rural
32_10,2020-21,10069.69733887694,14,9.217285929538676,2020,rural
32_10,2021-22,8013.196531252975,17,8.988845028028276,2021,rural
32_10,2022-23,17908.537812838782,22,9.793032850897776,2022,rural
32_11,2017-18,13500.091459008609,45,9.510451739144951,2017,rural
32_11,2018-19,13863.131666809884,81,9.536988197207323,2018,rural
32_11,2019-20,12576.991918035814,55,9.439624385448223,2019,rural
32_11,2020-21,13479.541065563733,56,9.50892833830541,2020,rural
32_11,2021-22,11555.464264157778,24,9.354913700538969,2021,rural
32_11,2022-23,10342.223274789882,31,9.243990141853843,2022,rural
32_12,2018-19,9194.372941600212,7,9.126346939128464,2018,rural
32_12,2019-20,6329.61829801393,10,8.752995212848342,2019,rural
32_12,2020-21,8786.505073614031,8,9.080972309067617,2020,rural
32_13,2017-18,13106.075896893451,20,9.480831210586295,2017,rural
32_13,2018-19,14748.53312876184,40,9.598898907925093,2018,rural
32_13,2019-20,17436.750962704496,47,9.766335382097278,2019,rural
32_13,2020-21,10854.013817620324,36,9.292290227666609,2020,rural
32_13,2021-22,18423.494848704257,47,9.821382023012625,2021,rural
32_13,2022-23,19651.9036672059,35,9.885929491343179,2022,rural
32_14,2017-18,17523.537141280816,23,9.771300235738629,2017,rural
32_14,2018-19,12797.624944635152,43,9.457014881490576,2018,rural
32_14,2019-20,10363.779440347063,66,9.24607226013049,2019,rural
32_14,2020-21,9835.00437942924,41,9.193703176113273,2020,rural
32_14,2021-22,14568.232613819697,79,9.58659858873052,2021,rural
32_14,2022-23,13910.379349519528,69,9.540390556258025,2022,rural
33_01,2017-18,15716.079315794486,6,9.662439627483794,2017,rural
33_01,2018-19,17744.499404371483,15,9.783830854165428,2018,rural
33_01,2019-20,18235.496880394174,15,9.811125351590716,2019,rural
33_01,2020-21,11056.905100696036,23,9.310810407770292,2020,rural
33_01,2021-22,29754.296049050005,26,10.30072880555846,2021,rural
33_01,2022-23,24015.1694406001,41,10.086440969689278,2022,rural
33_02,2017-18,21317.98550048357,7,9.967306385095158,2017,rural
33_02,2018-19,22736.844283269027,16,10.031741983851727,2018,rural
33_02,2019-20,18277.68326949475,34,9.813436101172035,2019,rural
33_02,2020-21,21097.188284341788,68,9.956895053918434,2020,rural
33_02,2021-22,23104.59148718848,54,10.04778664243776,2021,rural
33_02,2022-23,25017.63232613228,70,10.127336148293374,2022,rural
33_03,2017-18,17897.879103247342,12,9.792437498956739,2017,rural
33_03,2018-19,19792.110169868025,21,9.893038661000569,2018,rural
33_03,2019-20,36573.82936022929,21,10.507088218820515,2019,rural
33_03,2020-21,17765.00626265201,27,9.78498586098262,2020,rural
33_03,2021-22,20387.176153060176,27,9.922661362219916,2021,rural
33_03,2022-23,23920.778816278384,46,10.082502766743492,2022,rural
33_04,2017-18,10686.623401353838,5,9.27674808895516,2017,rural
33_04,2018-19,11983.749443190352,31,9.391306797927482,2018,rural
33_04,2019-20,13644.894796700208,23,9.521120723087082,2019,rural
33_04,2020-21,9191.112350703152,24,9.125992247274601,2020,rural
33_04,2021-22,10722.84841967708,25,9.280132110120705,2021,rural
33_04,2022-23,11394.688254361763,22,9.340902583197757,2022,rural
33_05,2017-18,10638.262422310676,6,9.272212443385921,2017,rural
33_05,2018-19,12929.01719319362,12,9.467229459069866,2018,rural
33_05,2019-20,15420.927444358715,13,9.643480790857204,2019,rural
33_05,2020-21,10572.156655578252,29,9.26597909358434,2020,rural
33_05,2021-22,13708.2997308044,24,9.525756748148249,2021,rural
33_05,2022-23,14310.451640720672,23,9.568745433248866,2022,rural
33_06,2017-18,18905.496507695905,6,9.847207979280656,2017,rural
33_06,2018-19,14703.10634972028,20,9.595814066750183,2018,rural
33_06,2019-20,12062.305302167917,9,9.39784060476406,2019,rural
33_06,2020-21,18065.083587710338,8,9.80173627062392,2020,rural
33_06,2021-22,25000,1,10.126631103850338,2021,rural
33_06,2022-23,29948.921699754355,4,10.307248599548359,2022,rural
33_07,2017-18,13926.212234746281,20,9.541528115566333,2017,rural
33_07,2018-19,10023.327086165446,43,9.21267036405176,2018,rural
33_07,2019-20,22169.66217338648,34,10.006480064487333,2019,rural
33_07,2020-21,11619.404831970409,48,9.360431809814495,2020,rural
33_07,2021-22,25824.90407218403,56,10.159094579447892,2021,rural
33_07,2022-23,17029.321456659964,70,9.742691928861763,2022,rural
33_08,2018-19,20000,2,9.903487552536127,2018,rural
33_08,2019-20,10416.19091965039,8,9.25111669373989,2019,rural
33_08,2020-21,14666.666666666666,3,9.59333262423229,2020,rural
33_08,2021-22,12060.69232559234,20,9.397706875399004,2021,rural
33_08,2022-23,12029.884977414342,26,9.395149247610824,2022,rural
33_09,2017-18,23914.51995031411,6,10.082241082750231,2017,rural
33_09,2018-19,29226.925110069566,5,10.282845656200557,2018,rural
33_09,2019-20,18132.707267559068,21,9.805472617893818,2019,rural
33_09,2020-21,14154.153009586711,32,9.557763358919726,2020,rural
33_09,2021-22,16156.178782209416,23,9.690057842616717,2021,rural
33_09,2022-23,25251.700226080786,17,10.136648768122928,2022,rural
33_10,2017-18,7663.157650586275,3,8.944179403717975,2017,rural
33_10,2019-20,13957.476364475015,9,9.543770583790641,2019,rural
33_10,2020-21,1800,1,7.495541943884256,2020,rural
33_10,2021-22,31572.750894807883,7,10.360049714113437,2021,rural
33_10,2022-23,13930.150262032152,10,9.541810853652654,2022,rural
33_11,2017-18,17000,3,9.740968623038354,2017,rural
33_11,2018-19,12000,1,9.392661928770137,2018,rural
33_11,2019-20,15590.70548830547,8,9.654430213645366,2019,rural
33_11,2020-21,17167.28537899217,6,9.750760838828928,2020,rural
33_11,2021-22,19126.05700263025,13,9.858806925278897,2021,rural
33_11,2022-23,19446.669089758372,27,9.875431079355499,2022,rural
33_12,2017-18,9540.710183632384,3,9.16332320440037,2017,rural
33_12,2018-19,13703.43476299936,39,9.525401793020748,2018,rural
33_12,2019-20,17333.333333333332,3,9.760386708895455,2019,rural
33_12,2020-21,12368.410613099592,4,9.422900969912233,2020,rural
33_12,2021-22,23794.778862653562,22,10.07722146007448,2021,rural
33_12,2022-23,18565.370787113763,10,9.82905333878522,2022,rural
33_13,2017-18,10436.732346906076,10,9.253086818852541,2017,rural
33_13,2018-19,10866.477588106662,16,9.293437878667826,2018,rural
33_13,2019-20,10730.229029714375,8,9.280820180197914,2019,rural
33_13,2020-21,11962.642775346823,19,9.38954397093319,2020,rural
33_13,2021-22,12794.879612546276,20,9.456800339604433,2021,rural
33_13,2022-23,19276.18150344516,32,9.866625493748533,2022,rural
33_14,2018-19,12333.333333333334,3,9.420060902958252,2018,rural
33_14,2020-21,6304.7761262222275,9,8.749062740428766,2020,rural
33_14,2021-22,15000,2,9.615805480084347,2021,rural
33_14,2022-23,17505.654890532554,9,9.770279244316079,2022,rural
33_15,2020-21,10000,3,9.210340371976184,2020,rural
33_16,2017-18,14835.205102122798,4,9.604758358185318,2017,rural
33_16,2018-19,35058.700158608255,7,10.464779083019208,2018,rural
33_16,2019-20,13534.827142917624,10,9.513021430848832,2019,rural
33_16,2020-21,13509.673706224316,14,9.511161278643653,2020,rural
33_16,2021-22,10720.03997022843,4,9.279870163183928,2021,rural
33_16,2022-23,17624.59599474798,11,9.777050705133947,2022,rural
33_17,2017-18,30000,1,10.308952660644293,2017,rural
33_17,2018-19,15910.544736364634,12,9.674737359360703,2018,rural
33_17,2019-20,9940.312796088916,19,9.204353767574908,2019,rural
33_17,2020-21,7500,1,8.922658299524402,2020,rural
33_17,2021-22,13053.525894211638,7,9.476813559722354,2021,rural
33_17,2022-23,10083.866072851542,8,9.218692007066457,2022,rural
33_18,2017-18,7013.217524391323,6,8.855551865365355,2017,rural
33_18,2018-19,7016.850998963425,6,8.856069820733468,2018,rural
33_18,2019-20,6792.537209696197,4,8.823579819341619,2019,rural
33_18,2020-21,21710.94839494793,8,9.985571946623299,2020,rural
33_18,2021-22,2038.506204576329,9,7.619972565951674,2021,rural
33_18,2022-23,1102,3,7.004881989712859,2022,rural
33_19,2017-18,25006.9937044946,12,10.126910812907896,2017,rural
33_19,2018-19,20126.717602353783,16,9.909803445345752,2018,rural
33_19,2019-20,22506.42562512112,11,10.021556130760068,2019,rural
33_19,2020-21,9869.978880255449,22,9.19725299263349,2020,rural
33_19,2021-22,11733.747553677631,22,9.3702243751652,2021,rural
33_19,2022-23,23466.813212053996,22,10.063342498290371,2022,rural
33_20,2018-19,25000,1,10.126631103850338,2018,rural
33_20,2019-20,8840.984713008798,9,9.087153542302262,2019,rural
33_20,2020-21,11764.29811109441,9,9.372824640316292,2020,rural
33_20,2022-23,24592.80937939058,6,10.11020937754121,2022,rural
33_21,2019-20,25000,3,10.126631103850338,2019,rural
33_21,2021-22,24843.45250313024,9,10.120349516048275,2021,rural
33_21,2022-23,36588.63249583928,7,10.507492883601781,2022,rural
33_22,2017-18,31743.05318445579,19,10.365429183041233,2017,rural
33_22,2018-19,17971.04896226324,28,9.796517351043542,2018,rural
33_22,2019-20,14278.433277122764,29,9.5665055153873,2019,rural
33_22,2020-21,14325.73422086228,29,9.569812794779928,2020,rural
33_22,2021-22,18707.654151616065,12,9.83668803201764,2021,rural
33_22,2022-23,18790.325203667217,9,9.841097399531144,2022,rural
33_23,2018-19,10902.874788466006,5,9.296781775504513,2018,rural
33_23,2019-20,13537.939841242158,12,9.513251381362577,2019,rural
33_23,2020-21,10830.348612673686,6,9.290107529012854,2020,rural
33_23,2021-22,17469.591759900028,5,9.768217034789812,2021,rural
33_23,2022-23,15970.906119604,12,9.678523978460083,2022,rural
33_24,2017-18,18300,1,9.814656338829513,2017,rural
33_24,2018-19,21119.48299505552,7,9.957951258119792,2018,rural
33_24,2019-20,21155.752615979585,11,9.959667138790767,2019,rural
33_24,2020-21,14252.470409231539,20,9.564685532722669,2020,rural
33_24,2021-22,11773.777937274199,10,9.373630128978395,2021,rural
33_24,2022-23,20314.259656942962,19,9.91907836458488,2022,rural
33_25,2018-19,10000,3,9.210340371976184,2018,rural
33_25,2019-20,8787.233829660363,4,9.081055246005597,2019,rural
33_25,2020-21,20656.507876662876,9,9.93578570015165,2020,rural
33_25,2021-22,12259.084694943032,19,9.414022548868179,2021,rural
33_25,2022-23,10500.001537691678,2,9.259130682592431,2022,rural
33_26,2017-18,11046.6150970197,14,9.309879333956921,2017,rural
33_26,2018-19,14211.134605308669,16,9.561781063456698,2018,rural
33_26,2019-20,12509.10382389371,18,9.43421196411584,2019,rural
33_26,2020-21,14031.426154055605,9,9.549054818255167,2020,rural
33_26,2021-22,18755.137485309646,22,9.83922299308414,2021,rural
33_26,2022-23,32263.13339326984,14,10.381680476326052,2022,rural
33_27,2017-18,7267.688408368029,15,8.891193556881031,2017,rural
33_27,2018-19,8347.985409394025,43,9.02977552039897,2018,rural
33_27,2019-20,10829.429577144707,41,9.290022667984132,2019,rural
33_27,2020-21,6025.610057252581,29,8.703774007548764,2020,rural
33_27,2021-22,15050.010877530482,17,9.619133992936261,2021,rural
33_27,2022-23,21331.603133202138,17,9.967944967253512,2022,rural
33_28,2017-18,15737.454626621267,11,9.663798795210798,2017,rural
33_28,2018-19,13698.776685929077,23,9.525061814831481,2018,rural
33_28,2019-20,11963.066045360145,12,9.389579352958151,2019,rural
33_28,2020-21,13693.565029008969,24,9.524681295558086,2020,rural
33_28,2021-22,15631.455841545914,18,9.657040563130726,2021,rural
33_28,2022-23,12752.410085839449,21,9.453475559063694,2022,rural
33_29,2018-19,17333.333333333332,3,9.760386708895455,2018,rural
33_29,2020-21,9566.666666666666,3,9.166040113079603,2020,rural
33_30,2017-18,12000,3,9.392661928770137,2017,rural
33_30,2018-19,18879.534048781905,5,9.845833759775342,2018,rural
33_30,2019-20,13281.826667947975,7,9.494151963868537,2019,rural
33_30,2020-21,18408.597151137696,6,9.82057307095098,2020,rural
33_30,2021-22,14872.322206524801,20,9.607257194478908,2021,rural
33_30,2022-23,12351.352130785768,4,9.421520820337308,2022,rural
33_31,2017-18,19781.367267077363,32,9.8924957265025,2017,rural
33_31,2018-19,18571.553427163908,74,9.829386303360941,2018,rural
33_31,2019-20,21796.662801357314,43,9.989512154552312,2019,rural
33_31,2020-21,21465.42607046818,31,9.974198830005951,2020,rural
33_31,2021-22,19732.800457866895,37,9.890037528015064,2021,rural
33_31,2022-23,24632.50309814069,46,10.111822113971135,2022,rural
33_32,2017-18,18356.021422653143,3,9.81771294257948,2017,rural
33_32,2018-19,20462.709164958993,18,9.926359443494416,2018,rural
33_32,2019-20,24169.49093586078,13,10.092846411657801,2019,rural
33_32,2020-21,20123.12613421336,20,9.909624986608199,2020,rural
33_32,2021-22,21674.678215624914,35,9.983899955661952,2021,rural
33_32,2022-23,34784.88461305168,15,10.45693822120553,2022,rural
34_01,2017-18,11059.189431571544,8,9.311016984105938,2017,rural
34_01,2018-19,10294.34168594713,5,9.239349672390329,2018,rural
34_01,2019-20,12365.766362290116,5,9.42268715638432,2019,rural
34_01,2020-21,11160.332063382111,10,9.32012099027598,2020,rural
34_01,2021-22,10088.94398339842,13,9.21919544814779,2021,rural
34_01,2022-23,13646.330136244655,7,9.521225909977687,2022,rural
34_02,2017-18,16672.321731916407,16,9.721505242106602,2017,rural
34_02,2018-19,18151.87968357304,66,9.806529398163859,2018,rural
34_02,2019-20,18277.875933046536,55,9.813446642034,2019,rural
34_02,2020-21,18749.459606913653,69,9.83892021001862,2020,rural
34_02,2021-22,20629.768757991482,83,9.934490396986067,2021,rural
34_02,2022-23,17484.6485209895,67,9.76907854755048,2022,rural
34_03,2018-19,26000,3,10.165851817003619,2018,rural
34_03,2019-20,8000,1,8.987196820661973,2019,rural
34_03,2020-21,8400,2,9.035986984831405,2020,rural
34_03,2021-22,14582.241692073772,7,9.58755974491519,2021,rural
34_03,2022-23,27352.839342171133,8,10.216575617531959,2022,rural
34_04,2017-18,31789.301420873315,3,10.366885078856017,2017,rural
34_04,2018-19,16729.87433548451,14,9.724951282624776,2018,rural
34_04,2019-20,20667.28751310572,14,9.936307415864627,2019,rural
34_04,2020-21,18233.785333906937,7,9.8110314892285,2020,rural
34_04,2021-22,13669.373015732946,15,9.5229130629553,2021,rural
34_04,2022-23,12111.787070621776,6,9.40193439548817,2022,rural
35_02,2018-19,8000,1,8.987196820661973,2018,rural
35_02,2019-20,9218.394848544782,4,9.128956206876511,2019,rural
35_03,2017-18,17629.42807512283,19,9.777324834430253,2017,rural
35_03,2018-19,44442.1668507465,38,10.701944001582582,2018,rural
35_03,2019-20,62300.370171523995,31,11.039722646515902,2019,rural
35_03,2020-21,20494.3533063631,40,9.92790467871351,2020,rural
35_03,2021-22,20025.061777422263,32,9.904739856946646,2021,rural
35_03,2022-23,41206.47508933716,36,10.62635068535146,2022,rural
36_01,2017-18,9142.24562538117,20,9.120661326325678,2017,rural
36_01,2018-19,11184.646595524842,17,9.322297277137604,2018,rural
36_01,2019-20,8717.403076517354,10,9.073076660222137,2019,rural
36_01,2020-21,8676.706851272398,8,9.068397340651199,2020,rural
36_01,2021-22,13878.713640625394,13,9.538111552577627,2021,rural
36_01,2022-23,10483.674909477346,11,9.257574555709702,2022,rural
36_02,2017-18,6177.0696731221715,18,8.728599275075734,2017,rural
36_02,2018-19,10069.328760374305,36,9.217249326129865,2018,rural
36_02,2019-20,6654.72353026462,41,8.803082186805433,2019,rural
36_02,2021-22,17187.01991991641,5,9.751909722086687,2021,rural
36_02,2022-23,16983.61695508222,6,9.74000444984816,2022,rural
36_03,2017-18,5977.445572986853,26,8.695748593977243,2017,rural
36_03,2018-19,7782.763851881026,16,8.959666804970233,2018,rural
36_03,2019-20,10683.367636339488,41,9.276443384565363,2019,rural
36_03,2020-21,7755.526898597316,9,8.956161016384149,2020,rural
36_03,2021-22,11316.280902986458,8,9.333997755636377,2021,rural
36_03,2022-23,20256.740219890078,4,9.916242867517234,2022,rural
36_04,2017-18,8690.140957631726,3,9.069944438798968,2017,rural
36_04,2018-19,9339.887021015162,13,9.142049434898675,2018,rural
36_04,2019-20,12330.19853206237,3,9.419806697574776,2019,rural
36_04,2020-21,5800,2,8.66561319653451,2020,rural
36_04,2021-22,8475,4,9.044875932248651,2021,rural
36_04,2022-23,17166.666666666668,6,9.750724797983718,2022,rural
36_05,2017-18,28616.1572720164,52,10.261726776870647,2017,rural
36_05,2018-19,26208.57181740779,53,10.173841804844562,2018,rural
36_05,2019-20,18020.60837786132,47,9.799271291849996,2019,rural
36_05,2020-21,14154.237176301242,21,9.55776930533448,2020,rural
36_05,2021-22,8071.632860056163,17,8.996111077854378,2021,rural
36_05,2022-23,19042.670740616875,35,9.854437568498824,2022,rural
36_06,2017-18,10402.584389746833,4,9.249809553272817,2017,rural
36_06,2018-19,12982.4845191622,7,9.47135638327888,2018,rural
36_06,2019-20,14756.933941652002,22,9.59946834904576,2019,rural
36_06,2021-22,9794.815475914507,7,9.189608491601346,2021,rural
36_06,2022-23,3350,2,8.116715624819111,2022,rural
36_07,2017-18,20701.51658547344,5,9.937962241568428,2017,rural
36_07,2018-19,19933.892265661983,15,9.900176690960874,2018,rural
36_07,2019-20,18766.666666666668,3,9.839837525459671,2019,rural
36_07,2020-21,8350.236386183642,3,9.03004512716678,2020,rural
36_07,2022-23,11000,1,9.305650551780507,2022,rural
36_08,2017-18,16662.50328985152,4,9.720916161927397,2017,rural
36_08,2018-19,21507.41454262742,10,9.976153017112155,2018,rural
36_08,2019-20,8692.21135234106,12,9.070182656812527,2019,rural
36_09,2017-18,12991.413186953692,5,9.47204389412105,2017,rural
36_09,2018-19,14152.123817952152,18,9.55761998495003,2018,rural
36_09,2019-20,11769.856584980713,14,9.373297015386605,2019,rural
36_09,2020-21,9998.256804479715,8,9.210166037228735,2020,rural
36_09,2021-22,13012.354850359703,13,9.473654558229672,2021,rural
36_09,2022-23,15295.019023045425,7,9.635282500326985,2022,rural
36_10,2017-18,8121.758694450087,13,9.002301997690395,2017,rural
36_10,2018-19,11659.44921364948,20,9.363872221537438,2018,rural
36_10,2019-20,8619.886146812583,7,9.06182715554413,2019,rural
36_10,2020-21,7549.999954143039,6,8.9293028361693,2020,rural
36_10,2021-22,14500,1,9.581903928408666,2021,rural
36_10,2022-23,9050,2,9.110520036693972,2022,rural
36_12,2019-20,19884.29772512669,3,9.897685640202784,2019,rural
36_12,2020-21,18973.020562777114,6,9.850773278655097,2020,rural
36_12,2021-22,9554.242489935932,5,9.164740574613363,2021,rural
36_12,2022-23,18112.690639688986,14,9.804368111884187,2022,rural
36_13,2020-21,9666.666666666666,3,9.1764388203005,2020,rural
36_13,2021-22,14500,3,9.581903928408666,2021,rural
36_14,2019-20,7669.663337677228,5,8.94502800000516,2019,rural
36_14,2020-21,3367.7773559575053,6,8.122008267463809,2020,rural
36_14,2021-22,20333.333333333332,3,9.920016854487338,2021,rural
36_15,2020-21,9902.898570994445,6,9.200582778218466,2020,rural
36_15,2022-23,10813.768015169133,12,9.288575417443411,2022,rural
36_16,2019-20,13000,1,9.472704636443673,2019,rural
36_16,2020-21,16630.518098452536,11,9.718994726148619,2020,rural
36_16,2021-22,8043.909459973047,4,8.992670495231616,2021,rural
36_16,2022-23,20938.880305065104,10,9.9493630114125,2022,rural
36_17,2022-23,12500,1,9.433483923290392,2022,rural
36_18,2020-21,10333.333333333334,3,9.243130194799173,2020,rural
36_18,2021-22,11961.240780165548,6,9.389426766284569,2021,rural
36_18,2022-23,12377.928527959024,12,9.42367020816396,2022,rural
36_19,2021-22,5600,1,8.630521876723241,2021,rural
36_19,2022-23,8500,1,9.047821442478408,2022,rural
36_20,2021-22,18621.403497099203,12,9.832066923774507,2021,rural
36_20,2022-23,22100,3,10.003332887505843,2022,rural
36_21,2020-21,11000,2,9.305650551780507,2020,rural
36_21,2021-22,28093.03914247041,6,10.243277107285019,2021,rural
36_21,2022-23,54229.600617348304,4,10.900982175200728,2022,rural
36_22,2020-21,22500,2,10.021270588192511,2020,rural
36_22,2021-22,43250,2,10.674752512360026,2021,rural
36_22,2022-23,40000,1,10.596634733096073,2022,rural
36_23,2019-20,28541.050559227082,27,10.259098700417372,2019,rural
36_23,2020-21,18591.216161230623,93,9.830444498760224,2020,rural
36_23,2021-22,25415.646167874092,89,10.143120254223318,2021,rural
36_23,2022-23,34134.62481982281,52,10.438067538721898,2022,rural
36_24,2020-21,5625,4,8.63497622707262,2020,rural
36_24,2021-22,28992.8657341518,4,10.274805069536212,2021,rural
36_25,2019-20,22531.117723694704,7,10.022652642657103,2019,rural
36_25,2020-21,19001.06860677836,12,9.852250499029049,2020,rural
36_25,2021-22,33645,2,10.423619735622419,2021,rural
36_25,2022-23,25900.440917603522,5,10.162015271388421,2022,rural
36_26,2021-22,17419.901494927883,6,9.765368595679133,2021,rural
36_27,2019-20,3150,2,8.055157731819678,2019,rural
36_27,2021-22,13399.629469049327,6,9.502982333993208,2021,rural
36_28,2019-20,13100,1,9.480367509189243,2019,rural
36_28,2020-21,16625,3,9.718662865524054,2020,rural
36_29,2019-20,7068.705348903332,3,8.863432623155296,2019,rural
36_29,2020-21,7041.646821734815,6,8.85959734533812,2020,rural
36_29,2022-23,26200.262354248607,6,10.173524703219993,2022,rural
36_30,2020-21,13161.468624763731,4,9.48504879627918,2020,rural
36_30,2021-22,4956.333787240692,11,8.508421590610391,2021,rural
36_30,2022-23,22208.34353968239,5,10.008223332372872,2022,rural
36_31,2019-20,8500,2,9.047821442478408,2019,rural
36_31,2020-21,16709.789497668062,6,9.723750024123381,2020,rural
36_31,2021-22,17000,1,9.740968623038354,2021,rural
36_31,2022-23,16500,1,9.711115659888671,2022,rural
