state_district,round,nonagri_share,total_emp_wtd,share_high,share_low,share_middle,year
01_01,2017-18,0.6658100247303309,42531578,0.04437969134396969,0.334189975269669,0.6230024900557416,2017
01_01,2018-19,0.616655795015769,60272968,0.050359423502755934,0.38334420498423105,0.5714790418152297,2018
01_01,2019-20,0.7146850408887223,52471192,0.0231936221307875,0.2853149591112777,0.6914914187579349,2019
01_01,2020-21,0.803863945654832,24155671,0.004686063160903292,0.19613605434516806,0.7991778824939286,2020
01_01,2021-22,0.5362061661318098,76835821,NA,0.4670589382025867,0.5362061661318098,2021
01_01,2022-23,0.7882595309076709,84409353,0.11798248234410706,0.23023301912463492,0.6702770485635638,2022
01_02,2017-18,0.6623944935117182,69480798,NA,0.33760550648828186,0.6623944935117182,2017
01_02,2018-19,0.8305637201580933,135991855,0.009597015938932519,0.1694362798419067,0.8209667042191607,2018
01_02,2019-20,0.8201587674904224,111960704,0.007827826806090822,0.17984123250957765,0.8123309406843315,2019
01_02,2020-21,0.6538731270044544,102891462,0.0320247174639233,0.34612687299554556,0.6218484095405312,2020
01_02,2021-22,0.5984003377411025,88759111,0.04099664765682477,0.4015996622588976,0.5574036900842777,2021
01_02,2022-23,0.6374910260090165,201705128,0.049081315374391477,0.36250897399098353,0.588409710634625,2022
01_03,2017-18,0.4621632752228678,20583613,0.012572492338471655,0.5378367247771322,0.45048004934799346,2017
01_03,2018-19,0.6053449054860512,12321303,0.047300597996819,0.4144623840311805,0.5580443074892322,2018
01_03,2019-20,0.6900592971713553,6773173,0.08897085605225202,0.3099407028286447,0.6010884411191033,2019
01_03,2020-21,0.4917971078950343,10828376,0.017936392308504988,0.5082028921049657,0.4738607155865293,2020
01_04,2017-18,0.6553403482223766,4546520,0.24286773180366522,0.3446596517776233,0.41247261641871147,2017
01_04,2018-19,0.37273960778765935,8369344,NA,0.6272603922123406,0.37273960778765935,2018
01_04,2019-20,0.3592402879215066,9407564,NA,0.6407597120784935,0.3592402879215066,2019
01_04,2020-21,0.082191947433155,1315506,NA,0.9178080525668451,0.082191947433155,2020
01_05,2017-18,0.3595477607136885,47192804,0.0943787107881956,0.6776434197415243,0.28056746589153897,2017
01_05,2018-19,0.4007710501196587,67812453,0.30170893537799026,0.5992289498803413,0.10726664881775383,2018
01_05,2019-20,0.35932881840663944,91771885,0.2835385368841449,0.6406711815933606,0.0757902815224946,2019
01_05,2020-21,0.3654557730406833,46075641,0.2719384848058869,0.6475091256784892,0.09542801741480277,2020
01_05,2021-22,0.35656508235696777,65073304,0.026872832521305512,0.7114794233865116,0.32969224983566225,2021
01_05,2022-23,0.3528895841574456,205559578,0.0533643341104738,0.6918867087272387,0.2995252500469717,2022
01_06,2017-18,0.47097100572807277,107711620,0.30711375430060384,0.5290289942719272,0.16385725142746901,2017
01_06,2018-19,0.6361555407044138,82055794,0.2728487521551495,0.3638444592955861,0.3633067885492644,2018
01_06,2019-20,0.2980958638730629,91354498,0.18859591347105864,0.7569702970427938,0.11809049942253982,2019
01_06,2020-21,0.3696201762193302,127363326,0.18536042314095974,0.7160416794479858,0.18425975307837045,2020
01_06,2021-22,0.305267142598379,187252914,0.04171943086557254,0.7130697323792247,0.26354771173280644,2021
01_06,2022-23,0.3414442699816673,184519462,0.07859910733969082,0.6585557300183327,0.2628451626419765,2022
01_07,2017-18,0.469833909864586,62440674,0.11549295576149611,0.5301660901354139,0.3543409541030899,2017
01_07,2018-19,0.5196703866594335,125296749,0.35421258216364415,0.48032961334056634,0.16545780449578942,2018
01_07,2019-20,0.4894996973361129,126111841,0.2629448094410104,0.510500302663887,0.22655488789510256,2019
01_07,2020-21,0.499589081854129,134521925,0.3296649969884091,0.500410918145871,0.16992408486571983,2020
01_07,2021-22,0.44665823506549285,154728223,0.11330056443548764,0.5533417649345072,0.3333576706300052,2021
01_07,2022-23,0.3903174593817997,160823472,0.056500222803298264,0.6096825406182003,0.33381723657850143,2022
01_08,2017-18,0.7402203718844491,94827251,0.03707012449406553,0.2597796281155509,0.7031502473903836,2017
01_08,2018-19,0.6858330702543478,84470829,0.10082227286627854,0.3141669297456522,0.6690893728532012,2018
01_08,2019-20,0.5817834356923721,105383626,0.017831189605586155,0.4182165643076278,0.5677240978593772,2019
01_08,2020-21,0.6512926376203558,81612200,0.059853355258159935,0.3487073623796442,0.5914392823621959,2020
01_08,2021-22,0.7800732061047491,88563379,0.036999570669045946,0.219926793895251,0.743073635435703,2021
01_08,2022-23,0.6522264479175983,124099759,0.04016178629323527,0.3477735520824017,0.612064661624363,2022
01_09,2017-18,0.3333177581672969,20459921,0.16519307361981012,0.6666822418327031,0.20990985253559874,2017
01_09,2018-19,0.6143032487739012,27557935,0.012256599492247772,0.38569675122609876,0.6047632741713049,2018
01_09,2019-20,0.7814903354764096,40231264,0.05947021699343078,0.2411024474767759,0.7220201184829788,2019
01_09,2020-21,0.8342052854166857,58259891,0.06374761325935197,0.16579471458331427,0.7704576721573337,2020
01_09,2021-22,0.7484826097529123,87358707,0.017551267099225724,0.2515173902470878,0.7309313426536865,2021
01_09,2022-23,0.7678241995197492,64889015,0.1327029235996262,0.23217580048025077,0.635121275920123,2022
01_10,2017-18,0.9352462000997279,156038503,0.07953426725710128,0.06475379990027205,0.8557119328426267,2017
01_10,2018-19,0.8851028267556275,267471193,0.05960049312674954,0.11489717324437253,0.8255023336288779,2018
01_10,2019-20,0.8912255968448611,286326039,0.05600676437255502,0.10877440315513881,0.8352188324723061,2019
01_10,2020-21,0.8986737079636906,298784347,0.07857284103306791,0.10132629203630938,0.8201008669306227,2020
01_10,2021-22,0.8980504862438424,256875438,0.07329788767114433,0.10194951375615757,0.8247525985726981,2021
01_10,2022-23,0.8712089870300865,299860752,0.11913434072892608,0.12879101296991344,0.7520746463011605,2022
01_11,2017-18,0.8810586939156054,29772609,0.005873818751079608,0.11894130608439456,0.8758140074321333,2017
01_11,2018-19,0.6649872227426031,65136044,0.06840159622537624,0.33501277725739687,0.6557026091421825,2018
01_11,2019-20,0.7141703244181196,61259402,0.07380168353585953,0.2858296755818805,0.64036864088226,2019
01_11,2020-21,0.8267482474428655,65619544,0.009875655338293725,0.17325175255713451,0.8168725921045717,2020
01_11,2021-22,0.5638522755224467,82500153,0.06488254633903527,0.4361477244775534,0.4989697291834113,2021
01_11,2022-23,0.5180128272395537,32743444,0.033892345983269685,0.48198717276044634,0.5063602961252335,2022
01_12,2017-18,0.5725288011441839,45752783,0.07704875570082807,0.427471198855816,0.4954800454433559,2017
01_12,2018-19,0.6602037321980476,60552628,0.07533202357460027,0.3397962678019524,0.5848717086234474,2018
01_12,2019-20,0.8352452312706801,56768372,0.1343669051790948,0.1647547687293199,0.7109885765263798,2019
01_12,2020-21,0.8200529158375355,100521890,0.0822768453716897,0.17994708416246452,0.7377760704658458,2020
01_12,2021-22,0.6787484185285667,64720581,0.04225921581266398,0.32125158147143335,0.6364892027159027,2021
01_12,2022-23,0.804756575913157,78059387,0.04677545059378957,0.195243424086843,0.7579811253193675,2022
01_13,2017-18,0.43658046267072464,27114791,0.04874217913020241,0.5634195373292754,0.38783828354052224,2017
01_13,2018-19,0.5229033179264739,31736297,0.0402492452096727,0.47709668207352607,0.4826540727168012,2018
01_13,2019-20,0.5650171426938835,65942378,0.01736995290039434,0.4349828573061166,0.5476471897934891,2019
01_13,2020-21,0.4618165889113336,82931289,0.02466604612886217,0.5381834110886664,0.4371505427824714,2020
01_13,2021-22,0.8121162313099812,41036275,0.11192290235894949,0.18788376869001877,0.7001933289510317,2021
01_13,2022-23,0.45469296727839603,43262213,0.04808637505436904,0.545307032721604,0.406606592224027,2022
01_14,2017-18,0.5862990282945233,89913973,0.06464793853564896,0.41370097170547676,0.5216510897588743,2017
01_14,2018-19,0.7216054994125899,111900533,0.06503483768035315,0.27839450058741005,0.6565706617322368,2018
01_14,2019-20,0.753835987006725,129543322,0.0494910266389494,0.24616401299327495,0.7043449603677756,2019
01_14,2020-21,0.6336379745895454,172934883,0.04227671059285361,0.36636202541045465,0.5913612639966919,2020
01_14,2021-22,0.7707327927078511,172926366,0.0851996450327303,0.22926720729214883,0.6855331476751209,2021
01_14,2022-23,0.7629058093762521,177962066,0.0699423213034625,0.23709419062374787,0.6929634880727896,2022
01_15,2017-18,0.5235639997983661,55089947,0.04031456047688701,0.4764360002016339,0.4832494393214791,2017
01_15,2018-19,0.48629711731653075,70475098,0.05592941495448506,0.5137028826834693,0.4303677023620457,2018
01_15,2019-20,0.6021384628200688,74125675,0.01838446665072527,0.3978615371799312,0.5837539961693435,2019
01_15,2020-21,0.5698983356423939,77479563,NA,0.43010166435760616,0.5698983356423939,2020
01_15,2021-22,0.7363874774434342,50166657,0.09178352249165903,0.26361252255656575,0.6472604901697955,2021
01_15,2022-23,0.5875187026547569,57912233,0.026797965120771632,0.4124812973452431,0.5607207375339852,2022
01_16,2017-18,0.5056088147949831,65312194,0.04547900614166376,0.494391185205017,0.4621196617587215,2017
01_16,2018-19,0.7467831744624751,40004190,0.24322314737531245,0.25321682553752495,0.5035600270871626,2018
01_16,2019-20,0.6016838412836858,42996689,0.050043178906171125,0.3983161587163142,0.5516406623775147,2019
01_16,2020-21,0.6461623523798805,87331507,0.21863356829511713,0.3538376476201195,0.42752878408476336,2020
01_16,2021-22,0.44525547939074,41387585,0.06523375267691493,0.55474452060926,0.3953708823551797,2021
01_16,2022-23,0.11920587835683608,31449741,0.0474034746422872,0.880794121643164,0.07180240371454888,2022
01_17,2017-18,0.36365724254087095,42722548,0.03286868564112796,0.636342757459129,0.33078855689974296,2017
01_17,2018-19,0.6195248520458007,21363030,0.5345588617345012,0.3804751479541994,0.08496599031129948,2018
01_17,2019-20,0.6921754005424732,29010469,0.9296875466790022,0.4586476622678934,0.386454179696302,2019
01_17,2020-21,0.27421242449615874,24396772,0.038102376822638666,0.7257875755038412,0.2361100476735201,2020
01_17,2021-22,0.2970233544857524,36441222,0.12232564539136476,0.7029766455142475,0.17469770909438767,2021
01_17,2022-23,0.512501960235661,52091951,0.053224479920131997,0.48749803976433903,0.45927748031552895,2022
01_18,2017-18,0.2598980634266169,25100314,0.06642291407191162,0.7401019365733831,0.19347514935470528,2017
01_18,2018-19,0.6797074950012788,18779303,0.1231797048058706,0.5142122709002311,0.5565277901954082,2018
01_18,2019-20,0.6071592185152934,21398397,0.31701070879281285,0.4449720378662485,0.29014850972248063,2019
01_18,2020-21,0.4441357811031042,21047023,0.056918691066190213,0.6242741770110845,0.387217090036914,2020
01_18,2021-22,0.43983202448651354,23397696,NA,0.5601679755134864,0.43983202448651354,2021
01_18,2022-23,0.459336956362937,39973176,0.023076375017086457,0.540663043637063,0.43626058134585055,2022
01_19,2017-18,0.5881834649887506,56433176,0.14805241512545742,0.41181653501124943,0.44013104986329316,2017
01_19,2018-19,0.4850296794039386,131489669,0.13506047383844277,0.5149703205960614,0.3499692055654958,2018
01_19,2019-20,0.5144765814218005,131779627,0.15544889195960465,0.4855234185781994,0.3590276894621959,2019
01_19,2020-21,0.604345744772016,79876343,0.16340286134531723,0.3956542552279841,0.4409428834266987,2020
01_19,2021-22,0.3950347684193006,94980303,0.09226340328688991,0.6049652315806994,0.30277136513241065,2021
01_19,2022-23,0.660327514768471,66078608,0.09852386720979352,0.3396724852315291,0.5618036475586774,2022
01_20,2017-18,0.2450301759247477,39112803,0.02735053276544767,0.7549698240752523,0.21767964315930005,2017
01_20,2018-19,0.46971689986348975,70325858,0.06908766047333542,0.5302831001365103,0.43673330695276397,2018
01_20,2019-20,0.3813955188412324,61612769,0.13282626528276956,0.6186044811587678,0.24856925355846285,2019
01_20,2020-21,0.5120071125924918,38263404,0.13346018561234124,0.48799288740750824,0.4490320022972889,2020
01_20,2021-22,0.38682806801828795,103489344,0.09593488195267717,0.613171931981712,0.29089318606561076,2021
01_20,2022-23,0.42242440034641204,62029021,0.11530428635976699,0.577575599653588,0.30712011398664507,2022
01_21,2017-18,0.6951596147026866,291920852,0.3100592108439037,0.3048403852973134,0.3851004038587829,2017
01_21,2018-19,0.802060764116691,319531379,0.5235195727052522,0.19793923588330897,0.2785411914114388,2018
01_21,2019-20,0.7676929261976531,384189205,0.4542078531331977,0.23230707380234694,0.31348507306445533,2019
01_21,2020-21,0.6936914033597094,377611240,0.3955602804619905,0.3063085966402907,0.2981311228977188,2020
01_21,2021-22,0.7439923525253188,409319956,0.19265496305291308,0.25600764747468113,0.5513373894724057,2021
01_21,2022-23,0.6216510766579565,514490091,0.12966541468337045,0.3783489233420435,0.49198566197458604,2022
01_22,2017-18,0.3879789654648324,29864601,0.1761865494201647,0.6120210345351675,0.21179241604466773,2017
01_22,2018-19,0.7883997062066543,100586349,0.5428135581300401,0.3475072084464031,0.24558614807661425,2018
01_22,2019-20,0.5820154422972939,119577286,0.38976002516063124,0.4179845577027062,0.19225541713666255,2019
01_22,2020-21,0.5479007261890498,119407887,0.24055055090288968,0.4520992738109503,0.3073501752861601,2020
01_22,2021-22,0.680623509669547,59730461,0.23023904565173237,0.319376490330453,0.4962909460886297,2021
01_22,2022-23,0.37509075800212827,56745685,0.07004696480446046,0.6249092419978717,0.3050437931976678,2022
02_01,2017-18,0.18520635284877066,110932658,0.0234510457688589,0.8294713111120211,0.16217027811593587,2017
02_01,2018-19,0.13417421416061892,103809954,0.003696617892219939,0.8658257858393811,0.1305778634676979,2018
02_01,2019-20,0.14006731395279395,114182271,0.03644294305549414,0.8808868848763562,0.10362437089729981,2019
02_01,2020-21,0.31668020907337,94937581,0.05788806647601438,0.68331979092663,0.2587921425973556,2020
02_01,2021-22,0.24785623164971604,169602280,0.10104432558335891,0.792443511392766,0.14681190606635713,2021
02_01,2022-23,0.20328657201080333,124671481,0.06273763604364338,0.8314536594914322,0.14054893596715998,2022
02_02,2017-18,0.20097822547553532,240251768,0.014193431450627243,0.7990217745244647,0.18678479402490808,2017
02_02,2018-19,0.20763986684251712,273902444,0.027926910356447933,0.7923601331574829,0.1797129564860692,2018
02_02,2019-20,0.2160660570936542,410400496,0.08714881036596019,0.7839339429063458,0.128917246727694,2019
02_02,2020-21,0.28336857777968355,373785604,0.13183958523988526,0.7166314222203164,0.1515289925397983,2020
02_02,2021-22,0.28370728760170083,388364021,0.1736450684240907,0.7162927123982992,0.11006221917761018,2021
02_02,2022-23,0.28172139119431716,355066229,0.07834031999703357,0.7182786088056828,0.2033810711972836,2022
02_03,2017-18,0.16363630735431856,4522676,0.08181815367715928,0.8363636926456814,0.08181815367715928,2017
02_03,2019-20,0.12591872243550054,21228392,0.039626411647194,0.8740812775644995,0.08629231078830653,2019
02_03,2020-21,0.11694233810880517,13334110,0.044209924771882035,0.8830576618911948,0.07273241333692312,2020
02_03,2022-23,0.06613496203442179,25446208,NA,0.9338650379655782,0.06613496203442179,2022
02_04,2017-18,0.19186351777156477,221798899,0.0767426397369087,0.8081364822284353,0.11512087803465607,2017
02_04,2018-19,0.3006604868367779,197303705,0.0488646221823356,0.6993395131632222,0.25179586465444226,2018
02_04,2019-20,0.22077891672932237,194089810,0.04492658836648869,0.7792210832706776,0.17585232836283368,2019
02_04,2020-21,0.11962467947568944,142486852,NA,0.8857920501895248,0.11962467947568944,2020
02_04,2021-22,0.2026929067446108,204456913,0.052757325940845055,0.8290996647087621,0.14993558080376573,2021
02_04,2022-23,0.25887547845234166,220750043,0.04341345473712999,0.8511210655718707,0.2154620237152117,2022
02_05,2017-18,0.1737941511552163,384824642,0.07647744397823672,0.8262058488447837,0.09731670717697959,2017
02_05,2018-19,0.09775447312734124,447680414,0.029637139765511387,0.9022455268726588,0.06811733336182985,2018
02_05,2019-20,0.18728320388028452,282437020,0.054126488092814465,0.8127167961197155,0.13315671578747007,2019
02_05,2020-21,0.16829527135900588,303349652,0.0808262506264553,0.8317047286409941,0.08746902073255057,2020
02_05,2021-22,0.11366036693024585,358098580,0.04995748935949425,0.8937942611912137,0.0637028775707516,2021
02_05,2022-23,0.21185003504256064,331354210,0.06523369357522273,0.7881499649574394,0.1466163414673379,2022
02_06,2017-18,0.3179621866379758,124929066,0.11647570470109814,0.6820378133620242,0.20148648193687768,2017
02_06,2018-19,0.42676500611894286,116935232,0.282602056153615,0.5732349938810571,0.1441629499653278,2018
02_06,2019-20,0.22886082063932536,138511349,0.16062110549511724,0.7711391793606747,0.06823971514420815,2019
02_06,2020-21,0.40607673383065435,113166747,0.20844069150454594,0.5939232661693457,0.1976360423261084,2020
02_06,2021-22,0.291140005337133,89868474,0.11019262439017269,0.708859994662867,0.18094738094696033,2021
02_06,2022-23,0.2594746086364397,117225528,0.1328704017438932,0.7405253913635603,0.12660420689254648,2022
02_07,2017-18,0.2785382599450733,96289788,0.13297597041131715,0.7214617400549267,0.14556228953375616,2017
02_07,2018-19,0.4160576789478977,129133146,0.32996614207788294,0.5839423210521023,0.08609153687001476,2018
02_07,2019-20,0.4241906447464288,163808259,0.28434271436826636,0.5758093552535712,0.13984793037816243,2019
02_07,2020-21,0.3466828187424657,148899747,0.17771191377511206,0.6533171812575344,0.16897090496735365,2020
02_07,2021-22,0.3767748602794308,161783087,0.28324033648832525,0.6232251397205691,0.09353452379110555,2021
02_07,2022-23,0.2788760712142651,206303498,0.13951106636107546,0.7211239287857348,0.13936500485318962,2022
02_08,2017-18,0.3754585097325276,72558438,0.21537496438388049,0.6550657749382125,0.16790758231892225,2017
02_08,2018-19,0.29021295891198373,114510493,0.1993098309340088,0.7204226059958528,0.09226523528899756,2018
02_08,2019-20,0.3107509736271204,76518000,0.2298678872944928,0.803424538189706,0.08088308633262761,2019
02_08,2020-21,0.2134115106069786,135669266,0.1424373077982157,0.7865884893930214,0.07097420280876289,2020
02_08,2021-22,0.28563064146419853,105914547,0.2503130660606989,0.7143693585358015,0.03720328694236928,2021
02_08,2022-23,0.3533635246727663,94815270,0.17705787264013487,0.6717180211323099,0.17630565203263146,2022
02_09,2017-18,0.29647231172793204,101697733,0.06876761943159539,0.7783464167968903,0.22770469229633664,2017
02_09,2018-19,0.40068519666129265,100316309,0.11828341890050999,0.5993148033387073,0.2824017777607826,2018
02_09,2019-20,0.31398454538081993,200596596,0.06996721918451697,0.6860154546191801,0.24401732619630295,2019
02_09,2020-21,0.40893243257012335,180977196,0.18259775115534446,0.5910675674298767,0.22633468141477892,2020
02_09,2021-22,0.5239606537458353,137121363,0.23981527954911008,0.47603934625416466,0.28414537419672525,2021
02_09,2022-23,0.5019608730692717,179342562,0.1497330009147522,0.6316131605785127,0.35222787215451956,2022
02_10,2017-18,0.31079823598286904,117217229,0.18378497925420162,0.7256700339565085,0.12701325672866742,2017
02_10,2018-19,0.33400906685935966,78281351,0.10818367199615653,0.7758169358657611,0.2258253948632031,2018
02_10,2019-20,0.2164622569035666,72908618,0.016381255373467084,0.7835377430964334,0.2008180980744965,2019
02_10,2020-21,0.33317101700652124,70531003,0.1879212606688721,0.6668289829934788,0.1598195295211764,2020
02_10,2021-22,0.2917384339927545,150730733,0.12052899656502035,0.7650507430743283,0.17120943742773412,2021
02_10,2022-23,0.26126562308110834,109552174,0.1468815488773413,0.8092296687412142,0.11438407420376706,2022
02_11,2017-18,0.2484664341857146,160241085,0.05860104479447328,0.7515335658142854,0.18986538939124134,2017
02_11,2018-19,0.2998343225301116,211084223,0.051088664262700485,0.7001656774698884,0.2487456582674111,2018
02_11,2019-20,0.40003610463742106,230934323,0.11321656590648935,0.5999638953625789,0.28681953873093174,2019
02_11,2020-21,0.342213073395835,263838091,0.16541787743605224,0.6577869266041649,0.17679519595978277,2020
02_11,2021-22,0.4262722697437783,273067073,0.31480437408870604,0.5737277302562217,0.11146789565507226,2021
02_11,2022-23,0.3696767465205871,291849666,0.16341087058156853,0.6303232534794129,0.20626587593901854,2022
02_12,2017-18,0.03999192304856236,30689797,0.028019181749556702,0.9600080769514376,0.011972741299005659,2017
02_12,2018-19,0.16693257358548502,8284854,NA,0.8330674264145149,0.16693257358548502,2018
02_12,2019-20,0.16666666666666666,5641392,NA,0.8333333333333334,0.16666666666666666,2019
02_12,2022-23,0.10286924372090525,39430007,0.028572553892775115,0.8971307562790948,0.07429668982813013,2022
03_01,2017-18,0.3102071428542639,163748154,0.07155547356505583,0.6897928571457361,0.25057370112398336,2017
03_01,2018-19,0.6879851073222267,269774453,0.05717903911383336,0.3120148926777733,0.6308060682083934,2018
03_01,2019-20,0.6789372995634304,371620060,0.0806074515998948,0.32106270043656954,0.5983298479635356,2019
03_01,2020-21,0.7164837222067667,216283310,0.22692102317095111,0.28351627779323335,0.48956269903581556,2020
03_01,2021-22,0.648651337192964,290823509,0.16045338342987947,0.351348662807036,0.48819795376308456,2021
03_01,2022-23,0.6617665887823106,231159387,0.16543334664579293,0.33823341121768935,0.4963332421365177,2022
03_02,2017-18,0.8215743250460124,173907225,0.3014421166228143,0.17842567495398767,0.5201322084231981,2017
03_02,2018-19,0.55272036486895,210698115,0.19861680774884957,0.44727963513104996,0.3541035571201005,2018
03_02,2019-20,0.5488422099430303,136367642,0.24356869791735491,0.45115779005696965,0.30527351202567543,2019
03_02,2020-21,0.5582939081135632,164714364,0.31967183505623104,0.44170609188643684,0.23862207305733216,2020
03_02,2021-22,0.7306717150273627,102948270,0.3415119943249168,0.2693282849726372,0.389159720702446,2021
03_02,2022-23,0.8190796298656745,135449745,0.28345442067831134,0.395649575719518,0.5356252091873632,2022
03_03,2017-18,0.8598898252733191,419225728,0.21640675879510907,0.14011017472668089,0.6434830664782101,2017
03_03,2018-19,0.8689333012640613,755647544,0.3325140272010201,0.13106669873593874,0.5364192740630412,2018
03_03,2019-20,0.7665193315928907,557754271,0.1966124164381343,0.23348066840710932,0.5699069151547563,2019
03_03,2020-21,0.8320799937538935,659213869,0.39678143209696337,0.16792000624610645,0.4352985616569302,2020
03_03,2021-22,0.8572377480425257,691052268,0.49424590557888165,0.14276225195747422,0.36299184246364413,2021
03_03,2022-23,0.9060541698615207,458998552,0.24098202819602796,0.09394583013847939,0.6650721416654927,2022
03_04,2017-18,0.645539570647132,458194680,0.24841556213616448,0.3544604293528681,0.3971240085109674,2017
03_04,2018-19,0.6641370099345554,441216122,0.24251532449668736,0.3358629900654446,0.42162168543786804,2018
03_04,2019-20,0.5535957835794472,317714797,0.34605970523935026,0.4464042164205528,0.20753607834009696,2019
03_04,2020-21,0.47864408326846114,358792652,0.15218126875128982,0.5213559167315389,0.32646281451717135,2020
03_04,2021-22,0.5566226547013988,355207648,0.22763741562231227,0.44337734529860123,0.3289852390790865,2021
03_04,2022-23,0.5834501180787929,412658775,0.1624385813678626,0.4165498819212072,0.4210115367109302,2022
03_05,2017-18,0.5341116864981091,83200621,0.23863801449270433,0.4658883135018908,0.29547367200540486,2017
03_05,2018-19,0.3169056250696867,70081514,0.18340830935815686,0.6830943749303133,0.13349731571152987,2018
03_05,2019-20,0.4852218898809012,172353263,0.3138136177903403,0.6441815855872247,0.1714082720905609,2019
03_05,2020-21,0.27561998372082724,109380251,0.10436052116940196,0.7243800162791727,0.1712594625514253,2020
03_05,2021-22,0.3844292300761619,88023226,0.12216485907935254,0.6183321871901536,0.263440874816995,2021
03_05,2022-23,0.4974041892076148,197675617,0.1315221897094167,0.5025958107923851,0.3658819994981981,2022
03_06,2017-18,0.8672326146562712,101788741,0.7021440121751776,0.13276738534372873,0.16508860248109367,2017
03_06,2018-19,0.7243048509361965,109483856,0.3422938720755323,0.27569514906380355,0.38201097886066415,2018
03_06,2019-20,0.6857431947856863,134500540,0.35227923248486587,0.31425680521431365,0.3334639623008205,2019
03_06,2020-21,0.7408979942325672,46111677,0.27614170267544164,0.2591020057674328,0.46475629155712556,2020
03_06,2021-22,0.5592819195118924,125265512,0.21511169011946402,0.4407180804881075,0.3441702293924285,2021
03_06,2022-23,0.5241399469635735,113198426,0.13801240487213134,0.4758600530364265,0.3861275420914422,2022
03_07,2017-18,0.7152841121094622,546932425,0.17582697350591345,0.28471588789053787,0.5394571386035487,2017
03_07,2018-19,0.717015603626387,742202403,0.1958692391891919,0.28298439637361295,0.5211463644371952,2018
03_07,2019-20,0.7813167130855834,789563521,0.213917309383902,0.2186832869144166,0.5673994037016814,2019
03_07,2020-21,0.8067195143263794,786481752,0.28884194887206993,0.19328048567362055,0.5178775654543095,2020
03_07,2021-22,0.7462719951595675,897942906,0.2765188681160982,0.25372800484043245,0.4697531270434693,2021
03_07,2022-23,0.8413834316156432,913057838,0.18118826334416724,0.15861656838435684,0.660195168271476,2022
03_08,2017-18,0.47769946858005624,81031208,0.2600795362695321,0.5223005314199438,0.23998649412976414,2017
03_08,2018-19,0.3872623127666554,153261229,0.14086462793535343,0.6127376872333445,0.24639768483130198,2018
03_08,2019-20,0.5158939051583258,157653923,0.06780390108021607,0.4841060948416742,0.4480900040781097,2019
03_08,2020-21,0.5570786916303009,104160315,0.09587012097649666,0.4429213083696992,0.46120857065380416,2020
03_08,2021-22,0.6187625081036724,157971588,0.05925136993621916,0.3812374918963276,0.5595111381674532,2021
03_08,2022-23,0.678654116472508,180117904,0.029051420673871488,0.3213458835274921,0.6496026957986364,2022
03_09,2017-18,0.6701271054554386,179035195,0.42476375106023145,0.3298728945445615,0.24536335439520704,2017
03_09,2018-19,0.4882150851949735,238719248,0.1302259506112385,0.5117849148050265,0.35798913458373494,2018
03_09,2019-20,0.4901459377589563,193978174,0.1916603308163938,0.5098540622410438,0.29848560694256254,2019
03_09,2020-21,0.6511921758540099,165769504,0.05979781419868398,0.3488078241459901,0.591394361655326,2020
03_09,2021-22,0.6608967828300584,138210697,0.09451887325057444,0.33910321716994163,0.6171722511463783,2021
03_09,2022-23,0.592620701403345,282227311,0.05333191868167571,0.40737929859665495,0.5392887827216694,2022
03_10,2017-18,0.4481351184497604,182206827,0.011534320829811717,0.5518648815502396,0.4366007976199487,2017
03_10,2018-19,0.7737650537919553,83168663,0.12291984301827721,0.22623494620804474,0.6508452107736781,2018
03_10,2019-20,0.6126730546505986,114491939,0.17229083699945025,0.38732694534940143,0.4403822176511483,2019
03_10,2020-21,0.530420421856966,269122402,0.10328965107854529,0.46957957814303397,0.42713077077842077,2020
03_10,2021-22,0.6797560708846634,154389278,0.09766670454926281,0.3202439291153366,0.5820893663354005,2021
03_10,2022-23,0.46670966921823065,188125271,0.023130943423332,0.5332903307817694,0.44357872579489865,2022
03_11,2017-18,0.7337573064763707,73792410,0.15594105138997358,0.26624269352362934,0.5778162550863971,2017
03_11,2018-19,0.7710252024598555,125677137,0.11079928563299465,0.22897479754014446,0.6602259168268608,2018
03_11,2019-20,0.6814652446231958,106323707,0.06762749534306586,0.31853475537680415,0.61383774928013,2019
03_11,2020-21,0.6639035650764604,169526883,0.14185232792842656,0.3360964349235395,0.5220512371480339,2020
03_11,2021-22,0.8551384304237301,93181684,0.10931466960824619,0.14486156957626994,0.7458237608154838,2021
03_11,2022-23,0.7662474421285466,96603760,0.05435911604268819,0.23375255787145344,0.7118883260858584,2022
03_12,2017-18,0.6290961465617745,223457611,0.030951301989888363,0.37090385343822546,0.5981448445718862,2017
03_12,2018-19,0.6914855698405482,225741026,0.041577697090824775,0.30851443015945185,0.6499078727497234,2018
03_12,2019-20,0.7648581041995989,377653143,0.14214608032535295,0.23514189580040115,0.6227120238742458,2019
03_12,2020-21,0.6294521670306512,200799744,0.06818677517835879,0.3705478329693488,0.5612653918522924,2020
03_12,2021-22,0.37493375158193526,381007211,0.11812171712414125,0.6250662484180647,0.25681203445779405,2021
03_12,2022-23,0.6959976530145812,264397041,0.2040628170267609,0.3040023469854188,0.4919348359878203,2022
03_13,2017-18,0.7445373994071695,107591291,0.0064033435568683714,0.2554626005928305,0.7381340558503011,2017
03_13,2018-19,0.6744224314449968,166342418,0.029398105779609385,0.3255775685550032,0.6450243256653874,2018
03_13,2019-20,0.5933222100888476,224811505,0.10381756040465989,0.40667778991115244,0.48950464968418766,2019
03_13,2020-21,0.5901511793585549,213364247,0.11450311072969971,0.4098488206414451,0.47564806862885517,2020
03_13,2021-22,0.23490521739836626,205141974,0.12475018398721269,0.7650947826016338,0.11015503341115358,2021
03_13,2022-23,0.6632129434327269,66138189,0.25369575813453255,0.3367870565672731,0.40951718529819436,2022
03_14,2017-18,0.6975561452213118,249258346,0.5581987332933679,0.3024438547786881,0.13935741192794407,2017
03_14,2018-19,0.5920144021506898,387425470,0.42873165773019517,0.4079855978493102,0.16328274442049462,2018
03_14,2019-20,0.7253048232956903,327284123,0.2373519322842312,0.2746951767043096,0.48795289101145917,2019
03_14,2020-21,0.7640902791750228,458774817,0.2987557640941743,0.2359097208249772,0.4653345150808485,2020
03_14,2021-22,0.7049294963700055,344389218,0.18705085302641503,0.2950705036299946,0.5178786433435904,2021
03_14,2022-23,0.6948947361194243,400191165,0.11840185927143095,0.3051052638805757,0.5764928768479933,2022
03_15,2017-18,0.6515141894322385,288972133,0.27653193465544307,0.34848581056776157,0.37498225477679537,2017
03_15,2018-19,0.805007070109498,433873054,0.2254913392247678,0.19499292989050201,0.5795157308847302,2018
03_15,2019-20,0.7481315398710454,526681161,0.2611401967346996,0.2518684601289546,0.48699134313634584,2019
03_15,2020-21,0.7452670013120375,459282612,0.1568630471035555,0.2547329986879625,0.588403954208482,2020
03_15,2021-22,0.8343002240479714,547580499,0.2658636881077096,0.16569977595202856,0.5684365359402618,2021
03_15,2022-23,0.7897797818330976,717728025,0.3502918657802167,0.21022021816690242,0.4394879160528809,2022
03_16,2017-18,0.2895339381356995,196878198,0.1627381260366879,0.7104660618643005,0.12679581209901158,2017
03_16,2018-19,0.4687410315362795,38792179,0.10387418556714743,0.6162688918504499,0.3648668459691321,2018
03_16,2019-20,0.5420611819875748,78600454,0.0400673894326361,0.4579388180124252,0.5019937925549387,2019
03_16,2020-21,0.5186859201090362,94270311,0.0667992492355308,0.48131407989096386,0.4518866708735054,2020
03_16,2021-22,0.7788330151945009,161456241,0.33580346392432114,0.2211669848054991,0.4430295512701798,2021
03_16,2022-23,0.7420617751372199,261638658,0.24024890083330117,0.25793822486278,0.5018128743039189,2022
03_17,2017-18,0.5940456568595033,55370037,0.4638585486226061,0.4059543431404967,0.13018710823689716,2017
03_17,2018-19,0.6625257290932233,75225154,0.44897646869556423,0.4722503624581023,0.21354926039765904,2018
03_17,2019-20,0.6935744512569992,134228318,0.40872940090033755,0.3064255487430007,0.2848450503566617,2019
03_17,2020-21,0.44876875456368326,62338627,0.19432081813415622,0.5512312454363167,0.25444793642952707,2020
03_17,2021-22,0.7556689837735961,115797562,0.24661167736847517,0.2443310162264038,0.509057306405121,2021
03_17,2022-23,0.503368177521913,115552698,0.10109774329977134,0.496631822478087,0.40227043422214165,2022
03_18,2017-18,0.9196038374280266,173001603,0.7878532085046633,0.08039616257197339,0.1317506289233632,2017
03_18,2018-19,0.6163842672921402,433977295,0.37782468780999245,0.38361573270785976,0.2385595794821478,2018
03_18,2019-20,0.778651795584971,355723238,0.5900924723956325,0.22134820441502898,0.18855932318933857,2019
03_18,2020-21,0.8868448146619289,366562194,0.5273926694142386,0.11315518533807117,0.3594521452476902,2020
03_18,2021-22,0.7751039702638273,355536272,0.16026807526406195,0.22489602973617273,0.6148358949997653,2021
03_18,2022-23,0.821515497613152,377188664,0.27874425727704266,0.178484502386848,0.5427712403361094,2022
03_19,2017-18,0.44749088231533757,296639454,0.15649053884787692,0.5525091176846624,0.2910003434674607,2017
03_19,2018-19,0.6579226661205984,237855467,0.11554616064385016,0.34207733387940165,0.5423765054767482,2018
03_19,2019-20,0.5522619327316611,313838135,0.07415700134720722,0.4477380672683388,0.478104931384454,2019
03_19,2020-21,0.3893942813543591,364179131,0.07038470032485195,0.610605718645641,0.31900958102950716,2020
03_19,2021-22,0.5229242100945835,442593876,0.07770679140621457,0.4770757899054166,0.44521741868836884,2021
03_19,2022-23,0.4363791131860787,510613387,0.03115998014364633,0.5636208868139213,0.40521913304243234,2022
03_20,2017-18,0.22756560931696806,103416905,0.01596452726950202,0.772434390683032,0.21160108204746603,2017
03_20,2018-19,0.3820697220068419,121213235,0.14236460234726017,0.6179302779931581,0.23970511965958172,2018
03_20,2019-20,0.2916228792027463,139527187,0.08602494795512505,0.7083771207972537,0.2055979312476213,2019
03_20,2020-21,0.7325906388174425,56590158,0.06086150174735331,0.2674093611825576,0.6717291370700891,2020
03_20,2021-22,0.8408092749572242,87923640,0.1066766230333503,0.15919072504277573,0.7341326519238739,2021
03_20,2022-23,0.8687085484288868,43176741,0.0846477098726231,0.15155257294952207,0.795377423228863,2022
03_21,2017-18,0.9590643242442689,32477490,0.9590643242442689,0.12280702726719336,NA,2017
03_21,2018-19,0.8867924739597731,55363669,0.6706689724627897,0.11320752604022685,0.2161235014969835,2018
03_21,2019-20,0.868891225450825,120024400,0.44248087888795945,0.32337752303277884,0.4264103465628655,2019
03_21,2020-21,0.9225545852734217,432939253,0.6358194621821459,0.07744541472657827,0.2867351230912758,2020
03_21,2021-22,0.9232359632779799,270380114,0.5272932868132455,0.07676403672202017,0.3959426764647344,2021
03_21,2022-23,0.8846770200630135,161750078,0.4774044993041673,0.1153229799369865,0.40727252075884623,2022
03_22,2017-18,0.8572767608918651,48764238,0.3929430210721226,0.14272323910813495,0.4643337398197425,2017
03_22,2018-19,0.8118073888633499,144511104,0.40769656704027396,0.1881926111366501,0.40411082182307595,2018
03_22,2019-20,0.7187848620506873,238176250,0.16408327866443442,0.28121513794931274,0.554701583386253,2019
03_22,2020-21,0.4213550489367984,240198897,0.04900035406906968,0.5786449510632016,0.3723546948677287,2020
03_22,2021-22,0.5529301894972998,265687902,0.021759458960987993,0.4470698105027003,0.5311707305363117,2021
03_22,2022-23,0.47886060987010665,201333954,0.094005062851942,0.5211393901298933,0.38485554701816466,2022
04_01,2017-18,0.9540406470293658,169846016,0.6253244114951746,0.0459593529706343,0.32871623553419116,2017
04_01,2018-19,0.9321404677851803,231413060,0.4602369632897988,0.06785953221481968,0.47190350449538154,2018
04_01,2019-20,0.970711766576866,157202619,0.7469508698197961,0.029288233423134,0.22376089675706992,2019
04_01,2020-21,0.9502749792491898,195479114,0.7525815468961047,0.049725020750810235,0.19769343235308504,2020
04_01,2021-22,0.9195551824588957,193064059,0.4478955246662456,0.08044481754110433,0.47165965779265007,2021
04_01,2022-23,0.9601889701076816,178530247,0.38635046530798783,0.039811029892318474,0.5738385047996937,2022
05_01,2017-18,0.24088002942513656,36393374,0.055301083103754,0.7591199705748635,0.18557894632138258,2017
05_01,2018-19,0.2553836334018347,90294549,0.06568852785689211,0.7446163665981653,0.20384928219753332,2018
05_01,2019-20,0.13306055367209968,106836411,0.06039983877781143,0.8669394463279003,0.07266071489428824,2019
05_01,2020-21,0.04796974186977863,94026960,0.02663095775934902,0.9713144958106198,0.02177102056623766,2020
05_01,2021-22,0.27050905195202885,66161420,0.13405932037129795,0.7294909480479712,0.1402728958548205,2021
05_01,2022-23,0.36118239300784405,39291572,0.15519010030955238,0.638817606992156,0.20599229269829164,2022
05_02,2017-18,0.0709048235723297,36847338,NA,0.9515884794773811,0.0709048235723297,2017
05_02,2018-19,0.1935517938650024,51036923,0.04245832494341909,0.8133887557448721,0.15145576076363382,2018
05_02,2019-20,0.2517271841836174,51895305,0.05589831295913956,0.7482728158163826,0.1958288712244778,2019
05_02,2020-21,0.22055508029718815,86091184,0.04197422816254914,0.7794449197028118,0.178580852134639,2020
05_02,2021-22,0.5068836480637579,72465137,0.2616901145167227,0.4931163519362421,0.2451935335470352,2021
05_02,2022-23,0.3070486753988594,71366955,0.07770958928609929,0.6929513246011407,0.23321207973634298,2022
05_03,2017-18,0.3905651391533853,12888224,NA,0.6094348608466147,0.3905651391533853,2017
05_03,2018-19,0.05509603924005723,13799776,NA,0.9449039607599428,0.05509603924005723,2018
05_03,2019-20,0.1998145320239262,43289414,NA,0.8001854679760738,0.1998145320239262,2019
05_03,2020-21,0.3104401408610894,32971490,0.12605287173858384,0.6895598591389106,0.18438726912250553,2020
05_03,2021-22,0.2185554177875335,81714657,0.1921223630663958,0.7814445822124665,0.026433054721137727,2021
05_03,2022-23,0.3643986126200661,24198130,0.026933072927536137,0.6356013873799339,0.33746553969252996,2022
05_04,2017-18,0.47345825702665406,40750583,0.21360570473310775,0.5419366051190494,0.26745003962318975,2017
05_04,2018-19,0.548823289070809,68317161,0.31605293141499247,0.5228925967953415,0.23277035765581652,2018
05_04,2019-20,0.3880622774193623,58138761,0.27113575743384005,0.7942379270415914,0.11692651998552223,2019
05_04,2020-21,0.42943939888868715,75202045,0.3156302863838344,0.6420709283471643,0.11380911250485276,2020
05_04,2021-22,0.402535479344114,151554380,0.20627686247009158,0.5974645206558861,0.1962586168740224,2021
05_04,2022-23,0.3372037297831121,63273277,0.09021980954139612,0.7516136317392701,0.24698392024171595,2022
05_05,2017-18,0.7781305755337226,140234893,0.24448199208167115,0.22186942446627744,0.5336485834520515,2017
05_05,2018-19,0.8404357262213842,296710259,0.4061716180834853,0.1595642737786158,0.43426410813789895,2018
05_05,2019-20,0.8130387531544756,395750003,0.2955095113416841,0.18696124684552434,0.5175292418127916,2019
05_05,2020-21,0.7594135143706998,287133651,0.29463049247404305,0.2405864856293002,0.46478302189665677,2020
05_05,2021-22,0.7789236863649728,331142567,0.35493849994827154,0.22107631363502717,0.4239851864167013,2021
05_05,2022-23,0.9064569928127792,327276158,0.25290706938694874,0.09354300718722076,0.6535499234258305,2022
05_06,2017-18,0.29825124390970964,36786834,0.07920589197754827,0.7017487560902903,0.21904535193216138,2017
05_06,2018-19,0.5529325587421359,62878587,0.223038742903049,0.613857931791969,0.32989381583908683,2018
05_06,2019-20,0.4150308771790434,111664022,0.21846587256188926,0.6740684683033568,0.19656500461715412,2019
05_06,2020-21,0.6068991090794339,164321159,0.43197569583841605,0.3931008909205661,0.17492341324101784,2020
05_06,2021-22,0.40438989651731116,115324313,0.13360181907175117,0.5956101034826888,0.27078807744556,2021
05_06,2022-23,0.625342574970193,98258784,0.1897105097494388,0.374657425029807,0.4356320652207542,2022
05_07,2017-18,0.30131909804144924,109064524,0.051774758413576254,0.734730268294715,0.2520846558684839,2017
05_07,2018-19,0.24722887043520952,146323364,0.043832863219301056,0.8228780837522786,0.20339600721590845,2018
05_07,2019-20,0.19745779309733907,155288462,0.027934412796232086,0.8535357776422765,0.16952338030110697,2019
05_07,2020-21,0.1845197715923927,215253426,0.016651586302742518,0.8524609937286988,0.16786818528965017,2020
05_07,2021-22,0.27238112208539506,135350162,0.0052309239097375684,0.7276188779146049,0.2713810863410714,2021
05_07,2022-23,0.2558797120891461,174220733,0.07938886493813965,0.7441202879108538,0.18518126657175757,2022
05_08,2017-18,0.174439789312965,158384117,0.011310225001917333,0.825560210687035,0.1631295643110477,2017
05_08,2018-19,0.34607087914866047,39120278,0.051085475415077575,0.6539291208513396,0.2949854037335829,2018
05_08,2019-20,0.18817036421318983,79450747,0.049870632430932336,0.8118296357868101,0.1382997317822575,2019
05_08,2020-21,0.1965821931945055,56807775,0.07354914006049348,0.8034178068054945,0.12303305313401203,2020
05_08,2021-22,0.10468752186238893,33233445,NA,0.8953124781376111,0.10468752186238893,2021
05_08,2022-23,0.18352811893454618,83564955,NA,0.8164718810654538,0.18352811893454618,2022
05_09,2017-18,0.5105430467411114,93735191,0.1621986880039536,0.6066105046747957,0.34834435873715774,2017
05_09,2018-19,0.4006692274463903,85406539,0.07029281446470978,0.7426262486691113,0.33037641298168047,2018
05_09,2019-20,0.21687316981311183,158794917,0.07207377822707926,0.7831268301868881,0.14537959045628646,2019
05_09,2020-21,0.1577033782391095,155968948,0.008929152499654428,0.8422966217608905,0.14907547494646178,2020
05_09,2021-22,0.0541356137551821,184250705,0.0033321012258813337,0.945864386244818,0.05080351252930077,2021
05_09,2022-23,0.16152678918196303,164483298,0.012861950275340418,0.8384732108180369,0.1486648389066226,2022
05_10,2017-18,0.5025405074511323,21280591,NA,0.4974594925488677,0.5025405074511323,2017
05_10,2018-19,0.3801867144553399,57466895,0.03895974248432966,0.7329979889999919,0.3472428778342731,2018
05_10,2019-20,0.25993341459029173,48274840,0.07591789225258481,0.7641226877471979,0.1864055686150384,2019
05_10,2020-21,0.5269259239176748,63755491,0.15923704516682335,0.47307407608232516,0.36768887875085143,2020
05_10,2021-22,0.4070051042580476,44926412,0.06378272540437906,0.5929948957419524,0.3432223788536685,2021
05_10,2022-23,0.3138943789395923,37006843,0.1316199817422956,0.6861056210604076,0.18227439719729674,2022
05_11,2017-18,0.7343016576171225,170659977,0.14077584224683212,0.2656983423828775,0.5935258153702904,2017
05_11,2018-19,0.58466660384266,212975910,0.13573084862039092,0.41533339615734005,0.44893575522226903,2018
05_11,2019-20,0.33852684955496004,407267365,0.07774866272430152,0.66147315044504,0.2607781868306585,2019
05_11,2020-21,0.6107400270223712,266564320,0.2022067356951598,0.38925997297762877,0.4085332913272114,2020
05_11,2021-22,0.6620715607781339,218028708,0.12965661384371457,0.33792843922186616,0.5324149469344193,2021
05_11,2022-23,0.4169375869268426,289210867,0.06648953477947978,0.5830624130731574,0.3504480521473628,2022
05_12,2017-18,0.5582236033363785,335775929,0.05778294190945415,0.44177639666362145,0.5004406614269243,2017
05_12,2018-19,0.6438626780275314,375423183,0.13896424451763278,0.3561373219724686,0.5048984335098986,2018
05_12,2019-20,0.649811639854371,380736327,0.11370796514512785,0.3501883601456291,0.536103674709243,2019
05_12,2020-21,0.6781297227461,475871178,0.1360126941749769,0.3218702772539,0.5421170285711231,2020
05_12,2021-22,0.6508118709915556,291121191,0.062215769789152865,0.3491881290084445,0.5885961012024027,2021
05_12,2022-23,0.6073499754809581,451589833,0.06754868416180662,0.3926500245190418,0.5398012913191516,2022
05_13,2017-18,0.33329807373386794,361263321,0.0834932506198159,0.6667019262661321,0.24980482311405203,2017
05_13,2018-19,0.6453317136370578,456989382,0.25630001617849407,0.35466828636294223,0.3890316974585637,2018
05_13,2019-20,0.7193494191150095,391288041,0.118188891952361,0.28065058088499056,0.6011605271626485,2019
05_13,2020-21,0.6617421493573293,335025661,0.16315326663887994,0.3382578506426706,0.4985888827184494,2020
05_13,2021-22,0.63091585389671,370707600,0.21777441034389367,0.36908414610329005,0.4131414435528163,2021
05_13,2022-23,0.7016061799928711,474283395,0.1586784922124461,0.2983938200071289,0.542927687780425,2022
06_01,2017-18,0.8054107369568132,21917458,0.452462233530914,0.19458926304318686,0.3529485034258991,2017
06_01,2018-19,0.9855537831000861,61559923,0.49862250477473796,0.02829650975412613,0.48693127832534816,2018
06_01,2019-20,0.7781006452011556,180608015,0.5916359082956535,0.34850897390040386,0.18646473690550222,2019
06_01,2020-21,0.9985804789964277,162330814,0.789706266119013,0.005538499048298812,0.20887421287741464,2020
06_01,2021-22,0.8793320168965226,81078458,0.6003024255838709,0.12066798310347737,0.27902959131265176,2021
06_01,2022-23,0.8621056783207893,103827350,0.3228797999756326,0.13789432167921073,0.5392258783451567,2022
06_02,2017-18,0.7192213760539178,185073373,0.3003239099122055,0.28077862394608216,0.41889746614171236,2017
06_02,2018-19,0.7797073306634028,330538693,0.4637051039588881,0.22029266933659716,0.3160022267045147,2018
06_02,2019-20,0.8025492230069503,192358220,0.36405856739576814,0.19745077699304975,0.4384906556111821,2019
06_02,2020-21,0.7744596314749234,161423262,0.4294676562786843,0.22554036852507664,0.3449919751962391,2020
06_02,2021-22,0.687540883100762,216400538,0.18018290693898367,0.312459116899238,0.5073579761617784,2021
06_02,2022-23,0.7904596454723496,195409300,0.23720760987322506,0.20954035452765044,0.5532520355991245,2022
06_03,2017-18,0.7148807839591265,178760340,0.5140427792876205,0.2851192160408735,0.200838004671506,2017
06_03,2018-19,0.7584427864408269,209406191,0.48699308035262434,0.24155721355917315,0.2714497060882025,2018
06_03,2019-20,0.6727809875680458,153614225,0.440466740629001,0.3272190124319541,0.23231424693904487,2019
06_03,2020-21,0.8167380322351735,197998376,0.2959279272068373,0.1832619677648265,0.5208101050283362,2020
06_03,2021-22,0.7715929559409853,426590066,0.2243128488603858,0.2284070440590147,0.5472801070805995,2021
06_03,2022-23,0.8575055493702803,216516909,0.25829499533452144,0.14249445062971963,0.599210554035759,2022
06_04,2017-18,0.8008700157208256,180771676,0.5394015100020426,0.19912998427917436,0.26146850571878305,2017
06_04,2018-19,0.7469550748100375,259399148,0.6352095921301947,0.25304492518996247,0.11174548267984288,2018
06_04,2019-20,0.6704604440884926,280846998,0.5214764659866509,0.32953955591150735,0.14898397810184177,2019
06_04,2020-21,0.6223641591274048,164094978,0.29262548181090586,0.37763584087259516,0.329738677316499,2020
06_04,2021-22,0.604533330955089,137131969,0.30824990925347245,0.395466669044911,0.2962834217016165,2021
06_04,2022-23,0.8666911298916884,199962733,0.1462872034260504,0.13330887010831163,0.720403926465638,2022
06_05,2017-18,0.28403197188935103,99248936,0.216816863406979,0.715968028110649,0.06721510848237203,2017
06_05,2018-19,0.4923545452501879,99335687,0.33704461116778706,0.5076454547498122,0.16460396459509413,2018
06_05,2019-20,0.32798647956699095,74366849,0.19695060631115352,0.6720135204330091,0.197207483467192,2019
06_05,2020-21,0.6562996694513412,130288836,0.3573890168149173,0.34370033054865884,0.2989106526364239,2020
06_05,2021-22,0.4744825466320803,224794121,0.034044048687554423,0.5255174533679197,0.4404384979445259,2021
06_05,2022-23,0.5969225523966746,152160706,0.08681918181951653,0.5921085301703444,0.510103370577158,2022
06_06,2017-18,0.7512943036052947,251980678,0.3666800396497068,0.2487056963947053,0.3846142639555879,2017
06_06,2018-19,0.6594328843467567,296610575,0.42395493485018193,0.3405671156532433,0.23547794949657477,2018
06_06,2019-20,0.6761629048429204,630296498,0.3788343291731251,0.32383709515707954,0.2973285756697953,2019
06_06,2020-21,0.6762177817085796,514588818,0.3250227466077586,0.3237822182914204,0.351195035100821,2020
06_06,2021-22,0.5365908075588659,345381336,0.13477285003032127,0.4634091924411341,0.4018179575285446,2021
06_06,2022-23,0.4387885072308224,315253421,0.13210551329750678,0.5612114927691776,0.30668299393331566,2022
06_07,2017-18,0.7838418984239071,224638469,0.36752288407022576,0.21615810157609291,0.41631901435368135,2017
06_07,2018-19,0.91434599995040855,248309209,0.5213431653273882,0.0856540000495914,0.3930028346230204,2018
06_07,2019-20,0.7757281584910266,386350504,0.42171316023441763,0.22427184150897342,0.354014998256609,2019
06_07,2020-21,0.7130246401268425,495167662,0.4051804578466192,0.2869753598731575,0.3078441822802233,2020
06_07,2021-22,0.7986032668700943,332033221,0.18159045296253654,0.2013967331299057,0.6170128139075578,2021
06_07,2022-23,0.7470307633412059,400147205,0.2082575536170495,0.2529692366587941,0.5387732097241564,2022
06_08,2017-18,0.40262391206050513,133605316,0.24109544413636955,0.5973760879394948,0.16152846792413558,2017
06_08,2018-19,0.645930376857303,318500130,0.5185055057905315,0.35406962314269697,0.1274248710667716,2018
06_08,2019-20,0.5554972384654856,394538433,0.38756812317952305,0.44450276153451446,0.16792911528596252,2019
06_08,2020-21,0.623725041948789,380523500,0.31850054990033466,0.37627495805121103,0.3052244920484543,2020
06_08,2021-22,0.6404041445386291,458303558,0.33974293518358417,0.35959585546137085,0.300661209355045,2021
06_08,2022-23,0.7031531568130936,469042229,0.2520274331205261,0.2968468431869063,0.45112572369256754,2022
06_09,2017-18,0.5951108720547792,140024644,0.3888076516016709,0.4261201349223762,0.20630322045310823,2017
06_09,2018-19,0.6127426495728955,302386170,0.29715551475122026,0.38725735042710446,0.3155871348216752,2018
06_09,2019-20,0.4599247798948859,316557388,0.259835442539095,0.5400752201051141,0.20008933735579093,2019
06_09,2020-21,0.282145196978602,363090200,0.16906197413204763,0.717854803021398,0.11308322284655438,2020
06_09,2021-22,0.3318192781729659,394630052,0.025939504475447298,0.668180721827034,0.3058797736975186,2021
06_09,2022-23,0.33230954935958074,555248973,0.08857126152667373,0.6676904506404193,0.243738287832907,2022
06_10,2017-18,0.42938824624695676,253362189,0.07115653314788814,0.5723793482936448,0.35823171309906865,2017
06_10,2018-19,0.33326158182848464,223581838,0.05340234299353063,0.6667384181715154,0.279859238834954,2018
06_10,2019-20,0.25338661558929343,52556083,0.12483533066952497,0.9519712625998453,0.12855128491976847,2019
06_10,2020-21,0.5116821267302987,141360134,0.029118365153785155,0.48831787326970133,0.4825637615765135,2020
06_10,2021-22,0.2868402574817935,216572672,0.0755064470922721,0.7131597425182066,0.21133381038952134,2021
06_10,2022-23,0.549125008284938,281157805,0.11182949731735173,0.45087499171506196,0.43729551096758634,2022
06_11,2017-18,0.5270020458383531,326146491,0.05875491697379629,0.47299795416164697,0.46824712886455677,2017
06_11,2018-19,0.5366971270404607,174452335,0.09950766781080918,0.46330287295953937,0.43718945922965147,2018
06_11,2019-20,0.23374803910480277,211217943,0.08786981098608344,0.7662519608951972,0.2134862377672147,2019
06_11,2020-21,0.3989452520487697,224258127,0.13513692192747156,0.6010547479512304,0.2638083301212981,2020
06_11,2021-22,0.7845927737549527,141347324,0.175078843374495,0.21540722624504727,0.6095139303804578,2021
06_11,2022-23,0.6209387085343306,243217646,0.1589829711615579,0.3790612914656694,0.4619557373727727,2022
06_12,2017-18,0.5685955128766886,210340063,0.12930529549190065,0.43140448712331136,0.43929021738478796,2017
06_12,2018-19,0.5127361693809347,464798663,0.07816739137220798,0.48726383061906525,0.4345687780087268,2018
06_12,2019-20,0.4846163583748278,329452715,0.13409267851989018,0.5153836416251723,0.3505236798549376,2019
06_12,2020-21,0.5774013141318411,301337345,0.17173148253496426,0.4225986858681588,0.4056698315968769,2020
06_12,2021-22,0.6056702200465951,313851982,0.1226832908769077,0.39432977995340485,0.4829869291696874,2021
06_12,2022-23,0.7591960460752801,186720601,0.12787226943426558,0.24080395392471984,0.6313237766410146,2022
06_13,2017-18,0.25876586444056054,222149340,0.02387380489179036,0.7412341355594394,0.2348920595487702,2017
06_13,2018-19,0.5675487532301234,310423124,0.10576953023641371,0.43245124676987656,0.4617792229937097,2018
06_13,2019-20,0.46206683067776844,346704579,0.08243469723542358,0.5379331693222316,0.37963213344234487,2019
06_13,2020-21,0.4284843989450677,451992223,0.1578586364305653,0.5715156010549323,0.2706257625145024,2020
06_13,2021-22,0.5065978588841349,294348293,0.19579494894505808,0.49340214111586506,0.31080290993907683,2021
06_13,2022-23,0.46164289681169574,334170178,0.14531456484426328,0.5383571031883042,0.3163283319674325,2022
06_14,2017-18,0.5326616201855822,152756476,0.3862492153851467,0.46733837981441784,0.14641240480043544,2017
06_14,2018-19,0.6492301306509554,294316562,0.5760320718886354,0.35076986934904464,0.07319805876232001,2018
06_14,2019-20,0.5554162274225516,233751946,0.44826691624633574,0.4445837725774484,0.10714931117621583,2019
06_14,2020-21,0.5833165157876218,189335990,0.3483285454603744,0.4166834842123782,0.23498797032724736,2020
06_14,2021-22,0.5828973651502916,177158188,0.3925721175247062,0.41710263484970844,0.19032524762558534,2021
06_14,2022-23,0.7454316597231702,191697848,0.385599294781859,0.25456834027682984,0.35983236494131116,2022
06_15,2017-18,0.328198290490627,103202125,0.14674231756371295,0.671801709509373,0.18145597292691407,2017
06_15,2018-19,0.6418020990411915,206499616,0.43482424684024595,0.35819790095880855,0.2069778522009455,2018
06_15,2019-20,0.5365780765750591,262550656,0.4491724675028045,0.46342192342494093,0.08740560907225461,2019
06_15,2020-21,0.5320748994388651,120911026,0.455610929974244,0.6930896089720107,0.07646396946462103,2020
06_15,2021-22,0.43820176522532395,176011411,0.24349489477133957,0.561798234774676,0.19470687045398438,2021
06_15,2022-23,0.49849973976774875,165932546,0.19116560171384342,0.5015002602322512,0.30733413805390536,2022
06_16,2017-18,0.45666404251116666,52471484,0.37229040444139144,0.5433359574888333,0.0843736380697752,2017
06_16,2018-19,0.6224014982848014,47390723,0.2740531306095499,0.432252989074943,0.34834836767525157,2018
06_16,2019-20,0.42192422049429756,50603286,0.29542290988770964,0.5780757795057024,0.12650131060658787,2019
06_16,2020-21,0.5364020774641896,118536243,0.4317754612823354,0.4635979225358105,0.10462661618185419,2020
06_16,2021-22,0.690433246003069,154765744,0.5637144224887388,0.309566753996931,0.12671882351433014,2021
06_16,2022-23,0.32533213868735306,106905869,0.215943233200789,0.9606739709066883,0.10938890548656408,2022
06_17,2017-18,0.4599189799813942,153224107,0.19669975299643938,0.5400810200186058,0.2632192269849548,2017
06_17,2018-19,0.5008613213694147,150506541,0.17525689464885116,0.6220142185468857,0.3256044267205636,2018
06_17,2019-20,0.6999523352923788,150020851,0.4212782261847055,0.30004766470762123,0.2786741091076733,2019
06_17,2020-21,0.6683890369685569,166307249,0.34466161484037294,0.3316109630314431,0.32372742212818395,2020
06_17,2021-22,0.516405480303915,82977150,0.38629016542505984,0.483594519696085,0.1301153148788552,2021
06_17,2022-23,0.801566294252602,35662903,0.33073656398639223,0.2636399840997647,0.47082973026620967,2022
06_18,2017-18,0.8852188142895967,339848920,0.5804724493460212,0.11478118571040331,0.30474636494357554,2017
06_18,2018-19,0.8608376951230758,310334002,0.593732384503584,0.1391623048769242,0.26710531061949183,2018
06_18,2019-20,0.9189830317303801,251953269,0.7042632377990697,0.08101696826961988,0.21471979393131033,2019
06_18,2020-21,0.9312242688041231,193963245,0.6836763583739796,0.06877573119587682,0.2475479104301436,2020
06_18,2021-22,0.8798499945068043,345427350,0.31580002567833726,0.1201500054931956,0.5640499688284671,2021
06_18,2022-23,0.657024585248161,373278152,0.15653530667929366,0.34297541475183896,0.5004892785688674,2022
06_19,2017-18,0.4456058645987838,113545568,0.10555055746429487,0.5760058510316429,0.34005530713448895,2017
06_19,2018-19,0.30381866108819183,84270584,0.2155993128040978,0.6961813389118082,0.088219348284094,2018
06_19,2019-20,0.5919790115295492,108735127,0.4337851741323666,0.40802098847045076,0.1581938373971826,2019
06_19,2020-21,0.3444066364122915,123838177,0.17105440755963325,0.7017109762592739,0.17335222885265825,2020
06_19,2021-22,0.37938657970517375,145056694,0.07839355347035891,0.6206134202948262,0.3055749085250764,2021
06_19,2022-23,0.397887808809623,170266310,0.0010988992505232748,0.602112191190377,0.3969515695735698,2022
06_20,2017-18,0.8838108751133686,338353990,0.5174900346232063,0.1161891248866313,0.3663208404901624,2017
06_20,2018-19,0.9737517815129847,331033933,0.739812232481919,0.02624821848701535,0.23393954903106565,2018
06_20,2019-20,0.8679075108241744,170508385,0.687217435083911,0.13209248917582558,0.18069007574026344,2019
06_20,2020-21,0.9745039340451078,323888635,0.8317856876947843,0.07152771253798673,0.14271824635032346,2020
06_20,2021-22,0.9612534820393075,366138888,0.33124120647900146,0.038746517960692554,0.6300122755603059,2021
06_20,2022-23,0.8886500713018364,394149736,0.22357741728894626,0.11134992869816358,0.6650726540128902,2022
06_21,2017-18,0.3294815870542313,169302948,0.16965895360546232,0.6705184129457686,0.159822633448769,2017
06_21,2018-19,0.4642003162893549,52967954,0.4392176461193115,0.5607823538806885,1,2018
06_21,2019-20,0.6844843530791108,49181114,0.6652382253887134,0.34900621442668955,0.021289017622896325,2019
06_21,2020-21,0.5900433066359687,133762641,0.5159240688138028,0.4099566933640313,0.07411923782216591,2020
06_21,2021-22,0.4620699237965141,96221320,0.11050236059950123,0.5379300762034859,0.3515675631970129,2021
06_21,2022-23,0.31445060410285586,185617977,NA,0.6855493958971441,0.31445060410285586,2022
07_01,2017-18,0.9041062513021045,2147475386,0.2591906732103518,0.09589374869789544,0.6449155780917528,2017
07_01,2018-19,0.9277678100742598,3900249768,0.29372990017187023,0.07223218992574017,0.6340379099023896,2018
07_01,2019-20,0.8965558123331431,2104199742,0.2874104097290589,0.10344418766685697,0.6091454026040841,2019
07_01,2020-21,0.9197261906099861,671956064,0.29898181854937467,0.08027380939001393,0.6207443720606114,2020
07_01,2021-22,0.8607929772297834,782245614,0.193635866138586,0.13920702277021652,0.6671571110911975,2021
07_01,2022-23,0.8891783237317281,1127667350,0.1313052115945363,0.11082167626827186,0.7578731121371919,2022
07_02,2017-18,0.38619369731486686,39749947,0.09829336376222086,0.6138063026851331,0.287900333552646,2017
07_02,2018-19,1,142962906,0.29284906953416295,NA,0.7071509304658371,2018
07_02,2019-20,0.8907841899144494,319523913,0.2021615796874646,0.10921581008555062,0.6886226102269848,2019
07_02,2020-21,0.7848417833033502,397192435,0.1464475525572384,0.21515821669664983,0.6383942307461118,2020
07_02,2021-22,0.9979919192460537,154198978,0.26158838095541725,0.004849839846461103,0.7364035382906364,2021
07_02,2022-23,1,142369020,0.13766047557256486,NA,0.8623395244274351,2022
07_03,2017-18,0.9890150083791922,118516795,0.07180748700103358,0.01876732174442021,0.9469842565351181,2017
07_03,2018-19,0.9887841006493624,491778575,0.23789894262880404,0.049439358395194914,0.7508851580205583,2018
07_03,2019-20,0.9014405425003276,362662122,0.17365088654061314,0.09855945749967238,0.7277896559597145,2019
07_03,2020-21,0.9999173445840123,596077092,0.2193130163103131,2.2397840657045512e-4,0.7806043282736992,2020
07_03,2021-22,0.9651452201723982,473676927,0.35963872903608834,0.03485477982760178,0.6055064911363098,2021
07_03,2022-23,0.9166046677218443,585450824,0.07269883012411646,0.08339533227815561,0.843905837597728,2022
07_04,2017-18,0.997086749301487,219700282,0.4112577151812668,0.003965079113934833,0.5858290341202202,2017
07_04,2018-19,0.9419676496652915,190783312,0.2023815059883225,0.05803235033470852,0.739586143676969,2018
07_04,2019-20,0.9344156914032629,606854686,0.17834179334325845,0.06558430859673711,0.7560738980600045,2019
07_04,2020-21,0.8993544321256025,381583579,0.2023921501087446,0.10064556787439745,0.696962282016858,2020
07_04,2021-22,0.9013000069634634,263805510,0.23837993376256622,0.09869999303653665,0.6629200732008971,2021
07_04,2022-23,0.8716003006570278,311167847,0.2023426347131553,0.1283996993429723,0.6692576659438724,2022
07_05,2017-18,1,24941548,0.9010989213660676,NA,0.12104427953400564,2017
07_05,2018-19,1,39445383,0.1595268069776379,NA,0.8404731930223621,2018
07_05,2019-20,1,56706206,0.4500601574367363,NA,0.5499398425632637,2019
07_05,2020-21,1,4468413,NA,NA,1,2020
07_05,2021-22,0.9911734256975688,114790174,0.16072300752850152,0.04090218594919381,0.8304504181690673,2021
07_05,2022-23,1,2744104,1,NA,NA,2022
07_06,2019-20,0.252290749010565,21655035,0.13683565969761766,0.747709250989435,0.27272725289402316,2019
07_06,2020-21,1,69171789,0.48207826459425535,NA,0.5179217354057447,2020
07_06,2021-22,0.9936147019722806,106303887,0.40701736522578896,0.01422269705107563,0.5865973367464917,2021
07_06,2022-23,0.9026253388387888,208643468,0.12978866896518418,0.09737466116121114,0.7728366698736047,2022
07_07,2017-18,0.8673892581928905,202911873,0.030483060988747562,0.13261074180710952,0.8369061972041429,2017
07_07,2018-19,0.9843937418961939,246068018,0.15997688492780887,0.023890053872424495,0.8244168569683851,2018
07_07,2019-20,0.9937739210350981,450937583,0.5547084683779839,0.00622607896490189,0.43906545265711416,2019
07_07,2020-21,0.9725512590010931,681348773,0.22188338189023202,0.027448740998906884,0.7506678771108611,2020
07_07,2021-22,0.9525252107617982,482418782,0.3117181370438434,0.04747478923820176,0.6408070737179549,2021
07_07,2022-23,0.9266341998279143,549631789,0.17159308993315886,0.07336580017208576,0.7550411098947554,2022
07_08,2017-18,1,1922012,NA,NA,1,2017
07_08,2018-19,0.958397799436689,29551706,0.0044499863511138025,0.10425696845814057,0.9566220982301327,2018
07_08,2019-20,0.9578267831602928,187075414,0.2737780337078393,0.04217321683970722,0.6840487494524534,2019
07_08,2020-21,0.9763933352952736,228172089,0.3069632719188542,0.0904416609962737,0.6694300633764194,2020
07_08,2021-22,0.8494253337216167,430613400,0.2311246491632634,0.15057466627838334,0.6183006845583533,2021
07_08,2022-23,0.7883068430385654,144586223,0.26348522154839055,0.21169315696143473,0.52482162149017475,2022
07_09,2017-18,0.9715020526602351,400249143,0.22644823252001317,0.07197599188012543,0.745053820140222,2017
07_09,2018-19,0.9393305782570657,612913704,0.22330180922174322,0.060669421742934306,0.7160287690353224,2018
07_09,2019-20,0.9267492955278944,809475273,0.09384309259808607,0.10286136674541414,0.8329062029298083,2019
07_09,2020-21,0.9375789520310951,656411232,0.1598499871495191,0.06242104796890496,0.777728964881576,2020
07_09,2021-22,0.9132313304439272,492859764,0.20246338672515374,0.08676866955607275,0.7107679437187735,2021
07_09,2022-23,0.955684136086968,313826670,0.24521045645993056,0.044315863913031994,0.7104736796270374,2022
08_01,2017-18,0.24116127426807804,385003037,0.01064130047368951,0.7588387257319219,0.23051997379438854,2017
08_01,2018-19,0.5460458155012308,492705032,0.1098049654179298,0.45395418449876923,0.4362408500833009,2018
08_01,2019-20,0.7184067488403599,624254446,0.15505020528119715,0.2815932511596401,0.5633565435591628,2019
08_01,2020-21,0.5505196218827034,610504312,0.18361271951179928,0.4494803781172966,0.3669069023709041,2020
08_01,2021-22,0.5452245494665593,571670051,0.15869019173089408,0.45477545053344065,0.38653435773566525,2021
08_01,2022-23,0.6344468211075845,329517553,0.2515651783806491,0.3655531788924155,0.3828816427269354,2022
08_02,2017-18,0.3387290259370594,345213575,0.02437039447246534,0.6612709740629406,0.31435863146459403,2017
08_02,2018-19,0.5401355175275554,590073044,0.07418380053978538,0.45986448247244455,0.4659517169877701,2018
08_02,2019-20,0.4967267135460123,553315460,0.07476197032340286,0.5032732864539877,0.4219647432226094,2019
08_02,2020-21,0.4936374357100949,419073958,0.0037230087665367072,0.5063625642899051,0.49111053090061013,2020
08_02,2021-22,0.66826484794998,423739372,0.0868119755461383,0.33173515205002,0.5814528724038417,2021
08_02,2022-23,0.3742846857159562,406656216,0.01625787025962982,0.6257153142840438,0.35802681545632636,2022
08_03,2017-18,0.5029851725973558,252436660,0.015338211238519747,0.49701482740264424,0.49069342384739206,2017
08_03,2018-19,0.7541878197597424,484199086,0.10181530991159285,0.2458121802402576,0.6523725098481495,2018
08_03,2019-20,0.6431776667661783,618189453,0.12466245845187526,0.3568223332338218,0.518515208314303,2019
08_03,2020-21,0.5024876734736167,589140020,0.08813633981273246,0.49751232652638333,0.4143513336608842,2020
08_03,2021-22,0.6384651105760143,609171622,0.08264380214349512,0.36153488942398565,0.5558213084325192,2021
08_03,2022-23,0.4814280947314414,702791249,0.07903311841038589,0.5185719052685587,0.4023949763210555,2022
08_04,2017-18,0.3334147592411023,297784010,0.021036754122560175,0.6665852407588977,0.31237800511854213,2017
08_04,2018-19,0.5473544630605858,359165671,0.3294587471863367,0.45264553693941423,0.21789571587424902,2018
08_04,2019-20,0.3817916690437465,628326958,0.32801385230394653,0.6182083309562535,0.053777816739799984,2019
08_04,2020-21,0.5426696618829737,542213038,0.5256936315131544,0.4573303381170262,0.016976030369819324,2020
08_04,2021-22,0.3599986143647647,719265774,0.25565833749792743,0.6400013856352353,0.10434027686683726,2021
08_04,2022-23,0.5072764163402104,593776565,0.054191269741337804,0.4927235836597896,0.4530851465988726,2022
08_05,2017-18,0.49248423245592127,154344582,0.0805789800901466,0.5368626823185523,0.41190525236577463,2017
08_05,2018-19,0.5008931631147123,499891333,0.27952241772513386,0.4991068368852876,0.2213707453895785,2018
08_05,2019-20,0.49655932104599626,307482626,0.37406045829724377,0.5034406789540037,0.1224988627487525,2019
08_05,2020-21,0.4659273997615165,584218136,0.33251570095044086,0.5340726002384836,0.1334116988110756,2020
08_05,2021-22,0.46425368114901944,390915511,0.33052384304085597,0.5357463188509806,0.13372983810816347,2021
08_05,2022-23,0.40614072820593927,499808475,0.13903639389067982,0.5938592717940607,0.2671043343152595,2022
08_06,2017-18,0.5322028659359324,546946630,0.043868936535910286,0.4677971340640677,0.48833392940002207,2017
08_06,2018-19,0.46033333675693666,722046264,0.06082223285348929,0.5396666632430633,0.3995111039034474,2018
08_06,2019-20,0.4943258486354199,861059423,0.029736802497079228,0.50567415136458,0.4645890461383407,2019
08_06,2020-21,0.36259049652312997,1047828930,0.019379982188504757,0.63740950347687,0.34321051433462524,2020
08_06,2021-22,0.3417457097048579,903769874,0.016055519681993737,0.6582542902951422,0.32569019002286415,2021
08_06,2022-23,0.34786769529655703,1328704146,0.07163954390189733,0.652132304703443,0.27622815139465967,2022
08_07,2017-18,0.3106023153193344,238380422,0.0766132253931491,0.7741495780517672,0.2339890899261853,2017
08_07,2018-19,0.2894712691959638,501598806,0.05292942423790379,0.7105287308040362,0.23654184495805997,2018
08_07,2019-20,0.21558956869637766,686074901,0.02355723548032841,0.7844104313036223,0.19203233321604926,2019
08_07,2020-21,0.26286510202284624,626494235,0.008544305279999904,0.7371348979771538,0.2543207967428463,2020
08_07,2021-22,0.37949351612890614,609255018,0.014533991084830097,0.6205064838710939,0.364959525044076,2021
08_07,2022-23,0.3004693255650399,659314606,0.006030919023808188,0.6995306744349601,0.2944384065412317,2022
08_08,2017-18,0.2924380370327476,94116700,NA,0.7075619629672524,0.2924380370327476,2017
08_08,2018-19,0.5263877557699157,93870696,0.06759615375601348,0.4736122442300843,0.4587916020139022,2018
08_08,2019-20,0.06361622406864559,459889351,0.13185053330782154,0.9693891397688709,0.05912703118885656,2019
08_08,2020-21,0.496118281878435,168080726,0.01642788712673556,0.7332551803338487,0.48482928970689954,2020
08_08,2021-22,0.24848071950313466,228370930,NA,0.801760487366782,0.24848071950313466,2021
08_08,2022-23,0.6426453154111614,281513500,0.01591155663937964,0.35735468458883857,0.6267337587717818,2022
08_09,2017-18,0.26152294494789124,228121089,0.2372683789879681,0.8124914455230531,0.026685497162700137,2017
08_09,2018-19,0.26576623172585173,469736325,0.26129389078010945,0.7342337682741482,0.0044723409457422736,2018
08_09,2019-20,0.29018262825347907,246958174,0.2381085389787503,0.7098173717465209,0.052074089274728765,2019
08_09,2020-21,0.3489310312566787,209852207,0.19703890462300452,0.6510689687433213,0.15189212663367416,2020
08_09,2021-22,0.3307887739019626,177033266,0.27909531985926306,0.6692112260980374,0.051693454042699524,2021
08_09,2022-23,0.3937029411253025,218771434,0.11011095717368657,0.6062970588746975,0.2835919839516159,2022
08_10,2017-18,0.11921727267305235,161261062,0.07948972207562419,0.8807827273269476,0.03972755059742816,2017
08_10,2018-19,0.4766458213073241,174709869,0.3293075962411717,0.5233541786926759,0.14733822506615238,2018
08_10,2019-20,0.431822860716904,179509996,0.33097052155245993,0.5681771392830959,0.10085233916444408,2019
08_10,2020-21,0.5210798668990213,230046092,0.45576785107916545,0.47892013310097875,0.0653120158198558,2020
08_10,2021-22,0.6535188269699093,153967474,0.5774550539161277,0.34648117303009074,0.07606377305378148,2021
08_10,2022-23,0.26063637771112697,320670659,0.13308635137709934,0.739363622288873,0.12755002633402765,2022
08_11,2017-18,0.43569367831631645,232822421,0.08791985716873892,0.5643063216836836,0.34777382114757754,2017
08_11,2018-19,0.3579367629529224,348343590,0.18724588846316936,0.6420632370470776,0.17069087448975306,2018
08_11,2019-20,0.48136823999963324,317385985,0.4420362228659845,0.5186317600003667,0.0393320171336488,2019
08_11,2020-21,0.283562056451851,444029302,0.1348839203409148,0.7164379435481489,0.14867813611093622,2020
08_11,2021-22,0.4382723292432483,352223569,0.12697217033764144,0.5617276707567517,0.3113001589056069,2021
08_11,2022-23,0.33363572415741727,557479438,0.07675437170114963,0.6663642758425827,0.25688135245626764,2022
08_12,2017-18,0.7143777801520228,1363436907,0.1399075036187208,0.28562221984797714,0.5744702765333021,2017
08_12,2018-19,0.6999441496234888,1918939615,0.3769011949862737,0.3000558503765112,0.3230429546372151,2018
08_12,2019-20,0.7269864305678239,2537557545,0.6225066147219135,0.2730135694321762,0.1044798158459102,2019
08_12,2020-21,0.7686075064268828,2579938112,0.6599216590045087,0.23139249357311714,0.10868584742237414,2020
08_12,2021-22,0.6439383664558492,2337366932,0.41028265176124257,0.35606163354415077,0.23365571469460664,2021
08_12,2022-23,0.6519279849869056,2022703069,0.18752742002192513,0.3480720150130943,0.46440056496498056,2022
08_13,2017-18,0.5094955073108901,326334065,0.23612887915945888,0.49050449268910984,0.27336662815143126,2017
08_13,2018-19,0.4022798348523469,622969071,0.25147618765169805,0.597720165147653,0.1508036472006489,2018
08_13,2019-20,0.29091878139659966,622492371,0.2810400804092746,0.7090812186034003,0.050291576954806405,2019
08_13,2020-21,0.3429253715301059,831834608,0.3341677123392779,0.6570746284698941,0.010964923070930253,2020
08_13,2021-22,0.3345769087498621,852840114,0.13578024074979195,0.6654230912501379,0.19879666800007018,2021
08_13,2022-23,0.3727807493695824,1062962467,0.0931413949915129,0.6272192506304176,0.27963935437806947,2022
08_14,2017-18,0.34373766931626615,758245666,0.045224007914078865,0.6562623306837339,0.29851366140218727,2017
08_14,2018-19,0.33354387087544346,593292446,0.0435708480266071,0.6664561291245565,0.28997302284883636,2018
08_14,2019-20,0.31685310814008305,868818225,0.04623914283105652,0.683146891859917,0.27061396530902654,2019
08_14,2020-21,0.2975239864181336,1034279060,0.031247600623375282,0.7024760135818664,0.2662763857947583,2020
08_14,2021-22,0.35957270109416406,1155197435,0.03144172060942985,0.6404272989058359,0.3281309804847342,2021
08_14,2022-23,0.27056962278592017,931466583,0.011814075996755323,0.7294303772140799,0.25875554678916485,2022
08_15,2017-18,0.3990202775511763,868817287,0.08576866864298477,0.6009797224488237,0.31325160890819154,2017
08_15,2018-19,0.46889302500972124,1053276235,0.19006154069354844,0.5311069749902788,0.2788314843161728,2018
08_15,2019-20,0.7090531492640417,902403502,0.12170972824970265,0.2909468507359583,0.5873434210143391,2019
08_15,2020-21,0.6389322152607888,806730241,0.16105104828963515,0.36106778473921125,0.4778811669711536,2020
08_15,2021-22,0.6528063480129582,925004539,0.1269162647860261,0.3471936519870418,0.5258900832269321,2021
08_15,2022-23,0.5634101374397431,1083179193,0.10986473408006094,0.4365898625602569,0.45354540335968213,2022
08_16,2017-18,0.06485626059752868,117497323,NA,0.9351437394024713,0.06485626059752868,2017
08_16,2018-19,0.2665523313968521,52366460,0.05157721182604285,0.7334476686031479,0.21497511957080925,2018
08_16,2019-20,0.21229679019515915,173081769,0.13195611607135815,0.9283263012044105,0.08034067412380098,2019
08_16,2020-21,0.22575518056246371,316779406,0.0031154487359572863,0.7742448194375363,0.22263973182650643,2020
08_16,2021-22,0.5362901258948003,227766198,0.07930654242921746,0.6368748008021972,0.5147268428302957,2021
08_16,2022-23,0.29224471848377626,205092052,0.017133148571577002,0.7077552815162238,0.27897527204028366,2022
08_17,2017-18,0.35561790536548504,749820338,0.13336601040554863,0.644382094634515,0.22225189495993639,2017
08_17,2018-19,0.3525813384958255,727264248,0.07586298261151427,0.6474186615041745,0.27671835588431126,2018
08_17,2019-20,0.3923693271011241,754669146,0.04680404941319809,0.6076306728988758,0.34556527768792605,2019
08_17,2020-21,0.39521650644773004,623271207,0.1574619233132648,0.6047834935522699,0.23775458313446526,2020
08_17,2021-22,0.35246781840281793,703110690,0.1530123400627005,0.6475321815971821,0.1994554783401174,2021
08_17,2022-23,0.2909055265840156,871642770,0.0238154226874388,0.739498081436789,0.2670901038965768,2022
08_18,2017-18,0.18279902408302853,359439594,0.029965251963866842,0.8266167478618186,0.1528337721191617,2017
08_18,2018-19,0.28982187557058536,514416918,0.0795357725773708,0.7101781244294146,0.21028610299321454,2018
08_18,2019-20,0.22501738816516834,259206475,0.01018036208376907,0.7749826118348316,0.2151310263372086,2019
08_18,2020-21,0.38559284748500433,576587788,0.059710543158434014,0.6144071525149957,0.3258823043265703,2020
08_18,2021-22,0.49026893301270574,510981633,0.2564806688462714,0.5097310669872942,0.23378826416643433,2021
08_18,2022-23,0.4066840228408394,623928209,0.04093427037212225,0.5933159771591606,0.3657497524687171,2022
08_19,2017-18,0.5894914825458362,76772999,0.4409683930674637,0.6708227520323132,0.14852308947837248,2017
08_19,2018-19,0.37378834271510936,357163185,0.1946736279664434,0.6262116572848907,0.17911471474866594,2018
08_19,2019-20,0.41994026086888153,263537144,0.23543197007553515,0.5800597391311184,0.18450829079334638,2019
08_19,2020-21,0.5191451744423833,24628791,0.08058775601287128,0.6008947307060035,0.438557418429512,2020
08_19,2021-22,0.23978508602403564,258087636,0.04478108745976502,0.7602149139759643,0.19500399856427061,2021
08_19,2022-23,0.7897976338505307,93487078,0.0613437146904204,0.37507013763218405,0.76283307303711,2022
08_20,2017-18,0.35458208520079965,295651028,0.0390808483845353,0.6454179147992004,0.31550123681626435,2017
08_20,2018-19,0.26353797705972587,232113704,0.08739177243925245,0.7364620229402742,0.17614620462047342,2018
08_20,2019-20,0.5437643109202774,289244152,0.07887509511341823,0.4562356890797225,0.46488921580685927,2019
08_20,2020-21,0.46508699256970737,295858199,0.14688083056978252,0.5349130074302927,0.31820616199992485,2020
08_20,2021-22,0.2627998001784145,422196630,0.038638977293589484,0.7372001998215855,0.22416082288482503,2021
08_20,2022-23,0.38137648981087763,435446042,0.12679124317313234,0.7289729436313683,0.2545852466377453,2022
08_21,2017-18,0.4894188752906266,639482445,0.11798227862220674,0.5105811247093733,0.3714365966684199,2017
08_21,2018-19,0.5414257567041834,920871181,0.1927762391339294,0.45857424329581664,0.3486495175702539,2018
08_21,2019-20,0.7809657252552343,469898408,0.10830223114950413,0.2190342747447657,0.6726634941057302,2019
08_21,2020-21,0.5763393180432352,561512987,0.13379233916098188,0.42366068195676476,0.44254697888225336,2020
08_21,2021-22,0.5265495804829017,592969991,0.07261810319841296,0.4734504195170983,0.45393147728448874,2021
08_21,2022-23,0.3356325353698167,686283172,0.08431667329298874,0.6643674646301833,0.25131586207682793,2022
08_22,2017-18,0.46375485819515017,209482116,0.17565646988213543,0.5362451418048497,0.2880983883130147,2017
08_22,2018-19,0.387576495989891,355604425,0.2173899748294752,0.612423504010109,0.17018652116041583,2018
08_22,2019-20,0.3172428675353271,343779130,0.2878287637763235,0.8038545051401191,0.029414103759003638,2019
08_22,2020-21,0.3728791742685221,432270017,0.3434132652323189,0.6271208257314779,0.034921175985443094,2020
08_22,2021-22,0.22148103576144498,515409067,0.13721373861667047,0.778518964238555,0.08426729714477452,2021
08_22,2022-23,0.31437872414234386,746015557,0.07136858407364285,0.6856212758576561,0.243010140068701,2022
08_23,2017-18,0.4434877970673254,201149352,0.35922033196507636,0.5565122029326747,0.084267465102249,2017
08_23,2018-19,0.398941459922908,145380608,0.3259052335233046,0.601058540077092,0.07303622639960344,2018
08_23,2019-20,0.2461460264063705,188300395,0.18768378048277595,0.7538539735936295,0.06152778233680347,2019
08_23,2020-21,0.28301484079316064,285057069,0.1896863992522143,0.7169851592068394,0.09332844154094631,2020
08_23,2021-22,0.20076295758552276,202852954,0.07411926079222884,0.8528978838828248,0.12664369679329393,2021
08_23,2022-23,0.1940753481652443,164025706,0.04911791899087198,0.8785795145526432,0.14901927628343817,2022
08_24,2017-18,0.4433934238624598,660183181,0.07664639066289694,0.5566065761375403,0.3667470331995628,2017
08_24,2018-19,0.19934930475662188,461268471,0.02515273366689743,0.8006506952433782,0.17419657108972444,2018
08_24,2019-20,0.21642318066507116,854218649,0.029202715287476706,0.7835768193349288,0.18722046537759443,2019
08_24,2020-21,0.28246958508688247,853263575,0.07290386912391052,0.7175304149131175,0.20956571596297194,2020
08_24,2021-22,0.2526711408126534,1304809160,0.03706614000165358,0.7473288591873466,0.21560500081099981,2021
08_24,2022-23,0.48193328114083334,719915697,0.0822649266390423,0.5180667188591667,0.39966835450179106,2022
08_25,2017-18,0.4683439443546931,223342465,0.21969454398204122,0.5316560556453068,0.2866817110892179,2017
08_25,2018-19,0.3666629895790447,155793586,0.1207790223148211,0.6333370104209554,0.24588396726422357,2018
08_25,2019-20,0.3566615661079917,460929900,0.18054002788710388,0.6433384338920083,0.17612153822088783,2019
08_25,2020-21,0.569533231679295,399739489,0.37722364227067895,0.7318843482431691,0.19230958940861606,2020
08_25,2021-22,0.2214355224897746,267936478,0.14336493592335717,0.9003828475502801,0.07807058656641744,2021
08_25,2022-23,0.2619434105583639,255552548,0.02439211054158615,0.7380565894416361,0.23755130001677777,2022
08_26,2017-18,0.056840326802680766,260665426,0.018610960703319357,0.9431596731973192,0.03822936609936141,2017
08_26,2018-19,0.15893250598523231,266685973,0.033279065637246696,0.8795575829836103,0.12565344034798562,2018
08_26,2019-20,0.27334757365669543,217318567,0.08224652521291473,0.7554613918721439,0.1911010484437807,2019
08_26,2020-21,0.1872670554675931,545996127,0.09338702873253166,0.812732944532407,0.09388002673506143,2020
08_26,2021-22,0.2329823748480983,306202978,0.05068300152195123,0.7670176251519016,0.18229937332614707,2021
08_26,2022-23,0.33687966217250753,489304878,0.06669146470270831,0.7557388124234596,0.27018819746979916,2022
08_27,2017-18,0.17363921235983354,411976552,0.05406590712958829,0.8263607876401665,0.11957330523024524,2017
08_27,2018-19,0.3072080027425016,478905825,0.12439647189507456,0.6927919972574984,0.18281153084742705,2018
08_27,2019-20,0.14328781275222485,605938735,0.02843870016000875,0.9325105835300963,0.11484911259221611,2019
08_27,2020-21,0.07309682581108284,1134000746,0.04940382816996842,0.9274160840155949,0.02370610836470669,2020
08_27,2021-22,0.20546144398875588,712402985,0.06049302418349637,0.7945385560112441,0.1449684198052595,2021
08_27,2022-23,0.14763037782358002,515349836,0.008863336477320622,0.85236962217642,0.1387670413462594,2022
08_28,2017-18,0.2709035255462397,270477831,0.14245025131098452,0.7290964744537604,0.12845327423525515,2017
08_28,2018-19,0.3171546492705382,268599534,0.1483470295223967,0.6828453507294618,0.16880761974814149,2018
08_28,2019-20,0.48853263016344856,257987537,0.11648504943089558,0.5114673698365515,0.372047580732553,2019
08_28,2020-21,0.26406215597404936,673200487,0.10520311611123359,0.7359378440259507,0.1588590398628158,2020
08_28,2021-22,0.40418403919899926,517734442,0.1536593850945694,0.5958159608010007,0.25052465410442987,2021
08_28,2022-23,0.23788708034402492,548216548,0.06982528918481315,0.762112919655975,0.16806179115921177,2022
08_29,2017-18,0.7728192059289325,334849349,0.5900116771617196,0.22718079407106748,0.18280752876721287,2017
08_29,2018-19,0.34167963621831615,1077429946,0.2736398065549962,0.6583203637816839,0.06803982966331994,2018
08_29,2019-20,0.6903639878619795,441238340,0.609818018080659,0.30963601213802044,0.08054596978132045,2019
08_29,2020-21,0.70033562688221,480807136,0.654038999121677,0.29966437311779,0.046296627760533074,2020
08_29,2021-22,0.8156002854326085,406480537,0.7078117666430853,0.18439971456739146,0.10778851878952325,2021
08_29,2022-23,0.8162419315761074,584683894,0.40451756141584433,0.18375806842389267,0.41172437016026303,2022
08_30,2017-18,0.2685466847752092,156466117,0.25534316800358764,0.7314533152247908,0.11486108078676974,2017
08_30,2018-19,0.3577515329923127,264001650,0.3311336311723809,0.6422484670076872,0.026617901819931806,2018
08_30,2019-20,0.3484556914674055,231568558,0.3045907380914813,0.6515443085325945,0.04386495337592421,2019
08_30,2020-21,0.2943991562706546,284785164,0.288278163254319,0.7056008437293454,0.008794106492490385,2020
08_30,2021-22,0.5071704135372628,283255490,0.46928236059961276,0.4928295864627372,0.03788805293765003,2021
08_30,2022-23,0.31436184207001533,243949229,0.12035944577631766,0.6856381579299847,0.19400239629369764,2022
08_31,2017-18,0.1490581913590222,257544303,0.14305883520164683,0.874038948944817,0.0059993561573753774,2017
08_31,2018-19,0.18957969998274496,320966939,0.1378555596344457,0.8889653002508632,0.05172414034829924,2018
08_31,2019-20,0.39364617258610857,310930888,0.28399026731625326,0.6063538274138914,0.10965590526985534,2019
08_31,2020-21,0.45113822555598576,302239392,0.4054432818604929,0.5488617744440142,0.04569494369549287,2020
08_31,2021-22,0.3198267393679852,229621695,0.23756854943519165,0.6801732606320148,0.08225818993279359,2021
08_31,2022-23,0.2835086400850951,307027821,0.10018782630125235,0.7164913599149049,0.18332081378384274,2022
08_32,2017-18,0.17526355217257733,742223060,0.08303327169597775,0.8247364478274226,0.09223028047659958,2017
08_32,2018-19,0.34756803334263686,537222538,0.2213161559502554,0.6524319666573631,0.12625187739238147,2018
08_32,2019-20,0.3264374836774149,959349415,0.152487398973397,0.6735625163225851,0.17395008470401788,2019
08_32,2020-21,0.2503617818564139,793044192,0.07578023218156296,0.7496382181435861,0.1745815496748509,2020
08_32,2021-22,0.27236533052632406,1035480248,0.15106502736496427,0.7276346694736759,0.12130030316135977,2021
08_32,2022-23,0.40253911221514943,1184211309,0.07521270175608498,0.5974608877848505,0.32732641045906447,2022
08_33,2017-18,0.14677667810428927,244103467,0.030412525849131015,0.8532233218957107,0.11636415225515825,2017
08_33,2018-19,0.22443716520037624,182698458,0.08928632555836898,0.8750041289615823,0.13515083964200728,2018
08_33,2019-20,0.18474437463447552,377360145,0.1184598998921839,0.8353004012567304,0.06628447474229161,2019
08_33,2020-21,0.2959541103950813,226143590,0.045378213019436016,0.7466000780965363,0.2505758973756453,2020
08_33,2021-22,0.12990998461983552,452532222,0.037727806264368065,0.8700900153801645,0.09218217835546746,2021
08_33,2022-23,0.21580488771382011,246642018,NA,0.7841951122861799,0.21580488771382011,2022
09_01,2017-18,0.6156396873278532,644244785,0.23453683059304858,0.3843603126721468,0.3811028567348046,2017
09_01,2018-19,0.6825779471729866,621528795,0.23577542533648824,0.3174220528270134,0.4468025218364983,2018
09_01,2019-20,0.5809810294015123,659073988,0.31123543901720485,0.41901897059848764,0.2697455903843075,2019
09_01,2020-21,0.6561712501875758,1027857607,0.3090643867755118,0.3438287498124242,0.34710686341206404,2020
09_01,2021-22,0.6718677548351775,751833310,0.24572879193128594,0.3281322451648225,0.4261389629038916,2021
09_01,2022-23,0.586033202242274,761178531,0.04156869999792467,0.41396679775772605,0.5444645022443493,2022
09_02,2017-18,0.5197815018805171,497254989,0.16696129518370706,0.4802184981194829,0.35282020669681,2017
09_02,2018-19,0.706964167718196,550057574,0.17858025712777478,0.293035832281804,0.5283839105904212,2018
09_02,2019-20,0.43025998596777043,918196209,0.1830819909211801,0.5697400140322296,0.2471779950465903,2019
09_02,2020-21,0.4312412699351157,891871235,0.2500617905902078,0.5687587300648843,0.1811794793449079,2020
09_02,2021-22,0.4893840513335956,1081407358,0.18476076061616736,0.5106159486664044,0.3046232907174282,2021
09_02,2022-23,0.5774703315318951,1082543928,0.14910998235260528,0.42252966846810486,0.42836034917928983,2022
09_03,2017-18,0.5305671052283265,527163805,0.09550970215035913,0.4694328947716735,0.43505740307796736,2017
09_03,2018-19,0.5949521156249197,730674462,0.20055607198708966,0.40504788437508027,0.39439604363783004,2018
09_03,2019-20,0.599275231518491,494009893,0.062416677149418946,0.40072476848150895,0.5368585543690721,2019
09_03,2020-21,0.527079442460839,514513455,0.046267616072353246,0.47292055753916096,0.4808118263884858,2020
09_03,2021-22,0.7519542738737711,436120040,0.1847353104892864,0.2480457261262289,0.5672189633844847,2021
09_03,2022-23,0.5616694910209241,545850435,0.02743499691449362,0.4383305089790759,0.5342344941064304,2022
09_04,2017-18,0.6605208339834876,312425850,0.12556259349218382,0.3394791660165124,0.5349582404913038,2017
09_04,2018-19,0.5381380852655626,740450964,0.1290416795243716,0.46186191473443744,0.409096405741191,2018
09_04,2019-20,0.6152795261557872,478943910,0.061886900284419524,0.38472047384421276,0.5533926258713676,2019
09_04,2020-21,0.5112503744078926,747837467,0.0578557439406817,0.48874962559210744,0.45339463046721085,2020
09_04,2021-22,0.5809760862950486,587621200,0.06736376938068266,0.4190239137049514,0.5136123169143659,2021
09_04,2022-23,0.6673779940117847,774242694,0.073836313139301,0.3326220059882154,0.5935416808724836,2022
09_05,2017-18,0.4686098161701514,338091776,0.06109733352401923,0.5313901838298486,0.40751248264613216,2017
09_05,2018-19,0.6572406483714143,387546882,0.07129866161586097,0.3427593516285857,0.5859419867555533,2018
09_05,2019-20,0.627955174203545,440161192,0.10104420109803774,0.37204482579645504,0.5269109731055073,2019
09_05,2020-21,0.45960622738264323,326358041,0.03605188633915105,0.5403937726173568,0.42355434104349216,2020
09_05,2021-22,0.866469892521773,424540870,0.08773605942815353,0.133530107478227,0.7787338330936194,2021
09_05,2022-23,0.6287494170768598,425330516,0.04751899344085624,0.37125058292314017,0.5812304236360036,2022
09_06,2017-18,0.3724644651060034,223911038,0.09393120673220227,0.6275355348939966,0.2785332583738011,2017
09_06,2018-19,0.3020430356210108,310928010,0.17975322969455212,0.6979569643789892,0.12228980592645866,2018
09_06,2019-20,0.3262946392039778,209114168,0.05728000998651259,0.6737053607960222,0.2764928342875362,2019
09_06,2020-21,0.46096417394782374,510434555,0.03243602371877908,0.5390358260521763,0.4380007717149949,2020
09_06,2021-22,0.4528157872312052,280739589,0.03337796208986681,0.5471842127687948,0.43239047414862464,2021
09_06,2022-23,0.6835078030025459,87217452,0.04118719033459622,0.3561121407041467,0.646902973042597,2022
09_07,2017-18,0.6348627857458669,306216109,0.6026068504449581,0.3651372142541332,0.03225593530090868,2017
09_07,2018-19,0.864762276079938,517523247,0.8277382561715145,0.1352377239200619,0.03702401990842355,2018
09_07,2019-20,0.8084004052560567,548110747,0.8014956656195613,0.19159959474394322,0.006904739636495396,2019
09_07,2020-21,0.7335770398484102,938986797,0.6162013426052465,0.26642296015158984,0.11737569724316368,2020
09_07,2021-22,0.8160625896715592,741805714,0.4290566680644361,0.1839374103284408,0.3870059216071231,2021
09_07,2022-23,0.548393381599579,1338929082,0.10781387001048051,0.451606618400421,0.44057951158909847,2022
09_08,2017-18,0.5776024554157545,123680236,0.5776024554157545,0.42239754458424544,NA,2017
09_08,2018-19,0.5614371379432763,127648679,0.5614371379432763,0.7470939794204604,NA,2018
09_08,2019-20,0.476238190710592,131494364,0.4395823459019126,0.5237618092894081,0.03843224559936425,2019
09_08,2020-21,0.604114398493221,122008600,0.604114398493221,0.39588560150677904,NA,2020
09_08,2021-22,0.36017642588639026,239390040,0.17653320079649096,0.6398235741136098,0.1836432250898993,2021
09_08,2022-23,0.5648104246990863,642225540,0.016794462892273015,0.43518957530091373,0.5480159618068132,2022
09_09,2017-18,0.8344982532771259,1097342932,0.7489636721877568,0.16550174672287404,0.08553458108936907,2017
09_09,2018-19,0.8049613012118753,1076420917,0.7392376229716093,0.19503869878812471,0.06572367824026593,2018
09_09,2019-20,0.9770160819639001,1050094199,0.8721546351481178,0.02298391803609992,0.10486144681578229,2019
09_09,2020-21,0.9339801462721994,985650866,0.8048023325127378,0.06601985372780061,0.12917781375946155,2020
09_09,2021-22,0.7887188195278105,1252261945,0.36843433903120004,0.21128118047218947,0.42028448049661044,2021
09_09,2022-23,0.8645445978638794,1381387350,0.16768160574222718,0.13545540213612062,0.6968629921216521,2022
09_10,2017-18,0.7091617948685467,274634909,0.6869307390197799,0.29083820513145325,0.022231055848766845,2017
09_10,2018-19,0.7589445126909636,298263482,0.7182848854423285,0.24105548730903636,0.04065962724863515,2018
09_10,2019-20,0.8764940767267425,441757266,0.7935993428572151,0.12350592327325749,0.08289473386952734,2019
09_10,2020-21,0.76579591130906,526496483,0.6964792412487967,0.23420408869094003,0.06931667006026325,2020
09_10,2021-22,0.8296626263270286,357757465,0.48049083755666705,0.17033737367297144,0.3491717887703615,2021
09_10,2022-23,0.9117887744026094,455200398,0.22996556123397766,0.08821122559739063,0.6818232131686317,2022
09_11,2017-18,0.4809126821611874,493319207,0.3101186429175461,0.5190873178388127,0.17079403924364128,2017
09_11,2018-19,0.40363648426325527,817728109,0.19004584688918894,0.5963635157367447,0.21359063737406636,2018
09_11,2019-20,0.3022643675926924,1061290891,0.11558839243820476,0.6977356324073076,0.18667597515448758,2019
09_11,2020-21,0.362567175050373,566455474,0.0931957292728007,0.637432824949627,0.26937144577757227,2020
09_11,2021-22,0.49306637708107787,719003551,0.13636689952870623,0.5069336229189222,0.35669947755237164,2021
09_11,2022-23,0.33267255959988806,710871679,0.0412373609274143,0.6673274404001119,0.29143519867247375,2022
09_12,2017-18,0.4313348396291025,591105690,0.13938381476246658,0.5686651603708974,0.29195102486663593,2017
09_12,2018-19,0.4440490643025366,731119167,0.1833887074116332,0.5559509356974633,0.2606603568909034,2018
09_12,2019-20,0.42580848233478513,661185504,0.23311857877634293,0.5741915176652149,0.1926899035584422,2019
09_12,2020-21,0.393636089650551,960627046,0.2547144170246483,0.606363910349449,0.13892167262590271,2020
09_12,2021-22,0.5844579964937808,889769816,0.2003643928959712,0.41554200350621917,0.38409360359780964,2021
09_12,2022-23,0.5169149874523905,882640235,0.05793197043640323,0.4830850125476095,0.45898301701598726,2022
09_13,2017-18,0.5012018510687987,393852460,0.28394244890586695,0.4987981489312013,0.21725940216293177,2017
09_13,2018-19,0.4566924567606822,195425551,0.21529251822347426,0.5433075432393177,0.24139993853720795,2018
09_13,2019-20,0.3189036762873172,216245911,0.16000483819553007,0.6810963237126828,0.1588988380917871,2019
09_13,2020-21,0.491754387176406,227499343,0.2388494590070091,0.5082456128235939,0.25290492816939697,2020
09_13,2021-22,0.47269255841686864,379385065,0.2143238374446817,0.5273074415831314,0.25836872097218694,2021
09_13,2022-23,0.42416850778154547,576019642,0.04572986245493344,0.5758314922184546,0.378438645326612,2022
09_14,2017-18,0.31506574067542636,218005518,0.10185253659496821,0.7329655503592465,0.21321320408045819,2017
09_14,2018-19,0.4563465046270039,474415206,0.14657976414019072,0.5436534953729962,0.30976674048681313,2018
09_14,2019-20,0.5146700102346942,678582076,0.1375596236644482,0.48532998976530584,0.3771103865702459,2019
09_14,2020-21,0.736632932029522,604998158,0.2841563692826979,0.26336706797047804,0.4524765627468241,2020
09_14,2021-22,0.699808983716511,450632786,0.26123440783112484,0.300191016283489,0.4385745758853862,2021
09_14,2022-23,0.7533068043563996,488896099,0.2694613196330699,0.24669319564360034,0.4838454847233297,2022
09_15,2017-18,0.5903422822901514,749633818,0.10000983039962053,0.40965771770984855,0.49033245189053093,2017
09_15,2018-19,0.7060661254963164,885647190,0.12727518505422006,0.2939338745036836,0.5787909404420963,2018
09_15,2019-20,0.7929451328669819,626675445,0.29600644876072973,0.2070548671330181,0.49693868410625214,2019
09_15,2020-21,0.6627492097419498,910677531,0.3766335704180232,0.3372507902580502,0.28611563932392664,2020
09_15,2021-22,0.6968019004374898,1172623468,0.2408802106628144,0.3031980995625102,0.4559216897746754,2021
09_15,2022-23,0.898273064286767,676876036,0.28675259083924787,0.10172693571323302,0.6115204734475191,2022
09_16,2017-18,0.7063274095054831,690384287,0.11055377915922933,0.2936725904945169,0.5957736303462539,2017
09_16,2018-19,0.3986267207146327,544401862,0.1354582710813726,0.6013732792853673,0.2631684496332601,2018
09_16,2019-20,0.6165810498201679,452405902,0.18954961157867475,0.3834189501798321,0.42703143824149314,2019
09_16,2020-21,0.6778227961390282,538839151,0.20271685863449815,0.3221772038609719,0.47510593750453,2020
09_16,2021-22,0.5679393857328618,577470514,0.1339693960547395,0.43206061426713815,0.43396998967812234,2021
09_16,2022-23,0.7248434749767002,753117441,0.1962972292922904,0.2751565250232998,0.5285462456844098,2022
09_17,2017-18,0.15473769508887075,300907862,0.055102957063979933,0.8452623049111292,0.09963473802489083,2017
09_17,2018-19,0.29694860328973577,413008671,0.06177156508174134,0.7030513967102642,0.23517703820799443,2018
09_17,2019-20,0.2469695957654081,569969257,0.10805511568144105,0.7530304042345919,0.13891448008396706,2019
09_17,2020-21,0.1994365547166752,337750986,0.08617888091080214,0.8005634452833248,0.11325767380587307,2020
09_17,2021-22,0.433264101496284,311471344,0.1149659404943525,0.566735898503716,0.31829816100193153,2021
09_17,2022-23,0.4595379256959585,287249732,0.055424953364273284,0.5404620743040415,0.40411297233168525,2022
09_18,2017-18,0.23870719963023881,581079939,0.0828813761543401,0.8255614673781337,0.15582582347589874,2017
09_18,2018-19,0.2652778947726085,936603584,0.01622229965756783,0.7347221052273915,0.2490555951150407,2018
09_18,2019-20,0.2812390083730098,722450485,0.02447770936163189,0.7187609916269901,0.2567612990113779,2019
09_18,2020-21,0.4057716864565367,905164104,0.10270462404461413,0.5942283135434633,0.3030670624119226,2020
09_18,2021-22,0.35148627053966275,1240817234,0.041890611748224636,0.6485137294603373,0.3095956587914381,2021
09_18,2022-23,0.25259532187522143,621382656,0.07439780395234953,0.7474046781247785,0.22720437501235954,2022
09_19,2017-18,0.5744109346211919,849619190,0.11286922203346184,0.42558906537880814,0.46154171258773,2017
09_19,2018-19,0.5743905445195343,925470306,0.14531404533253603,0.42560945548046575,0.42907649918699825,2018
09_19,2019-20,0.6680945967274482,673865637,0.1901372914197137,0.3319054032725518,0.4779573053077345,2019
09_19,2020-21,0.3722226647645258,1287158804,0.06413266237504599,0.6277773352354742,0.3080900023894798,2020
09_19,2021-22,0.5911252015219364,1165093385,0.11771660518010751,0.40887479847806363,0.47340859634182886,2021
09_19,2022-23,0.5491508733406146,1066488303,0.049036989766215934,0.4508491266593854,0.5001138835743987,2022
09_20,2017-18,0.12467442347007215,393354905,0.016975130893562902,0.8753255765299278,0.10769929257650925,2017
09_20,2018-19,0.2839995193012136,135486092,0.03872020310394664,0.7160004806987864,0.24527931619726695,2018
09_20,2019-20,0.19499420976319823,413360469,0.12141237192180561,0.8050057902368017,0.07358183784139262,2019
09_20,2020-21,0.30245360010920863,574547904,0.12072350541548578,0.6975463998907914,0.18173009469372287,2020
09_20,2021-22,0.23987976596894428,325244356,0.08334564612706147,0.7601202340310557,0.1565341198418828,2021
09_20,2022-23,0.29352343381859053,754886658,0.015818928409250015,0.7064765661814095,0.27770450540934055,2022
09_21,2017-18,0.40127886730877793,694148012,0.06599203802084792,0.5987211326912221,0.33528682928793,2017
09_21,2018-19,0.33379504383311,531008067,0.09830220526574411,0.66620495616689,0.23549283856736586,2018
09_21,2019-20,0.45251333569888735,666380898,0.11614180003100869,0.5474866643011127,0.33637153566787864,2019
09_21,2020-21,0.15432767577997922,393449287,0.05686888689164151,0.8456723242200208,0.09745878888833773,2020
09_21,2021-22,0.1957121972420554,927457867,0.03258931545620282,0.8042878027579445,0.1631228817858526,2021
09_21,2022-23,0.3168420058750636,1093586455,0.023923234308896046,0.6831579941249364,0.2929187715661676,2022
09_22,2017-18,0.1292339803167436,570745804,0.012725288119909563,0.8707660196832565,0.1168054334044653,2017
09_22,2018-19,0.26769526327322624,394588054,0.13979811715232515,0.7323047367267738,0.12789714612090106,2018
09_22,2019-20,0.21811208743979688,881883110,0.06744186993217276,0.7818879125602032,0.1506702175076241,2019
09_22,2020-21,0.2328491262427594,830225967,0.10332345940704599,0.7671508737572406,0.12952566683571343,2020
09_22,2021-22,0.19159743437983853,855371981,0.12058342953835893,0.8084025656201614,0.0710140048414796,2021
09_22,2022-23,0.23559307814681257,1053921053,0.008134274361060704,0.7644069218531874,0.22745880378575187,2022
09_23,2017-18,0.2531321551406566,629736048,0.014168718828050954,0.7468678448593433,0.2389634363126057,2017
09_23,2018-19,0.19427317269338565,1015243151,0.04793970681019645,0.8057268273066144,0.1463334658831892,2018
09_23,2019-20,0.3254761208945216,813292337,0.15028446899039208,0.6745238791054784,0.17519165190412953,2019
09_23,2020-21,0.21169732153664284,950991692,0.08465780056467623,0.7883026784633572,0.1270395209719666,2020
09_23,2021-22,0.3320880892540877,1011742748,0.168131214516993,0.6679119107459123,0.16395687473709472,2021
09_23,2022-23,0.4282106895378288,896465624,0.022547612773607638,0.5717893104621712,0.42286457935614047,2022
09_24,2017-18,0.30312067038575796,821846457,0.0711844621360946,0.696879329614242,0.23193620824966335,2017
09_24,2018-19,0.337807032451877,760411517,0.13653633681090077,0.6621929675481231,0.2012706956409762,2018
09_24,2019-20,0.1946963731767609,613146948,0.07642003299998486,0.8053036268232392,0.11827634017677602,2019
09_24,2020-21,0.26812675313082995,577865458,0.1574739080528326,0.73187324686917,0.11065284507799737,2020
09_24,2021-22,0.32958894133054856,810422270,0.12619828425988344,0.6704110586694514,0.20339065707066514,2021
09_24,2022-23,0.22367899315441991,742345415,0.01748341629505431,0.7763210068455801,0.2082605386604294,2022
09_25,2017-18,0.15151393304353344,460661555,0.022021403544300544,0.8697180547939833,0.1294925294992329,2017
09_25,2018-19,0.3560273030666758,1053468621,0.0535516823903576,0.6439726969333243,0.30247562067631817,2018
09_25,2019-20,0.3839403261884733,962603972,0.06994751212183861,0.6160596738115267,0.31399281406663465,2019
09_25,2020-21,0.3685995604331978,750259115,0.014572919699330195,0.6314004395668023,0.3592974048705826,2020
09_25,2021-22,0.29714513612620014,987533075,0.06230091888314728,0.7028548638737999,0.23484421724305285,2021
09_25,2022-23,0.30960083433391977,499878514,0.022873181542665783,0.6903991656660802,0.286727652791254,2022
09_26,2017-18,0.7113634981104534,1106500910,0.1969868908648254,0.2886365018895466,0.5143766072456281,2017
09_26,2018-19,0.7273387077965874,1197222438,0.20271012327953045,0.27266129220341256,0.524628584517057,2018
09_26,2019-20,0.8036575087978779,1384889355,0.19318644990234618,0.19634249120212208,0.6104710588955318,2019
09_26,2020-21,0.797735534298052,1748749825,0.3128822654778536,0.20226446570194795,0.48485326882019847,2020
09_26,2021-22,0.6950007605268375,1555921424,0.3231920913507519,0.3049992394731625,0.37180866917608557,2021
09_26,2022-23,0.8476741055485029,1997791558,0.14641788620472287,0.15232589445149713,0.70125621934378,2022
09_27,2017-18,0.2695742475157019,501648441,0.19412302529212883,0.8114807237137064,0.0754512222235731,2017
09_27,2018-19,0.22066907803301275,431181545,0.19522472141056038,0.7793309219669873,0.025444356622452383,2018
09_27,2019-20,0.2447328337873745,426180874,0.1563464412999444,0.7552671662126255,0.08838639248743012,2019
09_27,2020-21,0.3232107786959695,581297628,0.19531689711281602,0.6767892213040305,0.12789388158315348,2020
09_27,2021-22,0.4663510053881255,482357547,0.3502698175882381,0.5336489946118745,0.11608118779988737,2021
09_27,2022-23,0.46395149204094494,710548798,0.0859300081456193,0.5878761726948103,0.37802148389532564,2022
09_28,2017-18,0.38095721194994286,296655678,0.11368589075176913,0.6190427880500572,0.2672713211981737,2017
09_28,2018-19,0.6982961382056683,372364004,0.23944215886130604,0.3017038617943318,0.4588539793443622,2018
09_28,2019-20,0.3464130696741241,283761199,0.07289375740197658,0.665466304972319,0.27351931227214754,2019
09_28,2020-21,0.18985258087787538,215123449,0.14262364304134972,0.8101474191221246,0.04722893783652567,2020
09_28,2021-22,0.29075967157959925,209450326,0.1542703256522981,0.7092403284204007,0.14022569853815872,2021
09_28,2022-23,0.45771409939040325,241324788,0.03004427377762785,0.5422859006095967,0.42766982561277544,2022
09_29,2017-18,0.44293500226792765,489592344,0.022180097652834213,0.5570649977320724,0.4207549046150934,2017
09_29,2018-19,0.4333413593882477,295994320,0.09718516220176117,0.5666586406117523,0.33615619718648654,2018
09_29,2019-20,0.18666699599901282,561337715,0.02631718412150518,0.8133330040009872,0.16034981187750763,2019
09_29,2020-21,0.42403093828954236,121910812,0.09124064402097494,0.5759690617104577,0.33279029426856743,2020
09_29,2021-22,0.36814434570572496,243776258,0.11016407512498612,0.631855654294275,0.25798027058073886,2021
09_29,2022-23,0.5933309177677468,481328268,0.036001514106510424,0.4066690822322531,0.5671550855184762,2022
09_30,2017-18,0.4326124283661118,316826827,0.05049087273155691,0.7168941015063331,0.3821215556345549,2017
09_30,2018-19,0.446056892100016,252174801,0.09425995343602948,0.7567024716023468,0.3517969386639865,2018
09_30,2019-20,0.5807110654319037,314136604,0.17013693826014623,0.41928893456809635,0.4105741271717574,2019
09_30,2020-21,0.7529829089927934,265682762,0.31454890174621114,0.4267914246638206,0.4384340072465823,2020
09_30,2021-22,0.3378852330627151,229046053,0.04438813883424571,0.8195518698504621,0.2934970942284694,2021
09_30,2022-23,0.3749161844698967,390212589,0.1290335228010801,0.6250838155301033,0.24588266166881664,2022
09_31,2017-18,0.07423252067873506,152082078,NA,0.9257674793212649,0.07423252067873506,2017
09_31,2018-19,0.037523442860463926,219761471,0.029812860144169676,0.9624765571395361,0.00771058271629425,2018
09_31,2019-20,0.08427711723443204,150453580,0.025877137652689952,0.9157228827655679,0.05947735228243121,2019
09_31,2020-21,0.2523174157919855,248327254,0.04750419380065307,0.7476825842080145,0.20481322199133245,2020
09_31,2021-22,0.2254555317446334,336471172,0.04120551933508434,0.7745444682553666,0.1928933275745834,2021
09_31,2022-23,0.3577065097830877,625452330,0.05454445585005655,0.6422934902169123,0.30316205393303114,2022
09_32,2017-18,0.7775421363733955,255688889,0.7249646933230642,0.22245786362660444,0.05257744305033137,2017
09_32,2018-19,0.4653596045498317,198347115,0.38600264490864916,0.5346403954501683,0.07935695964118258,2018
09_32,2019-20,0.4511928679766914,351536933,0.3556796036563248,0.5488071320233087,0.0955132643203666,2019
09_32,2020-21,0.21356638669000616,376395065,0.15680099578351273,0.8186383413837268,0.05908995326904108,2020
09_32,2021-22,0.15224300453302556,665183542,0.10418126219965917,0.8477569954669745,0.04806174233336639,2021
09_32,2022-23,0.33626150673508953,584470851,0.009869426319773816,0.6637384932649105,0.3263920804153157,2022
09_33,2017-18,0.8672439402896,573184570,0.7249611761181918,0.13275605971040008,0.14228276417140817,2017
09_33,2018-19,0.7503566243449167,701113100,0.6166567077408767,0.24964337565508332,0.13369991660404007,2018
09_33,2019-20,0.7260452368281505,929225008,0.452667991475322,0.2739547631718495,0.2733772453528285,2019
09_33,2020-21,0.6930374416341835,1147185184,0.44339130429355333,0.30696255836581654,0.2496461373406301,2020
09_33,2021-22,0.5170739500309731,1629130866,0.3259242336398039,0.4829260499690269,0.1911497163911693,2021
09_33,2022-23,0.4900423997367942,1532719892,0.16500112533282107,0.5099576002632058,0.32504127440397307,2022
09_34,2017-18,0.5171650377073521,283203922,0.24129299311045557,0.4828349622926479,0.2758720445968965,2017
09_34,2018-19,0.4202269716835141,589909710,0.3384695312101237,0.5797730283164859,0.08175744047339041,2018
09_34,2019-20,0.43022678385781726,382079134,0.32111370154016317,0.5697732161421827,0.10911308231765413,2019
09_34,2020-21,0.230444186883931,232250059,0.1440949946109594,0.769555813116069,0.08634919227297161,2020
09_34,2021-22,0.4024700364231212,353358514,0.45204827672351783,0.5975299635768787,0.37623081865235597,2021
09_34,2022-23,0.43737008038268843,540926297,0.0198235177044082,0.5626299196173116,0.4313571724910982,2022
09_35,2017-18,0.5803024402892105,348099191,0.35104761274782736,0.4196975597107894,0.22925482754138315,2017
09_35,2018-19,0.5029777718458375,757174027,0.3326094755228576,0.4970222281541625,0.17036829632297992,2018
09_35,2019-20,0.5778067324707516,867953715,0.33690154434099057,0.4221932675292483,0.24090518812976106,2019
09_35,2020-21,0.46253518234188223,1110118682,0.2723801255693128,0.5374648176581177,0.19015505677256947,2020
09_35,2021-22,0.7225938830171357,654917970,0.1886756703286062,0.27740611698286427,0.5339182126885296,2021
09_35,2022-23,0.308598989940591,664488241,0.037069652222784785,0.691401010059409,0.2715293377178062,2022
09_36,2017-18,0.15586270877846164,320662687,0.07967143367697159,0.8676417211662506,0.07619127510149006,2017
09_36,2018-19,0.29987352776405507,193041578,0.22502379254276506,0.7001264722359449,0.07484973522129,2018
09_36,2019-20,0.3297778214132495,535568354,0.18336355250743586,0.6702221785867505,0.14641426890581366,2019
09_36,2020-21,0.3182480991604414,672624759,0.18153037093301527,0.6817519008395586,0.13671772822742614,2020
09_36,2021-22,0.47027293941799825,580059638,0.0680257708259991,0.5297270605820017,0.40224716859199916,2021
09_36,2022-23,0.4493281332336884,622114489,0.06075795479503773,0.5506718667663115,0.3885701784386507,2022
09_37,2017-18,0.12312099715251361,269728769,0.07811941261630864,0.8768790028474864,0.04500158453620496,2017
09_37,2018-19,0.4667446602943125,308255098,0.3117815751420273,0.5332553397056875,0.15496308515228513,2018
09_37,2019-20,0.41133797317499954,527656655,0.2605784380754186,0.5886620268250005,0.15075953509958098,2019
09_37,2020-21,0.29863661049233975,252145552,0.24201860994954216,0.7013633895076602,0.0566180005427976,2020
09_37,2021-22,0.3777822018290723,549466203,0.06872589941623762,0.6222177981709277,0.30905630241283466,2021
09_37,2022-23,0.6337247268331733,438795228,0.08234923648713882,0.3662752731668267,0.5513754903460345,2022
09_38,2017-18,0.2286717451743755,189570386,0.10789254815359188,0.7713282548256245,0.12077919702078362,2017
09_38,2018-19,0.3359288415696115,144166755,0.1303628149222059,0.6640711584303884,0.20556602664740564,2018
09_38,2019-20,0.466862115509286,146330192,0.29852703261675484,0.533137884490714,0.16833508289253116,2019
09_38,2020-21,0.3301241648043923,272556061,0.1649186073319426,0.6698758351956077,0.16520555747244967,2020
09_38,2021-22,0.32865721981873675,413502722,0.0643163456612022,0.6713427801812633,0.26434087415753454,2021
09_38,2022-23,0.28403657793453435,278219318,0.013939679055643433,0.7159634220654656,0.27009689887889093,2022
09_39,2017-18,0.24640793924751025,499752753,0.19978070235863213,0.7535920607524897,0.04662723688887813,2017
09_39,2018-19,0.3146083043919141,270125546,0.2635794468694938,0.6853916956080859,0.05102885752242033,2018
09_39,2019-20,0.1009828659593205,196188807,0.061416521076046914,0.8990171340406795,0.03956634488327359,2019
09_39,2020-21,0.2527165533341515,276609791,0.21181081041343183,0.7472834466658484,0.040905742920719676,2020
09_39,2021-22,0.3378544312475831,710154125,0.16601888216871233,0.6621455687524169,0.17183554907887072,2021
09_39,2022-23,0.37008277170074455,577825266,0.12777651540076476,0.6299172282992554,0.2423062562999798,2022
09_40,2017-18,0.3359594622921438,68662787,0.2678616147637584,0.6640405377078562,0.06809784752838535,2017
09_40,2018-19,0.21147617854532852,134820419,0.20960227100317794,0.7885238214546715,0.0026846066767127912,2018
09_40,2019-20,0.30681448610513373,307985836,0.1292242705602864,0.6931855138948663,0.17759021554484733,2019
09_40,2020-21,0.2963773521999095,272005686,0.20989140646126053,0.7036226478000904,0.08648594573864901,2020
09_40,2021-22,0.08963565837911514,135337077,0.04859289224932795,0.9412433902289065,0.04104276612978718,2021
09_40,2022-23,0.07702934801756381,173650230,0.04444001024357987,0.9229706519824362,0.03258933777398394,2022
09_41,2017-18,0.30633401460992765,284650417,0.21430424252636876,0.6936659853900723,0.0920297720835589,2017
09_41,2018-19,0.4367578033392772,401254500,0.38077327481685563,0.5632421966607228,0.055984528522421556,2018
09_41,2019-20,0.13887340416252084,495045163,0.10357088369329244,0.8611265958374792,0.03530252046922838,2019
09_41,2020-21,0.2226816666746032,996236984,0.13863033115421863,0.7773183333253968,0.08405133552038457,2020
09_41,2021-22,0.4278841744287305,508379828,0.1851133774725617,0.5721158255712695,0.24277079695616877,2021
09_41,2022-23,0.37709366312949083,337065985,0.007840833607224583,0.6229063368705092,0.3732936831344759,2022
09_42,2017-18,0.2242753548555628,336187135,0.0379031128951196,0.7757246451444372,0.1894938841130848,2017
09_42,2018-19,0.2580857185866573,211953518,0.05246032292797329,0.7419142814133427,0.20562539565868398,2018
09_42,2019-20,0.13870247231402938,382485958,0.034046023723568956,0.8612975276859707,0.10662384305844926,2019
09_42,2020-21,0.19665899715216775,688144819,0.02485375099291804,0.8033410028478323,0.17276572418690261,2020
09_42,2021-22,0.2663851310364078,502257091,0.09070182943420106,0.7518499218849025,0.17568330160220674,2021
09_42,2022-23,0.2042814069031077,573177382,0.030374979102019067,0.7957185930968923,0.17390642780108864,2022
09_43,2017-18,0.2759296531258035,269928582,0.09716156698070604,0.7240703468741965,0.17876808614509745,2017
09_43,2018-19,0.35509166777172413,267459703,0.18928640252023313,0.6529119329179386,0.165805265251491,2018
09_43,2019-20,0.24101178257006867,175272796,0.14950070745719146,0.7589882174299314,0.09151107511287719,2019
09_43,2020-21,0.32160225824846966,315253175,0.1003010009336147,0.6783977417515303,0.22130125731485495,2020
09_43,2021-22,0.44460511401215436,211939465,0.06259753934926654,0.5553948859878456,0.3820075746628878,2021
09_43,2022-23,0.36106872842405685,438959374,0.05771605642940433,0.6389312715759432,0.3033526719946525,2022
09_44,2017-18,0.6403642756908313,641120574,0.15915950156358577,0.35963572430916874,0.48120477412724555,2017
09_44,2018-19,0.6049347442260777,964980510,0.22189516449404767,0.3950652557739223,0.38303957973203,2018
09_44,2019-20,0.6849979335846673,1166210375,0.24541898797633319,0.3150020664153326,0.43957894560833416,2019
09_44,2020-21,0.612926432793026,995295377,0.18631926288953315,0.3870735672069739,0.4266071699034929,2020
09_44,2021-22,0.4318493489907469,997456099,0.15517128538806998,0.5681506510092531,0.27667806360267694,2021
09_44,2022-23,0.5339959904567068,1301776192,0.12691699465340966,0.4660040095432933,0.40707899580329704,2022
09_45,2017-18,0.3208709424486612,710422188,0.04013059907413815,0.6791290575513388,0.280740343374523,2017
09_45,2018-19,0.25087428238250586,513187740,0.02200103026623356,0.7491257176174941,0.2288732521162723,2018
09_45,2019-20,0.4259259305485702,1089644090,0.03850122290848198,0.5740740694514298,0.38742470764008824,2019
09_45,2020-21,0.22593890644689213,1015486264,0.05742978223090962,0.7740610935531079,0.1685091242159825,2020
09_45,2021-22,0.33345839124305393,960368416,0.075691755152431,0.666541608756946,0.257766636090623,2021
09_45,2022-23,0.28210296371982946,1676830735,0.038413639883574775,0.7178970362801705,0.24368932383625472,2022
09_46,2017-18,0.3875328377216,473588734,0.10328497172401065,0.6124671622783999,0.2842478659975894,2017
09_46,2018-19,0.49348405853272564,285979165,0.11352072099378288,0.5065159414672744,0.37996333753894274,2018
09_46,2019-20,0.45832351973146884,475152589,0.16020092442345926,0.5416764802685312,0.29812259530800955,2019
09_46,2020-21,0.6229580361064249,504656389,0.16477737290669672,0.37704196389357514,0.45818066319972817,2020
09_46,2021-22,0.3256064025120299,581521750,0.03480788981667496,0.6743935974879701,0.2907985126953549,2021
09_46,2022-23,0.3697306653195102,369928818,0.15533015597611538,0.6302693346804898,0.2144005093433948,2022
09_47,2017-18,0.11424790016606742,229960209,0.05047592385863591,0.8857520998339325,0.06377197630743152,2017
09_47,2018-19,0.4499123145875555,360260608,0.1483836972817189,0.5500876854124446,0.3015286173058366,2018
09_47,2019-20,0.4633199063048192,310320336,0.10554820142597257,0.5366800936951809,0.41406290240675686,2019
09_47,2020-21,0.2441903704710312,227776271,0.026065067000618804,0.7769036245261637,0.21883300565579986,2020
09_47,2021-22,0.2965198294512475,498960202,0.02214579029691831,0.7508710248597994,0.2743740391543292,2021
09_47,2022-23,0.41099116067637237,388734268,0.016363138372392505,0.5890088393236276,0.3967770574833912,2022
09_48,2017-18,0.2612691084777542,392099784,0.05837264373499374,0.7387308915222458,0.2028964647427605,2017
09_48,2018-19,0.2832984806252702,440244126,0.01468662412090877,0.7167015193747298,0.2686118565043614,2018
09_48,2019-20,0.3460223791450528,534906940,0.04613300212556599,0.6539776208549473,0.2998893770194868,2019
09_48,2020-21,0.32545822889431997,476256414,0.02109876385217072,0.67454177110568,0.3068524406266579,2020
09_48,2021-22,0.19740285009827432,581655452,0.017092520894641916,0.8025971499017257,0.18166784930264868,2021
09_48,2022-23,0.15635968378289164,520417636,0.04410343234409527,0.8883952526700751,0.11225625143879636,2022
09_49,2017-18,0.07085296190554628,430211288,0.019940646001831548,0.9529677174134924,0.050912315903714735,2017
09_49,2018-19,0.16756956474077647,623473106,0.10477521222864102,0.8324304352592236,0.06279435251213546,2018
09_49,2019-20,0.09263520582556971,773187487,0.04767231443827026,0.94685118236074,0.04496289138729944,2019
09_49,2020-21,0.28923731508210515,424211378,0.1905606100928297,0.7107626849178948,0.09867670498927542,2020
09_49,2021-22,0.32669130796027224,780775297,0.15262998900950114,0.6733086920397278,0.17406131895077107,2021
09_49,2022-23,0.4379730577767877,595764569,0.020870554656968868,0.646548196407838,0.4171025031198188,2022
09_50,2017-18,0.04783577610760335,232647025,0.023467224650734305,0.9521642238923966,0.024368551456869048,2017
09_50,2018-19,0.19695232051554704,182796125,0.09586178591039608,0.803047679484453,0.10109053460515095,2018
09_50,2019-20,0.3692012763127143,205554953,0.1347718729015496,0.7734822483005768,0.2344294034111647,2019
09_50,2020-21,0.1192217475480612,229423344,0.05242462162002137,0.9292226643076209,0.06679712592803982,2020
09_50,2021-22,0.24661076537206225,285873761,0.08016964173217703,0.7533892346279377,0.16644112363988522,2021
09_50,2022-23,0.5895863583060832,327217135,0.17771881087774252,0.4104136416939168,0.5720474876720621,2022
09_51,2017-18,0.24207704612656145,511673432,0.09629649287712089,0.7579229538734386,0.14578055324944056,2017
09_51,2018-19,0.3470174663267647,309251915,0.15482088122235232,0.6529825336732353,0.19219658510441237,2018
09_51,2019-20,0.16882325203240342,593841629,0.03445480579469446,0.8311767479675966,0.13436844623770894,2019
09_51,2020-21,0.1260833648042377,327643905,0.0252655638443816,0.8764518122005589,0.1011102670377107,2020
09_51,2021-22,0.15808625382187763,385905868,0.031025550510675313,0.8419137461781224,0.1270607033112023,2021
09_51,2022-23,0.17404736548948835,885112145,0.0015636978972873544,0.8259526345105117,0.172483667592201,2022
09_52,2017-18,0.2396725866106648,581834727,0.18537862385103046,0.7603274133893352,0.054293962759634315,2017
09_52,2018-19,0.25739340136353184,421266153,0.1576087576159958,0.7426065986364682,0.09978464374753601,2018
09_52,2019-20,0.3417302165121985,911712418,0.20380754647130406,0.6582697834878015,0.1379226700408944,2019
09_52,2020-21,0.16933066942337305,705846179,0.14309001451717146,0.911115416431715,0.026240654906201595,2020
09_52,2021-22,0.4671415401424645,524740054,0.2315765283661765,0.5328584598575354,0.235565011776288,2021
09_52,2022-23,0.2815293251419688,654087200,0.029494495535151887,0.7184706748580313,0.25203482960681695,2022
09_53,2017-18,0.20406634010860877,532668528,0.05689789015702712,0.7959336598913912,0.14907416869201628,2017
09_53,2018-19,0.38834335263559927,220686525,0.11870547601399768,0.6116566473644007,0.2696378766216016,2018
09_53,2019-20,0.19194385116207585,189832317,0.017914146830963457,0.8080561488379242,0.1740297043311124,2019
09_53,2020-21,0.32624182310763744,416925202,0.028973623906764934,0.6737581768923626,0.2972681992008725,2020
09_53,2021-22,0.2427923012740232,330505282,0.055960486776398435,0.7572076987259768,0.1916394576713603,2021
09_53,2022-23,0.3465401514291265,429799085,0.020183030863145403,0.6994203794637427,0.327683394207319,2022
09_54,2017-18,0.1365842955498978,312334400,0.013019049454687027,0.8634157044501022,0.12356524609521077,2017
09_54,2018-19,0.1363244234491572,415045313,0.05114846821556566,0.8636755765508428,0.08517595523359156,2018
09_54,2019-20,0.2094825075695401,440908227,0.008170937818963702,0.798957341629958,0.2013978840998129,2019
09_54,2020-21,0.33686397998033585,601034658,0.039214286042053834,0.6631360200196642,0.297649693938282,2020
09_54,2021-22,0.2817430458597643,229840562,0.06553436377344048,0.7182569541402357,0.21620868208632382,2021
09_54,2022-23,0.29316255450078654,475530752,0.026948510475211487,0.7068374454992135,0.2690570177888306,2022
09_55,2017-18,0.28057091053513755,102995542,0.2192053710441176,0.7582764487761045,0.0646791241053272,2017
09_55,2018-19,0.39997073872583144,117684554,0.1247462942333112,0.6000292612741686,0.27522444449252026,2018
09_55,2019-20,0.3982771052791616,337685288,0.10096126544902957,0.6017228947208384,0.297315839830132,2019
09_55,2020-21,0.35345773210727033,528405583,0.2509677873710127,0.6465422678927296,0.10248994473625764,2020
09_55,2021-22,0.17062452355426808,132683002,0.1436561255977612,0.829375476445732,0.026968397956506893,2021
09_55,2022-23,0.2838804505816155,381348271,0.01262055385039856,0.8019791351182212,0.27261104849745077,2022
09_56,2017-18,0.48289340419571325,488256816,0.20852314942388844,0.5171065958042868,0.2743702547718248,2017
09_56,2018-19,0.30578916839914233,232790188,0.1425771991730167,0.6942108316008577,0.16321196922612563,2018
09_56,2019-20,0.5906566089851132,350201848,0.4241110286773815,0.4093433910148869,0.16654558030773156,2019
09_56,2020-21,0.33467771560645865,622890292,0.17989548792004612,0.6653222843935414,0.15478222768641256,2020
09_56,2021-22,0.18220122729503357,541286310,0.10592981743802092,0.8177987727049665,0.07627140985701264,2021
09_56,2022-23,0.3594154475880149,833447797,0.008078120818405619,0.6405845524119851,0.3513373267696093,2022
09_57,2017-18,0.748264763846048,501133663,0.4869278298712094,0.251735236153952,0.2613369339748386,2017
09_57,2018-19,0.45142289177746053,672322987,0.2545338510045619,0.5485771082225395,0.19688904077289865,2018
09_57,2019-20,0.40779222680009536,417188396,0.32463440569905017,0.5922077731999046,0.08315782110104519,2019
09_57,2020-21,0.6018908569730901,832390933,0.3648521096997581,0.3981091430269099,0.23703874727333196,2020
09_57,2021-22,0.4433125938884883,1099050473,0.2135533697186262,0.5566874061115117,0.22975922416986214,2021
09_57,2022-23,0.5564871720504749,866092198,0.03973618522308869,0.44351282794952507,0.5167509868273863,2022
09_58,2017-18,0.407379791349192,303178409,0.2656725763080312,0.7343414022038974,0.1417072150411608,2017
09_58,2018-19,0.20045623337681492,516623316,0.12280647627603397,0.7999034592016113,0.0776846895741635,2018
09_58,2019-20,0.2991476940314273,564732523,0.17310447338978563,0.7008523059685726,0.13397157854465133,2019
09_58,2020-21,0.41821331000668627,199046752,0.22996012514688008,0.6453918052146352,0.18825318485980622,2020
09_58,2021-22,0.3993909536370671,468785658,0.21543738012565222,0.6177666510785434,0.1839535735114149,2021
09_58,2022-23,0.4793092045598729,523906006,0.0254267687634789,0.5206907954401271,0.4570089505711832,2022
09_59,2017-18,0.471669947248857,300006201,0.38808415073882624,0.528330052751143,0.11331438779160435,2017
09_59,2018-19,0.4477306882302653,436590826,0.3452600261463121,0.5522693117697347,0.10247066208395318,2018
09_59,2019-20,0.3734842540624265,352858442,0.27293269350205884,0.6265157459375734,0.10055156056036772,2019
09_59,2020-21,0.43096701249124403,397456810,0.2733613596908806,0.6215068286473883,0.1576056528003634,2020
09_59,2021-22,0.35483677706859096,354977297,0.18414776818811596,0.6706791522075718,0.17068900888047497,2021
09_59,2022-23,0.5203818698688276,532678948,0.04240188970261314,0.4796181301311724,0.4779799801662145,2022
09_60,2017-18,0.25960117525570714,441130553,0.006121208294543135,0.7403988247442929,0.253479966961164,2017
09_60,2018-19,0.36490295000709366,466902301,0.02776825252784522,0.6350970499929063,0.33713469747924846,2018
09_60,2019-20,0.25417665589636623,690175423,0.0032647640474150787,0.7458233441036338,0.25123584558588374,2019
09_60,2020-21,0.18249555233069595,835516817,0.005085475685831739,0.8175044476693041,0.17773390430751795,2020
09_60,2021-22,0.25503614998881613,880803592,0.009422079056957591,0.7449638500111839,0.24616825472709924,2021
09_60,2022-23,0.3549270856362375,982595353,0.008544667929037112,0.6450729143637625,0.34638241770720035,2022
09_61,2017-18,0.5626534939507829,404369763,0.008108179346030281,0.43734650604921715,0.5598129205323396,2017
09_61,2018-19,0.5127890112850527,183475794,NA,0.48721098871494734,0.5127890112850527,2018
09_61,2019-20,0.7145346943185633,189184419,0.009399949580414442,0.2854653056814367,0.7051347447381489,2019
09_61,2020-21,0.36969081540264687,569310281,0.0054619442222930805,0.6303091845973532,0.36422887118035374,2020
09_61,2021-22,0.3796489013909736,642334473,0.007368301405177735,0.6203510986090264,0.3722805999857959,2021
09_61,2022-23,0.7716291340055541,522117344,0.028470586489461647,0.22837086599444587,0.7431585475160924,2022
09_62,2017-18,0.2383677372201826,197201507,0.02092880358982603,0.7881085016166388,0.2181420297158277,2017
09_62,2018-19,0.5552006720623737,388602026,0.04962439902462063,0.44479932793762633,0.505576273037753,2018
09_62,2019-20,0.4833678929547924,597660385,0.03403350048037733,0.5166321070452076,0.44933439247441503,2019
09_62,2020-21,0.43913960092478127,563010554,0.013528240182865206,0.5608603990752188,0.425611360741916,2020
09_62,2021-22,0.44531097772241757,733599575,0.06042632181186855,0.5546890222775824,0.38488465591054905,2021
09_62,2022-23,0.4288654459607622,611834074,0.029947094773933758,0.5711345540392377,0.39891835118682845,2022
09_63,2017-18,0.19913133682496073,427318218,0.06471674071686002,0.8008686631750392,0.13947070237010115,2017
09_63,2018-19,0.35329184060334873,409589182,0.045746686737444156,0.6467081593966513,0.30754515386590453,2018
09_63,2019-20,0.3506929980864162,711017187,0.009342677113092064,0.6493070019135838,0.3413503209733241,2019
09_63,2020-21,0.3679740910665813,727452871,0.06413047478370595,0.6320259089334187,0.3038436162828753,2020
09_63,2021-22,0.4321110946671335,775684182,0.030918725115887436,0.5678889053328665,0.40119236955124604,2021
09_63,2022-23,0.31444489333921266,529436135,0.01040628441426651,0.85147615994861,0.30403860892494616,2022
09_64,2017-18,0.33411029122298014,280998498,0.10702976782459528,0.6658897087770199,0.22708052339838486,2017
09_64,2018-19,0.3704773784665337,791141592,0.07849794983348568,0.6295226215334662,0.29197942863304804,2018
09_64,2019-20,0.2840929985935632,825560743,0.0852476169642674,0.7159070014064368,0.1988453816292958,2019
09_64,2020-21,0.199462389682201,705328725,0.05938045129240979,0.800537610317799,0.14008193838979122,2020
09_64,2021-22,0.3394843338456966,776760733,0.0869417082132549,0.6605156661543033,0.2525426256324417,2021
09_64,2022-23,0.3226159151960187,653737798,0.02156141964427151,0.6773840848039813,0.3010544955517472,2022
09_65,2017-18,0.5452610973453628,228030143,0.1029252829964677,0.4547389026546372,0.4423358143488951,2017
09_65,2018-19,0.4714979321697753,394412699,0.0411114881470893,0.5285020678302247,0.430386444022686,2018
09_65,2019-20,0.21108736083283205,168314753,0.042263231030616855,0.7889126391671679,0.17126286606617305,2019
09_65,2020-21,0.3127915592837268,309503307,0.10220766397174555,0.7351260883868929,0.21058389531198127,2020
09_65,2021-22,0.549499873539877,435445567,0.14187052454250842,0.4505001264601231,0.40762934899736847,2021
09_65,2022-23,0.6590496637012971,201307348,0.13408131033547768,0.7852585699549776,0.5249683533658195,2022
09_66,2017-18,0.8204058065881367,743436920,0.15224318426370323,0.17959419341186336,0.6681626223244334,2017
09_66,2018-19,0.7345865492114595,1100422221,0.14497514222770316,0.26541345078854056,0.5896114069837562,2018
09_66,2019-20,0.7781608260669712,996437176,0.250342818401629,0.22183917393302877,0.5278180076653423,2019
09_66,2020-21,0.8504411374660541,1022188852,0.2707810660020777,0.1495588625339459,0.5796600714639764,2020
09_66,2021-22,0.8774245301640498,879039641,0.22729792341640256,0.1225754698359502,0.6501266067476472,2021
09_66,2022-23,0.8651722551632884,983119529,0.18950652235492313,0.13482774483671153,0.6756657328083654,2022
09_67,2017-18,0.6004183283718629,252624032,0.11053122214437619,0.3995816716281371,0.4898871062274867,2017
09_67,2018-19,0.5826394565592703,291876393,0.09099836313243737,0.4173605434407297,0.49164109342683293,2018
09_67,2019-20,0.50789923399003,96508535,0.1659261017691337,0.49210076600997,0.3419731322208963,2019
09_67,2020-21,0.47400586396159644,153083199,0.19002131644766582,0.5259941360384035,0.28398454751393065,2020
09_67,2021-22,0.29551465097523627,233082129,0.06282958431583739,0.7044853490247637,0.23468480073819817,2021
09_67,2022-23,0.2787388066408638,131325747,0.11016204613707622,0.7212611933591362,0.1685767605037876,2022
09_68,2017-18,0.3936258053781703,226320388,0.05431040971880978,0.6063741946218296,0.3393153956593606,2017
09_68,2018-19,0.4083948061845776,209267583,0.07724204469834203,0.5916051938154224,0.33115276148623557,2018
09_68,2019-20,0.1998188566372726,246802308,NA,0.8001811433627274,0.1998188566372726,2019
09_68,2020-21,0.5697151007431478,431875328,0.18438248456739811,0.4302848992568522,0.3853326161757497,2020
09_68,2021-22,0.5637834714719436,467799938,0.15037438076787432,0.43621652852805637,0.41340909070406934,2021
09_68,2022-23,0.37450137401977635,243616217,0.06451200249940668,0.6254986259802237,0.3099893715203697,2022
09_69,2017-18,0.24547910646002818,91335097,0.04098087288394734,0.8056152546905673,0.20449823357608082,2017
09_69,2018-19,0.5345372603334109,157750816,0.05418364999138895,0.4896798680801636,0.48035361034202195,2018
09_69,2019-20,0.1765751163708755,500602060,0.022765617464698407,0.8234248836291245,0.1538094989061771,2019
09_69,2020-21,0.3880959627687938,269191816,0.07885064752488612,0.6119040372312061,0.3092453152439077,2020
09_69,2021-22,0.4654652742386162,128002305,0.19859105662198817,0.5345347257613837,0.26687421761662805,2021
09_69,2022-23,0.5534371580514653,370766686,0.053153947601430405,0.44656284194853474,0.5002832104500349,2022
09_70,2017-18,0.2111528090533792,360057469,0.09090952366828974,0.7888471909466208,0.12024328538508945,2017
09_70,2018-19,0.34725220903157306,353827333,0.10406447881741233,0.6527477909684269,0.2431877302141607,2018
09_70,2019-20,0.1564310005089189,308929380,0.06197496981348941,0.8435689994910811,0.09445603069542949,2019
09_70,2020-21,0.3355187029242854,251708606,0.23420188898904792,0.6644812970757146,0.10131681393523748,2020
09_70,2021-22,0.3237652604920489,499007419,0.17480637296897583,0.6762347395079511,0.14895888752307307,2021
09_70,2022-23,0.27248771550828715,452205116,0.007553696053275081,0.7275122844917128,0.2649340194550121,2022
09_71,2017-18,0.13070107026584543,247653236,0.11705316461118238,0.8692989297341546,0.01364790565466304,2017
09_71,2018-19,0.18580409847080345,126930903,0.11170386143081326,0.8141959015291965,0.07410023703999018,2018
09_71,2019-20,0.2286678135998132,311897284,0.07579795404694835,0.7713321864001867,0.15286985955286483,2019
09_71,2020-21,0.1959448214821165,349481877,0.09311103705672269,0.8040551785178834,0.10283378442539383,2020
09_71,2021-22,0.4095242162789122,223932567,0.13032368355782747,0.5904757837210878,0.27920053272108475,2021
09_71,2022-23,0.38354603566959955,291708910,0.044595939836050945,0.6164539643304005,0.33895009583354857,2022
10_01,2017-18,0.521786622652509,553927825,0.06276627103901126,0.4782133773474911,0.45902035161349763,2017
10_01,2018-19,0.33945728215514914,568489728,0.04200451094166472,0.6605427178448509,0.29745277121348446,2018
10_01,2019-20,0.3661726106407274,529654033,0.07332262492184215,0.6338273893592725,0.2928499857188853,2019
10_01,2020-21,0.37080233891381786,527588657,0.06812817054177114,0.6291976610861821,0.3026741683720467,2020
10_01,2021-22,0.5097915935740498,533144933,0.13782972030984303,0.4902084064259502,0.37196187326420677,2021
10_01,2022-23,0.5384155872077158,607421276,0.01819058935959958,0.46158441279228424,0.5202249978481162,2022
10_02,2017-18,0.2915078365602731,591843084,0.036671020726162615,0.7084921634397269,0.25709049917919125,2017
10_02,2018-19,0.22235421223438048,896913825,0.053879662296430764,0.7776457877656195,0.16847454993794972,2018
10_02,2019-20,0.35764484678603276,429837411,0.07788436777086395,0.6423551532139672,0.2797604790151688,2019
10_02,2020-21,0.3331542197120322,709062023,0.03473695981599624,0.6668457802879678,0.2984172598960359,2020
10_02,2021-22,0.512767033098003,720926971,0.054366219570941815,0.48723296690199713,0.45840081352706114,2021
10_02,2022-23,0.6363324992121356,594344085,0.06733554015263735,0.3636675007878643,0.5689969590594983,2022
10_03,2017-18,0.002544201539356015,36026234,NA,0.997455798460644,0.002544201539356015,2017
10_03,2018-19,0.17434796695005977,28933426,0.17434796695005977,0.8256520330499403,NA,2018
10_03,2019-20,0.6973684035901935,2260491,0.3026315964098065,0.3026315964098065,0.3947368071803869,2019
10_03,2020-21,0.24464484828187433,17676530,NA,0.7553551517181257,0.24464484828187433,2020
10_03,2021-22,0.25626045262896363,37214322,0.1636809613245137,0.7437395473710363,0.09257949130444994,2021
10_03,2022-23,0.12065191296958083,112393162,0.015610380282743535,0.8793480870304191,0.1050415326868373,2022
10_04,2017-18,0.3394802968489976,350221698,0.2073873132783452,0.6605197031510025,0.13209298357065244,2017
10_04,2018-19,0.37282422451792097,291037899,0.07988449641742362,0.627175775482079,0.29293972810049734,2018
10_04,2019-20,0.442526649905241,579965383,0.21563973413909776,0.5574733500947591,0.22688691576614323,2019
10_04,2020-21,0.46771295879451563,366116871,0.21225108744032722,0.5322870412054844,0.2554618713541884,2020
10_04,2021-22,0.4924760517543573,580293864,0.04713763783654276,0.5075239482456426,0.4453384139178146,2021
10_04,2022-23,0.6973761893036884,189899142,0.037783340800981606,0.3026238106963116,0.6595928485027067,2022
10_05,2017-18,0.3493140413527621,340011677,0.011842069575348847,0.6506859586472379,0.33835677943496045,2017
10_05,2018-19,0.5172184344514866,729456475,0.03131682805338043,0.48278156554851337,0.4859016063981062,2018
10_05,2019-20,0.5392084662248218,337934234,0.009685624215272609,0.5068124705122385,0.5295228420095491,2019
10_05,2020-21,0.77984831801796,535590707,0.03567932518291435,0.22015168198204008,0.7441689928350456,2020
10_05,2021-22,0.6494611999840441,725119225,0.03507412039723536,0.3643325171128153,0.6143870795868086,2021
10_05,2022-23,0.7549237248668378,668770055,0.0550095936936052,0.2843636289076132,0.6999141311732326,2022
10_06,2017-18,0.19684946574240345,211801855,0.02290006855700107,0.8031505342575965,0.17394939718540237,2017
10_06,2018-19,0.18899977679195515,368001969,0.004179091774282155,0.8552774904879114,0.18503703440782404,2018
10_06,2019-20,0.2185899315057883,304691440,0.08717178754458932,0.7814100684942117,0.13465569954968212,2019
10_06,2020-21,0.37511346470338797,370546952,0.031264189160028495,0.624886535296612,0.3438492755433595,2020
10_06,2021-22,0.2357878970489644,388560987,0.014452536893519883,0.8212697590726661,0.22133536015544453,2021
10_06,2022-23,0.11969390281643828,352692301,0.3271317712019849,0.9465625818861576,0.09679567969928553,2022
10_07,2017-18,0.18238074542266178,236861621,0.019462950479427817,0.8176192545773382,0.16291779494323397,2017
10_07,2018-19,0.35385498300711343,285832544,0.03800008861132342,0.6461450169928866,0.31585489439579,2018
10_07,2019-20,0.20942763388438276,550603838,0.060405316317464534,0.7905723661156172,0.14902231756691822,2019
10_07,2020-21,0.21807180035540355,848683125,0.07000216011129007,0.7819281996445965,0.14806964024411348,2020
10_07,2021-22,0.3563730671277715,429941831,0.005613928073804771,0.6436269328722285,0.3520620909296914,2021
10_07,2022-23,0.396114631739709,742978273,0.05067778137790279,0.6038853682602909,0.34943900304336356,2022
10_08,2017-18,0.26359173086965343,200854882,0.00535349216721023,0.7364082691303465,0.25884110200517807,2017
10_08,2018-19,0.29698419055034625,150321931,0.04266902345739558,0.7030158094496538,0.25431516709295066,2018
10_08,2019-20,0.32478733003020366,200521141,0.0360997746367302,0.6752126699697963,0.28868755539347346,2019
10_08,2020-21,0.3794637680305117,331145344,0.030278885636392944,0.6205362319694883,0.34918488239411877,2020
10_08,2021-22,0.23009152841142178,255924468,0.023555735202309767,0.7699084715885782,0.206535793209112,2021
10_08,2022-23,0.42891796001113447,194463081,0.02480758802746728,0.5710820399888656,0.40411037198366717,2022
10_09,2017-18,0.4132858542045738,270164744,0.24195291914825967,0.5867141457954262,0.21760402238124749,2017
10_09,2018-19,0.2656793678700883,617283240,0.09689377602411496,0.7343206321299117,0.16878559184597333,2018
10_09,2019-20,0.4135594696110705,408680174,0.08069160457977098,0.5864405303889295,0.3328678650312995,2019
10_09,2020-21,0.5146958855220684,639974875,0.051007146178980854,0.48530411447793165,0.4636887393430875,2020
10_09,2021-22,0.46120762659690634,583732175,0.035191537968589794,0.5387923734030936,0.4260160886283166,2021
10_09,2022-23,0.6089011629781365,460460505,0.06539626889389787,0.3910988370218636,0.5435048940842385,2022
10_10,2017-18,0.17346227206985684,313047998,0.02563692165825638,0.8290926736771276,0.14782535041160047,2017
10_10,2018-19,0.31245722041864044,312381797,0.03713396910896188,0.6875427795813596,0.2753232513096786,2018
10_10,2019-20,0.37481239280738404,638526958,0.005703970606672491,0.625187607192616,0.36910842220071155,2019
10_10,2020-21,0.3029484648256636,776785458,0.016191759089290263,0.6970515351743364,0.28675670573637335,2020
10_10,2021-22,0.3206907281848584,470043075,0.05984535353488614,0.6793092718151417,0.26084537464997226,2021
10_10,2022-23,0.5273604331845654,643014600,0.039721928553410765,0.4726395668154347,0.48763850463115455,2022
10_11,2017-18,0.252560573554497,151654011,0.08145132833696447,0.747439426445503,0.17761458350086104,2017
10_11,2018-19,0.30397287219129654,205441142,NA,0.6960271278087035,0.30397287219129654,2018
10_11,2019-20,0.3528825992226657,489494408,0.03462238122238161,0.6471174007773343,0.3182602180002841,2019
10_11,2020-21,0.43677645780234203,335726618,0.08010851257555038,0.563223542197658,0.3566679452267916,2020
10_11,2021-22,0.2687843333222626,384497090,0.08464052094646542,0.7312156666777374,0.18414381237579716,2021
10_11,2022-23,0.2759985916268057,500018037,0.014307883857397728,0.7240014083731944,0.26169070776940795,2022
10_12,2017-18,0.31943614948265836,147554427,0.033186479725206754,0.6805638505173417,0.2862496697574516,2017
10_12,2018-19,0.44348712031071896,203285960,0.03218359005216101,0.556512879689281,0.4113035302585579,2018
10_12,2019-20,0.16931015592167042,364425162,0.028598340287845306,0.8306898440783296,0.1437963633257574,2019
10_12,2020-21,0.17358529332315123,404037218,0.024909319121190463,0.8264147066768488,0.14867597420196077,2020
10_12,2021-22,0.2825512638918964,388768376,0.04582483581432045,0.7620789322982722,0.23672642807757593,2021
10_12,2022-23,0.26156960058040074,695825469,0.042623372269806926,0.7384303994195992,0.2189462283105938,2022
10_13,2017-18,0.5629454323533857,484997185,0.029780409962585658,0.43705456764661427,0.5331650223908001,2017
10_13,2018-19,0.45169928881231813,475629301,0.007450543333656554,0.5483007111876819,0.4495376284649881,2018
10_13,2019-20,0.583800425007958,451528957,0.024383973229871944,0.41619957499204197,0.5594164517780861,2019
10_13,2020-21,0.7149772320260444,654783119,0.12370971341428244,0.28502276797395565,0.5912675186117619,2020
10_13,2021-22,0.606159001269761,770084303,0.05577934757618349,0.39384099873023903,0.5503796536935776,2021
10_13,2022-23,0.6102257920575029,833360580,0.042729510915911095,0.3897742079424971,0.5674962811415918,2022
10_14,2017-18,0.42580253743376006,625790996,0.07796233137237404,0.5741974625662399,0.34784020606138605,2017
10_14,2018-19,0.587418806143914,442030213,0.3014763110774059,0.41258119385608605,0.28594249506650804,2018
10_14,2019-20,0.4489966329774937,740274529,0.1955835157473046,0.5510033670225063,0.25341311723018906,2019
10_14,2020-21,0.6297232299228173,668812799,0.35054323175415186,0.3702767700771827,0.27917999816866546,2020
10_14,2021-22,0.5415826022794042,791073194,0.19224839515924744,0.4584173977205958,0.34933420712015684,2021
10_14,2022-23,0.5536595419717774,634118523,0.040192672308990415,0.4463404580282226,0.513466869662787,2022
10_15,2017-18,0.19345146387580883,271660989,0.09660787548704683,0.8065485361241912,0.09684358838876199,2017
10_15,2018-19,0.05683028429628691,224587738,0.006792035992632866,0.9431697157037131,0.05003824830365405,2018
10_15,2019-20,0.18092034885859176,326636989,0.03420176947565482,0.8190796511414082,0.14671857938293695,2019
10_15,2020-21,0.3631403608815799,352711934,0.045075906498252036,0.63685963911842,0.32160777412198366,2020
10_15,2021-22,0.32279337670242964,609158800,0.007077059380903633,0.6772066232975703,0.315716317321526,2021
10_15,2022-23,0.5385268459167487,564387208,0.002975381338577665,0.46147315408325135,0.5359324249602766,2022
10_16,2017-18,0.30814135923632946,571591741,0.10070641486053242,0.6918586407636705,0.20743494437579707,2017
10_16,2018-19,0.19040377382375495,367469413,0.005757015210406097,0.8782240081818914,0.18464675861334887,2018
10_16,2019-20,0.31806721725084647,381990392,0.030948749621953844,0.7361492284078703,0.2871184676288926,2019
10_16,2020-21,0.4377561781379553,289843722,0.01873543426274384,0.5622438218620447,0.4190207438752115,2020
10_16,2021-22,0.3102362213029363,589724882,0.13223548631779222,0.6897637786970637,0.3046395403746929,2021
10_16,2022-23,0.4234681226107958,444718164,0.007494596060618743,0.5765318773892041,0.41597352655017705,2022
10_17,2017-18,0.4307304068733341,587609558,0.17166855886983376,0.5692695931266659,0.2590618480035003,2017
10_17,2018-19,0.3848279610273645,358236794,0.08003876494545206,0.6151720389726355,0.3117662754652723,2018
10_17,2019-20,0.4804824114001166,546885003,0.10509647491650088,0.5195175885998834,0.37538593648361573,2019
10_17,2020-21,0.2959309561279034,629182673,0.18727312918230982,0.7040690438720966,0.10865782694559359,2020
10_17,2021-22,0.39022978039807016,669061379,0.14597172107882198,0.6097702196019298,0.2442580593192482,2021
10_17,2022-23,0.4133990305506122,658509880,0.07188170510061291,0.5866009694493878,0.3415173254499993,2022
10_18,2017-18,0.4474266829252043,298395020,0.19248398649548507,0.5525733170747957,0.27799780532176854,2017
10_18,2018-19,0.2766799917205203,424901097,0.061120698871718844,0.7233200082794797,0.21555929284880146,2018
10_18,2019-20,0.6876968161476412,365936692,0.22258142126944733,0.31230318385235883,0.46511539487819387,2019
10_18,2020-21,0.5069783724319341,683889051,0.27534411864710495,0.49302162756806583,0.2316342537848292,2020
10_18,2021-22,0.3823692242429447,859973152,0.08892223765608906,0.6176307757570554,0.2934469865868557,2021
10_18,2022-23,0.357563152774063,689619350,0.02972284927909868,0.6424368472259371,0.3278403034949643,2022
10_19,2017-18,0.548344807497096,486600893,0.015766483803047224,0.45165519250290403,0.5330284052725731,2017
10_19,2018-19,0.4655203720697793,529006361,0.015773906733798235,0.5344796279302206,0.4497464653359811,2018
10_19,2019-20,0.484724907281283,675392758,0.02944241963577584,0.515275092718717,0.45528248764550716,2019
10_19,2020-21,0.5204268284780915,389681590,0.0666354291974635,0.47957317152190837,0.45379139928062806,2020
10_19,2021-22,0.37181761325737933,366386016,NA,0.6638037450977841,0.37181761325737933,2021
10_19,2022-23,0.39118053504719447,595336455,0.010643456321712364,0.6129113090608729,0.380608135277051,2022
10_20,2017-18,0.4600323889172789,252078201,0.04944072097690034,0.5399676110827211,0.41059166794037855,2017
10_20,2018-19,0.7402381084951224,468610412,0.031935476926620236,0.2597618915048776,0.7083026315685022,2018
10_20,2019-20,0.7104946779752273,305435632,NA,0.2895053220247728,0.7104946779752273,2019
10_20,2020-21,0.8078875642065024,238192191,0.030804032530184836,0.19211243579349752,0.7770835316763176,2020
10_20,2021-22,0.5797630084349907,386309614,0.025744075838609597,0.4202369915650093,0.5540189325963811,2021
10_20,2022-23,0.5961306551981248,542287831,0.03305836305959814,0.40386934480187514,0.5630722921385267,2022
10_21,2017-18,0.4423343828866027,46979988,0.012931840851265634,0.5576656171133973,0.43098118713865996,2017
10_21,2018-19,0.14546811960260714,87246058,0.0197926396962377,0.8545318803973928,0.1276024184382061,2018
10_21,2019-20,0.41759280620314454,236363861,NA,0.5824071937968555,0.41759280620314454,2019
10_21,2020-21,0.3986591514868993,243082941,0.00242195274843346,0.6013408485131008,0.39664379821700446,2020
10_21,2021-22,0.3320128811421382,226338625,0.06339493756313135,0.6679871188578618,0.2686179435790069,2021
10_21,2022-23,0.5770623658599032,322149667,0.09257959593048408,0.4229376341400968,0.4844827699294192,2022
10_22,2017-18,0.45872128684106367,200462487,NA,0.5412787131589363,0.45872128684106367,2017
10_22,2018-19,0.6675641026462229,284135774,0.08582430736088867,0.3324358973537771,0.5817397952853343,2018
10_22,2019-20,0.5763982167472066,214171766,0.0938695392743785,0.42360178325279346,0.48252867747282807,2019
10_22,2020-21,0.5372115920451572,340366652,0.07746866164785145,0.46278840795484283,0.4597429303973058,2020
10_22,2021-22,0.7814924582370031,364989791,0.46024608123902294,0.21850754176299686,0.3212463769979802,2021
10_22,2022-23,0.6029988264392697,301605184,0.1882028128535085,0.3970011735607303,0.4147960135857612,2022
10_23,2017-18,0.5006277952882956,172798366,0.0027267502004826587,0.4993722047117043,0.4979983954246419,2017
10_23,2018-19,0.4179986009637717,265455599,0.10311088597532275,0.5820013990362283,0.314887714988449,2018
10_23,2019-20,0.33220612042076747,54524748,NA,0.6677938795792325,0.33220612042076747,2019
10_23,2020-21,0.3384348225760633,383312710,0.16746351040642507,0.6615651774239367,0.1709713121696382,2020
10_23,2021-22,0.7621355494590476,227010467,0.6601315304108863,0.23786445054095237,0.10200401904816134,2021
10_23,2022-23,0.42777539192305125,167519746,0.04887917511527268,0.5722246080769487,0.3788962168077786,2022
10_24,2017-18,0.6224325995987701,96385628,0.04738741613685424,0.37756740040122994,0.5876636919354823,2017
10_24,2018-19,0.7527723687776489,41876193,0.07499499775445204,0.24722763122235109,0.6777773710231969,2018
10_24,2019-20,0.6680632574675663,290363505,0.3121778279547035,0.3319367425324336,0.4539025763585544,2019
10_24,2020-21,0.4490979198462567,333255752,0.035562915055101584,0.5509020801537433,0.4135350047911551,2020
10_24,2021-22,0.832311944002023,244148820,0.24370476171050098,0.16768805599797698,0.588607182291522,2021
10_24,2022-23,0.24677980328021623,237621042,0.04003640384676034,0.8242607103460462,0.2067433994334559,2022
10_25,2017-18,0.351923384141789,86270286,NA,0.648076615858211,0.351923384141789,2017
10_25,2018-19,0.5069446808022082,120197965,0.13641333278812165,0.4930553191977917,0.3705313480140866,2018
10_25,2019-20,0.7624694877145302,87933023,0.12444161357908645,0.2375305122854698,0.6985406153954243,2019
10_25,2020-21,0.18315211843994939,66845959,0.06500862677428265,0.8168478815600506,0.11814349166566673,2020
10_25,2021-22,1,37756711,0.8037201121676091,NA,0.19627988783239092,2021
10_25,2022-23,0.3281974049867447,187799349,0.11456362396655592,0.6718025950132553,0.21363378102018873,2022
10_26,2017-18,0.19132156332158753,96307069,0.00971503836022074,0.8086784366784124,0.18326333864443534,2017
10_26,2018-19,0.4196234184969529,45380880,0.03727751625823077,0.7082756325430091,0.38907740440467437,2018
10_26,2019-20,0.4380452612181636,43048289,0.05180094381916085,0.5619547387818363,0.3862443173990028,2019
10_26,2020-21,0.23668014672478238,108497554,0.037953629811783594,0.9203768059631924,0.1987265169129988,2020
10_26,2021-22,0.3324814409010756,60416861,0.27818042383896774,0.6675185590989244,0.05669416238994618,2021
10_26,2022-23,0.41935662162133047,90971164,0.06799315000520385,0.5806433783786695,0.35136347161612663,2022
10_27,2017-18,0.5422745355316372,204403050,0.10631987071294627,0.47858422806878587,0.44058854307702355,2017
10_27,2018-19,0.5356781940426627,426278597,0.07698060430653056,0.46432180595733735,0.4586975897361321,2018
10_27,2019-20,0.5230224414995936,389300544,0.013677291445038412,0.4769775585004063,0.5093451500545553,2019
10_27,2020-21,0.6220347578056462,308196326,0.09536364817016021,0.37796524219435373,0.526671109635486,2020
10_27,2021-22,0.5446086356502335,287466066,0.07633337842387282,0.45539136434976635,0.46827525722636076,2021
10_27,2022-23,0.3460423612350943,657464919,0.029515396851158837,0.6539576387649058,0.31652696438393546,2022
10_28,2017-18,0.6621974357944093,782221990,0.06894360768354262,0.3378025642055908,0.5932538281108666,2017
10_28,2018-19,0.7729823693626914,1050747439,0.13326031813435615,0.22701763063730865,0.6397220512283351,2018
10_28,2019-20,0.7872356206888276,1103133075,0.15709813886234894,0.2127643793111724,0.6301374818264787,2019
10_28,2020-21,0.6871416881260995,1209683258,0.09364037094080374,0.31285831187390045,0.5935013171852958,2020
10_28,2021-22,0.6875859924269039,1052829630,0.1640467043086544,0.3124140075730961,0.5235392881182495,2021
10_28,2022-23,0.7707053584811535,1244792901,0.11337510431383799,0.22929464151884651,0.6573302541673155,2022
10_29,2017-18,0.630115477078405,380228099,0.11193016800160263,0.369884522921595,0.5181853090768024,2017
10_29,2018-19,0.5271907593216768,368743233,0.0970687969208102,0.47280924067832325,0.43012196240086664,2018
10_29,2019-20,0.6340614377614003,394085778,0.060224129681736446,0.3659385622385997,0.5738373080796638,2019
10_29,2020-21,0.562842881148766,415809532,0.15023787622069232,0.43715711885123404,0.41260500492807367,2020
10_29,2021-22,0.3614879618455469,680363467,0.06956109681885668,0.6385120381544531,0.2919268650266902,2021
10_29,2022-23,0.3520248355558303,559046880,0.06422701616723091,0.6479751644441697,0.2877978193885994,2022
10_30,2017-18,0.5100866944760587,320775801,0.0625645635906307,0.4899133055239413,0.44752213088542797,2017
10_30,2018-19,0.4982728039010788,237187312,0.018134186705568805,0.5017271960989211,0.48013861719551004,2018
10_30,2019-20,0.575515321098682,269142774,0.018247950435407195,0.424484678901318,0.5572673706632748,2019
10_30,2020-21,0.47638781547561204,246196725,0.09725688268192845,0.523612184524388,0.3791309327936836,2020
10_30,2021-22,0.7067673836050442,173977621,0.07789644393401608,0.29323261639495574,0.6288709396710281,2021
10_30,2022-23,0.35197778915589645,451019689,0.07551459909769039,0.6480222108441035,0.2764631900582061,2022
10_31,2017-18,0.27343033342664647,158548576,NA,0.7265696665733535,0.27343033342664647,2017
10_31,2018-19,0.34638730556583047,213648404,0.005678284752901276,0.6536126944341695,0.3413383045913135,2018
10_31,2019-20,0.5462715347951956,158994953,0.05834198670009016,0.4537284652048043,0.5395122447691783,2019
10_31,2020-21,0.5181008554877637,108028430,NA,0.48189914451223625,0.5181008554877637,2020
10_31,2021-22,0.1798022993722993,109151702,NA,0.8201977006277007,0.1798022993722993,2021
10_31,2022-23,0.22704408949184332,211492526,0.008127174620530279,0.7729559105081567,0.21906450727246976,2022
10_32,2017-18,0.4090905830647505,305469075,0.08735118180916968,0.5909094169352495,0.3250890814397497,2017
10_32,2018-19,0.5691338636257253,507533713,0.057774179820838815,0.43086613637427473,0.5113596838048865,2018
10_32,2019-20,0.7921668735903529,350983663,0.07791082002583123,0.20783312640964716,0.7142560535645216,2019
10_32,2020-21,0.5725107455755606,536319806,0.05360880519113254,0.4274892544244394,0.518901940384428,2020
10_32,2021-22,0.4375579907245213,409590287,0.14501198852891745,0.5624420092754788,0.29254600219560384,2021
10_32,2022-23,0.3117523791778215,626366065,0.03745915258036848,0.6882476208221785,0.27429322659745303,2022
10_33,2017-18,0.2857496338354763,304914165,0.18853854821733193,0.7238654114218346,0.09851971496159154,2017
10_33,2018-19,0.5661898829297353,93997054,0.4181230935173777,0.4338101170702648,0.14806678941235754,2018
10_33,2019-20,0.2612726433246157,307635920,0.11907008453369164,0.7387273566753844,0.14220255879092403,2019
10_33,2020-21,0.6046796189011424,141991819,0.1438618234759004,0.39532038109885753,0.4608177954252421,2020
10_33,2021-22,0.5208024468768041,256181594,0.28969425102413876,0.4791975531231959,0.23110819585266534,2021
10_33,2022-23,0.45360638070515247,290343709,0.18834393963052942,0.5463936192948475,0.26526244107462305,2022
10_34,2017-18,0.570456741001158,308294525,0.3838613124900612,0.4295432589988421,0.18659542851109664,2017
10_34,2018-19,0.6145107768180953,402327613,0.2830267332409024,0.38548922318190476,0.3314840435771929,2018
10_34,2019-20,0.4528417409425538,684542817,0.09279562566792662,0.5471582590574462,0.36004611527462715,2019
10_34,2020-21,0.5705902589301856,583774463,0.20709830022146755,0.4294097410698145,0.363491958708718,2020
10_34,2021-22,0.5685254327967144,342721294,0.19195773111197462,0.4314745672032856,0.3765677016847398,2021
10_34,2022-23,0.4254829699878104,398812721,0.035501590732859294,0.5745170300121896,0.3899813792549511,2022
10_35,2017-18,0.36763736140610453,274712316,0.31124547397430846,0.6323626385938954,0.05639188743179611,2017
10_35,2018-19,0.6214283527091902,88828760,0.24518631128026552,0.3785716472908099,0.3762420414289246,2018
10_35,2019-20,0.31540972832481984,310965028,0.04854759423300809,0.6895067772844509,0.26686213409181175,2019
10_35,2020-21,0.7815856877502889,296340777,0.13658871522767183,0.21841431224971108,0.6449969725226171,2020
10_35,2021-22,0.35783991698809087,196010430,0.18246640752739535,0.6421600830119091,0.17537350946069555,2021
10_35,2022-23,0.4368587833561697,345856782,0.14419693404935696,0.6149282938671995,0.30480560303137266,2022
10_36,2017-18,0.3721204951511554,58510537,0.053254493288960925,0.6278795048488446,0.3188660018621945,2017
10_36,2018-19,0.6871131568061507,198444263,0.025584171208819475,0.31288684319384935,0.6615289855973312,2018
10_36,2019-20,0.47753802004776813,302857852,0.05505191260486124,0.5224619799522319,0.42248610744290693,2019
10_36,2020-21,0.8348216451800909,119805425,NA,0.16517835481990903,0.8348216451800909,2020
10_36,2021-22,0.5484581651180018,150210248,0.20662799917619468,0.45154183488199817,0.3418301659418071,2021
10_36,2022-23,0.7762194792733419,251131103,0.024255536067169046,0.22710695515423715,0.7523192139207066,2022
10_37,2017-18,0.3437508204995185,140691734,0.2190848468752258,0.7346057574245328,0.12466597362429267,2017
10_37,2018-19,0.6092462652150529,69668670,0.8399701026508637,0.6075596813335451,0.3095053199666364,2018
10_37,2019-20,0.9015912872235629,76594092,0.03782005797522869,0.09840871277643712,0.8637712292483342,2019
10_37,2020-21,0.6227227942454364,169666871,0.19658704025961557,0.3772772057545636,0.4261357539858208,2020
10_37,2021-22,0.29436686327353995,126512871,0.09969580881616386,0.70563313672646,0.19467105445737612,2021
10_37,2022-23,0.6455000866134251,70456745,0.2751405135164845,0.354499913386575,0.37035957309694056,2022
10_38,2017-18,0.05468459383770843,25844866,NA,0.9586851895316302,0.05468459383770843,2017
10_38,2019-20,0.7090284592377998,68153301,0.1200512356694212,0.3533736517304557,0.5889772235683786,2019
10_38,2020-21,1,6017582,NA,1,1,2020
10_38,2021-22,0.26603405442832623,232195529,0.193175459463735,0.7339659455716738,0.07285859496459124,2021
10_38,2022-23,0.9549976435700637,14114572,0.6014923442241111,0.07086905577174414,0.35350529934595254,2022
11_01,2017-18,0.3947001076000203,9934013,0.3494860536220357,0.6052998923999797,0.045214053977984524,2017
11_01,2018-19,0.48233087870305325,15485971,0.48233087870305325,0.5176691212969468,NA,2018
11_01,2019-20,0.39148727685777956,20318880,0.3813044321340546,0.6085127231422205,0.012927914927591643,2019
11_01,2020-21,0.47081081803074626,12278316,0.47081081803074626,0.5291891819692538,NA,2020
11_01,2021-22,0.32264296782110935,16642836,0.2823060925433622,0.67735703217889065,0.05116652466022682,2021
11_01,2022-23,0.4366492861346231,19880289,0.1586261145398842,0.5633507138653769,0.2780231715947389,2022
11_02,2017-18,0.23678347715119494,31203820,0.1710451476774318,0.7970479340478202,0.06573832947376315,2017
11_02,2018-19,0.27676572985829423,27627315,0.2573442985682829,0.784011541253007,0.019421431290011355,2018
11_02,2019-20,0.25358312483462386,39546208,0.2514938473999833,0.7923264900969781,0.002217781928176216,2019
11_02,2020-21,0.21676264612295662,43209073,0.19724463887480298,0.7832373538770434,0.020227336307650744,2020
11_02,2021-22,0.20326177970717893,37851238,0.2012937859522587,0.796738220292821,0.0020605401187086428,2021
11_02,2022-23,0.16476374551815332,37096037,0.0258868352972583,0.8352362544818467,0.13887691022089502,2022
11_03,2017-18,0.36204978687296585,27350824,0.30572603589566444,0.6628217090825699,0.05851962130668968,2017
11_03,2018-19,0.5092371830218831,66334942,0.4651542772133576,0.6557510003133048,0.04408290580852547,2018
11_03,2019-20,0.34514764463260933,38068265,0.34514764463260933,0.812645451469659,NA,2019
11_03,2020-21,0.3427202988659123,49248574,0.30722268222426097,0.6572797011340876,0.03549761664165139,2020
11_03,2021-22,0.40182215880739147,49900700,0.3431577913736681,0.7577569353707398,0.05866436743372337,2021
11_03,2022-23,0.38439945003675013,34848874,0.0464939268912964,0.6156005499632499,0.3379055231454537,2022
11_04,2017-18,0.6578840259779205,80732097,0.589443180201302,0.3421159740220795,0.06844084577661844,2017
11_04,2018-19,0.6994622261648136,100199185,0.6509021605315453,0.5973573850216112,0.048560065633268375,2018
11_04,2019-20,0.6694539941213417,64137423,0.6564564341788413,0.3305460058786584,0.01299755994250034,2019
11_04,2020-21,0.5938392361519562,110308432,0.5801298218072758,0.40616076384804384,0.013709414344680378,2020
11_04,2021-22,0.6491249729001672,107731292,0.5769890887412731,0.3508750270998328,0.07213588415889415,2021
11_04,2022-23,0.49016459087795844,121028214,0.05019497354558996,0.5098354091220416,0.43996961733236845,2022
12_01,2017-18,0.4775160236903533,6317677,NA,0.5503769154442544,0.4775160236903533,2017
12_01,2018-19,0.5771094494756911,6713600,NA,0.6857239606001658,0.5771094494756911,2018
12_01,2019-20,0.624248416227739,4528271,0.10406996401054619,0.43425946154537215,0.5201784522171928,2019
12_01,2020-21,0.6228037191944229,6470541,0.28959062310245776,0.5129860507856745,0.3332130960919651,2020
12_01,2021-22,0.4277615217836223,9884559,0.058591688309008016,0.5722384782163776,0.3691698334746143,2021
12_01,2022-23,0.16878489476645953,22831504,0.011075354475114737,0.8312151052335405,0.1577095402913448,2022
12_02,2017-18,0.5715553121990948,6088919,NA,0.46446479719807604,0.5715553121990948,2017
12_02,2018-19,0.7226203903291784,8652543,0.02150784297570988,0.27737960967082165,0.705272080127195,2018
12_02,2019-20,0.6953537231233496,8284375,0.1179058166729536,0.3046462768766503,0.5774479064503961,2019
12_02,2020-21,0.7877415286424236,13301528,0.20919897323074463,0.21225847135757636,0.578542555411679,2020
12_02,2021-22,0.715832148466538,20646484,0.20191641346778463,0.2841678515334621,0.5139157349987533,2021
12_02,2022-23,0.6828442310300747,20252307,0.11868391092432087,0.31715576896992526,0.5641603201057539,2022
12_03,2017-18,0.39512662215301375,8429923,NA,0.6048733778469862,0.39512662215301375,2017
12_03,2018-19,0.5099273072525887,15354214,0.02219403741539619,0.4900726927474112,0.48773326983719256,2018
12_03,2019-20,0.6426050765495257,8388099,0.16685985704269823,0.3573949234504743,0.47574521950682747,2019
12_03,2020-21,0.6722163308589607,5026190,0.1788471983749122,0.32778366914103924,0.49336913248404857,2020
12_03,2021-22,0.2898779338271561,14259233,0.019627072508037424,0.7454038332019686,0.27025086131911863,2021
12_03,2022-23,0.20135947695640694,10596134,0.016083224315585287,0.7986405230435931,0.18527625264082165,2022
12_04,2017-18,0.8714794033596492,16907539,0.10206186719427351,0.1285205966403508,0.7694175361653757,2017
12_04,2018-19,0.8163466258433874,26098181,0.058219881301306016,0.18365337415661268,0.7581267445420813,2018
12_04,2019-20,0.6569461848951902,19638910,0.1542709855078515,0.3430538151048098,0.5026751993873387,2019
12_04,2020-21,0.606794003782722,21710821,0.1994529824551545,0.39320599621727803,0.4073410213275675,2020
12_04,2021-22,0.5586704847267742,18266868,0.14253543628825696,0.44132951527322584,0.41613504843851723,2021
12_04,2022-23,0.6366875218840736,27688515,0.10847613171020548,0.36331247811592643,0.5282113901738681,2022
12_05,2017-18,0.6302071241822975,14748640,0.035775667240740605,0.36979287581770254,0.5986785900259278,2017
12_05,2018-19,0.7309978077362137,15806492,0.03467758690543101,0.2690021922637863,0.6963202208307827,2018
12_05,2019-20,0.4471789200104899,18566347,0.09853559238120456,0.55282107998951,0.3486433276292854,2019
12_05,2020-21,0.20134713642613963,22938434,0.044884014314141935,0.7986528635738603,0.1564631221119977,2020
12_05,2021-22,0.18981857517676748,20297002,0.02597405279142703,0.8101814248232325,0.16812813045000438,2021
12_05,2022-23,0.34193819888549293,32913743,0.03049644034712187,0.6580618011145071,0.311441758538371,2022
12_06,2017-18,0.47504194952853795,15633072,0.03825057544671962,0.5249580504714619,0.43679137408181834,2017
12_06,2018-19,0.548606752798161,19144449,0.028848257790025714,0.45139324720183904,0.5197584950081352,2018
12_06,2019-20,0.5082078542719667,24595405,0.03264987911359866,0.49179214572803337,0.475557975158368,2019
12_06,2020-21,0.5625172056092541,20069763,0.10221331462658528,0.43748279439074594,0.46030389098266883,2020
12_06,2021-22,0.408772676205337,29562541,0.04927441791962335,0.591227323794663,0.3594982582857137,2021
12_06,2022-23,0.39708106762989703,40169276,0.06204204427284176,0.602918932370103,0.33503902335705527,2022
12_07,2017-18,0.5356458561253465,11338036,0.028202327104976558,0.4643541438746534,0.50744352902037,2017
12_07,2018-19,0.6878038881824275,11221027,0.1425559353880888,0.3121961118175725,0.5452479527943387,2018
12_07,2019-20,0.38294916388681977,23157750,0.10196085543716467,0.6170508361131802,0.28098830844965506,2019
12_07,2020-21,0.2734628590973811,28557922,0.060051498144717955,0.7265371409026189,0.21341136095266316,2020
12_07,2021-22,0.4950213868575599,18277580,0.10243609930855178,0.5049786131424401,0.3925852875490081,2021
12_07,2022-23,0.30734522468124736,46200874,0.023634141639831317,0.6926547753187526,0.28371108304141607,2022
12_08,2017-18,0.6093509154221166,3092617,NA,0.3906490845778834,0.6093509154221166,2017
12_08,2018-19,0.14339198909572004,4522261,NA,0.85660801090428,0.14339198909572004,2018
12_08,2019-20,0.22485711128040048,10821708,0.03842470319466719,0.7751428887195995,0.18972513396221743,2019
12_08,2020-21,0.41710344205435973,8424620,0.06295490363451142,0.5828965579456403,0.37655324513153116,2020
12_08,2021-22,0.20054790579897658,12111206,0.05687237092656173,0.7994520942010234,0.14367553487241486,2021
12_08,2022-23,0.09023681761198485,18037172,NA,0.9097631823880151,0.09023681761198485,2022
12_09,2017-18,0.07232142485867317,42806098,0.04492303876891559,0.9276785751413268,0.027398386089757587,2017
12_09,2018-19,0.16119826367878204,29776518,0.06670309805867831,0.8388017363212179,0.09449516562010374,2018
12_09,2019-20,0.10828816423283395,52295706,0.03317710253304545,0.8917118357671661,0.07511106169978851,2019
12_09,2020-21,0.13238926071811902,43084892,0.06903675190830233,0.867610739281881,0.06335250880981667,2020
12_09,2021-22,0.10616755869680618,38702915,0.03772059546419178,0.8938324413031938,0.06844696323261439,2021
12_09,2022-23,0.2196284872984436,44210763,0.020938272429272483,0.7803715127015564,0.1986902148691711,2022
12_10,2017-18,0.038714228288616294,18747216,0.007613130397601436,0.9612857717113837,0.031101097891014857,2017
12_10,2018-19,0.17218053192192254,26531751,0.12824603999939543,0.865185106518001,0.04393449192252709,2018
12_10,2019-20,0.13866080216145688,15625757,0.025727856029415047,0.8613391978385431,0.11534301986137376,2019
12_10,2020-21,0.15338770933685544,24415672,0.041706367942688616,0.8466122906631446,0.11168134139416683,2020
12_10,2021-22,0.12436171031680264,23435284,0.041364124283708274,0.8756382896831973,0.08299758603309437,2021
12_10,2022-23,0.11324882623958224,44124422,0.010634110969204311,0.8867511737604178,0.10261471527037794,2022
12_11,2017-18,0.47543293149845484,16018354,0.04193784289257407,0.5245670685015452,0.4375734235864684,2017
12_11,2018-19,0.5525722363837642,23362569,0.04850108735901433,0.44742776361623576,0.5040711490247498,2018
12_11,2019-20,0.6823701848651169,8573981,0.12787093883226472,0.40502643783275954,0.5544992460328522,2019
12_11,2020-21,0.4213349148517895,18480130,0.10563540407994966,0.6811463313451661,0.31569951077183983,2020
12_11,2021-22,0.3286306179830481,19082805,0.10926559878568368,0.671369382016952,0.22197428522693596,2021
12_11,2022-23,0.4653769622641649,8104286,0.045380925599121255,0.5346230377358351,0.41999603666504365,2022
12_12,2017-18,0.19645809655585436,9096973,NA,0.8035419034441457,0.19645809655585436,2017
12_12,2018-19,0.27205110743245087,8719358,0.04062260088414767,0.7279488925675491,0.23142850654830321,2018
12_12,2019-20,0.3303582693548233,14884946,0.058006122427316835,0.6696417306451766,0.2803742124832752,2019
12_12,2020-21,0.22167218953556816,15797647,0.06620802452415857,0.7783278104644318,0.1554641650114096,2020
12_12,2021-22,0.2687760240357424,11054204,0.06081541466034099,0.7312239759642576,0.20796060937540142,2021
12_12,2022-23,0.21262440853593312,23118691,0.029659551226321593,0.7873755914640669,0.1829648573096115,2022
12_13,2019-20,0.22619023838363295,1101334,0.22619023838363295,0.773809761616367,NA,2019
12_13,2021-22,1,174060,0.8181833850396415,NA,0.1818166149603585,2021
12_13,2022-23,0.2485822746599279,8242076,0.038265166293185444,0.7514177253400721,0.24282268205243437,2022
12_14,2017-18,0.19354986625261572,4732429,0.1653239805605113,0.8626402550895976,0.028225885692104415,2017
12_14,2018-19,0.4710209261902194,9967175,0.36011838861061435,0.550239865114487,0.11090253757960505,2018
12_14,2019-20,0.3603773475589852,14153212,0.09561455025191455,0.6396226524410148,0.26476279730707064,2019
12_14,2020-21,0.3417153322058892,14144677,0.10102613159706651,0.7470159192956606,0.24068920060882268,2020
12_14,2021-22,0.12002676020567017,6134482,0.0894602021817001,0.8799732397943298,0.030566558023970077,2021
12_14,2022-23,0.15993789668266298,12079870,0.01231662720000107,0.840062103317337,0.14774662310107642,2022
12_15,2017-18,0.3092321845991701,12892539,0.15203731398446807,0.6907678154008299,0.15719487061470203,2017
12_15,2018-19,0.3955230803990222,36766977,0.31053776871566025,0.6044769196009778,0.08498531168336194,2018
12_15,2019-20,0.34859032286882186,44831365,0.15144229938124792,0.6514096771311783,0.19714802348757393,2019
12_15,2020-21,0.48712341671707865,24177454,0.14006739502017043,0.5128765832829214,0.3470560216969082,2020
12_15,2021-22,0.26794931400521,36778049,0.05728895515909504,0.73205068599479,0.21066035884611498,2021
12_15,2022-23,0.22419985125032907,49493891,0.020356835553705002,0.775800148749671,0.20384301569662405,2022
12_16,2017-18,0.05796327144975141,11155409,0.025971705743823466,0.9420367285502486,0.03199156570592795,2017
12_16,2020-21,0.03954813599984988,10711453,NA,0.9604518640001501,0.03954813599984988,2020
12_16,2022-23,0.14567242367368285,13094304,NA,0.8543275763263172,0.14567242367368285,2022
13_01,2017-18,0.4508328873448249,32848380,0.042002710635958306,0.549167112655175,0.4088301767088666,2017
13_01,2018-19,0.4205243685104466,56874773,0.0136962129062036,0.5794756314895533,0.406828155604243,2018
13_01,2019-20,0.2578874951230273,124008793,0.012013865823208198,0.7421125048769727,0.2458736292998191,2019
13_01,2020-21,0.42357206122755625,70812560,0.06770027802977326,0.5764279387724438,0.355871783197783,2020
13_01,2021-22,0.24330928609629457,59003868,0.004740190041193483,0.8402286918406372,0.23904037952223742,2021
13_01,2022-23,0.21636113816972954,90438427,NA,0.7836388618302704,0.21636113816972954,2022
13_02,2017-18,0.5170742100969273,35673744,0.02796401414302594,0.48292578990307267,0.4980027888297903,2017
13_02,2018-19,0.5167622412880222,28001506,0.005633443162358047,0.4832377587119778,0.513623410112299,2018
13_02,2019-20,0.42818911832272544,34151022,0.022171202448131984,0.5718108816772746,0.41039322337117756,2019
13_02,2020-21,0.5014238470861102,61230592,0.05201138597385019,0.49857615291388985,0.47164716290837105,2020
13_02,2021-22,0.4164102598126747,60891833,0.024927973510010776,0.5835897401873252,0.39148228630266396,2021
13_02,2022-23,0.606108761993464,70889028,0.08978537553089316,0.3938912380065361,0.5163233864625708,2022
13_03,2017-18,0.1830981779241283,9091718,0.012185705715905399,0.8169018220758717,0.17091247220822292,2017
13_03,2018-19,0.4814477293310794,28580895,0.0437968090222507,0.6730354419360178,0.4376509203088287,2018
13_03,2019-20,0.3257512838535624,16311245,0.16591174816811402,0.8957572417693644,0.284723575668197,2019
13_03,2020-21,0.1416651273166536,24447548,NA,0.8583348726833464,0.1416651273166536,2020
13_03,2021-22,0.2738169585089861,30050531,0.03450647843793509,0.7261830414910141,0.239310480071051,2021
13_03,2022-23,0.3252573735731844,47867871,0.030680829736505308,0.6747426264268156,0.29457654383667914,2022
13_04,2017-18,0.5508432481384745,23866581,0.10309009070046522,0.5758976794675315,0.44775315743800925,2017
13_04,2018-19,0.8408638288167297,10509999,0.10719524073718602,0.15913617118327034,0.7536706711389792,2018
13_04,2019-20,0.4149683527590788,39384160,0.035196916729974694,0.5850316472409213,0.37977143602910407,2019
13_04,2020-21,0.3041215317616144,37418564,0.037771438797063406,0.6958784682383856,0.266350092964551,2020
13_04,2021-22,0.6334199096002765,33728643,0.033448188235737794,0.36658009039972345,0.5999717213645387,2021
13_04,2022-23,0.27325575218175896,51860105,0.020849957785469195,0.726744247818241,0.2524057943962898,2022
13_05,2017-18,0.7551121843598485,40449979,0.09163065325695224,0.2448878156401515,0.6634815311028962,2017
13_05,2018-19,0.7833863803563521,61161145,0.05972159285114757,0.21661361964364795,0.7236647875052045,2018
13_05,2019-20,0.7225828042191114,100832513,0.06708639702354735,0.27741719578088864,0.655496407195564,2019
13_05,2020-21,0.8501551271267972,74890190,0.08957787395118105,0.14984487287320275,0.7605772531756162,2020
13_05,2021-22,0.8827129259307588,120187933,0.0683139795739727,0.11728707406924122,0.8143989463567861,2021
13_05,2022-23,0.7885802689763541,103310717,0.14175654206329824,0.2114197310236459,0.6468237269130559,2022
13_06,2017-18,0.29852853818503533,18130270,0.050397760209858984,0.7014714618149647,0.24813077797517633,2017
13_06,2018-19,0.1272753246431075,23380290,0.03287717988100233,0.8727246753568925,0.09439814476210517,2018
13_06,2019-20,0.08146694261512472,31366244,0.007236920046914129,0.9185330573848752,0.0742300225682106,2019
13_06,2020-21,0.23488273163207832,20326837,0.012635619023926955,0.7651172683679217,0.22340317876312976,2020
13_06,2021-22,0.21946724631314787,57867455,0.013793337740746574,0.7805327536868522,0.20931464844963374,2021
13_06,2022-23,0.5193786295460038,59704609,0.027879556166258455,0.4806213704539963,0.4914990733797453,2022
13_07,2017-18,0.30990513350923266,16434781,NA,0.6900948664907673,0.30990513350923266,2017
13_07,2018-19,0.5505695405573762,28069555,0.02511500449508373,0.4494304594426239,0.5254545360622924,2018
13_07,2019-20,0.3398097183192374,37335386,0.013943956545674926,0.6601902816807625,0.32586576177356247,2019
13_07,2020-21,0.45016637802019427,50147850,0.010709053329305244,0.5498336219798057,0.43945732469088905,2020
13_07,2021-22,0.28136880775535794,67128404,0.052721860702907866,0.7186311922446421,0.26949700755584777,2021
13_07,2022-23,0.19709806049508186,81485434,0.0020785086130933666,0.8029019395049182,0.19529500204907788,2022
13_08,2017-18,1,276860,0.33333453731127644,NA,0.6666654626887235,2017
13_08,2018-19,0.4851407376062448,14240579,0.04749225633375034,0.5148592623937552,0.46569904215271024,2018
13_08,2019-20,0.6821646533449146,3692157,NA,0.31783534665508534,0.6821646533449146,2019
13_08,2020-21,0.19282844515079572,25420150,NA,0.8071715548492042,0.19282844515079572,2020
13_08,2021-22,0.35054196106285673,13819812,0.06372930398763746,0.6494580389371433,0.28681265707521925,2021
13_08,2022-23,0.4789477121110368,14762386,0.024719716822293614,0.5210522878889632,0.46000158781920486,2022
13_09,2017-18,0.3392776558573286,21944637,0.023433242481978627,0.7716717257027096,0.31584441337534996,2017
13_09,2018-19,0.2832551433738957,21930352,NA,0.7291422368211271,0.2832551433738957,2018
13_09,2019-20,0.2604306932174895,4643723,NA,0.7948945122060838,0.2604306932174895,2019
13_09,2020-21,0.790251658229129,9210428,NA,0.209748341770871,0.790251658229129,2020
13_09,2021-22,0.05312492547347893,27465055,NA,0.9468750745265211,0.05312492547347893,2021
13_09,2022-23,0.14459018014303515,15636297,0.04962933359477631,0.8554098198569648,0.09496084654825884,2022
13_10,2017-18,0.7235178736669412,24977611,0.024387120129302997,0.27648212633305885,0.6991307535376382,2017
13_10,2018-19,0.8698782091620176,46342238,0.06875908755205133,0.13012179083798242,0.8011191216099662,2018
13_10,2019-20,0.48266937376260505,45335667,0.0705972407993909,0.5173306262373949,0.41207213296321415,2019
13_10,2020-21,0.479872984905747,60746166,0.03408799495263619,0.5201270150942531,0.4457849899531108,2020
13_10,2021-22,0.6610004181617648,40976965,0.052684868193630253,0.33899958183823514,0.6083155499681345,2021
13_10,2022-23,0.7217609374791188,67121111,0.09598211209585014,0.2782390625208811,0.6257788253832688,2022
13_11,2017-18,0.056572648562015083,21404849,0.01265970154706534,0.943427351437985,0.043912947014949744,2017
13_11,2018-19,0.2726359692347736,8506097,NA,0.7273640307652264,0.2726359692347736,2018
13_11,2019-20,0.3479888248549056,16012678,0.016048241230170242,0.6520111751450944,0.33396905876705946,2019
13_11,2020-21,0.36031605035735104,36035017,NA,0.639683949642649,0.36031605035735104,2020
13_11,2021-22,0.0989550070144468,13409468,NA,0.9010449929855532,0.0989550070144468,2021
13_11,2022-23,0.1892830585538345,35767649,0.04196982586135309,0.8107169414461655,0.14731323269248142,2022
14_01,2017-18,0.23087202591114517,71952667,0.0068125063383682495,0.7691279740888548,0.22405951957277692,2017
14_01,2018-19,0.3276037738354458,60473119,0.08088828690975902,0.6723962261645542,0.24671548692568676,2018
14_01,2019-20,0.19592637796045384,89143469,0.05335460974712573,0.8040736220395461,0.14257176821332812,2019
14_01,2020-21,0.21174245436011768,72166378,0.026391385201295876,0.7882575456398824,0.1863543435697992,2020
14_01,2021-22,0.18817948050719857,110795029,0.03600453049206748,0.8118205194928014,0.1563712391103999,2021
14_01,2022-23,0.22805405395791736,74780907,0.03669126398801234,0.7719459460420827,0.19136278996990502,2022
14_02,2017-18,0.3250466624085351,30445278,0.044422192498948444,0.6749533375914649,0.2806244699095866,2017
14_02,2018-19,0.2047031644339891,26809439,0.03472767346480477,0.7952968355660109,0.17369307876975718,2018
14_02,2019-20,0.3443543012055676,27806239,0.044096545941039546,0.6556456987944325,0.3035463372087106,2019
14_02,2020-21,0.46559067579978336,30361596,0.0168009613196882,0.5344093242002166,0.4487897144800952,2020
14_02,2021-22,0.3119579560588945,20566483,0.03154827201131083,0.6880420439411056,0.28040968404758365,2021
14_02,2022-23,0.3250128260397529,29631126,0.042306222180014355,0.6749871739602471,0.28270660385973856,2022
14_03,2017-18,0.24974900268812247,34819098,0.02297233546945989,0.7502509973118775,0.22677666721866258,2017
14_03,2018-19,0.29140894813005364,50539632,0.0853533322126287,0.7085910518699463,0.20605561591742497,2018
14_03,2019-20,0.3428981244675619,45541681,0.0679814388054758,0.657101875532438,0.2749166856620861,2019
14_03,2020-21,0.24930347434366446,47020881,0.09558138649082308,0.7506965256563355,0.1537220878528414,2020
14_03,2021-22,0.365907839935303,40459390,0.12745464031958958,0.6340921600646969,0.23845319961571343,2021
14_03,2022-23,0.30646033190921734,62682863,0.05419511549751644,0.6935396680907826,0.2522652164117009,2022
14_04,2017-18,0.5337695951074044,67973409,0.05037637585603511,0.46623040489259565,0.4833932192513693,2017
14_04,2018-19,0.6771730434934491,64581128,0.09848852438749599,0.32282695650655097,0.5786845191059531,2018
14_04,2019-20,0.5968858051559924,70565270,0.08322602606069529,0.40311419484400757,0.5136597790952971,2019
14_04,2020-21,0.6275063808534673,69935002,0.08280711852986006,0.3724936191465327,0.5446992623236073,2020
14_04,2021-22,0.5763599667440853,90774830,0.06337604818428193,0.42364003325591465,0.5129839185598034,2021
14_04,2022-23,0.5752520471542443,74214486,0.07255950004154176,0.4247479528457557,0.5026925471127025,2022
14_05,2017-18,0.5468880573046323,81144714,0.04533125842306869,0.4531119426953677,0.5015567988815636,2017
14_05,2018-19,0.5604176335847703,112479364,0.07688170249611298,0.43958236641522974,0.4835359310886573,2018
14_05,2019-20,0.6463967922752506,146435507,0.0494225488630978,0.35360320772474946,0.5969742434121528,2019
14_05,2020-21,0.614427023886353,140753049,0.03787198243925785,0.3855729761136471,0.576555041447095,2020
14_05,2021-22,0.5679163014038003,136952739,0.03208002287562865,0.43208369859619966,0.5358362785281717,2021
14_05,2022-23,0.5769369601304334,155464519,0.053499750640852016,0.4230630398695666,0.5234372094895814,2022
14_06,2017-18,0.7318205760451233,122937765,0.13207661616428443,0.2681794239548767,0.5997439598808388,2017
14_06,2018-19,0.6806405390687962,205382320,0.1316083682373439,0.3193594609312038,0.5490321708314523,2018
14_06,2019-20,0.7572424047173525,206907244,0.13368377764482717,0.2427575952826475,0.6235586270725253,2019
14_06,2020-21,0.7945793674848738,152408118,0.12247079253350533,0.20542063251512627,0.6721085749513684,2020
14_06,2021-22,0.7816891515724688,189405063,0.11357012140694465,0.2183108484275312,0.6681190301655241,2021
14_06,2022-23,0.8533307598349369,221980580,0.15165234724587168,0.14666924016506308,0.7016784125890653,2022
14_07,2017-18,0.557099094192263,71846814,0.04404892609434289,0.442900905807737,0.5130501680979201,2017
14_07,2018-19,0.7525690037378041,86968441,0.11809683928909338,0.24743099626219583,0.6344721644487108,2018
14_07,2019-20,0.703742647930655,82930563,0.0565144119424343,0.29625735206934506,0.6472282359882207,2019
14_07,2020-21,0.7544913930647444,74359279,0.07092219116325751,0.24550860693525553,0.683569201901487,2020
14_07,2021-22,0.6603955972404049,79653134,0.03946698443780002,0.33960440275959514,0.6209286128026048,2021
14_07,2022-23,0.717819179463204,127450689,0.030481577074879525,0.282180820536796,0.6873376023883245,2022
14_08,2017-18,0.32966476506824854,23494270,0.040349904557219214,0.6703352349317514,0.2992380269742367,2017
14_08,2018-19,0.48214931882529166,51880009,0.17983786394485785,0.5178506811747083,0.3023114548804338,2018
14_08,2019-20,0.4729481807446515,52259184,0.10820825292641385,0.5270518192553485,0.36473992781823766,2019
14_08,2020-21,0.35623874695302876,45224418,0.016703609098960653,0.6437612530469712,0.33953513785406814,2020
14_08,2021-22,0.3708669490298971,46979913,0.085433087115338,0.6291330509701029,0.2854338619145591,2021
14_08,2022-23,0.4869571832804529,44336512,0.04466363975587435,0.5130428167195471,0.44229354352457856,2022
14_09,2017-18,0.3478967041935662,21373646,0.06696021820516725,0.6521032958064338,0.280936485988399,2017
14_09,2018-19,0.33358117679134597,18426954,0.13459419283295546,0.666418823208654,0.1989869839583905,2018
14_09,2019-20,0.33459362511638613,16578436,0.045938887912114916,0.7614969230239294,0.2944515996563246,2019
14_09,2020-21,0.5445879608135593,28476891,0.06786127038938344,0.4554120391864407,0.47672669042417587,2020
14_09,2021-22,0.26493136448492144,27440677,0.023422308421909562,0.7350686355150786,0.24150905606301185,2021
14_09,2022-23,0.400389922817945,30093135,0.1084313747969429,0.599610077182055,0.29195854802100213,2022
15_01,2017-18,0.26514256954792886,14468763,NA,0.7348574304520711,0.26514256954792886,2017
15_01,2018-19,0.2839785578867537,28437309,NA,0.7160214421132464,0.2839785578867537,2018
15_01,2019-20,0.29091227179903495,15524529,0.017556152589234753,0.7090877282009651,0.2733561192098002,2019
15_01,2020-21,0.401515487287395,24773286,0.10035446195125598,0.598484512712605,0.3401349744236594,2020
15_01,2021-22,0.29316506961782146,37172522,0.04979247091347164,0.7068349303821785,0.2843950162972531,2021
15_01,2022-23,0.257500926251022,33098479,0.013968224944717248,0.7424990737489781,0.24353270130630475,2022
15_02,2017-18,0.39309996930181323,20180345,0.005598879433445912,0.6069000306981868,0.3890295730821252,2017
15_02,2018-19,0.5001772420448756,31346964,0.010421934321933059,0.49982275795512443,0.48975530772294246,2018
15_02,2019-20,0.5072311695429991,29541556,0.06867159189076998,0.492768830457001,0.46579188313574277,2019
15_02,2020-21,0.705417421338479,33109867,0.05602752798735193,0.29458257866152104,0.6493898933511271,2020
15_02,2021-22,0.5835245484086362,47629177,0.027559892542338073,0.41647545159136384,0.5559646558662981,2021
15_02,2022-23,0.40902143283023196,39950860,0.012840224215448679,0.590978567169768,0.3961812086147833,2022
15_03,2017-18,0.5828808375623806,63498936,0.03483108756341996,0.41711916243761943,0.5480497499989606,2017
15_03,2018-19,0.7507349624149321,93384027,0.023362389373077688,0.24926503758506796,0.7273725730418543,2018
15_03,2019-20,0.7149404564783941,119654075,0.0759806049229832,0.28505954352160595,0.6389598515554109,2019
15_03,2020-21,0.7238304321838755,136911193,0.10513816061773708,0.27616956781612445,0.6186922715661385,2020
15_03,2021-22,0.706404105844568,162806163,0.07738128439277818,0.29359589415543197,0.6290228214517899,2021
15_03,2022-23,0.6815342181475933,178733331,0.022678601564248807,0.3184657818524067,0.6588556165833445,2022
15_04,2017-18,0.19615795878670228,31477122,0.009831807367903584,0.8038420412132977,0.1863261514187987,2017
15_04,2018-19,0.3593632595505774,14546398,NA,0.6406367404494226,0.3593632595505774,2018
15_04,2019-20,0.3977206297790838,37786139,0.05914131634354068,0.6022793702209162,0.33857931343554315,2019
15_04,2020-21,0.3696154971726345,56777944,0.07254656843509515,0.6303845028273655,0.2970689287375394,2020
15_04,2021-22,0.48003586156985534,67424823,0.07239508808202581,0.5199641384301447,0.40764077348782957,2021
15_04,2022-23,0.44747422566044764,66794922,0.048112983798379166,0.5525257743395523,0.3993612418620685,2022
15_05,2017-18,0.40682182870350214,8499158,NA,0.7254353138529026,0.40682182870350214,2017
15_05,2018-19,0.46820759797536754,25715877,0.09566981217717886,0.5317924020246325,0.43329208644138406,2018
15_05,2019-20,0.49371300873722485,18584963,0.2125117464918406,0.5062869912627752,0.3441547879325883,2019
15_05,2020-21,0.4528663693529731,37186537,0.09633524089645669,0.5471336306470269,0.3565311284565164,2020
15_05,2021-22,0.4674798618192655,18214406,0.09657902777207904,0.5325201381807345,0.4095857421867065,2021
15_05,2022-23,0.3964361791781274,11154040,NA,0.6035638208218727,0.3964361791781274,2022
15_06,2017-18,0.29048860622603523,33882847,0.032386151022079104,0.7095113937739648,0.25810245520395614,2017
15_06,2018-19,0.29875557714056744,39780690,0.012998115417304225,0.7012444228594326,0.2857574617232632,2018
15_06,2019-20,0.4794553763132503,59908228,0.02930700938108201,0.5205446236867497,0.4501483669321683,2019
15_06,2020-21,0.4198730572955848,69709717,0.09087570962309315,0.5801269427044152,0.3289973476724916,2020
15_06,2021-22,0.48636585067574417,67018556,0.0757478868986673,0.5136341493242558,0.41061796377707693,2021
15_06,2022-23,0.48823656615493816,67298249,0.007722934960759529,0.5117634338450618,0.4805136311941786,2022
15_07,2017-18,0.13448585283060055,28714366,NA,0.8655141471693995,0.13448585283060055,2017
15_07,2018-19,0.2054915705710862,27518175,NA,0.7945084294289138,0.2054915705710862,2018
15_07,2019-20,0.26688992669799083,38341241,0.014542659901410694,0.7331100733020092,0.2530230568175923,2019
15_07,2020-21,0.2736667049352182,34527916,0.09213292803423177,0.7263332950647818,0.18153377690098643,2020
15_07,2021-22,0.46627146464094693,24484861,0.060464709193162255,0.5337285353590531,0.40580675544778466,2021
15_07,2022-23,0.3026941049055589,36304711,0.005801210692155835,0.6973058950944411,0.298266167164917,2022
15_08,2017-18,0.48812706545340495,13668609,0.021834116404968493,0.511872934546595,0.46629294904843643,2017
15_08,2018-19,0.5797785865876055,13549676,0.1072608673447247,0.4202214134123945,0.4725177192428808,2018
15_08,2019-20,0.38622963842715935,21309012,0.0656292276713721,0.6137703615728406,0.32060041075578727,2019
15_08,2020-21,0.3078547359330754,19333508,0.06660689824112624,0.6921452640669247,0.24124783769194913,2020
15_08,2021-22,0.4784673607814358,8613273,0.053109892139724356,0.5215326392185642,0.4253574686417115,2021
15_08,2022-23,0.4816768642726725,18414943,0.06424322760436636,0.5183231357273276,0.4420779906839788,2022
16_01,2017-18,0.6607316463338151,249760672,0.09025384508894979,0.3392683536661849,0.5704778012448654,2017
16_01,2018-19,0.6416463736410176,358426098,0.11878559691264445,0.3583536263589824,0.5228607767283732,2018
16_01,2019-20,0.618642520852427,440293953,0.0685639804823756,0.381357479147573,0.5500785403700513,2019
16_01,2020-21,0.6011578485260404,433519056,0.08378441846394867,0.3988421514739597,0.5173734300620917,2020
16_01,2021-22,0.8021021066982768,195880352,0.09457817903043181,0.19789789330172328,0.7075239276678449,2021
16_01,2022-23,0.7571136732748327,209996642,0.1316322477194659,0.24288632672516736,0.6254814255553668,2022
16_02,2017-18,0.5153236011103901,104203737,0.03763293057330564,0.5121526436611153,0.47769067053708447,2017
16_02,2018-19,0.48671962512665423,123896352,0.07281467012039225,0.5132803748733458,0.413904955006262,2018
16_02,2019-20,0.4180402472033311,157170374,0.030823130827442074,0.5819597527966689,0.387217116375889,2019
16_02,2020-21,0.4251305997012911,171137834,0.08055784438641429,0.5748694002987089,0.3445727553148768,2020
16_02,2021-22,0.51821688182430925,79434780,0.08031862113799522,0.4817831181756908,0.437898260686314,2021
16_02,2022-23,0.427388122859043,149156721,0.062034831135768936,0.572611877140957,0.3653532917232741,2022
16_03,2017-18,0.453500438348401,45291599,0.0773530208107689,0.5516804855889698,0.3797133694546133,2017
16_03,2018-19,0.5274391934399487,52030447,0.11705757592280536,0.4725608065600513,0.41038161751714336,2018
16_03,2019-20,0.3694945003361595,80986859,0.09422211324432277,0.6305054996638405,0.2752723870918367,2019
16_03,2020-21,0.3630633484349776,116705614,0.057717848945981295,0.6369366515650224,0.3053454994889963,2020
16_03,2021-22,0.4084978968801494,106027481,0.09581578194807816,0.5915021031198506,0.31268211493207126,2021
16_03,2022-23,0.3887745206201712,96804240,0.054345408837464144,0.6112254793798289,0.334429111782707,2022
16_04,2017-18,0.5688881368382364,112208754,0.05395196706310454,0.43111186316176364,0.5149361697751318,2017
16_04,2018-19,0.6882920404898094,119814345,0.054020626662024486,0.31170795951019054,0.634271413827785,2018
16_04,2019-20,0.44977538543847456,84948188,0.050688403147575084,0.5502246145615254,0.3990869822908995,2019
16_04,2020-21,0.745572424954285,79294534,0.08383787210351724,0.254427575045715,0.6617345528507678,2020
16_04,2021-22,0.7633823938489084,50896462,0.09660021162178227,0.2366176061510916,0.6667821822271262,2021
16_04,2022-23,0.6221827976672927,60396088,0.14898160291441392,0.4404098464735559,0.4732011947528787,2022
16_05,2021-22,0.5960756293702776,41948994,0.1044092737956958,0.40392437062972236,0.4916663555745818,2021
16_05,2022-23,0.7486072083326277,58995363,0.03763999214650141,0.2513927916673722,0.7109672161861263,2022
16_06,2021-22,0.5219915024667766,81222395,0.0435276132894136,0.47800849753322344,0.478463889177363,2021
16_06,2022-23,0.533732610569127,78838621,0.045273496095270364,0.466267389430873,0.48845911447385665,2022
16_07,2021-22,0.526908180014351,62122336,0.062465503550928926,0.473091819985649,0.46444267646342213,2021
16_07,2022-23,0.5644889689852487,89644246,0.05217530637716558,0.43551103101475136,0.5123136626080831,2022
16_08,2021-22,0.43831332101363235,92085027,0.0714635390251236,0.5616866789863677,0.3757175745846282,2021
16_08,2022-23,0.4076350625470289,101074745,0.06830161184181073,0.592364937452971,0.3393334507052182,2022
17_01,2017-18,0.27807315757950063,201513064,0.19213498733759515,0.7624457673797839,0.0859381702419055,2017
17_01,2018-19,0.22840138126688453,185926415,0.15258478468484427,0.8567741911055675,0.07581659658204026,2018
17_01,2019-20,0.2614840477972287,165199787,0.16996416587389426,0.7385159522027713,0.09151988192333445,2019
17_01,2020-21,0.3879784363780272,181201470,0.23922746322091096,0.724491234151943,0.14875097315711622,2020
17_01,2021-22,0.4059891865107997,123349640,0.27760603922313837,0.6482338549595392,0.12838314728766131,2021
17_01,2022-23,0.2173592915797509,176693086,0.1445507154705533,0.7826407084202491,0.07280857610919762,2022
17_02,2017-18,0.1539761229014123,90225619,0.09280143592032325,0.8721914219348686,0.06117468698108904,2017
17_02,2018-19,0.30099516134801935,80985159,0.16465715650444052,0.6990048386519807,0.1363380048435788,2018
17_02,2019-20,0.23521654951711657,141057022,0.1547545218982434,0.8574563141346119,0.08046202761887317,2019
17_02,2020-21,0.46260436043999276,73289026,0.27024934128610195,0.7295973645489606,0.19235501915389078,2020
17_02,2021-22,0.32157528336930136,74019927,0.17861907645491193,0.7665504086143643,0.14295620691438943,2021
17_02,2022-23,0.27749054033294257,93833905,0.16844922951890365,0.7859699874094571,0.10904131081403891,2022
17_03,2017-18,0.2618997603076734,63374995,0.16675191848141369,0.7381002396923266,0.09514784182625971,2017
17_03,2018-19,0.582066902423334,16334356,0.38675709039278927,0.6610659415084579,0.1953098120305447,2018
17_03,2019-20,0.08508329171517168,42635633,0.06364188377360318,0.9497488165164133,0.022257711147418112,2019
17_03,2020-21,0.14382401266280537,44150722,0.08775720587309987,0.8707625500297942,0.0570220099305404,2020
17_03,2021-22,0.46170387691792353,32671597,0.3389109200875611,0.6899316278190476,0.12279295683036247,2021
17_03,2022-23,0.2582885753705003,43825535,0.17875512529396392,0.8182771444693058,0.07953345007653644,2022
17_04,2017-18,0.13644770438937026,47250696,0.09070061105554932,0.8635522956106297,0.045747093333820946,2017
17_04,2018-19,0.29509138229667503,80120825,0.25244098522450314,0.7049086177033249,0.042650397072171935,2018
17_04,2019-20,0.38459709931362346,23528776,0.36996063883646135,0.6154029006863766,0.04491591487916469,2019
17_04,2020-21,0.20615931986594285,64595736,0.1791403228225467,0.8074973619468729,0.02701899704339618,2020
17_04,2021-22,0.2833898016812588,75940478,0.26217510772054925,0.7166101983187412,0.0212146939607096,2021
17_04,2022-23,0.37841283305897044,48842852,0.19637702564952594,0.6215871669410296,0.18203580740944447,2022
17_05,2017-18,0.13455486101905817,90497444,0.1039851689070909,0.8654451389809418,0.03126120959888801,2017
17_05,2018-19,0.3929525537394748,39886136,0.269966536743494,0.6070474462605252,0.12298601699598076,2018
17_05,2019-20,0.3671604416588959,56313504,0.3462143289822633,0.6328395583411042,0.02094611267663259,2019
17_05,2020-21,0.3531743851161576,30390862,0.336468244961265,0.6468256148838424,0.017163130703997536,2020
17_05,2021-22,0.2994111499577104,67533153,0.26286430014603346,0.7005888500422895,0.04094497447753238,2021
17_05,2022-23,0.2837902836528287,48990592,0.19179933567653154,0.7162097163471713,0.09199094797629716,2022
17_06,2017-18,0.3421111382459775,130340711,0.24270880339144382,0.6578888617540225,0.09940233485453367,2017
17_06,2018-19,0.508637536088906,160810153,0.40448035019281403,0.49136246391109395,0.10415718589609203,2018
17_06,2019-20,0.7623187659752395,99966811,0.7108920479617981,0.2376812340247605,0.05142671801344148,2019
17_06,2020-21,0.7389673575397311,185987084,0.7120660056157448,0.2610326424602689,0.02690135192398629,2020
17_06,2021-22,0.7808597288540171,158070791,0.6444830847971147,0.36164500068508565,0.13637664405690234,2021
17_06,2022-23,0.6786339837304958,166768819,0.4596323728838063,0.32136601626950423,0.2190016108466895,2022
17_07,2017-18,0.2134225334035571,74726847,0.11936359364928109,0.7865774665964429,0.094058939754276,2017
17_07,2018-19,0.2931640620939014,54347173,0.23564819093718084,0.7338676823322202,0.05971546832796784,2018
17_07,2019-20,0.5597223961604302,25967076,0.4640740066382522,0.44027760383956976,0.09564838952217801,2019
17_07,2020-21,0.8211812629940396,33827048,0.6477834542346113,0.2017062690200771,0.17339780875942826,2020
17_07,2021-22,0.5296910496554285,54012725,0.43120657215498753,0.5339260943978035,0.09848447750044087,2021
17_07,2022-23,0.5984123121469587,32784404,0.36995429290097814,0.4515386296166974,0.2284580192459805,2022
18_01,2017-18,0.28498662890470267,106808004,NA,0.7150133710952973,0.28498662890470267,2017
18_01,2018-19,0.48560795712561144,141900286,0.055799866393503955,0.5390152905067798,0.42980809073210746,2018
18_01,2019-20,0.49460770604069715,95216990,0.12049849506899976,0.5053922939593029,0.37410921097169736,2019
18_01,2020-21,0.41420216144698907,133527309,0.13907310151813215,0.5857978385530109,0.27512905992885694,2020
18_01,2021-22,0.43245807062670966,147978124,0.08487425479187721,0.645672265951214,0.34758381583483244,2021
18_01,2022-23,0.39419922411210134,151566483,NA,0.6058007758878986,0.39419922411210134,2022
18_02,2017-18,0.44341285409022874,282527953,0.019421189803474067,0.5565871459097713,0.42399166428675467,2017
18_02,2018-19,0.6036652641386767,227934132,0.07653925213798168,0.3963347358613233,0.527126012000695,2018
18_02,2019-20,0.619569613452123,262554721,0.15043248831926354,0.3804303865478771,0.46913712513285943,2019
18_02,2020-21,0.6139367884772456,405216310,0.18301503214418985,0.38606321152275436,0.4309217563330558,2020
18_02,2021-22,0.39248713851600614,365676115,0.10337069458310122,0.6075128614839939,0.2891164439329049,2021
18_02,2022-23,0.49603491015380025,365740010,0.08707874481657066,0.5039650898461998,0.40895616533722956,2022
18_03,2017-18,0.4064935660080091,107536814,0.006179093235921979,0.6194781659728994,0.40031447277208715,2017
18_03,2018-19,0.5549080027966194,189391518,0.013655949470767747,0.44509199720338055,0.5412520533258517,2018
18_03,2019-20,0.5872880505606641,153570293,0.06965657739547322,0.41271194943933587,0.5176314731651909,2019
18_03,2020-21,0.4396126727430561,225458339,0.31841240966474077,0.560387327256944,0.12120026307831533,2020
18_03,2021-22,0.5134304678450267,248700346,0.08013297255324285,0.48656953215497334,0.4332974952917838,2021
18_03,2022-23,0.5132858351851199,313224983,0.015266113048204714,0.48671416481488006,0.49801972213691525,2022
18_04,2017-18,0.4923909175985926,232082189,0.026837001265961,0.5076090824014075,0.4655539163326316,2017
18_04,2018-19,0.4321293205071075,200414061,0.0368220970284116,0.5678706794928925,0.39530722347869596,2018
18_04,2019-20,0.5389350065096864,191809548,0.13994132346320945,0.46106499349031366,0.3989936830464769,2019
18_04,2020-21,0.4963662234504973,384270051,0.26448737999621,0.5036337765495026,0.2318788434542873,2020
18_04,2021-22,0.44742708204057596,304162516,0.07464341529841896,0.552572917959424,0.372783666742157,2021
18_04,2022-23,0.6195255443220765,312006636,0.0439691801939751,0.3992208970402854,0.5755563641281014,2022
18_05,2017-18,0.496888939848986,107849088,0.2546206324897249,0.607215696315545,0.2422683073592611,2017
18_05,2018-19,0.5063018170066033,98986927,0.3179812421088696,0.4936981829933967,0.1883205748977337,2018
18_05,2019-20,0.42672131272757335,133539360,0.3278434088646224,0.5732786872724267,0.09887790386295096,2019
18_05,2020-21,0.22458624019094559,127553834,0.1519382004620888,0.7754137598090545,0.07264803972885676,2020
18_05,2021-22,0.3949068961535378,139356004,0.2491627486677933,0.6490580977084658,0.1457441474857445,2021
18_05,2022-23,0.5727481076218983,183891237,0.07593660376540944,0.4272518923781018,0.4968115038564888,2022
18_06,2017-18,0.3410073352800321,233392044,0.20718665542858009,0.6589926647199679,0.13382067985145202,2017
18_06,2018-19,0.5562869936733577,455660177,0.24929694481508308,0.4437130063266424,0.30699004885827447,2018
18_06,2019-20,0.5123165572625531,375269558,0.34541469787965057,0.4876834427374469,0.16690185938290256,2019
18_06,2020-21,0.45314151205193937,497211637,0.27947680355679205,0.5468584879480607,0.1736647084951473,2020
18_06,2021-22,0.5249488606775528,355143051,0.31463181578625343,0.4750511393224473,0.21031704489129932,2021
18_06,2022-23,0.456645247727026,270194359,0.10256476153893354,0.543354752272974,0.35408048618809246,2022
18_07,2017-18,0.348268361090362,232070409,0.038820477107876346,0.6682600799445996,0.3094478839824857,2017
18_07,2018-19,0.41512835863100067,211111164,0.014006966490886289,0.5848716413689994,0.4011213921401144,2018
18_07,2019-20,0.4904799747595196,268346715,0.21191112400984674,0.5095200252404803,0.27856885074967286,2019
18_07,2020-21,0.49952699459701083,255789890,0.30457141210702265,0.5004730054029892,0.19495558248998818,2020
18_07,2021-22,0.6155261582361581,190628870,0.21080182660685132,0.384473841763842,0.4047243316293067,2021
18_07,2022-23,0.4385259469201533,227936378,0.20335461327721896,0.5614740530798467,0.23517133364293435,2022
18_08,2017-18,0.45620458136648423,155983199,0.029845560482446576,0.5437954186335158,0.42635902088403765,2017
18_08,2018-19,0.47234640813705403,199283425,0.11094991969352193,0.6842262475284853,0.3613964884435321,2018
18_08,2019-20,0.4638972892162916,196715547,0.1268381332346038,0.5361027107837084,0.3433968236379405,2019
18_08,2020-21,0.34788140652808613,221989993,0.20152130926108514,0.6521185934719138,0.1542383624472658,2020
18_08,2021-22,0.44464889441037364,313371428,0.23232746030694285,0.5553511055896264,0.21232143410343077,2021
18_08,2022-23,0.6447844153485085,191931196,0.12290082327210633,0.35521558465149145,0.5218835920764022,2022
18_09,2017-18,0.18347437182709558,46566956,0.008340506517110545,0.8165256281729044,0.17513386530998504,2017
18_09,2018-19,0.28190829172520143,89125807,0.11502434979354521,0.7180917082747985,0.16688394193165623,2018
18_09,2019-20,0.6346587782677979,116574565,0.3360711918590475,0.36534122173220207,0.2985875864087505,2019
18_09,2020-21,0.6551679257628233,152889435,0.3726996963524654,0.3448320742371767,0.2824682294103579,2020
18_09,2021-22,0.45393948224435265,75468496,0.13401645104998514,0.5460605177556473,0.3199230311943675,2021
18_09,2022-23,0.46056122616136846,153252977,0.10216620457558877,0.5394387738386315,0.3583950215857797,2022
18_10,2017-18,0.3593353719696486,293490962,0.10796017970733968,0.6885091526242587,0.2513751922623089,2017
18_10,2018-19,0.6579874372276826,203397780,0.12208281722642204,0.3420125627723174,0.5359046200012606,2018
18_10,2019-20,0.6220378078856766,241024163,0.20579615496891074,0.3779621921143234,0.41624165291676585,2019
18_10,2020-21,0.6049383147269293,227319493,0.24127227839629223,0.39506168527307073,0.3636660363306371,2020
18_10,2021-22,0.600016066246736,250114421,0.21878235481671807,0.3999839337532641,0.3812337114300179,2021
18_10,2022-23,0.3843445634884932,445352143,0.08960236214693594,0.6156554365115068,0.29474220134155726,2022
18_11,2017-18,0.6611152666341226,245511281,0.2702523636785554,0.3388847333658774,0.39086290295556725,2017
18_11,2018-19,0.5628107232364583,274795992,0.08291676248320244,0.43718927676354175,0.4798939607532558,2018
18_11,2019-20,0.6353195246559563,211179337,0.25642891378146526,0.43231157566805045,0.378890610874491,2019
18_11,2020-21,0.6620417227515404,244625525,0.38070884467187144,0.4755941790506942,0.2813328780796689,2020
18_11,2021-22,0.5767906198100188,315110121,0.21378580854913257,0.4232093801899813,0.3630048112608862,2021
18_11,2022-23,0.4044277907234562,203140721,0.1320624041695707,0.5955722092765439,0.2723653865538855,2022
18_12,2017-18,0.35665776265701155,90923082,0.2654634166492508,0.6433422373429885,0.09119434600776072,2017
18_12,2018-19,0.8899933724095452,122824427,0.5816683191202675,0.15043081840092926,0.30832505328927773,2018
18_12,2019-20,0.7303288485097402,129170298,0.5383343468016153,0.3535121625943702,0.19199450170812488,2019
18_12,2020-21,0.966394135664025,142052707,0.7059526574175035,0.06342281645136368,0.26044147824652153,2020
18_12,2021-22,0.32859933196596747,29812553,0.05689797851260843,0.6714006680340325,0.27170135345335905,2021
18_12,2022-23,0.3905173459013466,51952417,0.1197734457667292,0.6094826540986533,0.2707439001346174,2022
18_13,2017-18,0.5678074501516533,132800894,0.3224954118155259,0.43219254984834665,0.2453120383361275,2017
18_13,2018-19,0.3939072111772185,90196036,0.32296611128231845,0.6060927888227815,0.07094109989490004,2018
18_13,2019-20,0.6752766369281679,193294783,0.469788887163085,0.3247233630718321,0.2054877497650829,2019
18_13,2020-21,0.7818512840255328,119388358,0.6279570240843751,0.21814871597446714,0.15389425994115774,2020
18_13,2021-22,0.5456635443503198,196780509,0.28117605387431943,0.4543364556496802,0.26448749047600034,2021
18_13,2022-23,0.6674602196903054,257260692,0.18644260663032033,0.33253978030969455,0.4810176130599851,2022
18_14,2017-18,0.718375049221541,81892499,0.41638552268382967,0.3537297066056633,0.30198952653771133,2017
18_14,2018-19,0.7074240917078541,121101427,0.4667840288950518,0.363227106006904,0.24064006281280237,2018
18_14,2019-20,0.6283331725335884,141625432,0.3878898459423587,0.40434038902238156,0.24044332659122974,2019
18_14,2020-21,0.5283944757767179,128304517,0.3357218826520348,0.471605524223282,0.1926725931246832,2020
18_14,2021-22,0.6401448684226962,184768492,0.3111731950488615,0.35985513157730376,0.32897167337383476,2021
18_14,2022-23,0.4561541472146816,257083231,0.04443346987497602,0.5438458527853184,0.4117206773397056,2022
18_15,2017-18,0.1888627419221775,135976682,0.017895774218111896,0.8650320685146837,0.1709669677040656,2017
18_15,2018-19,0.20613447410973149,124932926,0.00921380805569222,0.8217267170999589,0.19692066605403927,2018
18_15,2019-20,0.6381973951236154,269311820,0.01858621879824928,0.36180260487638455,0.6221233438621446,2019
18_15,2020-21,0.649786892420535,250422346,0.020876251993901536,0.350213107579465,0.6289106404266335,2020
18_15,2021-22,0.5775471233218336,195593013,0.10369843821689471,0.4224528766781664,0.4884183107297396,2021
18_15,2022-23,0.6376592025273551,293179862,NA,0.36234079747264497,0.6376592025273551,2022
18_16,2017-18,0.28611859958123304,56450486,0.031597407327901485,0.713881400418767,0.25452119225333153,2017
18_16,2018-19,0.31521730469403636,7153481,NA,0.6847826953059636,0.31521730469403636,2018
18_16,2019-20,1,1482249,0.3333333333333333,NA,0.6666666666666666,2019
18_16,2020-21,0.6717382617106112,90685211,0.027218318982573684,0.34322161667868467,0.6445199427280376,2020
18_16,2021-22,0.6322685038027048,39539224,0.09909908177608234,0.7357357819304471,0.5827373344504687,2021
18_16,2022-23,0.4043758699248781,86441372,NA,0.6367522352680968,0.4043758699248781,2022
18_17,2017-18,0.7688390917213139,248456166,0.02899867254652879,0.2940793244928886,0.7398404191747852,2017
18_17,2018-19,0.743155800803687,388244435,0.055232528960782144,0.256844199196313,0.6879232718429048,2018
18_17,2019-20,0.8138677200248378,318724130,0.12467924220233968,0.1861322799751622,0.6891884778224981,2019
18_17,2020-21,0.8154445374930244,393335754,0.14772833491256937,0.26228822037871596,0.6677162025804549,2020
18_17,2021-22,0.7871444829393721,415319942,0.08881269178256795,0.2128555170606279,0.6983317911568041,2021
18_17,2022-23,0.80888293831263125,518166809,0.06386443597934116,0.19111706168736875,0.7450185023332901,2022
18_18,2017-18,0.358057664068432,203060178,0.025147249698559804,0.6660859695800178,0.3329104143698722,2017
18_18,2018-19,0.44703882929985295,234713014,0.06482658861003762,0.6126357460867804,0.38221224068981535,2018
18_18,2019-20,0.7221234651632198,348559050,0.030534358525477964,0.27787653483678015,0.6915891066377419,2019
18_18,2020-21,0.6581162556863738,431810121,0.03432331545559118,0.3418837443136262,0.6237929402307826,2020
18_18,2021-22,0.581871893207593,317697643,0.10374712981864155,0.41812810679240703,0.4838181251473748,2021
18_18,2022-23,0.8304078528614826,216689420,0.10044994351823915,0.16959214713851742,0.7299579093432434,2022
18_19,2017-18,0.44330639397229693,155707603,0.01857235845563897,0.5943035339697053,0.4259093693709999,2017
18_19,2018-19,0.4887016897668979,87862829,0.043588206958384085,0.6218650618591766,0.45286340598024677,2018
18_19,2019-20,0.7075054978738036,79571670,0.039929188533859156,0.29249450212619643,0.6697826500310977,2019
18_19,2020-21,0.8349592693717479,123671429,0.03977498311271231,0.16504073062825206,0.7951842862590356,2020
18_19,2021-22,0.5625932858110257,119736189,0.023536752595162292,0.4980487593811931,0.5419223506437139,2021
18_19,2022-23,0.6081084944825111,218909639,0.006055156370367062,0.39189150551748886,0.6029969196559681,2022
18_20,2017-18,0.694993454553341,98856508,0.04455923124454285,0.3505742873914892,0.6504342233087983,2017
18_20,2018-19,0.49576301301224374,65061800,0.10719303800386709,0.5042369869877562,0.38856997500837664,2018
18_20,2019-20,0.5905472361065393,155378746,0.2609637549784319,0.47821058291529916,0.3295834811281074,2019
18_20,2020-21,0.8225398880778225,96735609,0.2133352259145854,0.29066071164830787,0.6092046621632371,2020
18_20,2021-22,0.44328141886969274,278753209,0.19116328809689148,0.7333999103495258,0.25211813077280126,2021
18_20,2022-23,0.5787518199720815,209151560,0.024660542814024432,0.5309927437124481,0.5540912771580571,2022
18_21,2017-18,0.6012782689518471,27312562,NA,0.39872173104815284,0.6012782689518471,2017
18_21,2018-19,0.5114972651638263,107128172,0.10301339954534869,0.4885027348361736,0.43152297044702675,2018
18_21,2019-20,0.6783893730044417,17302802,0.6278855297540826,0.3216106269955583,0.0505038432503591,2019
18_21,2020-21,0.5897023337292638,89645360,0.16630058711348808,0.41029766627073616,0.4234017466157758,2020
18_21,2021-22,0.7142828378184041,83485342,0.1469815743223523,0.28571716218159593,0.5673012634960518,2021
18_21,2022-23,0.603102014577962,57389092,0.09714287431990723,0.49432391402993675,0.5839561985054581,2022
18_22,2017-18,0.4817058141144259,315787679,0.21278728230558988,0.5182941858855741,0.268918531808836,2017
18_22,2018-19,0.5594423110977381,278265964,0.14090257908796924,0.4405576889022619,0.4185397320097689,2018
18_22,2019-20,0.4659346157847113,276914358,0.2211839625881732,0.5340653842152887,0.2447506531965381,2019
18_22,2020-21,0.5999796340165636,312776450,0.22301265968074002,0.40002036598343643,0.37696697433582355,2020
18_22,2021-22,0.4195833375086492,253873008,0.20309261471388876,0.5804166624913508,0.21649072279476045,2021
18_22,2022-23,0.3615875279970145,740497706,0.05357833613599338,0.6384124720029856,0.30800919186102116,2022
18_23,2017-18,0.8318540303073668,172742160,0.2381897910735862,0.16814596969263323,0.5936642392337805,2017
18_23,2018-19,0.9390603456187877,206299086,0.22414526838960402,0.060939654381212335,0.7149150772291837,2018
18_23,2019-20,0.9698840526480907,251098792,0.5378812654741884,0.030115947351909204,0.43200278717390245,2019
18_23,2020-21,0.8962949626189215,446573659,0.528377577236368,0.10370503738107849,0.3679173853825534,2020
18_23,2021-22,0.961965703512291,468844744,0.42277315793050674,0.038034296487708945,0.5391925455817843,2021
18_23,2022-23,0.9699231973616536,416044822,0.32428287979029335,0.0300768026383465,0.6456403175713601,2022
18_24,2017-18,0.5080214022573567,92254007,0.01658589833967769,0.4919785977426433,0.49348273837037776,2017
18_24,2018-19,0.6521650812809398,179116347,0.05934969175198768,0.38459576872874784,0.5984882161537161,2018
18_24,2019-20,0.6837963963246673,44436467,0.47943739541669683,0.3162036036753327,0.20435900090797046,2019
18_24,2020-21,0.516807554470283,93037152,0.2630886315178693,0.5271733040183887,0.2768127774807788,2020
18_24,2021-22,0.7422332495450449,114088737,0.3126123396387498,0.25776675045495506,0.42962090990629515,2021
18_24,2022-23,0.7935285829552029,162620921,0.06566254166030704,0.20647141704479707,0.7278660412948958,2022
18_25,2017-18,0.2609437278334008,93574627,NA,0.7390562721665992,0.2609437278334008,2017
18_25,2018-19,0.29501855521615944,70189697,NA,0.7049814447838406,0.29501855521615944,2018
18_25,2019-20,0.3266434582885207,250481958,0.15131621974944798,0.6929257483049283,0.17532723853907276,2019
18_25,2020-21,0.2932288331265474,174807182,0.09633908519845598,0.721367037122436,0.1968897479280914,2020
18_25,2021-22,0.2986621633864978,108089507,0.020693553537995135,0.7013378366135021,0.2779686098485027,2021
18_25,2022-23,0.3081277423673876,217781497,0.023598809222989223,0.6918722576326124,0.2845289331443984,2022
18_26,2017-18,0.38146592852566036,218030248,0.08311100944122211,0.6565004396526778,0.2983549190844382,2017
18_26,2018-19,0.39568034368113336,154402191,0.09581285022049979,0.6924006686319949,0.29986749346063357,2018
18_26,2019-20,0.48319693958813675,97278410,0.18239980484878401,0.5168030604118632,0.3007971347393527,2019
18_26,2020-21,0.42076803291684806,210879972,0.2112177205713969,0.5792319670831519,0.20955031234545118,2020
18_26,2021-22,0.42688833531332143,156996733,0.2196510802552815,0.5731116646866785,0.20723725505803997,2021
18_26,2022-23,0.2705030420553638,205012541,0.047317910176041374,0.7294969579446362,0.22318513187932246,2022
18_27,2017-18,0.2589387561770153,130860936,NA,0.7410612438229848,0.2589387561770153,2017
18_27,2018-19,0.331852155919623,91743680,0.06760037312651945,0.668147844080377,0.2642517827931036,2018
18_27,2019-20,0.5652966277673249,163483144,0.21260762357903354,0.44947916291134454,0.3596780839986782,2019
18_27,2020-21,0.4215756511489262,113270593,0.24451532722383024,0.5945714053656967,0.18370074216879928,2020
18_27,2021-22,0.3637487547195027,351503136,0.12835442241971917,0.6860247249848904,0.23539433229978352,2021
18_27,2022-23,0.38556033661131833,310989424,0.09365401442076049,0.6908460845322478,0.29190632219055784,2022
18_28,2021-22,0.5048449682719968,204362845,0.3194557797431329,0.4951550317280032,0.18538918852886394,2021
18_28,2022-23,0.6077834068203333,138038474,0.08513503995994624,0.39221659317966673,0.5226483668603871,2022
18_29,2021-22,0.5610620949130797,42941247,NA,0.43893790508692027,0.5610620949130797,2021
18_29,2022-23,0.5580335636158982,52263618,NA,0.4419664363841018,0.5580335636158982,2022
18_30,2021-22,0.24292245162800752,111388889,0.14796193002697064,0.7570775483719925,0.09496052160103689,2021
18_30,2022-23,0.7361158003214823,54098779,0.05223812907126795,0.26388419967851773,0.6838776712502144,2022
18_31,2021-22,0.37029956919619916,148033745,0.03310662038577758,0.6297004308038009,0.33719294881042156,2021
18_31,2022-23,0.0011647601493569033,5487357207,NA,0.998835239850643,0.0011647601493569033,2022
18_32,2021-22,0.4262427480609801,108634911,0.2375285970455667,0.5737572519390198,0.18871415101541344,2021
18_32,2022-23,0.6187230376106475,161661535,0.1681410175896202,0.38127696238935255,0.45058202002102726,2022
18_33,2021-22,0.22579359865283222,60603587,0.20665192639504984,0.7742064013471678,0.019141672257782367,2021
18_33,2022-23,0.1647335023623992,25717076,NA,0.8352664976376007,0.1647335023623992,2022
19_01,2017-18,0.844985695555419,243920341,0.6897618677894518,0.23007535917856098,0.15522382776596724,2017
19_01,2018-19,0.8345533864211422,390350637,0.6396519163359274,0.16544661357885782,0.1949014700852147,2018
19_01,2019-20,0.8040289393514927,417303477,0.5240694004569725,0.19597106064850736,0.2799595388945202,2019
19_01,2020-21,0.8165109459748712,377319156,0.5596508569525158,0.1834890540251288,0.2568600890223554,2020
19_01,2021-22,0.8920656959977786,329981319,0.3503584183200383,0.10793430400222141,0.5417072776777403,2021
19_01,2022-23,0.7017580328647113,535124069,0.23016811826492523,0.2982419671352888,0.471589914599786,2022
19_02,2017-18,0.7209944757782009,552417718,0.5079592287805657,0.27900552422179914,0.2130352469976352,2017
19_02,2018-19,0.6956511052358663,699930733,0.46314220781615545,0.30434889476413374,0.23250889741971081,2018
19_02,2019-20,0.5181917552139578,744518071,0.2859570805501644,0.4818082447860423,0.23223467466379336,2019
19_02,2020-21,0.5969934706399379,573800949,0.2006371707830689,0.40300652936006204,0.396356299856869,2020
19_02,2021-22,0.7596491931434137,433730177,0.23446194983108126,0.24035080685658633,0.5251872433123324,2021
19_02,2022-23,0.7201651563085308,688208407,0.04024372954223444,0.27983484369146916,0.6799214267662964,2022
19_03,2017-18,0.42185576976750344,445482621,0.28189868039768046,0.635222790169191,0.139957089369823,2017
19_03,2018-19,0.46346193355814846,444151349,0.3342433999902137,0.5365380664418515,0.12921853356793475,2018
19_03,2019-20,0.3888596856327974,590818821,0.20328841216789875,0.6111403143672026,0.18557127346489863,2019
19_03,2020-21,0.36041552887610595,496457435,0.1470513962591778,0.639584471123894,0.2381064313272436,2020
19_03,2021-22,0.4167271549572398,718534385,0.1034430384288429,0.5832728450427602,0.3132841165283969,2021
19_03,2022-23,0.3105434007024108,391372387,0.10572486811646219,0.6894565992975892,0.20862990590555291,2022
19_04,2017-18,0.5484968890277553,553401755,0.23475939283929448,0.45150311097224477,0.31373749618846075,2017
19_04,2018-19,0.4860333117737873,574685879,0.325131373203621,0.5139666882262127,0.16090193857016627,2018
19_04,2019-20,0.6275900929431644,241797018,0.46190139532655444,0.3724099070568356,0.16568869761660998,2019
19_04,2020-21,0.6558582738790616,568603102,0.2526533824643116,0.3441417261209384,0.40320489141474997,2020
19_04,2021-22,0.5578950006864287,859637696,0.11058345910414799,0.4421049993135713,0.4473115415822807,2021
19_04,2022-23,0.3868977101448172,573579373,0.04323666987934031,0.6131022898551828,0.3436610402654769,2022
19_05,2017-18,0.6128663950297181,274526718,0.1751090252716313,0.387133604970282,0.4377573697580867,2017
19_05,2018-19,0.42363102262119867,325486642,0.13837990243020482,0.5763689773788013,0.3031325691086272,2018
19_05,2019-20,0.5160935130743383,467059738,0.33417226384861287,0.48390648692566174,0.1819212492257254,2019
19_05,2020-21,0.3956656648860552,237830849,0.12502394506441844,0.6043343351139447,0.2706417198216367,2020
19_05,2021-22,0.4002317906250978,348903671,0.06005181011695346,0.5997682093749023,0.3401799805081443,2021
19_05,2022-23,0.38356495829256637,274145614,0.012751092198761202,0.6164350417074336,0.3708138660938052,2022
19_06,2017-18,0.6798905763189115,934616337,0.27530859328430507,0.3201094236810885,0.4045819830346064,2017
19_06,2018-19,0.7303932047435674,762117052,0.263731615074793,0.2696067952564326,0.4666615896687744,2018
19_06,2019-20,0.646460793437977,395155701,0.31974877163672755,0.353539206562023,0.3267120218012494,2019
19_06,2020-21,0.5350740688228997,834345985,0.2945533992112397,0.46492593117710035,0.24052066961165997,2020
19_06,2021-22,0.459172608771367,694045888,0.02258848337128971,0.540827391228633,0.4365841254000773,2021
19_06,2022-23,0.5978632617924907,721012801,0.07923346426133702,0.4021367382075093,0.5186297975311537,2022
19_07,2017-18,0.6301398309826152,1111288050,0.08340276762626936,0.36986016901738483,0.5467370633563459,2017
19_07,2018-19,0.7620942206557688,1436534833,0.1947930189869611,0.23790577934423118,0.5673012016688077,2018
19_07,2019-20,0.7670429631438391,1802665915,0.2072845483407279,0.2329570368561609,0.5597584148031112,2019
19_07,2020-21,0.7740838126362712,1751786849,0.06458964574633588,0.22591618736372876,0.7094941668899354,2020
19_07,2021-22,0.7033416684902092,1717111053,0.06728639466745079,0.2966583315097908,0.6360552738227584,2021
19_07,2022-23,0.7992922274982804,2157004682,0.05455145692632298,0.2007077725017196,0.7447407705719574,2022
19_08,2017-18,0.5602915592525707,278553602,0.16377836320350292,0.43970844074742926,0.39651319604906776,2017
19_08,2018-19,0.5711610873498106,378012886,0.30966389860053606,0.42883891265018936,0.2614971887492745,2018
19_08,2019-20,0.42812101557621063,421957186,0.12123618627032934,0.5718789844237894,0.3068848293058813,2019
19_08,2020-21,0.5213030750020547,255959081,0.07920883650930127,0.47869692499794525,0.4420942384927535,2020
19_08,2021-22,0.7101360600153941,557741301,0.08126649742225205,0.40665440820724214,0.6288695625931421,2021
19_08,2022-23,0.7332161039785673,521210182,0.10936523876273775,0.26678389602143265,0.6238508652158296,2022
19_09,2017-18,0.7168625522645015,903438973,0.4301928117063863,0.2831374477354986,0.28666974055811517,2017
19_09,2018-19,0.661949046738235,1370890922,0.13346749042080241,0.33805095326176504,0.5284815563174325,2018
19_09,2019-20,0.6588512835451598,1120333390,0.24402256367633568,0.3411487164548403,0.414828719868824,2019
19_09,2020-21,0.5409671024585271,752791634,0.10615966808153982,0.4590328975414729,0.43480743437698727,2020
19_09,2021-22,0.6184304937897352,864817795,0.20322614430014127,0.3815695062102648,0.41520434948959395,2021
19_09,2022-23,0.5975051445850278,901943009,0.09766637594726342,0.4024948554149722,0.49983876863776433,2022
19_10,2017-18,0.705838745900725,802709020,0.10633669969224963,0.29416125409927496,0.5995020462084754,2017
19_10,2018-19,0.7149501337790106,1631910708,0.15509473144531877,0.2850498662209893,0.5598554023336919,2018
19_10,2019-20,0.6543187291904673,1709230175,0.14220305524386145,0.3456812708095327,0.5121156739466058,2019
19_10,2020-21,0.6154946040158611,1162570504,0.16004557345968928,0.38450539598413896,0.45544903055617175,2020
19_10,2021-22,0.7673686059320547,1123793618,0.21026155889772993,0.2326313940679453,0.5571070470343248,2021
19_10,2022-23,0.6302632299832998,1955635424,0.07170890303938368,0.3697367700167002,0.5585543269439162,2022
19_11,2017-18,0.7590218850018179,1913614006,0.4236408499614629,0.24097811499818214,0.33538103504035494,2017
19_11,2018-19,0.8693569636376727,2926124198,0.5585798402259069,0.13064303636232735,0.3107771234117657,2018
19_11,2019-20,0.8674284926569571,2415358831,0.5671316602812462,0.1325715073430429,0.30029683237571086,2019
19_11,2020-21,0.8615483417339603,2568177149,0.3502509230526605,0.13845165826603964,0.5112974186812999,2020
19_11,2021-22,0.8602179028425959,3014367652,0.19519667503385218,0.13978209715740408,0.6650212278087437,2021
19_11,2022-23,0.8652463073196301,3208858150,0.20750270902439236,0.1347536926803698,0.6577435982952379,2022
19_12,2017-18,0.7971310872366469,891244388,0.28348034433850483,0.2028689127633531,0.513650742898142,2017
19_12,2018-19,0.6903561098581499,1116862173,0.31134190986697513,0.3096438901418501,0.37901419999117475,2018
19_12,2019-20,0.7098697375098681,1192554279,0.35484055648589896,0.2901302624901319,0.35502918102396913,2019
19_12,2020-21,0.6158213183300383,1253844919,0.26931474369997427,0.3841786816699618,0.34650657463006396,2020
19_12,2021-22,0.7945988549741292,1178948384,0.1269992385010131,0.20540114502587078,0.667599616473116,2021
19_12,2022-23,0.6583094485847601,1775325017,0.11124994753566299,0.3416905514152398,0.5470595010490972,2022
19_13,2017-18,0.23885803949157525,296316972,0.01824073421019982,0.7641470836920007,0.22068903970846462,2017
19_13,2018-19,0.20291432858861064,266419855,0.035349872853883205,0.7970856714113894,0.16756445573472742,2018
19_13,2019-20,0.3986124777302661,242062277,0.21389096492717863,0.6013875222697339,0.18472151280308743,2019
19_13,2020-21,0.3790082336832568,509756675,0.041695229851725274,0.6872090890143083,0.3413306260285851,2020
19_13,2021-22,0.35824705994040196,407387575,0.05481600169077321,0.6828596172997023,0.30343105824962874,2021
19_13,2022-23,0.36465228706338565,478303228,0.010977025090986149,0.7061925808252972,0.36355107768580647,2022
19_14,2017-18,0.32961745872399373,357882008,0.04240547907063269,0.6703825412760063,0.28721197965336104,2017
19_14,2018-19,0.38287182742307685,317542340,0.09890298723628477,0.6171281725769231,0.2839688401867921,2018
19_14,2019-20,0.3819227338738936,328007463,0.06807333831913452,0.6180772661261064,0.31384939555475905,2019
19_14,2020-21,0.4248523503290261,420153493,0.04844423844882803,0.575147649670974,0.376408111880198,2020
19_14,2021-22,0.41563906716789956,246009673,0.15977691951561043,0.5843609328321004,0.392778372580496,2021
19_14,2022-23,0.5463471029982632,392524221,0.011268246513011424,0.5668297981369415,0.5373287474150544,2022
19_15,2017-18,0.9362229201753787,977166502,0.8630579868158436,0.06377707982462133,0.07316493335953508,2017
19_15,2018-19,0.9369280760504315,1866720874,0.7932706253114947,0.06307192394956848,0.14365745073893676,2018
19_15,2019-20,0.9433850989680953,1357388101,0.8582961241090178,0.056614901031904655,0.08508897485907754,2019
19_15,2020-21,0.816502279476671,1755852144,0.2517850318494699,0.183497720523329,0.5647172476272011,2020
19_15,2021-22,0.8548189735399007,1496327525,0.14140702718143208,0.14518102646009937,0.7134119463584685,2021
19_15,2022-23,0.8852927705188394,1695984681,0.16571413005587166,0.11470722948116063,0.7195786404629677,2022
19_16,2017-18,0.9278167374035977,655747514,0.599898467933803,0.07218326259640231,0.32791826946979474,2017
19_16,2018-19,0.9557075926900892,1467387707,0.7114079864647523,0.04429240730991077,0.24429960622533686,2018
19_16,2019-20,0.9573519390283143,1450708651,0.7583738300875411,0.04264806097168576,0.1989781089407731,2019
19_16,2020-21,0.9460107354296127,1239556355,0.5351712952171505,0.053989264570387364,0.41083944021246216,2020
19_16,2021-22,0.9616070049664938,1608592191,0.27654718112454146,0.03839299503350629,0.6850598238419523,2021
19_16,2022-23,0.9322538673343898,1688760679,0.28208142984598705,0.06774613266561022,0.6501724374884027,2022
19_17,2017-18,0.8206746699325711,1361018797,0.3769897999432259,0.1793253300674289,0.4436848699893452,2017
19_17,2018-19,0.7517837590268546,1890117835,0.44107308685333896,0.24821624097314546,0.31071067217351556,2018
19_17,2019-20,0.7677280559985213,1393558225,0.5059539596919246,0.23227194400147866,0.26177409630659676,2019
19_17,2020-21,0.740089426343081,1403843383,0.22682999461058825,0.2599105736569191,0.5132594317324927,2020
19_17,2021-22,0.7396506922865886,1807001494,0.09458943203286582,0.2603493077134113,0.6450612602537228,2021
19_17,2022-23,0.7722020332939598,2175828723,0.1489834349429167,0.22779796670604022,0.6232185983510431,2022
19_18,2017-18,0.19715556411846105,1245641578,0.060954681780861365,0.802844435881539,0.1362008823375997,2017
19_18,2018-19,0.27278399913270224,1216523407,0.12492919423127877,0.7272160008672978,0.1478548049014235,2018
19_18,2019-20,0.47370928280781816,974340822,0.15459594692010142,0.5262907171921819,0.31911333588771673,2019
19_18,2020-21,0.4291005840179878,956124660,0.14385803834407954,0.6756029402240014,0.2852425456739083,2020
19_18,2021-22,0.49259005157885183,1336159638,0.12436746948046937,0.5074099484211482,0.3682225820983825,2021
19_18,2022-23,0.5464789155913722,1884810013,0.11283414377743971,0.4535210844086279,0.4336447718139324,2022
19_19,2017-18,0.5112211209955732,724120790,0.13363020139222906,0.48877887900442685,0.37759091960334407,2017
19_19,2018-19,0.41545642305307634,836509544,0.08836694874577546,0.5845435769469236,0.3270894743073009,2018
19_19,2019-20,0.42844456025157895,1023095669,0.181994544246282,0.571555439748421,0.24645001600529695,2019
19_19,2020-21,0.6612848559411255,731244780,0.31413439012856953,0.33871514405887454,0.34715046581255593,2020
19_19,2021-22,0.5538832322630924,605054460,0.20979249041482978,0.4461167677369075,0.3440907418482627,2021
19_19,2022-23,0.615294559872016,1119400999,0.06564707648612703,0.384705440127984,0.549647483385889,2022
19_20,2019-20,0.5943925535894119,145575212,0.3033175661801544,0.4056074464105881,0.2910749874092576,2019
19_20,2020-21,0.84650332433718245,225434563,0.2713906207895903,0.1534966756628175,0.5751127035475923,2020
19_20,2021-22,0.5463549503535654,254540031,0.0871327504474139,0.6449630255678005,0.4592221999061515,2021
19_20,2022-23,0.4147862526284961,450599389,0.05235702172689808,0.5852137473715039,0.36242923090159807,2022
19_21,2019-20,1,12836152,0.4577114699171527,NA,0.7032257836394816,2019
19_21,2020-21,0.7525353925514573,57681699,0.37567596613268966,0.3375221432581223,0.5140064376209371,2020
19_21,2021-22,0.4611113531445025,54492022,0.007808771280587369,0.744621997188681,0.45546008551490347,2021
19_21,2022-23,0.5336655644776522,49372052,0.4582983911626764,0.6691517785678106,0.10814573024798146,2022
19_22,2019-20,0.2673622747856656,140201833,0.09546005721622769,0.7326377252143343,0.1719022175694379,2019
19_22,2020-21,0.37311815333349463,355204883,0.2064960351347422,0.6268818466665054,0.16662211819875236,2020
19_22,2021-22,0.24388732788533765,403417475,0.05359859039323966,0.7935085205797715,0.190288737492098,2021
19_22,2022-23,0.1422715951675863,317417113,NA,0.8577284048324136,0.1422715951675863,2022
19_23,2019-20,0.8754306176319535,230467804,0.42956537217667073,0.12456938236804652,0.4458652454552828,2019
19_23,2020-21,0.7770890924514086,510930009,0.25186685599435993,0.22291090754859144,0.5252222364570487,2020
19_23,2021-22,0.9207082679714937,700960738,0.30749767471284534,0.07929173202850628,0.6132105932586484,2021
19_23,2022-23,0.7852242489740404,713446943,0.27045099413930773,0.2147757510259596,0.5147732548347327,2022
20_01,2017-18,0.17532496709232887,225428441,0.14151352801131248,0.8547401561324226,0.0338114390810164,2017
20_01,2018-19,0.1141476845691143,308221206,0.08195464007106636,0.8858523154308857,0.03219304449804794,2018
20_01,2019-20,0.018394097497245566,444375159,0.004096361880367244,0.9816059025027545,0.01457889998752158,2019
20_01,2020-21,0.19461570275830312,576808980,0.044146592516642165,0.8499334053745974,0.15046911024166093,2020
20_01,2021-22,0.49552123339720255,189011747,0.03279944115700031,0.6836227806884284,0.47131691767284706,2021
20_01,2022-23,0.21048092086407302,271610466,0.0563751935900448,0.8077079919508847,0.15537524978879128,2022
20_02,2017-18,0.10383039804963021,185126739,0.023504308580728578,0.8961696019503698,0.08032608946890163,2017
20_02,2018-19,0.2762710112062937,123021673,0.1612787610196132,0.7237289887937063,0.11499225018668052,2018
20_02,2019-20,0.13455847625972592,186202547,0.026719988959119877,0.865441523740274,0.11132586398500258,2019
20_02,2020-21,0.25068166725905117,238369964,0.05376478556669161,0.7493183327409488,0.19691688169235952,2020
20_02,2021-22,0.2193057051766625,239966329,0.07419371323549313,0.847002342413365,0.1451119919411694,2021
20_02,2022-23,0.28724404289665634,344431787,0.08257784871638459,0.7359411010673871,0.20466619418027177,2022
20_03,2017-18,0.5626913576224362,46711949,0.42508404006007117,0.7660944405595481,0.13760731756236502,2017
20_03,2018-19,0.6921371380180277,121816840,0.30824528858243244,0.30786286198197227,0.3838918494355953,2018
20_03,2019-20,0.35177459470105954,208493945,0.12330059273423984,0.6482254052989405,0.22847400196681972,2019
20_03,2020-21,0.6044483999367197,50625529,0.15299557659930824,0.39555160006328033,0.45145282333741144,2020
20_03,2021-22,0.7140116404230715,81425391,0.24434702438211198,0.28598835957692853,0.4696646160409595,2021
20_03,2022-23,0.7927418353371531,242426575,0.4560199144833853,0.24086249898168313,0.3367219208537678,2022
20_04,2017-18,0.43804977864913713,98981995,0.25954228342235375,0.5619502213508628,0.1785074952267834,2017
20_04,2018-19,0.6090664579234623,156724623,0.4095290948634153,0.39093354207653763,0.19953736306004705,2018
20_04,2019-20,0.6403755217361438,274228174,0.39833239745818383,0.3596244782638563,0.24204312427795985,2019
20_04,2020-21,0.5961182868340882,294528975,0.22127803215286374,0.4038817131659118,0.3748402546812245,2020
20_04,2021-22,0.3895066866825606,270800129,0.13493609894107547,0.62146412583780275,0.25457058774148517,2021
20_04,2022-23,0.6117295929074842,380598375,0.09651983931880949,0.4703695434244305,0.5152097535886747,2022
20_05,2017-18,0.21837880749529517,212272521,0.18142318571700575,0.7816211925047049,0.03695562177828943,2017
20_05,2018-19,0.39617296550498715,154047109,0.35688625613869845,0.6038270344950128,0.05974529468354991,2018
20_05,2019-20,0.23880318196505385,207512147,0.17545489999676983,0.7611968180349462,0.063348281968284,2019
20_05,2020-21,0.4051685177300321,258862109,0.2957165237342635,0.594831482269968,0.10945199399576862,2020
20_05,2021-22,0.5001428695211653,222139752,0.10633436738508649,0.6629903898159244,0.3938085021360787,2021
20_05,2022-23,0.4115910840907074,294519820,0.09299692631891464,0.5884089159092927,0.31859415777179273,2022
20_06,2017-18,0.09014044637385134,137426688,0.06880905839774004,0.9098595536261487,0.021331387976111307,2017
20_06,2018-19,0.22878959966509826,147240797,0.20680911554696352,0.7712104003349017,0.021980484118134733,2018
20_06,2019-20,0.21394907465721313,133695320,0.04670725946128855,0.8493400467282246,0.1672418151959246,2019
20_06,2020-21,0.24542767181769057,247774428,0.12442039821801143,0.7567772635029549,0.12136086887696379,2020
20_06,2021-22,0.27683637935167205,262509527,0.028651314434009093,0.723163620648328,0.24818506491766296,2021
20_06,2022-23,0.2604600413467518,197548287,0.026085976640232777,0.7395399586532482,0.23437406470651906,2022
20_07,2017-18,0.5901464863347493,81388957,0.2655284917829823,0.4914338526679761,0.32461799455176704,2017
20_07,2018-19,0.502681630832309,128195498,0.25821104887786306,0.49731836916769107,0.24447058195444585,2018
20_07,2019-20,0.4339279094839875,141787333,0.2413313395209994,0.5660720905160125,0.19259656996298816,2019
20_07,2020-21,0.3477360529805505,264864745,0.1769317694584079,0.8733734125967236,0.17080428352214258,2020
20_07,2021-22,0.3484542034330257,167335829,0.07970466384697565,0.6515457965669743,0.26874953958605,2021
20_07,2022-23,0.47811563042679467,199090245,0.03687532254531105,0.5218843695732054,0.4412403078814836,2022
20_08,2017-18,0.13816128181690912,314890463,0.02627703663532669,0.8618387181830909,0.11225876663022341,2017
20_08,2018-19,0.3639422472561174,97186101,0.01869015773738053,0.6360577527438827,0.34579382909908074,2018
20_08,2019-20,0.7608914793146027,250690326,0.010988369770598966,0.416618819924146,0.7499031095440037,2019
20_08,2020-21,0.09395878052194499,255246512,0.00710872355567474,0.917842508887874,0.08694145838122168,2020
20_08,2021-22,0.23287496439140196,277587452,0.03565822564630911,0.767125035608598,0.19721673874509285,2021
20_08,2022-23,0.3438252407219918,261803874,0.11606999367778645,0.6561747592780083,0.2277552470442053,2022
20_09,2017-18,0.7050371221721752,125395410,0.3859621257269305,0.2949628778278248,0.3190749964452447,2017
20_09,2018-19,0.6141550301278175,226106322,0.3242422385695169,0.38584496987218253,0.28991279155830063,2018
20_09,2019-20,0.7954170119973503,354855522,0.5765854786388247,0.2045829880026497,0.21883153335852557,2019
20_09,2020-21,0.6914664247210269,430333580,0.3971403091527275,0.3085335752789731,0.29432611556829935,2020
20_09,2021-22,0.7760113730794398,529889203,0.15788190158688703,0.2239886269205602,0.6181294714925527,2021
20_09,2022-23,0.8576390066640122,471974081,0.10579564643508464,0.14236099333598787,0.7518433602289275,2022
20_10,2017-18,0.7989046943359549,200209318,0.436568082210839,0.20109530566404507,0.362336612125116,2017
20_10,2018-19,0.6162515726905786,459914849,0.39235735787256565,0.3837484273094214,0.22389421481801297,2018
20_10,2019-20,0.6202450263024433,243972012,0.34029022148655313,0.37975497369755673,0.27995480481589013,2019
20_10,2020-21,0.5339332663503072,275797234,0.2142138089753286,0.4660667336496928,0.3197194573749786,2020
20_10,2021-22,0.6763130912757062,314076091,0.13414428607365722,0.32368690872429384,0.542168805202049,2021
20_10,2022-23,0.7637650508541675,288581462,0.09737924191402149,0.2362349491458325,0.666385808940146,2022
20_11,2017-18,0.21333513862944395,91227878,0.186539513721891,0.894977224185779,0.030484994535415817,2017
20_11,2018-19,0.6807507103726961,19525666,0.3871695848940569,0.31924928962730387,0.29358112547863924,2018
20_11,2019-20,0.01234412908865864,51328692,NA,0.9876558709113413,0.01234412908865864,2019
20_11,2020-21,0.4513936427730925,52927480,0.2113441637500973,0.6721919888168759,0.24004947902299523,2020
20_11,2021-22,0.5048074605587025,42652248,0.3120523213688526,0.7824948147537816,0.19275513918984996,2021
20_11,2022-23,0.6354680100110346,11272761,0.1995073788932454,0.3645319899889654,0.43596063111778915,2022
20_12,2017-18,0.7009255559846179,289227561,0.40485848096613447,0.2990744440153821,0.29606707501848345,2017
20_12,2018-19,0.6942011595316383,392547633,0.4315534390192082,0.3057988404683617,0.2626477205124301,2018
20_12,2019-20,0.6256287518166928,629668956,0.24509580713710777,0.3743712481833073,0.38053294467958493,2019
20_12,2020-21,0.692923376630073,591137352,0.2387094158786975,0.3070766233699271,0.45421396075137543,2020
20_12,2021-22,0.704485257795006,591850507,0.22036444246891554,0.295514742204994,0.48412081532609047,2021
20_12,2022-23,0.7052090428829814,487291189,0.18890775182885566,0.2947909571170186,0.5163012910541257,2022
20_13,2017-18,0.3601557172780785,272719383,0.13297585819193497,0.6398442827219215,0.2271798590861435,2017
20_13,2018-19,0.25975444122634944,210337343,0.20484031691890298,0.7402455587736506,0.06952664073579679,2018
20_13,2019-20,0.1345614158127076,255459552,0.08224222126561938,0.9294890263274068,0.05231919454708822,2019
20_13,2020-21,0.10143172831640691,342347563,0.0521542138157414,0.8985682716835931,0.04927751450066551,2020
20_13,2021-22,0.4056347295738424,598312369,0.11671497635376481,0.5943652704261576,0.28891975322007757,2021
20_13,2022-23,0.31438702935873525,674912691,0.04724815583590797,0.6856129706412648,0.2671388735228273,2022
20_14,2017-18,0.3764778173677501,96670944,0.22528615216584624,0.6235221826322499,0.15119166520190389,2017
20_14,2018-19,0.05304072785403002,198992537,0.03938933649556918,0.94695927214597,0.014685721372916181,2018
20_14,2019-20,0.14871239725859597,247684468,0.11497002710723064,0.851287602741404,0.03374237015136533,2019
20_14,2020-21,0.10252581167072392,209312003,0.06629581104338292,0.9304758933480705,0.037562241497421114,2020
20_14,2021-22,0.18019088706503658,228496572,0.008631083533279441,0.8198091129349634,0.17155980353175715,2021
20_14,2022-23,0.25532724256214867,248064920,0.08650604043489905,0.8056706258524889,0.1688212021272496,2022
20_15,2017-18,0.637925251083367,186145146,0.44739311655217695,0.36207474891663305,0.19053213453118997,2017
20_15,2018-19,0.6133078197207591,338602513,0.49427949756533557,0.3866921802792409,0.11902832215542358,2018
20_15,2019-20,0.4372720931002665,487368143,0.3332923095878263,0.5627279068997335,0.10397978351244021,2019
20_15,2020-21,0.31959964663612905,452648426,0.23144140790627646,0.680400353363871,0.08815823872985255,2020
20_15,2021-22,0.5698521363182231,459776797,0.3219447065746556,0.4301478636817769,0.2479074297435675,2021
20_15,2022-23,0.7585382212060312,338528211,0.24517889884220018,0.24146177879396882,0.513359322363831,2022
20_16,2017-18,0.38670357046123777,136032985,0.1801408459867289,0.6132964295387623,0.2213347079616087,2017
20_16,2018-19,0.6336346292652797,118629326,0.3860467604780963,0.36636537073472036,0.24758786878718336,2018
20_16,2019-20,0.3762024638794388,287384516,0.2073344376006674,0.6237975361205612,0.1688680262787714,2019
20_16,2020-21,0.5877246726664886,348969464,0.3283376794251545,0.41227532733351135,0.25938699324133413,2020
20_16,2021-22,0.5348637097237808,137349784,0.30071555846057973,0.46513629027621917,0.23414815126320113,2021
20_16,2022-23,0.6416226021747056,118174894,0.11081668497202121,0.35837739782529443,0.5308059172026843,2022
20_17,2017-18,0.1601409443789891,284608725,0.1601409443789891,0.8443500055340092,NA,2017
20_17,2018-19,0.2989045220000508,265562978,0.2762343665237856,0.7010954779999492,0.02267015547626522,2018
20_17,2019-20,0.268130932593765,386999467,0.09991388696150323,0.7318690674062349,0.1682170456322618,2019
20_17,2020-21,0.09243776204446162,485529485,0.07216258349377072,0.9075622379555384,0.3346456456024638,2020
20_17,2021-22,0.1364247893479392,368551106,0.041468202921177616,0.8748389027863923,0.09549049623527653,2021
20_17,2022-23,0.07067086116023692,98392490,NA,0.9293291388397631,0.07067086116023692,2022
20_18,2017-18,0.13950955611014917,128728895,0.03843511590773773,0.8604904438898509,0.10107444020241144,2017
20_18,2018-19,0.36115037363613023,59077397,0.35327199673336995,0.6388496263638698,0.010557273060047714,2018
20_18,2019-20,0.4651656862158604,119871559,0.2315839489498923,0.5348343137841395,0.23748249148263173,2019
20_18,2020-21,0.25258990932512904,66233786,0.06699657784925657,0.7637954554171945,0.18966206759265308,2020
20_18,2021-22,0.25341824763080956,101738972,0.0744160752872557,0.8282045987058667,0.17900217234355387,2021
20_18,2022-23,0.3217922383374508,82541388,0.04376204919432609,0.7954721689375337,0.3153410625951674,2022
20_19,2017-18,0.3498746907068948,434910681,0.19172436926192668,0.6501253092931052,0.15815032144496816,2017
20_19,2018-19,0.4299288914664862,728350979,0.19344339344946498,0.5700711085335137,0.23648549801702126,2018
20_19,2019-20,0.5202809723323735,761550001,0.1815913634277574,0.47971902766762653,0.3386896089046161,2019
20_19,2020-21,0.48645824940804766,682427426,0.24568731943079908,0.5135417505919523,0.2407709299772486,2020
20_19,2021-22,0.5880739859702904,741775012,0.2729283390851133,0.4119260140297096,0.3151456468851771,2021
20_19,2022-23,0.6522235499583772,667917172,0.17115928410356845,0.34777645004162283,0.4810642658548087,2022
20_20,2017-18,0.10737793910677942,97040622,0.026296636886766863,0.962204615670901,0.08108130222001256,2017
20_20,2018-19,0.09305370130391186,104458134,0.18384928151690236,0.9069462986960881,0.08491059202723265,2018
20_20,2019-20,0.07124070386278535,204785596,0.02790771666409258,0.9287592961372146,0.04420493519475852,2019
20_20,2020-21,0.06083649579161936,12447068,0.06083649579161936,0.9391635042083807,NA,2020
20_20,2021-22,0.179012713031505,75767373,0.08400812576674659,0.8801383023234719,0.09500458726475841,2021
20_20,2022-23,0.4783587893014144,191185422,0.022679838039715437,0.738437992491567,0.47170025338019755,2022
20_21,2017-18,0.10145739313015287,263612125,0.03042125243670032,0.8985426068698471,0.07103614069345254,2017
20_21,2018-19,0.04632958532265768,170327512,0.035140764575954116,0.9703424089052743,0.011384422866718494,2018
20_21,2019-20,0.2660920230928117,203059552,0.05528166929079012,0.7789037289483842,0.2108103538020216,2019
20_21,2020-21,0.3652027060028936,516452515,0.11689903378629107,0.6347972939971064,0.24830367221660252,2020
20_21,2021-22,0.27910635343791146,348745078,0.13059131690454998,0.818333886249661,0.14851503653336148,2021
20_21,2022-23,0.42150428746164814,139482064,0.005036898702630437,0.7042610381114071,0.41736686661017575,2022
20_22,2017-18,0.555850861506824,81592215,0.5511883701159479,0.4441491384931761,0.024390217318828313,2017
20_22,2018-19,0.17063239219222828,160745786,0.1613150406319205,0.8293676078077717,0.009317351560307777,2018
20_22,2019-20,0.21779404263387414,218602747,0.0243701329151184,0.7822059573661259,0.19342390971875573,2019
20_22,2020-21,0.315451631421147,240727571,0.03694345422527443,0.6845483685788529,0.27850817719587256,2020
20_22,2021-22,0.3172677265562271,132200692,0.0969899991143768,0.6827322734437729,0.22027772744185034,2021
20_22,2022-23,0.3473224661408559,173658775,0.003799948214675875,0.6526775338591442,0.34371848471233313,2022
20_23,2017-18,0.16068346128924982,274297203,0.0916680145659378,0.8393165387107502,0.06901544672331202,2017
20_23,2018-19,0.274881269401905,323930820,0.12361913571545924,0.725118730598095,0.15126213368644575,2018
20_23,2019-20,0.4607804826569707,183868224,0.06506687637337488,0.5392195173430293,0.3957136062835958,2019
20_23,2020-21,0.3037863511102418,217799400,0.03744062196681901,0.6962136488897582,0.2663457291434228,2020
20_23,2021-22,0.5059070049140166,360129631,0.08343606138868367,0.49409299508598326,0.422470943525333,2021
20_23,2022-23,0.7515925365188258,210176185,0.030739638746416487,0.28374405878491143,0.7208528977724094,2022
20_24,2017-18,0.5166094165706727,81050228,0.30152918261994277,0.4833905834293273,0.21508023395072992,2017
20_24,2018-19,0.34464929917198406,133672667,0.24406564731741306,0.8063044302810705,0.100583651854571,2018
20_24,2019-20,0.1511831801675586,224823072,0.08834802328472764,0.8940523558563057,0.06283515688283096,2019
20_24,2020-21,0.46689486587971635,122372318,0.13129386010323021,0.6400972356020116,0.33560100577648616,2020
20_24,2021-22,0.5985344996460726,244284622,0.0909533142859889,0.4897812980682794,0.5075811853600838,2021
20_24,2022-23,0.6923746346004348,187132475,0.0642378873304293,0.3862504059569095,0.6412129963011498,2022
21_01,2017-18,0.6209250822194806,326687481,0.132867751366328,0.37907491778051944,0.4880573308531526,2017
21_01,2018-19,0.6049522350408134,244847587,0.07390634403107268,0.39504776495918664,0.5310458910097406,2018
21_01,2019-20,0.3444699960295765,126132640,0.013448652149039297,0.6555300039704235,0.33102134388053717,2019
21_01,2020-21,0.35855377044062475,307890540,0.04879715841490308,0.6724302058455651,0.3120050684246421,2020
21_01,2021-22,0.5552833668798831,345001699,0.06324912620212922,0.4447166331201169,0.49203424067775386,2021
21_01,2022-23,0.5546197706341762,259783341,0.07254834712438316,0.4453802293658237,0.4820714235097931,2022
21_02,2017-18,0.5621609282810704,69663728,0.08088420131635791,0.5826964154262674,0.4812767269647125,2017
21_02,2018-19,0.6593800515641222,140529494,0.08516851985534082,0.3406199484358778,0.5742115317087814,2018
21_02,2019-20,0.3113456373990676,237028155,0.061589801430973465,0.6886543626009324,0.24975583596809417,2019
21_02,2020-21,0.647327600517211,172693137,0.19131435431623436,0.35267239948278895,0.4560132462009767,2020
21_02,2021-22,0.8532198252216354,107971373,0.3544492112738068,0.14678017477836464,0.49877061394782857,2021
21_02,2022-23,0.7273497179205671,66709401,0.1793373770512495,0.27265028207943287,0.5480123408693176,2022
21_03,2017-18,0.6084703141313255,231352317,0.2615787850527557,0.3915296858686745,0.3468915290785698,2017
21_03,2018-19,0.5775317528545557,278065866,0.13559878291569955,0.4224682471454443,0.44193296993885617,2018
21_03,2019-20,0.6126346343893788,360735472,0.17354191328320492,0.3873653656106212,0.43909272110617387,2019
21_03,2020-21,0.5493271764977701,150589047,0.21843963193418708,0.45067282350222987,0.33088754456358305,2020
21_03,2021-22,0.7240918862116867,228652761,0.15694446392449204,0.2759081137883133,0.5671474222871947,2021
21_03,2022-23,0.6998688637881701,234763530,0.08676838774744954,0.30013113621182985,0.6131004760407206,2022
21_04,2017-18,0.38454605759700894,88719989,0.057064806444013426,0.615453942402991,0.32748125115299553,2017
21_04,2018-19,0.41924926359169273,128091643,0.07934337293183132,0.6612167411876371,0.3399058906598614,2018
21_04,2019-20,1,7189418,0.4090909723151443,1,0.5909090276848558,2019
21_04,2020-21,0.25753999795307203,78146374,0.09460601460536096,0.742460002046928,0.16293398334771106,2020
21_04,2021-22,0.5240871100040655,19244816,0.11440868023887575,0.4759128899959345,0.40967842976518976,2021
21_04,2022-23,0.44403585153149194,162619887,NA,0.5559641484685081,0.44403585153149194,2022
21_05,2017-18,0.4749531126160535,258722048,0.136951478522619,0.5250468873839464,0.33800163409343453,2017
21_05,2018-19,0.8040527651409876,344161764,0.1597251430870746,0.19594723485901241,0.644327622053913,2018
21_05,2019-20,0.7402080937816721,230335667,0.2957721393621597,0.2597919062183279,0.44443595441951245,2019
21_05,2020-21,0.8226789962521799,220404922,0.3384656718328641,0.17732100374782012,0.4842133244193158,2020
21_05,2021-22,0.7696898883868565,262097537,0.1522647273102761,0.23031011161314346,0.6174251610765804,2021
21_05,2022-23,0.8127656909533724,327036916,0.04226351009254258,0.18723430904662763,0.7705021808608298,2022
21_06,2017-18,0.4241356898424338,170300382,0.2539659482384485,0.579198233008534,0.17016974160398537,2017
21_06,2018-19,0.3151863473722936,401953508,0.1946800573761879,0.6848136526277064,0.12050628999610571,2018
21_06,2019-20,0.3620941037557546,479389198,0.29767775451627926,0.7487545116161265,0.07560994873831646,2019
21_06,2020-21,0.39004172709934753,374349050,0.34466599821743904,0.6099582729006525,0.0550347045145153,2020
21_06,2021-22,0.5897874619692897,412999451,0.23846953733601936,0.41021253803071034,0.3513179246332703,2021
21_06,2022-23,0.6884533031756458,381634035,0.09847641078448362,0.31154669682435426,0.5899768923911621,2022
21_07,2017-18,0.20975091603158427,623524352,0.18865682089670813,0.8018758111200803,0.021404447014580778,2017
21_07,2018-19,0.15253577024847345,435673658,0.14045696790784631,0.8474642297515266,0.01242925750079578,2018
21_07,2019-20,0.31699841861195865,535189326,0.31699841861195865,0.6830015813880413,NA,2019
21_07,2020-21,0.4730220076472054,651364222,0.4291487167374692,0.5269779923527946,0.04387329090973621,2020
21_07,2021-22,0.43445041501622667,447568524,0.12525712599038802,0.5655495849837734,0.30919328902583865,2021
21_07,2022-23,0.4282921973511214,393136555,0.041055513140974643,0.5717078026488785,0.3872366842101468,2022
21_08,2017-18,0.2806074749349113,350892634,0.24555595544362438,0.7193925250650887,0.04022422563095342,2017
21_08,2018-19,0.3155303882766031,419768507,0.29527399014714556,0.6844696117233968,0.02025639812945758,2018
21_08,2019-20,0.2625673174882919,422996137,0.21259353486719904,0.7374326825117081,0.049973782621092824,2019
21_08,2020-21,0.3012219422345469,503485257,0.27286373352536913,0.6987780577654531,0.028358208709177754,2020
21_08,2021-22,0.6953078373515432,282127411,0.5214951871514534,0.3046921626484567,0.17381265020008993,2021
21_08,2022-23,0.5933294245882195,624872330,0.1101491659904352,0.40667057541178053,0.4831802585977843,2022
21_09,2017-18,0.1886183498554943,276450722,0.14287065598620502,0.8113816501445057,0.04706485150038795,2017
21_09,2018-19,0.45716370917228516,201991987,0.3127449704230099,0.5428362908277148,0.14441873874927524,2018
21_09,2019-20,0.6334933998619977,185943309,0.47710277114623145,0.3665066001380023,0.15639062871576626,2019
21_09,2020-21,0.4764795696992759,250632532,0.39040200096609967,0.523520430300724,0.08607756873317626,2020
21_09,2021-22,0.6792002572246136,200130148,0.3363571189684025,0.32079974277538637,0.34284313825621116,2021
21_09,2022-23,0.5139757524054522,282135615,0.12082543354195109,0.48602424759454776,0.39315031886350116,2022
21_10,2017-18,0.30244809359641633,197010278,0.12141888353662442,0.6975519064035837,0.18102921005979192,2017
21_10,2018-19,0.4332135564807509,167262702,0.2680667086198332,0.6222757909421541,0.1651468478609176,2018
21_10,2019-20,0.3532462321479082,163984144,0.27505561147424107,0.6866314949292305,0.08301172011862563,2019
21_10,2020-21,0.35599168727678465,170947590,0.27935340299328,0.6440083127232153,0.0917128294761731,2020
21_10,2021-22,0.5709169125992948,253188243,0.3664918319291785,0.4290830874007053,0.20442508067011628,2021
21_10,2022-23,0.4557442551996262,193332697,0.08519622524067928,0.5442557448003739,0.37054802995894687,2022
21_11,2017-18,0.5690603842492427,149636157,0.1636915802375224,0.43093961575075734,0.40536880401172026,2017
21_11,2018-19,0.46145715466074,110818518,0.17968920140224218,0.53854284533926,0.28176795325849785,2018
21_11,2019-20,0.561033069856988,100946823,0.5054794938915512,0.438966930143012,0.05555357596543677,2019
21_11,2020-21,0.5506342225131942,256747193,0.41359355776871143,0.44936577748680584,0.1370406647444827,2020
21_11,2021-22,0.6106901010157333,135008771,0.44684673116534035,0.3893098989842667,0.1638433698503929,2021
21_11,2022-23,0.7487390097433206,138748693,0.1926205748114687,0.2512609902566794,0.556118434931852,2022
21_12,2017-18,0.6060568389253876,419183576,0.3069889121800898,0.5528983835102361,0.2990679267452979,2017
21_12,2018-19,0.6122261514210504,414524426,0.5127226591949976,0.3877738485789496,0.0995034922260528,2018
21_12,2019-20,0.629112648708228,402003731,0.5365315452756333,0.37088735129177197,0.09258110343259476,2019
21_12,2020-21,0.6886081339771166,585766659,0.5557245500379359,0.3113918660228834,0.13288358393918082,2020
21_12,2021-22,0.6919544222620784,480746632,0.49461557954294727,0.3080455777379216,0.1973388427191311,2021
21_12,2022-23,0.6485355551587175,282253444,0.14647523308874133,0.3514644448412824,0.5020603220699762,2022
21_13,2017-18,0.5271162538121054,220762851,0.3416523190307956,0.515029117562894,0.18546393478130974,2017
21_13,2018-19,0.6285478133731973,199710371,0.32030219902801144,0.3714521866268027,0.3082456143451859,2018
21_13,2019-20,0.6164247988651662,271725434,0.5180441371564798,0.3835752011348338,0.10322787881101039,2019
21_13,2020-21,0.38435905023476774,166767149,0.1960585639899994,0.6156409497652322,0.19325787598611524,2020
21_13,2021-22,0.5722684604922694,385816770,0.4220825393359651,0.4277315395077306,0.15018592115630433,2021
21_13,2022-23,0.6741939512013617,215908361,0.12389461842100687,0.3258060487986382,0.5502993327803549,2022
21_14,2017-18,0.43123277459706694,133220396,0.1651718630231365,0.568767225402933,0.26606091157393047,2017
21_14,2018-19,0.3308689646821343,53315481,0.23645276688022376,0.755305605277576,0.09441619780191048,2018
21_14,2019-20,0.47345766440979475,184028756,0.25976915259917316,0.5381420732628036,0.2136885118106216,2019
21_14,2020-21,0.4869480960912198,138235273,0.2900168251557618,0.5291285612940293,0.19693127093545798,2020
21_14,2021-22,0.4731361361939463,198849132,0.2871003480166059,0.5501020923958183,0.1860357881773404,2021
21_14,2022-23,0.6402253253768789,197108735,0.17409281734774462,0.3802153170483678,0.46613250802913425,2022
21_15,2017-18,0.4857859247573808,88790370,0.12815635299188413,0.5694934283733502,0.35762957176549665,2017
21_15,2018-19,0.5963705990223782,137024981,0.4338258948563547,0.40362940097762173,0.16254470416602357,2018
21_15,2019-20,0.7722778920105531,189870590,0.6376267698962751,0.41614374636474694,0.13465112211427793,2019
21_15,2020-21,0.5937818100882043,180222897,0.5466167875439267,0.6060095017491955,0.04716502254427749,2020
21_15,2021-22,0.4971417265226927,216998480,0.24986194373343076,0.6881051473555616,0.24727978278926196,2021
21_15,2022-23,0.7258074574591548,99819655,0.29932896482160753,0.3700820484643,0.42647849263754717,2022
21_16,2017-18,0.3166720749862125,121991066,0.18245365607347017,0.6833279250137875,0.13421841891274236,2017
21_16,2018-19,0.47922864995536346,136549574,0.06498185047431931,0.5207713500446365,0.41424679948104415,2018
21_16,2019-20,0.5277394226137598,119284242,0.06783626960550246,0.49890886246590593,0.45990315300825735,2019
21_16,2020-21,0.4402996651488212,222574698,0.03747062031282639,0.5597003348511789,0.4028290448359948,2020
21_16,2021-22,0.46917671838056,100034433,0.23553004993790488,0.5308232816194399,0.23364666844265514,2021
21_16,2022-23,0.38723773827382935,139450533,0.11263758310626178,0.6127622617261707,0.2746001551675676,2022
21_17,2017-18,0.7528193600171156,332066318,0.06914814226958123,0.2471806399828844,0.6836712177475344,2017
21_17,2018-19,0.6189550550228811,375171467,0.12891419858429692,0.38104494497711894,0.49004085643858414,2018
21_17,2019-20,0.7930444747558364,256600262,0.31013482753185967,0.20695552524416364,0.4829096472239767,2019
21_17,2020-21,0.769667574580545,278207004,0.3289653591898786,0.23033242541945492,0.44070221539066645,2020
21_17,2021-22,0.731118963872127,371126084,0.32457399841505075,0.2688810361278729,0.4065449654570763,2021
21_17,2022-23,0.7420178582507562,470227242,0.4039346937708896,0.2579821417492439,0.3380831644798665,2022
21_18,2017-18,0.42321821466484344,268261384,0.11482638514979107,0.5767817853351566,0.3083918295150524,2017
21_18,2018-19,0.4079645371483464,219220498,0.15550562247148986,0.5920354628516535,0.25245891467685655,2018
21_18,2019-20,0.40557759322186504,276756719,0.12473040627425562,0.594422406778135,0.2808471869476094,2019
21_18,2020-21,0.4751365839837937,232314940,0.21270204146147467,0.5745102198136866,0.26243454252231907,2020
21_18,2021-22,0.4205278266297761,259855741,0.2007507234562118,0.6409494506546016,0.21977710317356428,2021
21_18,2022-23,0.6252643626218215,376130613,0.3614615702657523,0.4542605845265525,0.2638027923560691,2022
21_19,2017-18,0.38510953734343933,570122554,0.10854378337749465,0.6148904626565607,0.2765657539659447,2017
21_19,2018-19,0.5003842899180824,823823330,0.14599242898352977,0.4996157100819177,0.35439186093455255,2018
21_19,2019-20,0.4703995384840321,781937842,0.20527811979203328,0.529600461515968,0.2651214186919988,2019
21_19,2020-21,0.4531646277128732,962300048,0.19822479111005925,0.5468353722871268,0.25493983660281394,2020
21_19,2021-22,0.5745654493724928,804802888,0.18901648747562647,0.4254345506275072,0.3855489618968663,2021
21_19,2022-23,0.48738880926151845,783308270,0.17043236374869372,0.5126111907384815,0.3169564455128247,2022
21_20,2017-18,0.4347166539544977,114689319,0.012299200283448447,0.6206605943715169,0.42351482617138914,2017
21_20,2018-19,0.38251625746052137,72058302,0.0288170959121407,0.6174837425394787,0.35369916154838066,2018
21_20,2019-20,0.43730289374449494,146618888,0.1626136940828524,0.5626971062555051,0.2746891996616425,2019
21_20,2020-21,0.028776886784341316,134097758,0.028776886784341316,0.9712231132156587,NA,2020
21_20,2021-22,0.016951658381342983,173526916,0.006394085860432165,0.9830483416186571,0.010557572520910819,2021
21_20,2022-23,0.2491351006319133,265637551,0.10079708196075035,0.7508648993680868,0.14833801867116295,2022
21_21,2017-18,0.12206573957546621,120178324,0.005046450805887425,0.8779342604245338,0.11701928876957877,2017
21_21,2018-19,0.20130654417199775,125620705,0.04511443396214024,0.8674883336112635,0.15619211020985752,2018
21_21,2019-20,0.3983826483863448,91373081,0.04321655740162685,0.6073629026652652,0.3551660909847179,2019
21_21,2020-21,0.38180189998868547,169127744,0.2198674689351973,0.6181981000113145,0.16193443105348818,2020
21_21,2021-22,0.3564016838197978,66471246,0.42496185516501306,0.6435983161802021,0.22940929977452204,2021
21_21,2022-23,0.5149023239881534,79825536,0.18460691576189353,0.4850976760118466,0.3302954082262598,2022
21_22,2017-18,0.1520204534425313,143655426,0.009817123092865284,0.8479795465574687,0.142203330349666,2017
21_22,2018-19,0.21878407619215848,29845801,NA,0.7812159238078416,0.21878407619215848,2018
21_22,2019-20,0.2694609755886682,32500439,NA,0.7305390244113318,0.2694609755886682,2019
21_22,2020-21,0.5049504733287169,27349809,0.18415839759612215,0.49504952667128316,0.3207920757325947,2020
21_22,2021-22,0.12827662327550954,109006619,0.1675675503034812,0.8717233767244905,0.11287481542749253,2021
21_22,2022-23,0.13874199591195685,98810601,0.037031977975723475,0.8612580040880431,0.10171001793623338,2022
21_23,2017-18,0.5399943888926151,99548977,0.13610246341356175,0.46000561110738486,0.4038919254790534,2017
21_23,2018-19,0.4206901808204451,74876378,0.043980693083204424,0.5996970865212005,0.3767094877372407,2018
21_23,2019-20,0.20360638624637353,196005905,0.005770188403252443,0.7963936137536265,0.1978361978431211,2019
21_23,2020-21,0.3588726260099976,145998614,0.1225200740604291,0.681879196860298,0.2363525519495685,2020
21_23,2021-22,0.3684876781471578,224153099,0.07411423123904545,0.6646366924495251,0.2980671750605598,2021
21_23,2022-23,0.48222792514659274,126342198,NA,0.5633960512085981,0.48222792514659274,2022
21_24,2017-18,0.4325843369154942,197812072,0.16543130390950053,0.5674156630845058,0.2671530330059937,2017
21_24,2018-19,0.46552954344724135,237792934,0.09451344336413293,0.5344704565527587,0.3710161000831084,2018
21_24,2019-20,0.5265548704258269,189051139,0.2122413819469239,0.47344512957417306,0.31431348847890306,2019
21_24,2020-21,0.3067464547249505,366487926,0.09711484465111683,0.6932535452750496,0.20963161007383366,2020
21_24,2021-22,0.6910343733581625,312146458,0.13806702237191493,0.30896562664183747,0.5529673509862476,2021
21_24,2022-23,0.6538253693044082,153372120,0.07541205663715152,0.34617463069559185,0.5784133126672566,2022
21_25,2017-18,0.2872654617152194,78996378,0.040560049474673385,0.7127345382847806,0.246705412240546,2017
21_25,2018-19,0.11437672761017999,75724548,0.026377958703695397,0.88562327238982,0.08799876890648459,2018
21_25,2019-20,0.00556106943133862,95502494,NA,0.9944389305686614,0.00556106943133862,2019
21_25,2020-21,0.12602053208803368,158061664,0.059154324732403174,0.8877041789224279,0.06686620735563052,2020
21_25,2021-22,0.2105501949298754,144005889,0.016053482368349532,0.7894498050701246,0.19449671256152587,2021
21_25,2022-23,0.06081097228845627,115738554,NA,0.9391890277115438,0.06081097228845627,2022
21_26,2017-18,0.05862052106835852,170831866,0.04222116264889362,0.9413794789316414,0.016399358419464903,2017
21_26,2018-19,0.6252767527185327,56485895,0.23773841239481114,0.5011650597432294,0.38753834032372153,2018
21_26,2019-20,0.1820571691733103,394642789,0.06327810540584843,0.8179428308266897,0.11877906376746188,2019
21_26,2020-21,0.11280243978837635,358804890,0.04282165998350803,0.8871975602116237,0.06998077980486832,2020
21_26,2021-22,0.30247351401329525,326170499,0.05367347155451971,0.6975264859867047,0.24880004245877552,2021
21_26,2022-23,0.23359660983692057,604525019,0.03077382476373571,0.7664033901630795,0.20282278507318488,2022
21_27,2017-18,0.36764209406982673,146805458,0.12776632596316684,0.6323579059301733,0.2398757681066599,2017
21_27,2018-19,0.32813239497652813,172743956,0.19196751520498928,0.6718676050234719,0.13616487977153888,2018
21_27,2019-20,0.11853361777350585,228551870,0.029618869449635217,0.9190171687754863,0.08891474832387064,2019
21_27,2020-21,0.2586808982573022,249128395,0.08404431377643644,0.7413191017426978,0.17463658448086578,2020
21_27,2021-22,0.1273752537252717,237017679,0.05916454864955453,0.9106931172411379,0.06821070507571715,2021
21_27,2022-23,0.2891620999238895,236285478,0.056423556423556426,0.7108379000761105,0.2327385435003331,2022
21_28,2017-18,0.17598126217176718,310369373,0.10808497203105152,0.8385673088702987,0.06789629014071566,2017
21_28,2018-19,0.46163251485145906,293026933,0.1694471681891439,0.5383674851485409,0.29218534666231516,2018
21_28,2019-20,0.24276293208286462,425059815,0.11075033286785767,0.7572370679171354,0.13201259921500696,2019
21_28,2020-21,0.13481211958721653,404148649,0.046731612357808476,0.8651878804127835,0.08808050722940806,2020
21_28,2021-22,0.09885997934667606,514893391,0.008447552592493851,0.901140020653324,0.0904124267541822,2021
21_28,2022-23,0.2538891439525085,484360639,0.03249572474034167,0.7816764535257944,0.22139341921216682,2022
21_29,2017-18,0.2962138306007629,111974731,0.13931135945305373,0.7411419025753339,0.16523057860663706,2017
21_29,2018-19,0.34774126791741805,298310280,0.15764580087551794,0.6522587320825819,0.19009546704190014,2018
21_29,2019-20,0.41966566524731286,262510072,0.27078103883191196,0.5803343347526871,0.14888462641540093,2019
21_29,2020-21,0.39880309303896294,312344077,0.24608915506984305,0.6011969069610371,0.15271393796911986,2020
21_29,2021-22,0.3167240444713465,292897810,0.070792519752879,0.6832759555286535,0.24593152471846752,2021
21_29,2022-23,0.3198199219716995,248922761,0.06355048825768086,0.6801800780283005,0.2562694337140186,2022
21_30,2017-18,0.017613698197188065,66261099,NA,0.982386301802812,0.017613698197188065,2017
21_30,2018-19,0.14971925803290417,288936317,0.058043596506423246,0.8502807419670958,0.09167566152648093,2018
21_30,2019-20,0.16145008361263766,131813806,0.06685486344275653,0.896779762445212,0.09459522016988114,2019
21_30,2020-21,0.17864958600908434,259485404,0.07543678787621334,0.8216429511670316,0.10323965659355545,2020
21_30,2021-22,0.1799686477544567,225084994,0.0413179121127906,0.8618381761976746,0.1386507356416661,2021
21_30,2022-23,0.1770805788150087,302688281,0.007700124894052083,0.8229194211849913,0.16967658552991682,2022
22_01,2017-18,0.009643471678037585,263516821,0.0011863151612625138,0.9903565283219624,0.008457156516775071,2017
22_01,2018-19,0.04690121737733361,224095761,0.012409926843729989,0.979575904434076,0.03449129053360362,2018
22_01,2019-20,0.33180939344292865,301707438,0.07558526614779712,0.6681906065570714,0.2562241272951315,2019
22_01,2020-21,0.5175108778280584,125868647,0.16771453815659113,0.9133094300813487,0.34979633967146717,2020
22_01,2021-22,0.08428664672942132,268912442,0.04027401974952129,0.9157133532705787,0.04401262697990002,2021
22_01,2022-23,0.3855519297209139,132926942,0.11508883579071577,0.6144480702790861,0.27046309393019813,2022
22_02,2017-18,0.04352930925349459,222391744,0.01538565208607744,0.9564706907465054,0.02814365716741715,2017
22_02,2018-19,0.12337337257564507,225239194,0.0339046114937521,0.8766266274243549,0.11577779842348397,2018
22_02,2019-20,0.051274368188031876,378676904,0.02834169152286087,0.9487256318119681,0.022932676665171004,2019
22_02,2020-21,0.08041500749055408,405785736,0.024783034759013806,0.9324725586536138,0.055631972731540275,2020
22_02,2021-22,0.057164114995829726,329224217,0.0341266177269092,0.9428358850041703,0.02303749726892053,2021
22_02,2022-23,0.1862554079402479,423542494,0.09698983356319378,0.8137445920597521,0.08926557437705412,2022
22_03,2017-18,0.008774664666038911,334379046,NA,0.9912253353339611,0.008774664666038911,2017
22_03,2018-19,0.07588954714407059,503656583,0.006140509435175991,0.9241104528559294,0.0697490377088946,2018
22_03,2019-20,0.13190769575496628,279230668,0.003561928620263706,0.8680923042450337,0.128930723325849,2019
22_03,2020-21,0.10810759440112204,455196920,0.02651581649541917,0.891892405598878,0.08159177790570288,2020
22_03,2021-22,0.08899356671577648,675483602,0.02922903374936406,0.9110064332842235,0.05976453296641241,2021
22_03,2022-23,0.15387825109935352,465642529,0.0500455447015236,0.8461217489006465,0.1038327063978299,2022
22_04,2017-18,0.27481052577914467,460836042,0.013954466261126338,0.7251894742208553,0.2608560595180183,2017
22_04,2018-19,0.5350455438879523,292331103,0.17484201467265698,0.4649544561120477,0.3602035292152953,2018
22_04,2019-20,0.436235712212119,270627268,0.062208195517090316,0.563764287787881,0.37402751669502865,2019
22_04,2020-21,0.11595373723671121,485585953,0.024984573637367967,0.9265012771235297,0.09096916359934325,2020
22_04,2021-22,0.29523795555774585,259572252,0.17875829424171272,0.830867754789559,0.11647966131603311,2021
22_04,2022-23,0.45476728478360223,528989281,0.08698225588431158,0.5452327152163977,0.36778502889929066,2022
22_05,2017-18,0.24944897058168264,172696315,0.0056597849236099795,0.7505510294183174,0.24378918565807267,2017
22_05,2018-19,0.5091174752035942,96796589,0.07239665302220301,0.4908825247964058,0.46420874396720735,2018
22_05,2019-20,0.22901903112231844,391417851,0.019784159000964932,0.7709809688776815,0.2092348721213535,2019
22_05,2020-21,0.29088024910869476,163536002,0.05996823256080334,0.7091197508913053,0.2309120165478914,2020
22_05,2021-22,0.6137470617374774,143466163,0.31261597900265864,0.38625293826252255,0.3011310827348188,2021
22_05,2022-23,0.2813651872315749,252216540,0.04046480456832847,0.8201980693353496,0.24090038266324643,2022
22_06,2017-18,0.22613921093809736,544047379,0.012786226473117519,0.7738607890619026,0.21335298446497983,2017
22_06,2018-19,0.18933327771720776,269418264,0.02033337279613679,0.8106667222827922,0.16899990492107098,2018
22_06,2019-20,0.16498676326220604,277747815,0.019277944634775973,0.8350132367377939,0.14570881862743007,2019
22_06,2020-21,0.3180397836660383,301601466,0.12481334225344914,0.6819602163339618,0.19322644141258916,2020
22_06,2021-22,0.4245304675178879,360263627,0.2169697608690316,0.5754695324821121,0.20756070664885634,2021
22_06,2022-23,0.23781178072529532,281454097,0.04382826234005753,0.7621882192747047,0.19398351838523778,2022
22_07,2017-18,0.4031712301833946,323380247,0.08334442270371573,0.5968287698166054,0.31982680747967884,2017
22_07,2018-19,0.33814535189679534,259820070,0.031012076934626334,0.6618546481032046,0.307133274962169,2018
22_07,2019-20,0.3215260887052927,207484846,0.08238488414715357,0.6784739112947072,0.23914120455813914,2019
22_07,2020-21,0.33537648531201736,367354464,0.1207117221801339,0.6646235146879826,0.21466476313188343,2020
22_07,2021-22,0.548492628230628,258623392,0.19602260494673274,0.4515073717693719,0.3524700232838954,2021
22_07,2022-23,0.2608461747648512,389621995,0.05029438597274263,0.7391538252351487,0.21055178879210862,2022
22_08,2017-18,0.09706050055476731,197453958,0.02950545564652596,0.9306464402021523,0.06755504490824134,2017
22_08,2018-19,0.32070557955521645,294037488,0.0661551631810975,0.6792944204447836,0.25455041637411896,2018
22_08,2019-20,0.18586125225604877,318896587,0.053712976865443844,0.8141387477439512,0.13214827539060492,2019
22_08,2020-21,0.13622777231486746,280653213,0.061404445777715005,0.8637722276851325,0.07482332653715246,2020
22_08,2021-22,0.1454421205741008,323144869,0.06150722448884064,0.8545578794258992,0.08393489608526014,2021
22_08,2022-23,0.11058280569839267,255085615,0.01386835161206562,0.8894171943016074,0.09671445408632706,2022
22_09,2017-18,0.212868958939819,388188961,0.02875903006422689,0.787131041060181,0.1841099288755921,2017
22_09,2018-19,0.28966862371677427,550834985,0.07156992397641555,0.7103313762832257,0.21809869974035873,2018
22_09,2019-20,0.22838606260466843,571001411,0.04258056027816015,0.7716139373953316,0.18580550232650825,2019
22_09,2020-21,0.3750909089361444,321896298,0.20494681489005506,0.6249090910638556,0.17014409404608935,2020
22_09,2021-22,0.26978747519428836,466505967,0.0974315104526841,0.7302125248057116,0.17235596474160425,2021
22_09,2022-23,0.23426222865304192,665204988,0.12120450004803632,0.7657377713469581,0.11305772860500558,2022
22_10,2017-18,0.46289272061296366,282620733,0.1477983959513685,0.5371072793870363,0.31509432466159515,2017
22_10,2018-19,0.5930672436722081,504658816,0.1726451381362572,0.40693275632779197,0.42042210553595083,2018
22_10,2019-20,0.6952880466216045,397285340,0.25504967286233116,0.30471195337839546,0.4402383737592734,2019
22_10,2020-21,0.774794013761671,424244118,0.4440944706274042,0.22520598623832894,0.33069954313426686,2020
22_10,2021-22,0.6309455366480101,457674603,0.3435756976010312,0.3690544633519898,0.287369839046979,2021
22_10,2022-23,0.603382729837731,562466319,0.23431457235397593,0.39661727016226905,0.36906815748375504,2022
22_11,2017-18,0.5715083684135359,410228532,0.05132263203964565,0.4284916315864641,0.5201857363738902,2017
22_11,2018-19,0.7032254112721893,379998889,0.10512232050236336,0.2967745887278107,0.5981030907698259,2018
22_11,2019-20,0.5620138226345197,743809437,0.14927765564232817,0.43798617736548023,0.41273616699219157,2019
22_11,2020-21,0.6154430808711849,403042518,0.14898498376292896,0.38455691912881507,0.466458097108256,2020
22_11,2021-22,0.7344145821111229,502462225,0.15396565582616684,0.26558541788887713,0.580448926284956,2021
22_11,2022-23,0.5550429370346397,672084140,0.08532223212409089,0.44495706296536025,0.46972070491054885,2022
22_12,2017-18,0.3267583387090654,216727072,NA,0.7253925257527192,0.3267583387090654,2017
22_12,2018-19,0.26466725491515247,290528018,0.03246988468830661,0.7353327450848476,0.2615159547193827,2018
22_12,2019-20,0.07424876048406859,445082218,0.07801169298386938,0.9257512395159314,0.07244606433591558,2019
22_12,2020-21,0.1375261567799188,330186381,0.021259862320002834,0.8624738432200812,0.11626629445991596,2020
22_12,2021-22,0.2348068922034697,442546192,0.047831904064830365,0.8466958632502503,0.18697498813863933,2021
22_12,2022-23,0.13646810062964315,269851737,0.0071726534782320115,0.8635318993703568,0.12929544715141114,2022
22_13,2017-18,0.1286691704579734,182281699,NA,0.8762842303060511,0.1286691704579734,2017
22_13,2018-19,0.15336462689786987,305662420,0.011978721527013202,0.8503785839073374,0.14143863350947755,2018
22_13,2019-20,0.17411022122373362,305040598,0.01617522365986498,0.8258897787762663,0.17245184524585805,2019
22_13,2020-21,0.31509653590309006,187323570,0.03222117750585257,0.6849034640969099,0.2828753583972375,2020
22_13,2021-22,0.14803402609974192,227286232,0.3506044319131384,0.8519659739002581,0.11442905613394128,2021
22_13,2022-23,0.3123463691942766,353131081,0.05677783429094422,0.6876536308057234,0.2555685349033324,2022
22_14,2017-18,0.17051180618757292,333217601,0.0032701063711217345,0.8294881938124271,0.16724169981645118,2017
22_14,2018-19,0.37443403092241623,182236988,0.06837340600704375,0.6255659690775837,0.3677371687025468,2018
22_14,2019-20,0.06439758949632833,465568094,9.347256572332788e-4,0.950102324754933,0.0634771290835063,2019
22_14,2020-21,0.17182265848282682,370137580,0.004647382738061885,0.8281773415171731,0.16717527574476496,2020
22_14,2021-22,0.12365182300291314,244001530,0.0132112010678297,0.8763481769970869,0.11103318081653013,2021
22_14,2022-23,0.21807498085432886,378246077,0.003247591523083584,0.7819250191456711,0.21525101765959626,2022
22_15,2017-18,0.11884166224283324,248801939,0.008221251588764016,0.9188019704483377,0.11095723815882319,2017
22_15,2018-19,0.2386027329440569,230954819,0.08329670315300933,0.7613972670559431,0.15530602979104757,2018
22_15,2019-20,0.12744689535433565,260681101,0.02341251811729919,0.8725531046456644,0.10403437723703646,2019
22_15,2020-21,0.33163495630814055,54457284,NA,0.7712167238086715,0.33163495630814055,2020
22_15,2021-22,0.520470459804536,96806570,0.08393222691393776,0.479529540195464,0.43653823289059823,2021
22_15,2022-23,0.3683633091262432,191878494,0.0962227377081665,0.6316366908737568,0.2721405714180767,2022
22_16,2018-19,0.8503591018911791,12397874,NA,0.2614039789369625,0.8503591018911791,2018
22_16,2019-20,0.18722241194533668,97457814,0.010099898198003908,0.8127775880546633,0.17712251374733276,2019
22_16,2020-21,0.32675464965273504,110286247,NA,0.673245350347265,0.32675464965273504,2020
22_16,2021-22,0.07126960083694144,113498980,NA,0.9287303991630586,0.07126960083694144,2021
22_17,2017-18,0.7931373496107006,48393985,NA,0.2557001139077722,0.7931373496107006,2017
22_17,2018-19,0.17939620762240802,60685993,0.0026446959515023507,0.820603792377592,0.17675151167090566,2018
22_17,2019-20,0.38346843512316886,33247524,0.05332872037861331,0.6165315648768311,0.3447191435969788,2019
22_17,2020-21,0.14337366597442633,32446342,1,0.9305210771073542,0.06947892289264582,2020
22_17,2021-22,0.09142391676033315,144865933,NA,0.9372541680419337,0.09142391676033315,2021
22_17,2022-23,0.09449253089213226,90968227,NA,0.9951978667215916,0.09449253089213226,2022
22_18,2017-18,0.0029601479691780236,141547316,NA,0.997039852030822,0.0029601479691780236,2017
22_18,2018-19,0.03365384615384615,43535232,NA,0.9663461538461539,0.03365384615384615,2018
22_18,2020-21,0.02342165522091348,135494651,NA,0.9765783447790866,0.02342165522091348,2020
22_18,2021-22,0.012707716674319998,38170744,NA,0.98729228332568,0.012707716674319998,2021
22_18,2022-23,0.031222562167014974,76620938,0.004880519734697062,0.968777437832985,0.026342042432317914,2022
22_19,2017-18,0.32176583333771897,127309070,0.008571696142145254,0.7679952078793657,0.3141959720544656,2017
22_19,2018-19,0.1402031540645813,363127758,0.004645259443625424,0.8597968459354187,0.1359030256232849,2018
22_19,2019-20,0.32802983864571034,383009340,0.023397826277552394,0.6719701613542897,0.3046320123681579,2019
22_19,2020-21,0.10701356172595466,460580904,0.006999704008570881,0.8929864382740453,0.10001385771738379,2020
22_19,2021-22,0.21789753624980718,290233199,0.019028729377027608,0.842515234829435,0.19886880687277958,2021
22_19,2022-23,0.6878206786294595,428516823,0.03146421861715333,0.31217932137054044,0.6563564600123062,2022
22_20,2017-18,0.0630493863333776,135595610,0.015030309609581018,0.9369506136666224,0.048019076723796586,2017
22_20,2018-19,0.02143450067252284,51849540,NA,0.9785654993274772,0.02143450067252284,2018
22_20,2019-20,0.10345614092376033,76988238,NA,0.8965438590762397,0.10345614092376033,2019
22_20,2020-21,0.1320175158559346,194429094,0.016998028957779535,0.8740354064593135,0.11513720266576977,2020
22_20,2021-22,0.286760361861505,116014772,0.09090763889963943,0.713239638138495,0.1958527229618656,2021
22_20,2022-23,0.08575813846494357,94306513,NA,0.9142418615350565,0.08575813846494357,2022
22_21,2017-18,0.013559572124315366,49622731,0.013559572124315366,0.9864404278756846,NA,2017
22_21,2018-19,0.16202834780660808,202306093,0.031153213956833223,0.8550345423537522,0.1335400307203981,2018
22_21,2020-21,0.2592565491991744,292053112,0.0011398648750395083,0.7407434508008256,0.25819622151466753,2020
22_21,2021-22,0.2718917867824156,273413772,0.014051406305897423,0.7281082132175843,0.2578403804765182,2021
22_21,2022-23,0.057378618402747154,268416327,0.13056810373134245,0.9426213815972528,0.048224853326452086,2022
22_22,2017-18,0.12042179197989138,179065804,NA,0.8795782080201087,0.12042179197989138,2017
22_22,2018-19,0.011407830683845785,122472803,NA,0.9885921693161542,0.011407830683845785,2018
22_22,2019-20,0.0477941162918467,59682430,NA,0.9522058837081533,0.0477941162918467,2019
22_22,2020-21,0.08545972312444672,146114164,NA,0.9326630874560983,0.08545972312444672,2020
22_22,2021-22,0.03427931611022478,124075550,NA,0.9883364702220668,0.03427931611022478,2021
22_22,2022-23,0.12115734530912312,150636356,0.007863958153634571,0.8792450739638851,0.11329338715548855,2022
22_23,2017-18,0.111489543390983,175558491,0.036045895381955635,0.888510456609017,0.07544364800902738,2017
22_23,2018-19,0.1787265900121895,118265760,0.041290429284012546,0.8212734099878105,0.13743616072817694,2018
22_23,2019-20,0.1765143682574903,185506315,0.07144157868695737,0.8234856317425097,0.10507278957053295,2019
22_23,2020-21,0.12123350750164448,176608476,0.09527484400012602,0.9517756494362041,0.028115345798417388,2020
22_23,2021-22,0.04867938515614025,272357343,0.03668747054857265,0.9513206148438598,0.011991914607567603,2021
22_23,2022-23,0.24899178549874493,201834530,0.18551027913806423,0.859058482849008,0.0634815063606807,2022
22_24,2017-18,0.18769590887923468,190156963,0.07720793269084761,0.8123040911207653,0.11048797618838706,2017
22_24,2018-19,0.1294536562004361,272635436,0.0660786112924807,0.8705463437995639,0.0633750449079554,2018
22_24,2019-20,0.13839808144106638,345588967,0.06281697355228358,0.8616019185589336,0.0755811078887828,2019
22_24,2020-21,0.3458099555240884,218471070,0.18760812587222647,0.6541900444759117,0.15820182965186191,2020
22_24,2021-22,0.2303130492046541,248351182,0.12599443154653478,0.7696869507953459,0.1043186176581193,2021
22_24,2022-23,0.14427830997143437,124648757,0.07955253817733618,0.8557216900285656,0.06472577179409819,2022
22_25,2017-18,0.08736592025152515,152178183,0.00844707812025854,0.9126340797484749,0.07891884213126661,2017
22_25,2018-19,0.09605969383531239,211432352,NA,0.9045247878660762,0.09605969383531239,2018
22_25,2019-20,0.11185347161162251,317941066,0.016467740596931884,0.8881465283883775,0.09538573101469063,2019
22_25,2020-21,0.33004059628484195,128189809,0.11875485359370494,0.669959403715158,0.211285742691137,2020
22_25,2021-22,0.23996517325635927,73538888,0.1250820518254233,0.7600348267436408,0.11488312143093597,2021
22_25,2022-23,0.18244129389170663,216115799,0.025791440452741416,0.8175587061082934,0.15847910776759083,2022
22_26,2017-18,0.04440395430693274,336962715,0.07708778435192515,0.9555960456930672,0.0362398462987218,2017
22_26,2018-19,0.01669584332506693,350164043,NA,0.9833041566749331,0.01669584332506693,2018
22_26,2019-20,0.018018624380552156,375611526,0.005803716805794218,0.9819813756194479,0.012544580434414039,2019
22_26,2020-21,0.02148229612785159,384966856,0.019164865455326367,0.9785956457815954,0.0023174306725252214,2020
22_26,2021-22,0.11663244585293346,226472795,0.004875883657460932,0.8869546692823513,0.11175656219547253,2021
22_26,2022-23,0.08358990777350528,297212315,0.0326675763754944,0.9164100922264947,0.05092233139801088,2022
22_27,2017-18,0.052451573578147,217197030,NA,0.947548426421853,0.052451573578147,2017
22_27,2018-19,0.18139381323376547,181354355,0.03670200806592155,0.8186061867662345,0.1446918051678439,2018
22_27,2019-20,0.20123588883637727,100041360,0.1255854639522003,0.7987641111636228,0.18277215543651146,2019
22_27,2020-21,0.017057163864947534,262796209,0.009379267719954058,0.9829428361350525,0.0079001901400805475,2020
22_27,2021-22,0.00238137625362547,408360501,NA,0.9976186237463746,0.00238137625362547,2021
22_27,2022-23,0.06848216782302205,520932414,0.015607564016932146,0.9315178321769779,0.0528746038060899,2022
23_01,2017-18,0.23657798875384864,104694127,0.07645716750922035,0.826048062069327,0.16591734892636337,2017
23_01,2018-19,0.5910153007426626,37051012,0.14403838685971654,0.40898469925733744,0.446976913882946,2018
23_01,2019-20,0.2072232007703945,93317384,0.07476454762169502,0.7927767992296055,0.1324586531486995,2019
23_01,2020-21,0.08581312802594093,337371713,0.04590696078897403,0.9141868719740591,0.0399061672369669,2020
23_01,2021-22,0.4901687341862097,197743153,NA,0.5098312658137902,0.4901687341862097,2021
23_01,2022-23,0.658262511902438,109856695,0.07431730947303666,0.5835148591611993,0.5839452024294013,2022
23_02,2017-18,0.06274457724407215,460909090,0.019430432535171797,0.9372554227559279,0.04506013973384643,2017
23_02,2018-19,0.1651854874116033,324169519,0.0155518816684304,0.8348145125883967,0.14963360574317291,2018
23_02,2019-20,0.44200617792153535,276099978,0.10661023667303589,0.5579938220784646,0.3353959412484995,2019
23_02,2020-21,0.25585852352360894,380171470,0.18803504113551708,0.7441414764763911,0.06782348238809188,2020
23_02,2021-22,0.29329042582526565,444225285,0.12936013761575954,0.7067095741747343,0.16393028820950614,2021
23_02,2022-23,0.4281436821128077,490843506,0.09817377924115797,0.5718563178871924,0.3299699028716497,2022
23_03,2017-18,0.45859761444984226,195345966,0.10673542140102345,0.5414023855501577,0.35186219304881883,2017
23_03,2018-19,0.4203490165112479,385892517,0.0881481332274707,0.5796509834887521,0.33220088328377717,2018
23_03,2019-20,0.4070558977058793,350456583,0.12105680719942419,0.5929441022941206,0.2859990905064551,2019
23_03,2020-21,0.26760253194779626,475567309,0.1836395465946546,0.7323974680522037,0.08396298535314167,2020
23_03,2021-22,0.19772565861878505,437663496,0.08290454500230926,0.8022743413812149,0.11482111361647579,2021
23_03,2022-23,0.29023930382076063,496614177,0.059515526074077424,0.7097606961792393,0.2307237777466832,2022
23_04,2017-18,0.74950818392999,314147421,0.36336595613815337,0.25049181607001003,0.3861422277918366,2017
23_04,2018-19,0.7616941663357831,454724441,0.15861168544490004,0.23830583366421684,0.6030824808908831,2018
23_04,2019-20,0.519218027192961,445754989,0.06964038040188934,0.48078197280703905,0.4495776467910716,2019
23_04,2020-21,0.8227420359012012,455420361,0.5313582674886158,0.17725796409879882,0.2913837684125853,2020
23_04,2021-22,0.7156373623421342,700816836,0.36352839417231125,0.28436263765786585,0.3521089681698229,2021
23_04,2022-23,0.6331044637261505,715325939,0.1417797488817192,0.3668955362738496,0.49132471484443124,2022
23_05,2017-18,0.4076992266204474,122850287,0.2291550853275581,0.5923007733795527,0.17854414129288929,2017
23_05,2018-19,0.22160565115433753,128359899,0.06057035841332951,0.7783943488456625,0.2132876950923746,2018
23_05,2019-20,0.2561330881987066,258124284,0.10756825576318112,0.7438669118012934,0.1485648324355255,2019
23_05,2020-21,0.2253342914457806,320176754,0.17871773726583537,0.7746657085542193,0.046616554179945244,2020
23_05,2021-22,0.2696218408307544,243858453,0.15420550133646588,0.7303781591692456,0.11541633949428852,2021
23_05,2022-23,0.6390176019511927,234700344,0.25003764800617423,0.3609823980488073,0.3889799539450185,2022
23_06,2017-18,0.19328270109239246,395929411,0.07051390279263695,0.8067172989076076,0.12276879829975551,2017
23_06,2018-19,0.1842499453868137,703035340,0.01773966583244592,0.8157500546131863,0.16651027955436778,2018
23_06,2019-20,0.3803027749622632,413007202,0.02234277987239554,0.6863525518278076,0.3579599950898677,2019
23_06,2020-21,0.18576148341178308,360866272,0.11237005546475676,0.9403941648219073,0.07339142794702631,2020
23_06,2021-22,0.10880371873933599,462103268,0.04461232894808266,0.891196281260664,0.06419138979125333,2021
23_06,2022-23,0.20400053560912867,704633248,0.05404235339176047,0.7959994643908713,0.1499581822173682,2022
23_07,2017-18,0.05805625712125133,391073299,0.025725100705481813,0.960025289983208,0.032331156415769516,2017
23_07,2018-19,0.07770464250427322,699667552,0.018314043524488042,0.9222953574957268,0.059390598979785186,2018
23_07,2019-20,0.21563672358560793,467718468,0.031795844620732164,0.7843632764143921,0.19346007521772693,2019
23_07,2020-21,0.21407220432907412,593367109,0.08467280581944087,0.7859277956709259,0.12939939850963328,2020
23_07,2021-22,0.21389693170008064,275897866,0.043734908772364335,0.7861030682999194,0.1701620229277163,2021
23_07,2022-23,0.3538663989883564,468667035,0.05177568974954682,0.6461336010116436,0.3020907092388096,2022
23_08,2017-18,0.20772903184017794,361357497,0.12467348089916618,0.7922709681598221,0.08305555094101175,2017
23_08,2018-19,0.2888327410074125,457022883,0.020162108600588386,0.7111672589925875,0.26867063240682415,2018
23_08,2019-20,0.11859792359018748,369878044,0.028229112728843132,0.8814020764098125,0.09036881086134434,2019
23_08,2020-21,0.2879433701489047,460838789,0.08978994604553568,0.7120566298510953,0.19815342410336903,2020
23_08,2021-22,0.22664457988272013,517576485,0.08090138793689594,0.7733554201172799,0.1457431919458242,2021
23_08,2022-23,0.1638416465668131,376851419,0.011159231935876597,0.8361583534331869,0.15423803140834133,2022
23_09,2017-18,0.2865715994595915,96218317,0.22023609080587014,0.8214930973396765,0.5042734961702828,2017
23_09,2018-19,0.5791529649527504,150021986,0.015049120866857476,0.4208470350472497,0.5641038440858929,2018
23_09,2019-20,0.09305812229571972,47991050,0.04228202967011557,0.9069418777042803,0.05077609262560415,2019
23_09,2020-21,0.14898164336385863,162945813,0.05560228172294308,0.8510183566361413,0.09337936164091556,2020
23_09,2021-22,0.1044461344724226,335907654,0.04647226942914495,0.8955538655275774,0.05797386504327764,2021
23_09,2022-23,0.23971506587539637,380122950,0.02628202269818226,0.7602849341246036,0.21343304317721412,2022
23_10,2017-18,0.34335977584856414,413489031,0.059164991489218006,0.6566402241514359,0.28419478435934614,2017
23_10,2018-19,0.6041719541946644,524024018,0.19106108796715496,0.3958280458053356,0.4131108662275094,2018
23_10,2019-20,0.630127469971724,571732456,0.2013702244673687,0.369872530028276,0.4287572455043553,2019
23_10,2020-21,0.7495396826413144,811675343,0.19452244590359571,0.2504603173586856,0.5550172367377186,2020
23_10,2021-22,0.560361546003698,818216982,0.03742489055305381,0.4396384539963019,0.5229366554506443,2021
23_10,2022-23,0.43416899748061566,1083134857,0.045763463044011334,0.5658310025193843,0.3884055344366043,2022
23_11,2017-18,0.3692489583581594,316493383,0.06495088714066417,0.6307510416418406,0.30429807121749525,2017
23_11,2018-19,0.34797585523976643,346060674,0.13727307252484863,0.6520241447602336,0.2107027827149178,2018
23_11,2019-20,0.46068406726911804,253194222,0.2341210377225749,0.539315932730882,0.22656302954654312,2019
23_11,2020-21,0.47454205918689907,253719087,0.21241286036946838,0.6034120357199667,0.2621291988174307,2020
23_11,2021-22,0.4304944284637318,371597599,0.03806088639447856,0.5695055715362682,0.39243354206925324,2021
23_11,2022-23,0.7895716987834099,147772870,NA,0.21042830121659004,0.7895716987834099,2022
23_12,2017-18,0.495599631793415,401047689,0.07031183515933438,0.5044003682065851,0.4252877966340806,2017
23_12,2018-19,0.6409273702999077,432719314,0.13949029554987694,0.3590726297000924,0.5014370747500306,2018
23_12,2019-20,0.33439582676689417,754604193,0.10168710923131592,0.6656041732331058,0.23270871753557829,2019
23_12,2020-21,0.5282781008227881,679535681,0.32010786936146185,0.47172189917721186,0.20817023146132632,2020
23_12,2021-22,0.3951295643293733,527854544,0.1591912297718138,0.6048704356706267,0.23593833455755947,2021
23_12,2022-23,0.2196809514531791,624875562,0.03914287817835961,0.7803190485468209,0.18053807327481947,2022
23_13,2017-18,0.40706623956744997,210391395,0.13892112365146872,0.59293376043255,0.2681451159159813,2017
23_13,2018-19,0.521518242349717,459948835,0.13030225198852824,0.478481757650283,0.39121599036118876,2018
23_13,2019-20,0.3684227392272629,506189391,0.05569189023165442,0.6315772607727371,0.31273084899560843,2019
23_13,2020-21,0.5481084036295928,237363270,0.30581503195502824,0.45189159637040727,0.24229337167456447,2020
23_13,2021-22,0.35780351732654014,492663044,0.15311913064865487,0.6421964826734599,0.20468438667788527,2021
23_13,2022-23,0.2906101405682294,611146561,0.06924417431189636,0.7093898594317706,0.22136596625633306,2022
23_14,2017-18,0.4374463405913909,30050648,0.022540013113860308,0.5625536594086091,0.4149063274775306,2017
23_14,2018-19,0.2946241152983324,55464601,NA,0.7053758847016677,0.2946241152983324,2018
23_14,2019-20,0.2901232204735334,49891222,0.23276739704139315,0.7098767795264666,0.06283265621355195,2019
23_14,2020-21,0.38609465934310033,132048962,0.17806644326367366,0.6139053406568997,0.20802821607942665,2020
23_14,2021-22,0.14542554419830225,185789444,NA,0.8545744558016978,0.14542554419830225,2021
23_14,2022-23,0.5521024490746665,147463001,0.01944497250534051,0.44789755092533345,0.532657476569326,2022
23_15,2017-18,0.25453544134956113,209040516,0.09043409556069025,0.7454645586504388,0.1641013457888709,2017
23_15,2018-19,0.7368739620303902,174382514,0.2722922551741627,0.2631260379696097,0.46458170685622757,2018
23_15,2019-20,0.6063559052505046,321244814,0.1294228737339243,0.3936440947494953,0.4769330315165804,2019
23_15,2020-21,0.7075573886961776,137244972,0.329875006277097,0.2924426113038225,0.37768238241908053,2020
23_15,2021-22,0.3385868400762868,343564484,0.1705645220301642,0.6614131599237132,0.1680223180461226,2021
23_15,2022-23,0.489817779251436,180542393,0.17589530930979075,0.510182220748564,0.3952940902915804,2022
23_16,2017-18,0.3463726734750812,204275751,0.1808817631026602,0.6536273265249187,0.16549091037242106,2017
23_16,2018-19,0.19478620174604303,303220133,0.0053082227227965765,0.805213798253957,0.18947797902324645,2018
23_16,2019-20,0.2757545834021464,177776240,0.0805246653087191,0.7242454165978536,0.19875412484817995,2019
23_16,2020-21,0.4706736530471997,318686334,0.20932367937685084,0.5293263469528003,0.26134997367034885,2020
23_16,2021-22,0.5241038696235126,544922857,0.23903396660052378,0.4758961303764874,0.2850699030229888,2021
23_16,2022-23,0.3640192829712597,406143218,0.06188381065124667,0.6630605438683674,0.30213547232001303,2022
23_17,2017-18,0.3607412534706215,237239928,0.07130913056085568,0.6392587465293785,0.28943212290976583,2017
23_17,2018-19,0.3622224536314154,341943584,0.03212564728035264,0.6377775463685846,0.354429021835368,2018
23_17,2019-20,0.4169969070182308,259047437,0.04268351437115357,0.5830030929817692,0.37431339264707725,2019
23_17,2020-21,0.19315896747008285,446094619,0.10419318463018716,0.8068410325299171,0.08896578283989567,2020
23_17,2021-22,0.4846723951758847,294461369,0.318084709441122,0.5153276048241153,0.1665876857347627,2021
23_17,2022-23,0.600797773987713,312804383,0.2366899091692075,0.639519293613613,0.36410786481850543,2022
23_18,2017-18,0.37775845967207977,535183599,0.13658251324701,0.6222415403279202,0.24117594642506973,2017
23_18,2018-19,0.5117096711661484,415152179,0.09622846999437283,0.48829032883385154,0.4154812011717756,2018
23_18,2019-20,0.4283079578990075,556730438,0.08955313127679217,0.5716920421009926,0.33875482662221534,2019
23_18,2020-21,0.38696484609705584,624021493,0.0866137138003995,0.6130351539029442,0.30035113229665633,2020
23_18,2021-22,0.4641089337370288,485169732,0.13136320301201312,0.5358910662629712,0.3327457307250156,2021
23_18,2022-23,0.6365828688037998,410068294,0.09511700994859164,0.3634171311962002,0.5414658588552081,2022
23_19,2017-18,0.19583539723474044,268694198,0.14319855168588344,0.8041646027652596,0.052636845548856996,2017
23_19,2018-19,0.2465736189395757,352129325,0.011437709710771746,0.7534263810604244,0.23513590922880392,2018
23_19,2019-20,0.24450624362696344,655507772,0.09158362198640721,0.7554937563730366,0.15292262164055623,2019
23_19,2020-21,0.19062098446754988,545230465,0.01788997062003863,0.8093790155324501,0.17273101384751124,2020
23_19,2021-22,0.19802396018498808,180887752,0.013383841488615548,0.8325077110364294,0.18464011869637253,2021
23_19,2022-23,0.22732362263221015,242712787,0.05563101625955949,0.7726763773677898,0.17169260637265066,2022
23_20,2017-18,0.16920116531917717,143759069,0.0505822766562296,0.883146307259376,0.11861888866294759,2017
23_20,2018-19,0.26611020392193085,200654583,0.03231741783839545,0.7338897960780691,0.2337927860835354,2018
23_20,2019-20,0.15347087163908046,270408401,NA,0.8465291283609195,0.15347087163908046,2019
23_20,2020-21,0.408580532773174,552108654,0.09941033997992721,0.5914194672268259,0.3091701927932468,2020
23_20,2021-22,0.4389428131743581,418383950,0.16526099531303723,0.5610571868256419,0.2736818178613209,2021
23_20,2022-23,0.41668012174702423,303454152,0.13045863679597963,0.5833198782529757,0.2862214849510446,2022
23_21,2017-18,0.24430000346483877,352599381,0.09234752456925045,0.7556999965351613,0.1519524788955883,2017
23_21,2018-19,0.4246646033949532,551681419,0.08634156844785813,0.5753353966050468,0.3383230349470951,2018
23_21,2019-20,0.4565012851501191,451636343,0.08011887785567337,0.5434987148498809,0.3763824072944457,2019
23_21,2020-21,0.2716913282056498,407732259,0.05442477633343208,0.7283086717943502,0.2172665518722177,2020
23_21,2021-22,0.5213780712837878,292481764,0.14769399093202953,0.4786219287162122,0.37368408035175826,2021
23_21,2022-23,0.5077925960838161,398408562,0.03927281060792062,0.4922074039161839,0.46851978547589546,2022
23_22,2017-18,0.730474247412424,639233978,0.16685373379823687,0.269525752587576,0.5636205136141872,2017
23_22,2018-19,0.8417397674374156,759281552,0.24593357168777888,0.15826023256258437,0.5958061957496368,2018
23_22,2019-20,0.8225182849291098,1006015932,0.22817766567935424,0.17748171507089014,0.5943406192497556,2019
23_22,2020-21,0.726000787422649,1253913640,0.19556921878607206,0.27399921257735105,0.5304315686365769,2020
23_22,2021-22,0.8846780332854413,961102114,0.3018290281275981,0.11532196671455869,0.5828490051578432,2021
23_22,2022-23,0.8814263060669174,1202924926,0.21692633875973072,0.11857369393308258,0.6644999673071867,2022
23_23,2017-18,0.25320918111309376,317336250,0.173038995702508,0.7467908188869061,0.08017018541058578,2017
23_23,2018-19,0.4392014421039821,375691633,0.20657517012096993,0.5607985578960178,0.2326262719830122,2018
23_23,2019-20,0.3976086138638961,509138019,0.1531455913529019,0.6023913861361039,0.24446302251099422,2019
23_23,2020-21,0.1738189344970142,340586169,0.14836133877180432,0.8261810655029859,0.02545759572520985,2020
23_23,2021-22,0.1960269419253574,437553584,0.0926343343584634,0.8039730580746426,0.10339260756689403,2021
23_23,2022-23,0.2285421346075241,392704987,0.052140761329318185,0.77145786539247585,0.1764013732782059,2022
23_24,2017-18,0.29518883125599404,268704377,0.19667458189562725,0.704811168744006,0.09851424936036676,2017
23_24,2018-19,0.3437571212674599,159645036,0.1883885509600186,0.6562428787325401,0.1553685703074413,2018
23_24,2019-20,0.32818797307019953,264401959,0.21014122667676605,0.6718120269298005,0.11804674639343349,2019
23_24,2020-21,0.6408148672638687,211364191,0.6398896017348559,0.5799195791175871,0.0014938803064306243,2020
23_24,2021-22,0.2929390198979949,403874513,0.062012073537306873,0.7070609801020051,0.23092694636068803,2021
23_24,2022-23,0.17030492182314602,571252586,0.02530139968591757,0.829695078176854,0.14500352213722845,2022
23_25,2017-18,0.2729412568460189,403869394,0.06857593670492397,0.7270587431539811,0.20436532014109493,2017
23_25,2018-19,0.5184316718088973,328908173,0.036647988677374704,0.48156832819110273,0.48178368313152253,2018
23_25,2019-20,0.2478416285800592,758755993,0.029001650336882415,0.7521583714199408,0.2188399782431768,2019
23_25,2020-21,0.1801394375171578,560783221,0.06992891465274421,0.8198605624828422,0.11021052286441359,2020
23_25,2021-22,0.1935396712969402,571724036,0.050111755315461325,0.8064603287030598,0.14342791598147886,2021
23_25,2022-23,0.47699582895608067,457121775,0.04685354137855279,0.5230041710439193,0.43014228757752787,2022
23_26,2017-18,0.39096515106226215,213166641,0.13010491167799562,0.6090348489377378,0.2608602393842665,2017
23_26,2018-19,0.33779527315644275,345483742,0.1690459170724161,0.6622047268435572,0.16874935608402666,2018
23_26,2019-20,0.3541756171978046,332331302,0.11153513911247517,0.6458243828021953,0.24264047808532943,2019
23_26,2020-21,0.5868381033542628,412326912,0.054289342627240396,0.41316189664573727,0.5325487607270224,2020
23_26,2021-22,0.4556188303805958,205013254,0.06410286527133509,0.5443811696194042,0.3915159651092607,2021
23_26,2022-23,0.5115359830007775,146209040,0.10072681552385543,0.4884640169992225,0.4108091674769221,2022
23_27,2017-18,0.8765689859457275,412048863,0.3847645612845678,0.1234310140542725,0.49180442466115964,2017
23_27,2018-19,0.8164830408603747,836071482,0.5493329373002104,0.18351695913962535,0.2671501035601643,2018
23_27,2019-20,0.7824697630934448,711999505,0.3059087365517199,0.21753023690655515,0.4765610265417249,2019
23_27,2020-21,0.6294246818162147,579188455,0.11286218403645494,0.37057531818378525,0.5165624977797598,2020
23_27,2021-22,0.7955579996365726,711525786,0.18562924436304265,0.20444200036342744,0.6099287552735299,2021
23_27,2022-23,0.9235985029360204,667410888,0.1873724106820385,0.07640149706397957,0.736226092253982,2022
23_28,2017-18,0.228957893527468,164782932,0.20224708709516104,0.771042106472532,0.026710806432306958,2017
23_28,2018-19,0.22040404843741862,256958202,0.13523669892428652,0.7795959515625813,0.0851673495131321,2018
23_28,2019-20,0.34470415960546535,205831949,0.14315266479840794,0.6552958403945347,0.2015514948070574,2019
23_28,2020-21,0.2305983063504446,98415519,0.01702937724689538,0.8034018496082851,0.21356892910354922,2020
23_28,2021-22,0.45333911644465924,184581149,0.23638804523857418,0.5466608835553407,0.2169510712060851,2021
23_28,2022-23,0.2882344370434377,271669797,0.11252916348297635,0.7117655629565623,0.17570527356046134,2022
23_29,2017-18,0.5290802756059634,294098571,0.2424189337526567,0.47091972439403657,0.2866613418533067,2017
23_29,2018-19,0.2825794967482239,148410127,0.1769975643238955,0.7174205032517761,0.10558193242432842,2018
23_29,2019-20,0.27837917573104176,316662756,0.03572014638816571,0.7216208242689582,0.24265902934287606,2019
23_29,2020-21,0.3401211594978322,231854543,0.04357191741548061,0.6598788405021678,0.2965492420823516,2020
23_29,2021-22,0.3465603080821642,258041293,0.02233817282879605,0.6534396919178358,0.3242221352533681,2021
23_29,2022-23,0.36199601087713223,233993294,0.029216260360008437,0.6380039891228678,0.3327797505171238,2022
23_30,2017-18,0.19729110966058414,496325370,0.02878010044096678,0.8027088903394158,0.16851100921961737,2017
23_30,2018-19,0.3487017136193662,605480202,0.05437899189972193,0.6512982863806338,0.29432272171964424,2018
23_30,2019-20,0.6007160317395671,282440273,0.09405617944576905,0.3992839682604329,0.5066598522937981,2019
23_30,2020-21,0.3146393861789051,420936071,0.07318712774320545,0.6853606138210949,0.24145225843569962,2020
23_30,2021-22,0.2683353459191987,438903841,0.03880460002627318,0.7316646540808013,0.22953074589292555,2021
23_30,2022-23,0.3177226571865579,507334826,0.020072300339184678,0.8008036343069473,0.29765035684737323,2022
23_31,2017-18,0.24740680393246522,123931624,0.1303077897212095,0.7525931960675348,0.14720213296289508,2017
23_31,2018-19,0.3476023127695976,140758163,0.08172291222641205,0.6523976872304024,0.26587940054318554,2018
23_31,2019-20,0.6018014163025244,82158577,0.42364823334269774,0.3981985836974757,0.23817149374904484,2019
23_31,2020-21,0.5840379890732107,193176600,0.5748928907538491,0.41596201092678925,0.02390712421662247,2020
23_31,2021-22,0.38223368898683663,187776303,0.17570383734735687,0.6177663110131634,0.20652985163947976,2021
23_31,2022-23,0.6107857318636345,73224980,0.22910841528213527,0.3892142681363655,0.46309420637602083,2022
23_32,2017-18,0.42404947541220955,181912259,0.10405026084580699,0.5759505245877904,0.31999921456640257,2017
23_32,2018-19,0.49479009288590475,327118308,0.24663517763120735,0.5052099071140952,0.2481549152546974,2018
23_32,2019-20,0.32212920304519677,160725639,0.09127037286191783,0.6778707969548032,0.23085883018327896,2019
23_32,2020-21,0.6337055250831306,135604385,0.21880376508473529,0.3662944749168694,0.41490175999839535,2020
23_32,2021-22,0.39274810741137606,168719708,0.036205586605211525,0.607251892588624,0.3565425208061645,2021
23_32,2022-23,0.571413260818066,275411244,0.046751765879246385,0.4285867391819341,0.5246614949388195,2022
23_33,2017-18,0.06889236166083951,96480725,0.030316304111520722,0.9311076383391604,0.03857605754931879,2017
23_33,2018-19,0.5910411960278615,143901932,0.045124916024734195,0.48756325982040033,0.553191273345795,2018
23_33,2019-20,0.670761230121409,135987065,0.16912584296160815,0.329238769878591,0.5016353871598008,2019
23_33,2020-21,0.20777268865109075,381962064,0.07631363883299154,0.7922273113489092,0.13422095862253508,2020
23_33,2021-22,0.36633401255955067,511816718,0.09766124130396225,0.6336659874404493,0.2686727712555884,2021
23_33,2022-23,0.0507589814155987,97222341,0.011004041093481522,0.9492410185844012,0.04297409378365,2022
23_34,2017-18,0.5530976914211687,266453929,0.12308367950543525,0.4469023085788313,0.43001401191573346,2017
23_34,2018-19,0.6513462081965107,550236993,0.05539376375590218,0.3486537918034893,0.5959524444406086,2018
23_34,2019-20,0.4568115105638292,649505768,0.10292340313750685,0.5431884894361708,0.3538881074263224,2019
23_34,2020-21,0.5977539846203765,448799153,0.22495962687344911,0.4022460153796235,0.3727943577469274,2020
23_34,2021-22,0.6094458541156894,501820708,0.2302443943784002,0.39055414588431053,0.3792014597372893,2021
23_34,2022-23,0.4948360012088882,541681188,0.13338910525355,0.5051639987911118,0.36144689595533824,2022
23_35,2017-18,0.34170887170484865,87980215,0.2102755147847729,0.6582911282951514,0.1314333569200757,2017
23_35,2018-19,0.2750455226218487,292552350,0.2750455226218487,0.8212234671811299,NA,2018
23_35,2019-20,0.4436453871498923,309581889,0.23566162812579777,0.7513270459981164,0.20798375902409458,2019
23_35,2020-21,0.34117429145370587,301285289,0.14507112559352342,0.67867353342864,0.2020109822133948,2020
23_35,2021-22,0.5400120757657205,272365337,0.1205980407117665,0.4599879242342795,0.419414035053954,2021
23_35,2022-23,0.27492234799004367,208805928,0.040953607409077004,0.7250776520099563,0.23396874058096664,2022
23_36,2018-19,0.0678439328239857,160348900,0.006553577854291485,0.9321560671760143,0.06129035496969421,2018
23_36,2019-20,0.05247040465374665,413010880,0.16666671953348627,0.9930083126263349,0.044837247386800075,2019
23_36,2020-21,0.20103092147522658,64029513,0.12199311901685087,0.7989690785247734,0.07903780245837572,2020
23_36,2022-23,0.2953393633346539,320550068,0.007731734438440363,0.7046606366653462,0.2876076288962135,2022
23_37,2017-18,0.3543876054628114,258943884,0.06924077805212808,0.6456123945371887,0.2851468274106833,2017
23_37,2018-19,0.013257717377309198,225342034,0.005290380045118436,0.9867969450851484,0.007967337332190762,2018
23_37,2019-20,0.04776246338024678,210515482,0.03667790096312251,0.9522375366197532,0.011084562417124267,2019
23_37,2020-21,0.1496541427197314,402589617,0.019124425637692028,0.8503458572802686,0.13249620394457415,2020
23_37,2021-22,0.10980060473375061,554582574,NA,0.8901993952662494,0.10980060473375061,2021
23_37,2022-23,0.03483644605171495,378266686,0.01886135434088954,0.965163553948285,0.015975091710825416,2022
23_38,2017-18,0.09665089435764763,725759937,0.011824145371639604,0.9033491056423524,0.08482674898600803,2017
23_38,2018-19,0.25654786644901023,680348024,0.06972894801852177,0.7434521335509898,0.18681891843048845,2018
23_38,2019-20,0.5876552558907273,479637759,0.12419690460608628,0.4123447441092727,0.463458351284641,2019
23_38,2020-21,0.4657888778959228,338945021,0.12736303626068016,0.5342111221040772,0.33842584163524264,2020
23_38,2021-22,0.35636338110294674,697440296,0.16427929911293798,0.6436366188970533,0.1920840819900088,2021
23_38,2022-23,0.28215085810841667,852915361,0.026662234073657396,0.7178491418915833,0.2554886240347593,2022
23_39,2017-18,0.18562256450710696,402176035,0.0414279334172659,0.8143774354928931,0.14419463108984104,2017
23_39,2018-19,0.23413702990098606,277717664,0.12037959890084629,0.7658629700990139,0.11375743100013977,2018
23_39,2019-20,0.23460798201209862,251813700,0.1364645767883161,0.7653920179879014,0.09814340522378251,2019
23_39,2020-21,0.27049575166691286,425772406,0.08423862254708916,0.7295042483330871,0.1862571291198237,2020
23_39,2021-22,0.20681439497008436,482744956,0.03821275141401995,0.7931856050299156,0.1686016435560644,2021
23_39,2022-23,0.3505987023852009,483855764,0.03897621854102787,0.6494012976147991,0.311622483844173,2022
23_40,2017-18,0.12184145959136243,846580510,0.008880654481403074,0.8781585404086376,0.11296080510995936,2017
23_40,2018-19,0.3692456261766692,391526788,0.03732600539199887,0.6307543738233309,0.3319196207846703,2018
23_40,2019-20,0.2258055478610078,389951442,0.06019720783594384,0.7741944521389922,0.16560834002506394,2019
23_40,2020-21,0.27865604293811247,539063472,0.07369475964047514,0.7213439570618875,0.20496128329763735,2020
23_40,2021-22,0.2984691576132547,334232645,0.07781493336774449,0.7015308423867453,0.22065422424551018,2021
23_40,2022-23,0.4626003874525632,251432070,0.029312426215160222,0.5373996125474367,0.433287961237403,2022
23_41,2017-18,0.19935314662869755,178681298,0.044839231020137316,0.8006468533713025,0.15451391560856023,2017
23_41,2018-19,0.2449091271075818,145124081,0.01224224806632884,0.7550908728924182,0.232666879041253,2018
23_41,2019-20,0.1774459550059407,367199365,0.01495857434285051,0.8225540449940593,0.1624873806630902,2019
23_41,2020-21,0.10509653475936102,226661517,0.020519862093477306,0.9654192265555661,0.08607547614710441,2020
23_41,2021-22,0.4922164716157619,169324943,0.17823469753065263,0.5077835283842381,0.31398177408510924,2021
23_41,2022-23,0.4261196432943067,317709423,0.08547348625539508,0.5738803567056933,0.3406461570389116,2022
23_42,2017-18,0.07681534546921347,161330642,NA,0.9231846545307866,0.07681534546921347,2017
23_42,2018-19,0.15737712083279587,263063937,NA,0.8426228791672041,0.15737712083279587,2018
23_42,2019-20,0.2735965488516823,197588958,0.0768748879175728,0.7264034511483177,0.19672166093410948,2019
23_42,2020-21,0.39526224168216717,276041434,0.29066933118453514,0.6047377583178328,0.10459291049763203,2020
23_42,2021-22,0.455124046115127,369873252,0.25327708747103456,0.544875953884873,0.2018469586440925,2021
23_42,2022-23,0.7012485993759102,303672665,0.03848616074812002,0.2987514006240898,0.6627624386277903,2022
23_43,2017-18,0.04585500348132311,93833577,0.07692305158545662,0.9541449965186769,0.04123655067543676,2017
23_43,2018-19,0.3876625935536011,97078572,0.0386413883768554,0.6123374064463989,0.3538301222642624,2018
23_43,2019-20,0.1501226676469841,284054931,0.06140992144931291,0.8498773323530159,0.08871274619767118,2019
23_43,2020-21,0.23113254905660113,593854585,0.16294446560516157,0.7688674509433989,0.07217798839973641,2020
23_43,2021-22,0.3045254713703492,221000006,0.11696481130412277,0.6954745286296508,0.18756066006622643,2021
23_43,2022-23,0.6268959039105139,243202133,0.12536198438687213,0.3731040960894862,0.5015339195236417,2022
23_44,2017-18,0.21672091415395195,231030670,0.06253124747463183,0.8268356849378651,0.1541896666793201,2017
23_44,2018-19,0.684818098787094,89353170,0.21153247484789647,0.31518190121290607,0.5976692712748748,2018
23_44,2019-20,0.5264439659423249,131059445,0.20023508416352595,0.4735560340576751,0.3262088817787989,2019
23_44,2020-21,0.6206320989255781,188593328,0.2674456065593158,0.37936790107442186,0.35318649236626226,2020
23_44,2021-22,0.28877165291945134,244125683,0.06952980035287808,0.7112283470805487,0.21924185256657325,2021
23_44,2022-23,0.23788301922789884,421183098,0.023918768459222455,0.7621169807721012,0.21396425076867642,2022
23_45,2017-18,0.5428283217253127,168816608,0.07818190494622425,0.4571716782746873,0.46464641677908847,2017
23_45,2018-19,0.8822798732551776,220925790,0.14602512454521493,0.11772012674482232,0.7362547487099628,2018
23_45,2019-20,0.15963692642628763,372925847,0.02463092883985593,0.9004945783546607,0.1350059975864317,2019
23_45,2020-21,0.1345752798089627,280117010,0.05953868706509469,0.8911376956817159,0.075036592743868,2020
23_45,2021-22,0.3528945583916514,228758764,0.05098973606974026,0.6471054416083486,0.3019048223219111,2021
23_45,2022-23,0.41344446185554173,142457037,0.05279746903622599,0.5865555381444583,0.3606469928193158,2022
23_46,2017-18,0.21187442271826679,290438776,0.04670268614546151,0.838289534938156,0.1651717365728053,2017
23_46,2018-19,0.6512895231085578,182727435,0.16358674875505147,0.34871047689144213,0.48770277435350634,2018
23_46,2019-20,0.30024205483252975,354434568,0.11159199065481672,0.6997579451674703,0.18865006417771304,2019
23_46,2020-21,0.2533578500402232,182356193,0.21558110176164952,0.7466421499597768,0.037776748278573684,2020
23_46,2021-22,0.24316378918915316,420476903,0.11588001779018049,0.7568362108108468,0.12728377139897265,2021
23_46,2022-23,0.2617445375102053,165355000,0.1347207938053155,0.7382554624897947,0.22181732635844092,2022
23_47,2017-18,0.009031789293817342,132555351,NA,0.9909682107061827,0.009031789293817342,2017
23_47,2018-19,0.4095109259847789,195603604,0.13517377215605905,0.5904890740152211,0.27433715382871987,2018
23_47,2019-20,0.03032437212896159,163859485,NA,0.9696756278710384,0.03032437212896159,2019
23_47,2020-21,0.3167109059482652,218133063,0.20822838764245474,0.8314392823727039,0.10848251830581043,2020
23_47,2021-22,0.04367898806152644,207200107,0.00858211429398538,0.9755809234074275,0.03509687376754106,2021
23_47,2022-23,0.19110052768530067,200823862,0.013035074487313664,0.8088994723146994,0.178065453197987,2022
23_48,2017-18,0.05201763067491771,148690394,0.04197893913711736,0.9711435426088617,0.010283957569925967,2017
23_48,2018-19,0.12251131922409784,246879996,NA,0.953926724583604,0.12251131922409784,2018
23_48,2019-20,0.12257432446543703,85996044,0.031071068804048706,0.9776744673471898,0.09150325566138832,2019
23_48,2020-21,0.018964141111064547,253302745,0.018964141111064547,0.9810358588889354,NA,2020
23_48,2021-22,0.06701603132448682,307016554,0.06000001054520122,0.9329839686755131,0.06733313435262779,2021
23_48,2022-23,0.012221804127742816,72995197,NA,0.9877781958722572,0.012221804127742816,2022
23_49,2017-18,0.11941334449528931,184125435,0.05905597612484286,0.8870973201698699,0.060790797317057256,2017
23_49,2018-19,0.24296525388631973,174686155,0.23219049042552914,0.8980945048117417,0.012782446122135131,2018
23_49,2019-20,0.23957920778004782,157226386,0.1620054537156378,0.7723891045924154,0.07879469243175408,2019
23_49,2020-21,0.6617520880054026,94106677,0.6617520880054026,0.6018720487124896,NA,2020
23_49,2021-22,0.37732108586863705,120796048,0.1520930635081704,0.8877022617437649,0.22522802236046663,2021
23_49,2022-23,0.18009501030829295,338801974,0.07250514130711647,0.819904989691707,0.10758986900117648,2022
23_50,2017-18,0.18382816331932147,98422525,0.10940914186056494,0.8161718366806785,0.07832055590649799,2017
23_50,2018-19,0.7974302207748053,49416463,0.5849391932401151,0.20256977922519465,0.2124910275346902,2018
23_50,2019-20,0.9805061080784415,143836234,0.46519129526152636,0.03690514606119649,0.5153148128169152,2019
23_50,2020-21,0.2723757211332164,309206392,0.23715753262953246,0.7276242788667836,0.035218188503683974,2020
23_50,2021-22,0.3146957761832616,195287521,0.20088636385527164,0.6853042238167383,0.11380941232798997,2021
23_50,2022-23,0.9083711552560713,71380339,0.2801344499078381,0.09162884474392871,0.6282367053482332,2022
24_01,2017-18,0.5772524416590427,219182425,0.020092026082839443,0.4227475583409573,0.5571604155762032,2017
24_01,2018-19,0.538467854862174,268641312,0.04193269053123147,0.46153214513782603,0.4965351643309425,2018
24_01,2019-20,0.6408940658293137,220006395,0.07531322896318536,0.35910593417068626,0.5655808368661284,2019
24_01,2020-21,0.6803973931379147,290693092,0.22847280113557017,0.3196026068620853,0.4519245920023445,2020
24_01,2021-22,0.7835922548759142,406399170,0.09198465144503125,0.21640774512408575,0.691607603430883,2021
24_01,2022-23,0.5807949497825166,497763593,0.1553473960077269,0.41920505021748344,0.42544755377478966,2022
24_02,2017-18,0.20636594710438297,494975869,0.1253128584335088,0.7936340528956171,0.08105308867087417,2017
24_02,2018-19,0.4502282290893069,998831046,0.19931672308071208,0.5497717709106932,0.2509115060085948,2018
24_02,2019-20,0.456273061973935,1058452057,0.2645899614893941,0.543726938026065,0.19168310048454087,2019
24_02,2020-21,0.3166295818377639,829145437,0.1850661441920231,0.6833704181622361,0.1315634376457408,2020
24_02,2021-22,0.4352146840288982,1098287242,0.26367713010363825,0.5647853159711018,0.17153755392525993,2021
24_02,2022-23,0.21527228823806674,969023513,0.08853462464950528,0.7847277117619332,0.12673766358856145,2022
24_03,2017-18,0.13323391761668818,248279992,0.012439032944708649,0.8667660823833119,0.12079488467197953,2017
24_03,2018-19,0.2339828613642697,193794305,0.09875186476713028,0.7660171386357303,0.1352309965971394,2018
24_03,2019-20,0.29777973815053826,226201878,0.22509481552580213,0.7022202618494617,0.07268492262473612,2019
24_03,2020-21,0.3001535674209701,362005819,0.11785933474179872,0.6998464325790299,0.1822942326791714,2020
24_03,2021-22,0.3466344294523659,298438938,0.12846216467906074,0.6533655705476341,0.21817226477330515,2021
24_03,2022-23,0.6249819556085504,444009155,0.3207520597182281,0.37501804439144953,0.30422989589032234,2022
24_04,2017-18,0.3047749312175716,263317615,0.08694382637485153,0.6952250687824284,0.21783110484272009,2017
24_04,2018-19,0.5376055273167595,573854139,0.2070265803206135,0.4623944726832405,0.330578946996146,2018
24_04,2019-20,0.49088518267987913,427825305,0.24064335091165306,0.5091148173201209,0.25024183176822606,2019
24_04,2020-21,0.6442619525321422,391327540,0.43250706811996925,0.35573804746785775,0.211754884412173,2020
24_04,2021-22,0.5131138079080928,732348458,0.32639065241262516,0.48688619209190714,0.1867231554954677,2021
24_04,2022-23,0.47358399324976574,503209801,0.1763301208038275,0.5264160067502341,0.2972538724459383,2022
24_05,2017-18,0.38489569190658673,326188447,0.01801763091677108,0.6151043080934132,0.3681015532717503,2017
24_05,2018-19,0.4226996491959236,644997351,0.11181325611366735,0.5773003508040764,0.31088639308225624,2018
24_05,2019-20,0.32707260018214107,412637243,0.0706574539613236,0.6729273998178589,0.2564151462208175,2019
24_05,2020-21,0.32155023259922433,609595541,0.07959474559214337,0.6784497674007757,0.24195548700708097,2020
24_05,2021-22,0.2754875662444401,606665819,0.11669406085329492,0.72451243375556,0.15879350539114517,2021
24_05,2022-23,0.2100989645947517,232022776,0.044021406760515615,0.8955741030944762,0.16607755783423606,2022
24_06,2017-18,0.35656091264668666,115650450,0.13873448563323829,0.6648208855228845,0.22228836982476075,2017
24_06,2018-19,0.8682617884836666,252492482,0.3772743419742692,0.1317382115163334,0.49098744650939746,2018
24_06,2019-20,0.8759316205991567,101893142,0.319316976210234,0.12406837940084328,0.5566146443889227,2019
24_06,2020-21,0.9163675291320441,233700473,0.8203849506115463,0.1871079243293525,0.09598257852049791,2020
24_06,2021-22,0.6460832769979452,653434746,0.4227293646242681,0.35391672300205473,0.22335391237367716,2021
24_06,2022-23,0.6997274384481604,538493045,0.23473441890043353,0.30027256155183957,0.4649930195477269,2022
24_07,2017-18,0.9093183375254074,945117289,0.34477108375064336,0.09068166247459261,0.564547253774764,2017
24_07,2018-19,0.9125351588631342,1615019157,0.44651422422724857,0.08746484113686584,0.46602093463588556,2018
24_07,2019-20,0.8805245515856014,2377000612,0.4525068489969745,0.11947544841439864,0.42801770258862687,2019
24_07,2020-21,0.9526805566755081,2752113103,0.6962850218296425,0.04731944332449189,0.2563955348458657,2020
24_07,2021-22,0.8873788891455262,3297835807,0.5862681516454284,0.11262111085447378,0.30111073750009776,2021
24_07,2022-23,0.8468528596877479,3466088057,0.2664754275745164,0.15314714031225202,0.5803774321132315,2022
24_08,2017-18,0.6530930138190962,185716920,0.053677198609582796,0.3469069861809037,0.5994158152095135,2017
24_08,2018-19,0.29013089747754406,244554598,NA,0.7098691025224559,0.29013089747754406,2018
24_08,2019-20,0.6329693906460675,259425371,0.06813405308766042,0.36703060935393245,0.5648353375584071,2019
24_08,2020-21,0.5347780686399073,283584911,0.0714841171503656,0.4652219313600927,0.4632939514895417,2020
24_08,2021-22,0.6742486166566348,260867807,0.030960378334456577,0.3257513833433652,0.6432882383221783,2021
24_08,2022-23,0.6640431566467221,369829475,0.008266239460767696,0.3359568433532779,0.6557769171859544,2022
24_09,2017-18,0.6574972907123239,1046771454,0.16829901152424817,0.34250270928767607,0.48919827918807574,2017
24_09,2018-19,0.6925757017425797,1362801621,0.16802873908527585,0.3074242982574204,0.5245469626573037,2018
24_09,2019-20,0.5624281502964616,1716192711,0.15460892491810613,0.43757184970353835,0.4078192253783555,2019
24_09,2020-21,0.5583649440836872,1276705695,0.12436900424416138,0.4416350559163128,0.43399593983952583,2020
24_09,2021-22,0.6746798936128784,1057112537,0.21191021122096484,0.32532010638712155,0.4627696823919136,2021
24_09,2022-23,0.791023517324967,1161611622,0.33255225213302836,0.20897648267503302,0.45847126519193865,2022
24_10,2017-18,0.4282508491431322,343768605,0.07742598833305328,0.5717491508568677,0.3508248608100789,2017
24_10,2018-19,0.5339994284541072,625052169,0.11141172281893161,0.46600057154589286,0.42258770563517556,2018
24_10,2019-20,0.6514285535791814,800347475,0.1519373944423327,0.34857144642081866,0.49949115913684866,2019
24_10,2020-21,0.4521836632922902,557684765,0.09400207839638582,0.5478163367077098,0.3581815848959044,2020
24_10,2021-22,0.3915967306744413,487531869,0.07492249291297098,0.6084032693255587,0.3166742377614703,2021
24_10,2022-23,0.567991678839465,412336715,0.14483225923745355,0.432008321160535,0.4231594196020114,2022
24_11,2017-18,0.13414640419582533,18079113,0.024390300563971252,0.8658535958041746,0.10975610363185406,2017
24_11,2018-19,0.4969848897020448,42133782,0.12843283330226563,0.5030151102979552,0.36855205639977917,2018
24_11,2019-20,0.5797464328524984,87716726,NA,0.4202535671475016,0.5797464328524984,2019
24_11,2020-21,0.14627810059516858,86938728,0.025060224023521486,0.8537218994048315,0.1212178765716471,2020
24_11,2021-22,0.8427786754679059,212851845,0.09252888818543349,0.15722132453209414,0.781364014016416,2021
24_11,2022-23,0.43607966180365987,169491367,0.07661741261429557,0.7721705377971352,0.3594622491893643,2022
24_12,2017-18,0.5461015349049992,430220307,0.01056910361044394,0.45389846509500076,0.5355324312945553,2017
24_12,2018-19,0.5148807245287836,577990674,0.06410787001729373,0.48511927547121636,0.4507728545114899,2018
24_12,2019-20,0.20579589173411786,624789552,0.028174070682923328,0.7942041082658822,0.17762182105119453,2019
24_12,2020-21,0.4040961771235456,523955907,0.10732975093646573,0.5959038228764544,0.2967664261870799,2020
24_12,2021-22,0.5016496401771356,544142603,0.0970208428984194,0.4983503598228643,0.4046287972787163,2021
24_12,2022-23,0.3939640590337453,521103241,0.05780647601076808,0.6060359409662547,0.3361575830229772,2022
24_13,2017-18,0.494365658325798,472549262,0.058273058947238394,0.505634341674202,0.4360925993785596,2017
24_13,2018-19,0.5726722229923656,433901850,0.06350246029142305,0.42732777700763436,0.5091697627009426,2018
24_13,2019-20,0.29476873719257424,168975701,0.23262104373180859,0.7052312628074258,0.24900175440017852,2019
24_13,2020-21,0.22990604964435257,410013243,0.08925860231299895,0.7700939503556474,0.14064744733135365,2020
24_13,2021-22,0.19002400109120465,358158299,0.03074598586922594,0.8099759989087953,0.1592780152219787,2021
24_13,2022-23,0.18511292430131593,198473754,0.008782314864664674,0.814887075698684,0.17633060943665127,2022
24_14,2017-18,0.5947314077357888,902373606,0.14882794566134505,0.40526859226421125,0.4459034620744437,2017
24_14,2018-19,0.6680770440704915,1001712494,0.1925946078895568,0.33192295592950843,0.4754824361809348,2018
24_14,2019-20,0.688172020295481,798098850,0.18989231471765683,0.31182797970451903,0.4982797055778241,2019
24_14,2020-21,0.825424455504757,1365112523,0.15188711883203493,0.17457554449524304,0.6735373366727221,2020
24_14,2021-22,0.68864662933692955,1202824078,0.11338127785632839,0.3113533706630705,0.5752653514806011,2021
24_14,2022-23,0.6595641129503605,1282757587,0.16343922197359023,0.3404358870496394,0.49612489097677037,2022
24_15,2017-18,0.3136426240499014,309107521,0.014215418760568848,0.6863573759500986,0.3036197071374397,2017
24_15,2018-19,0.746416850183745,425654753,0.14590395282159577,0.25358314981625496,0.6005128973621493,2018
24_15,2019-20,0.5515649936812778,323908049,0.04072942318268849,0.44843500631872224,0.5108355704985893,2019
24_15,2020-21,0.4046216289111432,478343035,0.0389624801372931,0.5953783710888567,0.36565914877385014,2020
24_15,2021-22,0.7210340486740439,862766079,0.10243047582773591,0.2789659513259561,0.618603572846308,2021
24_15,2022-23,0.3454501425675947,907879524,0.04971520208005044,0.6545498574324053,0.29573494048754423,2022
24_16,2017-18,0.5193761514263222,456985384,0.053758513642090576,0.48062384857367785,0.46561763778423165,2017
24_16,2018-19,0.49317816565284633,340388066,0.07753112296246015,0.659735781554454,0.4156470426903862,2018
24_16,2019-20,0.2142881663311042,408667569,0.048315507512170605,0.8731234189225563,0.16597265881893358,2019
24_16,2020-21,0.3379411193029888,385291261,0.10572688021595174,0.6620588806970112,0.23221423908703706,2020
24_16,2021-22,0.17093610949589275,378249512,0.03275270583825631,0.8290638905041072,0.13818340365763646,2021
24_16,2022-23,0.21759127568159192,945021538,0.033823025594235646,0.782408724318408,0.1879121828014887,2022
24_17,2017-18,0.3566065119130805,639949758,0.035518653950330895,0.6433934880869194,0.32108785796274963,2017
24_17,2018-19,0.17951346394177453,389255137,0.13737196340930755,0.8204865360582255,0.15718251651486875,2018
24_17,2019-20,0.10163072452895865,733824002,0.029084134807634138,0.8983692754710414,0.07512611586667617,2019
24_17,2020-21,0.12469168015594136,582785226,0.3193682533580592,0.8753083198440587,0.05759517314874416,2020
24_17,2021-22,0.10384144622809377,614281747,NA,0.8961585537719062,0.10384144622809377,2021
24_17,2022-23,0.14122604894403257,311159976,0.08532875063597511,0.9301525367751807,0.05589729830805746,2022
24_18,2017-18,0.027319692866241876,607081166,NA,0.9726803071337581,0.027319692866241876,2017
24_18,2018-19,0.12346248706804097,650827534,0.024301710013393502,0.876537512931959,0.09916077705464747,2018
24_18,2019-20,0.22599395600130223,832913151,0.1142968450327102,0.7740060439986978,0.19486273425403028,2019
24_18,2020-21,0.16972337027341292,823151448,0.047355659878520924,0.8302766297265871,0.122367710394892,2020
24_18,2021-22,0.1934849130997379,468470221,0.01764665848418997,0.8065150869002621,0.17583825461554792,2021
24_18,2022-23,0.11817681232531918,428921241,0.011526731915259486,0.8818231876746808,0.10693837146666281,2022
24_19,2017-18,0.543536353190466,668324133,0.03991127909786253,0.45646364680953394,0.5036250740926035,2017
24_19,2018-19,0.5897624918420699,710547888,0.1276575970907678,0.4102375081579301,0.4621048947513021,2018
24_19,2019-20,0.6385280688265463,1100020211,0.18803863231927473,0.36147193117345366,0.4504894365072716,2019
24_19,2020-21,0.6961020654410678,1298608487,0.2794304562403495,0.3038979345589322,0.4166716092007182,2020
24_19,2021-22,0.7048420977159776,982060747,0.1797715401407852,0.29515790228402233,0.5250705575751925,2021
24_19,2022-23,0.7797030332437096,748511863,0.17497214603264077,0.2202969667562904,0.6047308872110688,2022
24_20,2018-19,0.05766367875106644,72976180,NA,0.9423363212489335,0.05766367875106644,2018
24_20,2019-20,0.06098163273990989,351256092,NA,0.9390183672600901,0.06098163273990989,2019
24_20,2020-21,0.18685389713130351,364800462,NA,0.8131461028686965,0.18685389713130351,2020
24_20,2021-22,0.5834737459840655,57306090,NA,0.9784615403534834,0.5834737459840655,2021
24_20,2022-23,0.23600642027707547,164653330,NA,0.7639935797229245,0.23600642027707547,2022
24_21,2017-18,0.4805193198769909,349812838,0.027863637533315912,0.5194806801230091,0.4597370094233077,2017
24_21,2018-19,0.7148580492691018,144805806,0.17870407074699754,0.28514195073089815,0.5361539785221043,2018
24_21,2019-20,0.4908837787186653,158396550,0.26357316494582744,0.5091162212813347,0.22731061377283784,2019
24_21,2020-21,0.7159395460041568,290806319,0.21793003404441152,0.2840604539958432,0.4980095119597453,2020
24_21,2021-22,0.9169160860857662,173255355,0.032691354447261546,0.0830839139142337,0.8912081476500394,2021
24_21,2022-23,0.4219844015593868,182407849,0.0456299697382519,0.5941414708209478,0.37759289623551234,2022
24_22,2018-19,0.11347518389678311,12910911,NA,0.8865248161032169,0.11347518389678311,2018
24_22,2020-21,0.06693580426457717,101568616,0.06693580426457717,0.9330641957354229,NA,2020
24_22,2021-22,0.3600476527987802,47460801,0.12213455900164855,0.6399523472012199,0.23791309379713166,2021
24_23,2017-18,0.6481804817208403,173762173,0.43155306880284006,0.5961934735804325,0.21662741291800028,2017
24_23,2018-19,0.6562130751800176,216425395,0.6355044425354982,0.3437869248199824,0.025502860762261423,2018
24_23,2019-20,0.9959248758089227,428063764,0.9959248758089227,0.007408613444454685,NA,2019
24_23,2020-21,1,128005175,0.9176531573821136,NA,0.08234684261788634,2020
24_23,2021-22,0.591265130958612,484201146,0.3481403098537896,0.5499773203357392,0.24312482110482242,2021
24_23,2022-23,0.7141758265352969,856496090,0.35475333109810225,0.2858241734647031,0.35942249543719457,2022
24_24,2017-18,0.6053090144894581,326132280,0.5559029146087594,0.4873761423434062,0.04940609988069872,2017
24_24,2018-19,0.7730643541521449,621304293,0.6958833954170022,0.2269356458478551,0.07718095873514269,2018
24_24,2019-20,0.7420870321547748,542318803,0.7154798521710116,0.4531105535045711,0.026607179983763166,2019
24_24,2020-21,0.7651251498753949,260323751,0.7404033103379799,0.23487485012460504,0.053352907201885,2020
24_24,2021-22,0.5613600140485573,338426210,0.5037132910007177,0.4386399859514427,0.05764672304783958,2021
24_24,2022-23,0.48688915281064304,747596998,0.31388042170816743,0.513110847189357,0.1730087311024756,2022
24_25,2017-18,0.9334255405985973,1841137639,0.8363309121399153,0.06657445940140275,0.09709462845868201,2017
24_25,2018-19,0.9545286236235031,2264125417,0.6990715461766313,0.045471376376496904,0.25545707744687185,2018
24_25,2019-20,0.9108016305244524,2312984141,0.6460327589422932,0.08919836947554756,0.2647688715821593,2019
24_25,2020-21,0.8772874979220218,1455459191,0.5989844280010459,0.12271250207797822,0.27830306992097587,2020
24_25,2021-22,0.9334652431177939,2158619250,0.7661962516085224,0.06653475688220607,0.1672689915092715,2021
24_25,2022-23,0.9143928290443235,3184716268,0.4942731061528901,0.08560717095567648,0.4201197228914334,2022
24_26,2017-18,0.2697174016787034,84367734,0.2514603390912455,0.7302825983212966,0.018257062587457903,2017
24_26,2018-19,0.1395252283605498,268249595,0.131822517756271,0.9225360547209317,0.008258264490415515,2018
24_26,2019-20,0.753424671510059,7841336,0.753424671510059,0.9668721183703987,NA,2019
24_26,2020-21,0.24011768151067575,37856754,0.1616193242558514,0.7598823184893243,0.07849835725482433,2020
24_26,2021-22,0.3319399654123656,214380085,0.14468021131720327,0.6680600345876344,0.18725975409516235,2021
24_26,2022-23,0.13149340859558029,187065369,0.06199533383434536,0.8685065914044197,0.06949807476123493,2022
24_27,2019-20,0.9465648854961832,32480795,NA,0.17676767676767677,0.9465648854961832,2019
24_27,2020-21,0.4987087121191384,170057741,0.11018529288825493,0.5012912878808616,0.38852341923088346,2020
24_27,2021-22,0.42226566822570755,112563224,0.023277540451400007,0.5777343317742925,0.39898812777430753,2021
24_27,2022-23,0.012729861313327437,23266475,NA,0.9872701386866726,0.012729861313327437,2022
24_28,2019-20,0.4248704536803577,19674623,NA,0.5751295463196423,0.4248704536803577,2019
24_28,2020-21,0.4474879860294182,23432095,1,0.6076555172141889,0.39234448278581113,2020
24_28,2021-22,0.31606312060692604,184378582,0.1549203529507565,0.7161900824193299,0.16114276765616953,2021
24_28,2022-23,0.8341141536375263,218075784,0.16231204286304435,0.1658858463624737,0.6718021107744819,2022
24_29,2021-22,0.034065923873508146,377030667,0.010673874441094204,0.9659340761264918,0.023392049432413943,2021
24_29,2022-23,0.21247177107967435,177439482,0.1530677710161485,0.7875282289203256,0.059404000063525884,2022
24_30,2019-20,0.905835748375652,193135332,0.009778599184534501,0.09416425162434805,0.8960571491911175,2019
24_30,2020-21,0.7898416199554481,86536849,0.04911026977652029,0.23199559573760534,0.7407313501789278,2020
24_30,2021-22,0.966158953617289,126514705,0.09822446331436334,0.03384104638271101,0.8679344903029257,2021
24_30,2022-23,0.37206540477964795,224324890,0.08011952507481666,0.627934595220352,0.34193245787393456,2022
24_31,2019-20,0.7477925758187831,11785569,0.36901121226858813,0.2522074241812169,0.4611101933220195,2019
24_31,2020-21,0.7004781596896295,129956166,0.0974756893576474,0.2995218403103705,0.6288982009518502,2020
24_31,2021-22,0.7210303246994095,322428027,0.16778128596122321,0.2789696753005904,0.5532490387381863,2021
24_31,2022-23,0.6704531754018822,238444716,0.35557140952751504,0.32954682459811774,0.4854660021067525,2022
24_32,2021-22,0.31872605466301424,98531449,NA,0.6812739453369857,0.31872605466301424,2021
24_32,2022-23,0.14954067841640964,489382620,0.011075482023624562,0.8504593215835904,0.1389360905379108,2022
24_33,2019-20,0.7624212762877696,347555066,0.3310594586470508,0.2375787237122304,0.43136181764071885,2019
24_33,2020-21,0.7375680033057569,333111012,0.16412941641208786,0.26243199669424316,0.573438586893669,2020
24_33,2021-22,0.662528427769209,266208894,0.08976637722705087,0.33747157223079105,0.5727620505421581,2021
24_33,2022-23,0.5908135103684994,464570600,0.10086351138018634,0.40918648963150056,0.4899499989883131,2022
25_01,2017-18,0.5930875964003384,1769833,NA,0.4069124035996617,0.5930875964003384,2017
25_01,2018-19,0.08576914563531512,763503,NA,0.9142308543646849,0.08576914563531512,2018
25_01,2019-20,0.6009599874774789,16558966,0.1293706351957229,0.399040012522521,0.5118580471751678,2019
25_01,2020-21,0.4860084001252719,36822308,0.12402411060164942,0.5139915998747281,0.39513551961736193,2020
25_01,2021-22,0.7094820072855464,18227322,0.433824453202725,0.2905179927144536,0.2756575540828214,2021
25_01,2022-23,0.8396645585096371,18902134,0.3472978165116703,0.16033544149036294,0.7006986089507142,2022
25_02,2017-18,0.9102769874707507,25774090,0.8191233909713205,0.18794808292921278,0.09115359649943024,2017
25_02,2018-19,0.9658821066333724,74010695,0.9430627559976298,0.03411789336662762,0.02281935063574258,2018
25_02,2019-20,0.9538869999659451,45837703,0.9262118348295071,0.1548225320849755,0.027675165136438012,2019
25_02,2020-21,1,28593784,0.9047851798838517,NA,0.09521482011614832,2020
25_02,2021-22,0.951336074145993,26032425,0.7196135972734004,0.04866392585400707,0.23172247687259254,2021
25_02,2022-23,0.9806791827965127,18658217,0.7741127675811681,0.019320817203487342,0.20656641521534452,2022
25_03,2021-22,0.2413287010275632,46376904,0.1603450717624445,0.7586712989724368,0.08098362926511869,2021
25_03,2022-23,0.598069047187046,147078374,0.3913407623067685,0.401930952812954,0.2067282848802775,2022
26_01,2017-18,0.8722811973603244,37133350,0.8433566053157068,0.12771880263967567,0.028924592044617572,2017
26_01,2018-19,0.7961527765952465,46252006,0.6096764321962598,0.2038472234047535,0.18647634439898672,2018
26_01,2019-20,0.6638335996418349,49711143,0.5362456260561138,0.3361664003581652,0.12758797358572102,2019
26_01,2020-21,0.5247798163122028,54301593,0.466297056883764,0.47522018368779717,0.05848275942843887,2020
27_01,2017-18,0.30251513397567037,232383088,0.1037920926500469,0.6974848660243296,0.1987230413256235,2017
27_01,2018-19,0.17516827332532345,377148457,0.0606674283702558,0.8248317266746765,0.11450084495506765,2018
27_01,2019-20,0.31338237630121335,377435695,0.16953654052248557,0.6866176236987866,0.1438458357787278,2019
27_01,2020-21,0.37528892307261136,189038641,0.08523229914671256,0.6247110769273886,0.2900566239258988,2020
27_01,2021-22,0.3942205811976562,366880282,0.09039771453293857,0.6057794188023439,0.30382286666471764,2021
27_01,2022-23,0.1582018986881881,527106139,0.05495223230553192,0.8417981013118119,0.10324966638265619,2022
27_02,2017-18,0.21959783529418972,306841695,0.08813705060519889,0.7804021647058103,0.13146078468899086,2017
27_02,2018-19,0.2752108035624543,139546266,0.11426958568708674,0.7247891964375457,0.16094121787536758,2018
27_02,2019-20,0.21079576669880534,465490904,0.1343057736741511,0.7892042333011946,0.07648999302465424,2019
27_02,2020-21,0.34855855126213786,344263578,0.1405316161560373,0.6514414487378621,0.2080269351061006,2020
27_02,2021-22,0.38123437197425974,365112097,0.12141301634275897,0.6187656280257403,0.25982135563150077,2021
27_02,2022-23,0.4825851224546408,396514617,0.21981812841971474,0.5174148775453592,0.2627669940349261,2022
27_03,2017-18,0.2574419876742882,596179770,0.1357615002602319,0.7425580123257117,0.12168048741405633,2017
27_03,2018-19,0.4410369230880847,597929863,0.2879084632707164,0.5589630769119154,0.15312845981736825,2018
27_03,2019-20,0.5164563050621163,704845435,0.2794336974034598,0.4835436949378838,0.2370226076586564,2019
27_03,2020-21,0.4221489689298038,1026172761,0.21915555308722523,0.5778510310701962,0.20299341584257857,2020
27_03,2021-22,0.6198038203859259,460597603,0.22854199265122968,0.3801961796140741,0.3912618277346962,2021
27_03,2022-23,0.5014920242304249,990913532,0.2663143972485381,0.498507975769575,0.23517762698188685,2022
27_04,2017-18,0.18110000244674182,512150479,0.07501040333889837,0.8188999975532582,0.10608959910784346,2017
27_04,2018-19,0.5051391689279513,394888362,0.22041140326136024,0.49486083107204865,0.2847277656665911,2018
27_04,2019-20,0.2621430778958484,610226321,0.11075191559952394,0.7378569221041515,0.1513911622963245,2019
27_04,2020-21,0.2243568531689376,482061887,0.11917788887550033,0.7756431468310624,0.10517896429343729,2020
27_04,2021-22,0.39230501627113806,223096872,0.16721101316023831,0.607694983728862,0.22509400311089975,2021
27_04,2022-23,0.3942839359392295,440556924,0.08575408066903972,0.6057160640607705,0.3085298552701898,2022
27_05,2017-18,0.49184742420824884,266215679,0.2912842109498742,0.5081525757917512,0.20056321325837462,2017
27_05,2018-19,0.7911131137722823,182308534,0.2891482139832247,0.20888688622771767,0.5019648997890576,2018
27_05,2019-20,0.37629509481135054,243839001,0.07091260187700654,0.6237049051886494,0.305382492934344,2019
27_05,2020-21,0.6140664851100641,356064899,0.34236687565207036,0.3859335148899358,0.27169960945799376,2020
27_05,2021-22,0.46601429051264925,252711158,0.15057003537611902,0.5339857094873508,0.31544425513653024,2021
27_05,2022-23,0.6282806910356619,262541067,0.18490376212267012,0.37171930896433814,0.44337692891299174,2022
27_06,2017-18,0.5686845438105617,383257492,0.3005363193265378,0.4313154561894383,0.2681482244840239,2017
27_06,2018-19,0.22488599494590034,256383151,0.16472104284263203,0.7751140050540997,0.060164952103268284,2018
27_06,2019-20,0.04414789074295222,189563643,0.01802596186653788,0.9558521092570478,0.026121928876414346,2019
27_06,2020-21,0.19422975014380464,147041501,0.08867484969430502,0.8057702498561954,0.10555490044949963,2020
27_06,2021-22,0.1724588029968598,217223507,0.053412621682790526,0.8275411970031402,0.11904618131406931,2021
27_06,2022-23,0.2685957827091788,166451504,0.28508772799180016,0.8745420758233232,0.22193496671559063,2022
27_07,2017-18,0.5257841339115056,585480864,0.09222964629634761,0.4742158660884944,0.43355448761515797,2017
27_07,2018-19,0.4194227805527934,824858210,0.06838598842339219,0.5805772194472065,0.35103679212940125,2018
27_07,2019-20,0.6089296407808424,785766054,0.28828047590867295,0.3910703592191576,0.32064916487216943,2019
27_07,2020-21,0.60831975987874,737704608,0.18659227217406782,0.39168024012126,0.42172748770467217,2020
27_07,2021-22,0.6391984035813641,859484329,0.2493791309137412,0.3608015964186358,0.389819272667623,2021
27_07,2022-23,0.521084346744156,717523914,0.16947115159147155,0.47891565325584395,0.35161319515268447,2022
27_08,2017-18,0.6736832261052004,179758329,0.47762893924097394,0.32631677389479963,0.19605428686422646,2017
27_08,2018-19,0.3659585458339488,398426493,0.2216483781865379,0.6340414541660512,0.14431016764741095,2018
27_08,2019-20,0.6616354980059483,214811390,0.37462255609444173,0.3383645019940516,0.28701294191150667,2019
27_08,2020-21,0.7134812177430707,279747451,0.3896029780089042,0.2865187822569293,0.3238782397341665,2020
27_08,2021-22,0.5733913659462627,384772611,0.29798117829129994,0.4266086340537373,0.2754101876549628,2021
27_08,2022-23,0.26746181135476865,246693551,0.09619694111906477,0.7325381886452313,0.1712648702357039,2022
27_09,2017-18,0.6710980100546987,629276141,0.4559352441744649,0.3289019899453013,0.2151627658802338,2017
27_09,2018-19,0.7632509438398748,1299784299,0.5570690456540128,0.23674905616012523,0.206181898185862,2018
27_09,2019-20,0.7497783246920979,1207371730,0.46874735422205055,0.25022167530790207,0.2810309704700474,2019
27_09,2020-21,0.7569016453883105,1008967117,0.39589245999183537,0.2430983546116895,0.36100918539647514,2020
27_09,2021-22,0.7668679189820095,1334319887,0.3832663456360521,0.23313208101799054,0.38360157334595735,2021
27_09,2022-23,0.8491069967179572,1215127057,0.34491751342839205,0.1508930032820428,0.5041894832895651,2022
27_10,2017-18,0.16221967515254018,180275136,0.07307640028628241,0.8430607075662819,0.08914327486625777,2017
27_10,2018-19,0.4944238371991184,103960469,0.3671770084069167,0.5055761628008815,0.12724682879220178,2018
27_10,2019-20,0.32369291082837087,230833486,0.300178090279328,0.6951793375426729,0.024170998106409037,2019
27_10,2020-21,0.4209793244815723,281095781,0.31630804875011626,0.5790206755184276,0.1046712757314561,2020
27_10,2021-22,0.425028414168149,348664967,0.12058558782592001,0.7173616649858535,0.30444282634222897,2021
27_10,2022-23,0.26667782067602147,449219634,0.07756479985022204,0.7333221793239785,0.18911302082579942,2022
27_11,2017-18,0.6253990616972724,247740514,0.25990205622968876,0.3746009383027275,0.36549700546758374,2017
27_11,2018-19,0.42873088481105487,193098209,0.13212904527768043,0.5712691151889451,0.29660183953337443,2018
27_11,2019-20,0.12191557685958357,253754621,0.04002389656404065,0.8780844231404165,0.0860862549573038,2019
27_11,2020-21,0.22432746316380411,421754259,0.08866056999320071,0.7756725368361959,0.1356668931706034,2020
27_11,2021-22,0.2918739960713891,352299079,0.18297198273402243,0.7081260039286109,0.10890201333736668,2021
27_11,2022-23,0.48892326020155763,340907033,0.16709290946191774,0.5110767397984424,0.3218303507396399,2022
27_12,2017-18,0.237270300505725,117260761,0.20805815851732362,0.7860267621466319,0.0301044071021954,2017
27_12,2018-19,0.16536535140152467,366139433,0.12236909210486487,0.8346346485984754,0.0429962592966598,2018
27_12,2019-20,0.21425984807255302,182775664,0.14674102346579357,0.9264169357687333,0.06751882460675947,2019
27_12,2020-21,0.18943909798805664,378531928,0.11706391646836195,0.8105609020119433,0.07237518151969469,2020
27_12,2021-22,0.24978062434337048,224465425,0.11147145267472708,0.7502193756566296,0.1383091716686434,2021
27_12,2022-23,0.3114460809641012,333090340,0.11083029907141709,0.6885539190358988,0.20061578189268414,2022
27_13,2017-18,0.30157706826046055,243873274,0.24024297963867905,0.6984229317395394,0.06133408862178149,2017
27_13,2018-19,0.6028219263886518,330583322,0.4845767597434937,0.3971780736113481,0.11824516664515822,2018
27_13,2019-20,0.5971358608032521,462249880,0.4114681587370017,0.40286413919674785,0.1856677020662504,2019
27_13,2020-21,0.3910247807943518,319696370,0.2362163980779638,0.6089752192056481,0.15480838271638805,2020
27_13,2021-22,0.5159996578126178,453143535,0.2614509462217088,0.4840003421873822,0.254548711590909,2021
27_13,2022-23,0.7639602864299762,316576223,0.291335439301138,0.23603971357002387,0.47262484712883823,2022
27_14,2017-18,0.5767516649494273,401673762,0.12117936396353417,0.4232483350505727,0.45557230098589313,2017
27_14,2018-19,0.321434979977432,622243609,0.032656065415691556,0.678565020022568,0.2887789145617404,2018
27_14,2019-20,0.3460097781061446,550706642,0.0753109275191927,0.6539902218938555,0.27069885058695187,2019
27_14,2020-21,0.5213751834267144,644625977,0.1045647808263861,0.47862481657328554,0.41681040260032837,2020
27_14,2021-22,0.3434012844662055,586429909,0.14536930277885945,0.6565987155337946,0.19803198168734604,2021
27_14,2022-23,0.3403665515934641,560463530,0.1151504309299126,0.6596334484065359,0.22521612066355148,2022
27_15,2017-18,0.2316269218751047,425160237,0.1227456696520752,0.7683730781248953,0.1088812522230295,2017
27_15,2018-19,0.31749850329220447,417952323,0.17590351328182474,0.6825014967077956,0.14159499001037973,2018
27_15,2019-20,0.3539398917500954,863757805,0.23568634728574175,0.6460601082499046,0.11825354446435364,2019
27_15,2020-21,0.2752995073091471,744252705,0.15101347733764703,0.7247004926908529,0.12428602997150007,2020
27_15,2021-22,0.36578033526623877,517273975,0.2723815826999609,0.6342196647337612,0.09339875256627786,2021
27_15,2022-23,0.32762231174501116,741545262,0.19291174973483952,0.6723776882549889,0.13471056201017167,2022
27_16,2017-18,0.211280270221999,282625694,0.10217115291718665,0.788719729778001,0.10910911730481235,2017
27_16,2018-19,0.3062652299544417,338374699,0.1813366105129509,0.6937347700455583,0.1249286194414908,2018
27_16,2019-20,0.18001239554766826,180419620,0.05635858782986019,0.8199876044523318,0.12365380771780807,2019
27_16,2020-21,0.10630258827639838,288654759,0.050145260206848,0.8936974117236016,0.05615732806955038,2020
27_16,2021-22,0.5061789732934413,156099558,0.31478727825737984,0.49382102670655864,0.19139169503606157,2021
27_16,2022-23,0.09709674416478052,246140313,0.07056862319013953,0.9029032558352195,0.02723565376169829,2022
27_17,2017-18,0.4560032492240671,367689016,0.29318704206274143,0.5439967507759329,0.1628162071613257,2017
27_17,2018-19,0.5559391551943407,531523499,0.38982589178056265,0.44406084480565927,0.16611326341377805,2018
27_17,2019-20,0.45306307172833943,488758241,0.2784709404009824,0.5469369282716606,0.174592131327357,2019
27_17,2020-21,0.4808041762841797,428579264,0.3141176774245429,0.5191958237158203,0.16668649885963685,2020
27_17,2021-22,0.3146211335255913,223423081,0.11406780752432646,0.6853788664744087,0.20055332600126483,2021
27_17,2022-23,0.3133631706402077,448729060,0.16645715791172516,0.6866368293597923,0.14690601272848253,2022
27_18,2017-18,0.1280936302598857,373877420,0.06579249690981606,0.9107921600172685,0.062301133350069655,2017
27_18,2018-19,0.24010924086686264,379876883,0.1388363976862472,0.7598907591331373,0.10127284318061544,2018
27_18,2019-20,0.28668598026766295,547264421,0.1569438953167394,0.713314019732337,0.12974208495092357,2019
27_18,2020-21,0.34233548924807855,515732051,0.18252353294210913,0.6576645107519214,0.15981195630596942,2020
27_18,2021-22,0.45995808981510516,422334572,0.3791398351352586,0.5400419101848948,0.08081825467984657,2021
27_18,2022-23,0.30458301911455515,719653839,0.2372607825413129,0.6954169808854448,0.06732223657324227,2022
27_19,2017-18,0.39228861674001814,781984995,0.1621957055582633,0.6077113832599819,0.23009291118175484,2017
27_19,2018-19,0.6153129644560068,979536395,0.327163862043125,0.38468703554399325,0.2881491024128818,2018
27_19,2019-20,0.38990259554551926,1061523013,0.2438324085584379,0.6100974044544807,0.14607018698708135,2019
27_19,2020-21,0.40427686010385083,848951874,0.2377442964452423,0.5957231398961491,0.16653256365860852,2020
27_19,2021-22,0.565136130613437,1011877024,0.3706713415799428,0.4348638693865629,0.19446478903349426,2021
27_19,2022-23,0.6107078195554955,1081564509,0.41617377720370446,0.3892921804445046,0.19453404235179098,2022
27_20,2017-18,0.6196249383894693,1120141300,0.49500974296724887,0.38037506161053075,0.1246151954222204,2017
27_20,2018-19,0.6895895471033375,1761476593,0.5643340762802859,0.31041045289666247,0.1252554708230517,2018
27_20,2019-20,0.5676280910504813,1179017909,0.42729726677968555,0.4323719089495188,0.1403308242707957,2019
27_20,2020-21,0.6291824128898961,1422082278,0.4577072150251492,0.37081758711010393,0.17147519786474688,2020
27_20,2021-22,0.5997131181880107,1782832437,0.21458800954046137,0.4002868818119894,0.38512510864754923,2021
27_20,2022-23,0.574436365645066,1624911553,0.09641590258297585,0.42556363435493405,0.4780204630620901,2022
27_21,2017-18,0.8344446727879995,1530340251,0.419105921432109,0.1655553272120005,0.4153387513558905,2017
27_21,2018-19,0.8457265153762175,2552242493,0.5122845221745158,0.15427348462378257,0.33344199320170165,2018
27_21,2019-20,0.8003066787614499,3010394315,0.47310369704840477,0.1996933212385501,0.3272029817130451,2019
27_21,2020-21,0.8465681321736045,2137081342,0.38738573854434033,0.15343186782639553,0.4591823936292641,2020
27_21,2021-22,0.8142191933767191,3023138828,0.3321188209091402,0.1857808066232809,0.4821003724675789,2021
27_21,2022-23,0.8603749001442849,3720282804,0.48832676108566075,0.13962509985571517,0.3720481390586241,2022
27_22,2017-18,0.9583367690031885,2021791565,0.5559688290617634,0.04166323099681148,0.40236793994142517,2017
27_22,2018-19,0.9474928324490738,3016576753,0.6248472262890239,0.05250716755092623,0.32264560616004984,2018
27_22,2019-20,0.9388865931037828,2797379997,0.5625569624747696,0.061113406896217255,0.3763296306290132,2019
27_22,2020-21,0.8799827808803605,2466068004,0.5099767447451137,0.12001721911963949,0.3700060361352468,2020
27_22,2021-22,0.9302689264384945,3146319249,0.35195070187233884,0.06973107356150558,0.5783182245661556,2021
27_22,2022-23,0.9452570926539328,3952701135,0.5072043171308472,0.054742907346067286,0.4380527755230854,2022
27_24,2017-18,0.7876346607132224,308641058,0.4899581215147338,0.31104977634933906,0.29767653919848863,2017
27_24,2018-19,0.7218703926784866,580130992,0.28214121509991663,0.2781296073215134,0.43972917757857005,2018
27_24,2019-20,0.6221874278344026,477365618,0.32034419160870525,0.3778125721655974,0.30184323622569736,2019
27_24,2020-21,0.6505632816993726,459204427,0.3110328768672781,0.34943671830062734,0.3395304048320945,2020
27_24,2021-22,0.6642479194836467,480433979,0.33189188519074336,0.3357520805163533,0.33235603429290334,2021
27_24,2022-23,0.8561047838082584,620851953,0.4845839890593048,0.14389521619174162,0.3715207947489536,2022
27_25,2017-18,0.7527606503566241,1670177007,0.5850114466340512,0.24723934964337585,0.16774920372257285,2017
27_25,2018-19,0.8924810461691834,2048941867,0.6746913957222584,0.10751895383081651,0.21778965044692505,2018
27_25,2019-20,0.820667837328743,2471170282,0.6514470187368496,0.17933216267125698,0.1692208185918934,2019
27_25,2020-21,0.6896895450267635,2170749861,0.5118477342608937,0.31031045497323656,0.17784181076586972,2020
27_25,2021-22,0.7540279209915403,2547294565,0.5076765748919188,0.24597207900845972,0.2463513460996216,2021
27_25,2022-23,0.7026335415738635,2408103583,0.4516992357300936,0.29736645842613657,0.25093430584376986,2022
27_26,2017-18,0.20559925886333,805340262,0.11526354061756817,0.8640685505357389,0.09033571824576181,2017
27_26,2018-19,0.42404421878727716,847138565,0.33561622826131166,0.5759557812127228,0.08842799052596549,2018
27_26,2019-20,0.47074475237530583,1111176597,0.32614667189575447,0.5292552476246941,0.14459808047955136,2019
27_26,2020-21,0.46595532510819054,1123640147,0.2970271789336484,0.5340446748918095,0.16892814617454213,2020
27_26,2021-22,0.4607569738416825,1514061830,0.3442643052430692,0.5392430261583174,0.1164926685986133,2021
27_26,2022-23,0.39027093939801694,1334448857,0.18771769759925688,0.6097290606019831,0.20255324179876008,2022
27_27,2017-18,0.22158052298499473,744664539,0.06779785709656305,0.7784194770150052,0.15378266588843167,2017
27_27,2018-19,0.3150640128704286,846531559,0.16030657753658537,0.6849359871295714,0.15475743533384323,2018
27_27,2019-20,0.33035279905643783,611602316,0.243216139161906,0.6696472009435621,0.08713665989453186,2019
27_27,2020-21,0.2901453577098356,571669436,0.21488789720778426,0.7098546422901644,0.0752574605020514,2020
27_27,2021-22,0.2938557118019708,943433627,0.21200163771563338,0.7061442881980292,0.0818540740863374,2021
27_27,2022-23,0.2839582804767215,695316670,0.21585077055609783,0.7160417195232786,0.06810750992062364,2022
27_28,2017-18,0.2686999938427787,501979684,0.19625303003298436,0.7313000061572213,0.07244696380979435,2017
27_28,2018-19,0.3661707125025887,548458681,0.21992418240162745,0.6338292874974113,0.14624653010096125,2018
27_28,2019-20,0.41571962132679297,404750157,0.36462958308376886,0.584280378673207,0.05109003824302408,2019
27_28,2020-21,0.3595695121265502,373865026,0.2885358418093914,0.6404304878734498,0.07103367031715879,2020
27_28,2021-22,0.4434955705911987,431674990,0.2768090155049288,0.5565044294088013,0.1666865550862699,2021
27_28,2022-23,0.39324051472235017,598492760,0.24126492524320595,0.6067594852776498,0.15197558947914425,2022
27_29,2017-18,0.3836780485569279,285011153,0.10577856228664848,0.6163219514430721,0.2778994862702794,2017
27_29,2018-19,0.19964392074507556,469215765,0.1141624152376892,0.8003560792549245,0.08548150550738635,2018
27_29,2019-20,0.23383680441525995,250437621,0.08011549111465166,0.76616319558474,0.1537213133006083,2019
27_29,2020-21,0.38395158917157257,166379801,0.22503954070722804,0.6160484108284274,0.15891204846434454,2020
27_29,2021-22,0.27666134514295626,711151581,0.14125778340918854,0.7233386548570437,0.1354035617337677,2021
27_29,2022-23,0.2957357098237588,264971907,0.08291268779674821,0.7042642901762413,0.2128230220270106,2022
27_30,2017-18,0.41113929210243755,856359355,0.2597872525138702,0.5888607078975624,0.15135203958856736,2017
27_30,2018-19,0.650245319482422,879746883,0.4130424716719343,0.3497546805175779,0.23720284781048778,2018
27_30,2019-20,0.6161884568277592,749554249,0.36540430444548117,0.38381154317224075,0.2507841523822781,2019
27_30,2020-21,0.4657505084908738,1037156274,0.27648995642097424,0.5342494915091263,0.18926055206989956,2020
27_30,2021-22,0.6205568356980388,1464427699,0.34755324646450847,0.37944316430196123,0.27300358923353035,2021
27_30,2022-23,0.4177227202127971,1624943962,0.13611105131759615,0.5822772797872029,0.28161166889520095,2022
27_31,2017-18,0.3739293661129261,521968697,0.2870263980600354,0.6260706338870738,0.08690296805289073,2017
27_31,2018-19,0.5372804238211759,456526127,0.36071820485314743,0.46271957617882403,0.17656221896802854,2018
27_31,2019-20,0.3913134829938057,733096176,0.30520086221265463,0.6086865170061942,0.08611262078115109,2019
27_31,2020-21,0.5224386418717876,805479387,0.48583280877925183,0.47756135812821243,0.03660583309253574,2020
27_31,2021-22,0.34709743074066457,623467035,0.31534108455309107,0.6529025692593354,0.031756346187573496,2021
27_31,2022-23,0.3571036694137463,1044025794,0.25315438231404463,0.6428963305862537,0.10394928709970168,2022
27_32,2017-18,0.36977032544829624,346303887,0.2552044586204717,0.6302296745517036,0.11456586682782455,2017
27_32,2018-19,0.13415965504557611,223032826,0.10763236260118948,0.9107187964403426,0.02652729244438664,2018
27_32,2019-20,0.3588356963021771,131468654,0.24722636966768788,0.7108353122420531,0.13584069248932906,2019
27_32,2020-21,0.6545897107666628,391822468,0.28501677193253755,0.34541028923333716,0.36957293883412523,2020
27_32,2021-22,0.6598032891813372,233640022,0.37771637857490015,0.34019671081866276,0.28208691060643715,2021
27_32,2022-23,0.5599457939466994,207772367,0.4569362729549113,0.6509263382262402,0.10300952099178809,2022
27_33,2017-18,0.07920611156456077,71328511,0.07920611156456077,0.9207938884354392,NA,2017
27_33,2018-19,0.29408620618131986,195620195,0.29408620618131986,0.7661193408722581,NA,2018
27_33,2019-20,0.20375877187567218,123109360,0.20375877187567218,0.7962412281243278,NA,2019
27_33,2020-21,0.40739841050663445,343542170,0.2140065861492346,0.691923670470219,0.19339182435739985,2020
27_33,2021-22,0.38912831112863155,142114571,0.3311349193039467,0.862921157647004,0.19854723381218603,2021
27_33,2022-23,0.4256650688573942,271331717,0.23655045166344082,0.5743349311426058,0.2121160977284495,2022
27_34,2017-18,0.2786892108231782,719561541,0.22743173540454686,0.7213107891768218,0.051257475418631356,2017
27_34,2018-19,0.21050878199738607,1012234872,0.19361566314423517,0.7894912180026139,0.016893118853150913,2018
27_34,2019-20,0.5393995468455046,1156596272,0.48178061134196704,0.4606004531544954,0.057618935503537576,2019
27_34,2020-21,0.44801125418963617,1165490224,0.2276435173256331,0.5519887458103638,0.22036773686400307,2020
27_34,2021-22,0.5662142692063261,985407757,0.4907287806138104,0.4337857307936739,0.07548548859251572,2021
27_34,2022-23,0.6237339646502296,1335162956,0.4565730102535889,0.37626603534977043,0.1671609543966407,2022
27_35,2017-18,0.15681982303436304,602478661,0.14280292327233146,0.8726886563881692,0.01450744426188461,2017
27_35,2018-19,0.45435247183314736,657186045,0.4478455929477322,0.5456475281668527,0.006506878885415165,2018
27_35,2019-20,0.4111907779407917,901269425,0.36099320133932206,0.5888092220592083,0.05935780680196067,2019
27_35,2020-21,0.41933011522551783,824134808,0.1424427106590552,0.5806698847744822,0.2768874045664626,2020
27_35,2021-22,0.29984431000930195,744918151,0.26399035885487504,0.700155689990698,0.0358539511544269,2021
27_35,2022-23,0.4824289104577339,1015510618,0.37336781544119707,0.5175710895422662,0.1090610950165368,2022
28_01,2017-18,0.3208135026078509,379919913,0.0872941766545414,0.6791864973921491,0.23351932595330954,2017
28_01,2018-19,0.619784815898356,398760779,0.10755123938605808,0.38021518410164407,0.5122335765122978,2018
28_01,2019-20,0.45889321076479384,606952488,0.14097359792023786,0.5411067892352062,0.31791961284455594,2019
28_01,2020-21,0.5120640231483979,266349663,0.06989145693043358,0.487935976851602,0.4421725662179644,2020
28_01,2021-22,0.6031270714265741,294525284,0.1304172955147715,0.396872928573426,0.4727097759118025,2021
28_01,2022-23,0.6059559785434172,482692706,0.2377086965967122,0.3940440214565828,0.36824728194670503,2022
28_02,2017-18,0.33124347523929076,355961330,0.12062421499548842,0.6687565247607092,0.21061926024380231,2017
28_02,2018-19,0.43668669045433095,369765041,0.14460318329552416,0.563313309545669,0.2920835071588068,2018
28_02,2019-20,0.6675814488248445,315380732,0.2550108609678793,0.3324185511751555,0.4125705878569652,2019
28_02,2020-21,0.36308440734914343,533325172,0.04325815320788946,0.6369155926508565,0.319826254141254,2020
28_02,2021-22,0.3744777495531824,675493199,0.05404471585212807,0.6255222504468176,0.3204330337010543,2021
28_02,2022-23,0.5456845641990569,479397689,0.13019420083186925,0.4543154358009431,0.4154903633671876,2022
28_03,2017-18,0.5538792837720188,1526871930,0.16962879656841945,0.4461207162279812,0.38425048720359933,2017
28_03,2018-19,0.7247981768058811,1500868378,0.16497449918289903,0.2752018231941189,0.559823677622982,2018
28_03,2019-20,0.5942574968172124,881017779,0.11685815252997295,0.40574250318278765,0.4773993442872394,2019
28_03,2020-21,0.6239601588518132,1493944294,0.09328222916991843,0.3760398411481867,0.5306779296818949,2020
28_03,2021-22,0.6075472401964406,1385048326,0.07468455941803723,0.39245275980355937,0.5328626807784034,2021
28_03,2022-23,0.6627436709206792,1339232228,0.1798623307921171,0.3372563290793208,0.4828813401285621,2022
28_04,2017-18,0.6622407447213221,835770350,0.20690982875858183,0.33775925527867795,0.4553309159627402,2017
28_04,2018-19,0.6034425338621305,1078234797,0.08472320152732003,0.3965574661378694,0.5187193323348106,2018
28_04,2019-20,0.4485931680745501,820306697,0.05712526689270708,0.5514068319254499,0.391467901181843,2019
28_04,2020-21,0.6682406626177877,1059637838,0.146285990780182,0.3317593373822123,0.5219546718376057,2020
28_04,2021-22,0.7697561109759229,920560328,0.13442933964888393,0.23024388902407708,0.635326771327039,2021
28_04,2022-23,0.5114700597219345,1036863433,0.08004368208826591,0.4885299402780655,0.43142637763366853,2022
28_05,2017-18,0.49548783122549866,459353939,0.18014516817064344,0.5045121687745013,0.3291687153683034,2017
28_05,2018-19,0.6074792571862052,607798567,0.09497275928918075,0.39252074281379473,0.5125064978970245,2018
28_05,2019-20,0.5675492924426674,560982597,0.09364174803447602,0.43245070755733267,0.47390754440819133,2019
28_05,2020-21,0.6423738924304291,703031232,0.17204416318164367,0.357626107569571,0.47032972924878536,2020
28_05,2021-22,0.558453362862926,718433208,0.1694499845558364,0.441546637137074,0.3890033783070896,2021
28_05,2022-23,0.6962852764058786,737533717,0.08978124996012894,0.30371472359412144,0.6065040264457496,2022
28_06,2017-18,0.6530182661423731,864251503,0.18671002878198062,0.3469817338576269,0.4663082373603925,2017
28_06,2018-19,0.7788523019573143,1208660770,0.17228345303206954,0.22114769804268572,0.6065688489252448,2018
28_06,2019-20,0.7497021272707626,848630053,0.24707700989231876,0.2502978727292374,0.5026251173784438,2019
28_06,2020-21,0.6429220993569693,1284384828,0.1324393159212871,0.35707790064303063,0.5104827834356822,2020
28_06,2021-22,0.6702884352011237,1279851622,0.10819008439714271,0.32971156479887637,0.562098350803981,2021
28_06,2022-23,0.7853757164011114,1076850821,0.17879357404510907,0.21462428359888858,0.6065821423560024,2022
28_07,2017-18,0.4526921974093169,803091275,0.22816595660312708,0.5473078025906831,0.2245262408061898,2017
28_07,2018-19,0.6582198129041239,801888118,0.41048832949536235,0.34178018709587615,0.24773148340876153,2018
28_07,2019-20,0.7292846161633656,1041560365,0.6164128106007567,0.27071538383663435,0.11287180556260894,2019
28_07,2020-21,0.6189993690145793,1010010658,0.5732907454131043,0.38100063098542075,0.04570862360147491,2020
28_07,2021-22,0.5826755249143749,1126171864,0.3379283723607572,0.41732447508562515,0.2447471525536177,2021
28_07,2022-23,0.5577841414873954,1233335136,0.08995812797471457,0.44221585851260464,0.46782601351268077,2022
28_08,2017-18,0.4208258085076864,463545624,0.2465780844044814,0.5791741914923136,0.174247724103205,2017
28_08,2018-19,0.7600775567430332,538346485,0.565941676019302,0.23992244325696674,0.1941358807237313,2018
28_08,2019-20,0.5308076441751297,642159228,0.4749670559900449,0.4691923558248703,0.05584058818508484,2019
28_08,2020-21,0.5812406565375461,740035483,0.5569297398135705,0.41875934346245397,0.024310916723975517,2020
28_08,2021-22,0.6143383702432595,720113334,0.5406734448830522,0.3856616297567405,0.07366492536020726,2021
28_08,2022-23,0.37049465664929565,1049021075,0.15668731822189558,0.6295053433507044,0.21380733842740005,2022
28_09,2017-18,0.40809583474045336,572842622,0.26642194756241444,0.5919041652595466,0.14167388717803892,2017
28_09,2018-19,0.6756485211284811,738302507,0.6080926933653227,0.324351478871519,0.06755582776315833,2018
28_09,2019-20,0.6099002631361609,594089765,0.5168696720435841,0.39009973686383914,0.09303059109257672,2019
28_09,2020-21,0.7635669596317765,625364229,0.6817616250321219,0.23643304036822355,0.08180533459965457,2020
28_09,2021-22,0.6679898922077799,686359182,0.5711455259587392,0.33201010779222007,0.09684436624904072,2021
28_09,2022-23,0.4834324121034634,743647873,0.22147677816325845,0.5165675878965367,0.26195563394020493,2022
28_10,2017-18,0.33777280522421643,584737794,0.07970671209940638,0.6622271947757835,0.25806609312481005,2017
28_10,2018-19,0.6385056310345898,795426476,0.3084127514005455,0.36149436896541015,0.33009287963404427,2018
28_10,2019-20,0.5965621011799638,889519314,0.37808890454288663,0.40343789882003617,0.21847319663707718,2019
28_10,2020-21,0.496902043250186,833687236,0.4002236733296946,0.5030979567498141,0.09667836992049138,2020
28_10,2021-22,0.7125735055813718,926948998,0.5341810154262662,0.2874264944186282,0.1783924901551056,2021
28_10,2022-23,0.6526086357230123,1031572989,0.27910699201140093,0.3473913642769877,0.3735016437116114,2022
28_11,2017-18,0.5464432940386608,1447088614,0.3273178355613819,0.4535567059613393,0.21912545847727885,2017
28_11,2018-19,0.4815375955116476,1315272830,0.41671647927221306,0.5184624044883525,0.06482111623943453,2018
28_11,2019-20,0.5055368210707486,1212490419,0.4546940003490452,0.4944631789292514,0.05084282072170337,2019
28_11,2020-21,0.6410792140669606,1005203243,0.6058673837764369,0.3589207859330394,0.035211830290523646,2020
28_11,2021-22,0.572515638722471,750515109,0.4919008485943752,0.4274843612775289,0.08061479012809587,2021
28_11,2022-23,0.5353334495706786,1127715592,0.21737846646710193,0.46466655042932137,0.3179549831035767,2022
28_12,2017-18,0.505645701094951,948615311,0.08182708322320131,0.4943542989050489,0.4238186178717497,2017
28_12,2018-19,0.56797526973543,979099594,0.2575936958257997,0.43202473026457,0.3103815739096303,2018
28_12,2019-20,0.5378019032660695,764140665,0.4787803054559333,0.46219809673393053,0.059021597810136175,2019
28_12,2020-21,0.6554135759003974,957525764,0.5143846991045559,0.3445864240996026,0.1410288767958415,2020
28_12,2021-22,0.5961953309834863,1201743747,0.3799481571173925,0.4038046690165137,0.21624717386609377,2021
28_12,2022-23,0.5777810708212201,987617298,0.13050581562414068,0.42221892917877996,0.4472752551970794,2022
28_13,2017-18,0.2745953959538115,634389726,0.09054455588708572,0.7254046040461885,0.18405084006672578,2017
28_13,2018-19,0.5009743618157422,1227480881,0.1905998118760108,0.49902563818425777,0.3103745499397314,2018
28_13,2019-20,0.6228062830198892,1074177023,0.2908070991200116,0.37719371698011084,0.33199918389987754,2019
28_13,2020-21,0.5987097401226126,1414404053,0.472706133429045,0.40129025987738737,0.12600360669356764,2020
28_13,2021-22,0.5246333824337284,1308153766,0.39388319201612876,0.47536661756627163,0.13075019041759958,2021
28_13,2022-23,0.5374135256100474,1210728547,0.21429080337031153,0.4625864743899526,0.32312272223973587,2022
29_01,2017-18,0.6980429122211045,1174072530,0.6864755348632507,0.30195708777889557,0.011567377357853693,2017
29_01,2018-19,0.6616040666359821,1157013517,0.6336504027204032,0.3383959333640179,0.027953663915578957,2018
29_01,2019-20,0.6550418102522085,1075224320,0.6546543022761985,0.3449581897477914,8.726147972832544e-4,2019
29_01,2020-21,0.4939644871739888,971770199,0.4939644871739888,0.5060355128260112,NA,2020
29_01,2021-22,0.4960472719003545,1121509218,0.48411184258317885,0.5039527280996454,0.011935429317175707,2021
29_01,2022-23,0.4251739485427079,1104537135,0.13113009821983035,0.5748260514572922,0.29404385032287755,2022
29_02,2017-18,0.6741123695827392,274335236,0.6280358677658163,0.3258876304172607,0.046076501816923,2017
29_02,2018-19,0.6778859044344184,422866636,0.6379785185984737,0.32211409556558157,0.08380626262913497,2018
29_02,2019-20,0.8850477962913798,347218885,0.8850477962913798,0.11495220370862029,NA,2019
29_02,2020-21,0.7010423129207105,343616483,0.7010423129207105,0.2989576870792895,NA,2020
29_02,2021-22,0.5139007643136547,444276506,0.5139007643136547,0.4860992356863453,NA,2021
29_02,2022-23,0.5932355854917836,610404817,0.25385513954749805,0.40676441450821643,0.33938044594428557,2022
29_03,2017-18,0.500175207053331,412885775,0.47431689551426176,0.4998247929466691,0.025858311539069128,2017
29_03,2018-19,0.726978239061259,297022848,0.6520043333501401,0.273021760938741,0.0749739057111189,2018
29_03,2019-20,0.44897182318568574,468668028,0.44556174631993456,0.5510281768143143,0.004867994165719681,2019
29_03,2020-21,0.7279305001663462,380642983,0.7279305001663462,0.27206949983365386,NA,2020
29_03,2021-22,0.5633955733754484,274907751,0.5421245325309143,0.43660442662455157,0.021271040844534062,2021
29_03,2022-23,0.4629901370676372,509216409,0.24839249828651927,0.5370098629323629,0.2145976387811179,2022
29_04,2017-18,0.4164790764835254,116765172,0.3080703807810089,0.5835209235164746,0.1084086957025165,2017
29_04,2018-19,0.7325402271978719,262758359,0.6563196948569769,0.26745977280212807,0.076220532340895,2018
29_04,2019-20,0.4878821382858724,267895985,0.3226996627067778,0.5121178617141275,0.16518247557909463,2019
29_04,2020-21,0.33955312703974194,480279809,0.16232736737846085,0.6604468729602581,0.17722575966128112,2020
29_04,2021-22,0.5264556620815246,193996827,0.2694625824988364,0.689026709082873,0.25699307958268824,2021
29_04,2022-23,0.39467377456131303,497237158,0.10848429593831763,0.605326225438687,0.28618947862299543,2022
29_05,2017-18,0.3459972009013975,435428748,0.32532036676641296,0.6540027990986025,0.021137752595077382,2017
29_05,2018-19,0.17655542488060236,349207446,0.17655542488060236,0.8234445751193976,NA,2018
29_05,2019-20,0.09665182762387321,357828112,0.09665182762387321,0.9033481723761267,NA,2019
29_05,2020-21,0.2753478909013751,435337916,0.2662236224790491,0.7246521090986249,0.010617807001712018,2020
29_05,2021-22,0.45203520506516676,415528275,0.370510057348083,0.5479647949348333,0.08152514771708376,2021
29_05,2022-23,0.8031729490778156,185071990,0.5627354955225802,0.1968270509221844,0.24043745355523546,2022
29_06,2017-18,0.6029793913753575,216963775,0.5522622981647513,0.3970206086246425,0.06187528648277682,2017
29_06,2018-19,0.7652196815582252,269983359,0.7184545844545922,0.23478031844177477,0.04676509710363297,2018
29_06,2019-20,0.5613098391030601,225143561,0.5587814168045427,0.4386901608969399,0.009281916818595283,2019
29_06,2020-21,0.4518385635226473,168874448,0.4353586221640825,0.5481614364773527,0.060433501381448665,2020
29_06,2021-22,0.5111039539042136,245275694,0.5111039539042136,0.4888960460957864,NA,2021
29_06,2022-23,0.3690325577350803,310564693,0.11798929442375473,0.6309674422649196,0.2510432633113256,2022
29_07,2017-18,0.5282968821251145,356274976,0.50385663909216,0.4717031178748855,0.02444024303295441,2017
29_07,2018-19,0.7896010840053012,189836710,0.7875790462234623,0.21039891599469882,0.002693935709345744,2018
29_07,2019-20,0.3220571117922114,247025447,0.3220571117922114,0.6779428882077886,NA,2019
29_07,2020-21,0.5262104053419111,402008491,0.5262104053419111,0.47378959465808895,NA,2020
29_07,2021-22,0.5767874426165859,594699497,0.5353124655493025,0.4232125573834141,0.041474977067283446,2021
29_07,2022-23,0.5972435057334013,319778064,0.1223958188701774,0.4027564942665986,0.474847686863224,2022
29_08,2017-18,0.5700914821295825,355045845,0.5452305321302944,0.42990851787041756,0.02486094999928812,2017
29_08,2018-19,0.6628162059973483,496040560,0.6496926763408218,0.3371837940026517,0.027584852642257993,2018
29_08,2019-20,0.6520393708417868,576253973,0.6265325358546379,0.3479606291582132,0.025506834987148973,2019
29_08,2020-21,0.7029681650291345,458394357,0.6692564825792565,0.2970318349708655,0.033711682449877975,2020
29_08,2021-22,0.7314841539299989,490606409,0.6689309698765065,0.2685158460700011,0.06255318405349246,2021
29_08,2022-23,0.6088114425616264,608461936,0.22718602400791757,0.3911885574383736,0.38162541855370885,2022
29_09,2017-18,0.29780233913684523,312942871,0.29780233913684523,0.8396451971186322,NA,2017
29_09,2018-19,0.5056717924518825,510190125,0.49459719354622944,0.49432820754811746,0.017105997648451395,2018
29_09,2019-20,0.5301706740690882,339954337,0.5206874004375476,0.4698293259309117,0.009483273631540697,2019
29_09,2020-21,0.32443116736603317,328678400,0.3094097969321988,0.6755688326339668,0.059277791384316644,2020
29_09,2021-22,0.20266546562566048,320555250,0.17113123868662267,0.7973345343743395,0.03153422693903781,2021
29_09,2022-23,0.4051394181284645,83195099,0.23918132485184013,0.779026275653847,0.1659580932766244,2022
29_10,2017-18,0.49658678581980675,242422818,0.49658678581980675,0.6896150499064716,NA,2017
29_10,2018-19,0.5691101893492138,375978271,0.5601080281578293,0.43088981065078624,0.021951223182087445,2018
29_10,2019-20,0.3829594393505176,551433453,0.36645551861359416,0.6170405606494824,0.08652789189141497,2019
29_10,2020-21,0.4088534979706816,288613654,0.4088534979706816,0.7874406456286807,NA,2020
29_10,2021-22,0.6092110597492573,263321449,0.45949806770203516,0.3907889402507428,0.1497129920472221,2021
29_10,2022-23,0.3910617758479522,367729489,0.07472860301393995,0.6089382241520478,0.31633317283401224,2022
29_11,2017-18,0.6263201640513609,334849767,0.5945419517045685,0.37367983594863907,0.031778212346792525,2017
29_11,2018-19,0.5968515204812291,424372651,0.5559369211094614,0.40314847951877086,0.04091459937176772,2018
29_11,2019-20,0.31119151258647965,567601801,0.3030163552987035,0.6888084874135204,0.008175157287776118,2019
29_11,2020-21,0.3560703246372076,597169380,0.35443566111845853,0.6439296753627923,0.002268109855346962,2020
29_11,2021-22,0.37673540848211934,562717948,0.3625320299895606,0.6232645915178806,0.014203378492558762,2021
29_11,2022-23,0.48858006487254246,676990886,0.28931688601787175,0.5114199351274575,0.19926317885467074,2022
29_12,2017-18,0.549047738233778,242817425,0.549047738233778,0.45095226176622205,NA,2017
29_12,2018-19,0.3921228760622869,418546290,0.39088081511844247,0.6078771239377132,0.0014446482706635376,2018
29_12,2019-20,0.5405899066336975,398056890,0.5405899066336975,0.4594100933663025,NA,2019
29_12,2020-21,0.41173766593788963,411469693,0.41173766593788963,0.5882623340621103,NA,2020
29_12,2021-22,0.4268394620485255,460919417,0.4256847591213542,0.7679538226132995,0.0015471381370276056,2021
29_12,2022-23,0.32878034336232176,556696958,0.1404337097168043,0.804829826192605,0.18834663364551743,2022
29_13,2017-18,0.34948619686531895,492998160,0.3459185101218228,0.6505138031346811,0.004468197165668084,2017
29_13,2018-19,0.5268220457436542,435735630,0.5260781038263959,0.47317795425634573,0.002444583166376583,2018
29_13,2019-20,0.40909852259988505,518486287,0.39629776168024283,0.5909014774001149,0.01280076091964222,2019
29_13,2020-21,0.3237123329377902,581438496,0.28991376243515876,0.6762876670622098,0.03379857050263146,2020
29_13,2021-22,0.44329607816836364,831456167,0.37370459121268385,0.5567039218316364,0.06959148695567977,2021
29_13,2022-23,0.37078113227315185,541717446,0.09502479268500427,0.6292188677268481,0.2757563395881476,2022
29_14,2017-18,0.5164334337934404,284818198,0.462103618814413,0.4835665662065596,0.054329814979027426,2017
29_14,2018-19,0.6399247244510545,347983912,0.5382620648278705,0.3600752755489455,0.10166265962318397,2018
29_14,2019-20,0.5029854536818192,441364744,0.2745045308829651,0.49701454631818076,0.2284809227988541,2019
29_14,2020-21,0.5626232466357484,716411036,0.28634888170539013,0.43737675336425164,0.27627436493035823,2020
29_14,2021-22,0.6695444363888506,329810846,0.11058373744324952,0.3304555636111494,0.5589606989456011,2021
29_14,2022-23,0.6414846221791556,311830691,0.2336894927382244,0.35851537782084447,0.40779512944093116,2022
29_15,2017-18,0.4185388492797971,163960813,0.4185388492797971,0.5814611507202029,NA,2017
29_15,2018-19,0.5976942579374175,124014392,0.5555060496526887,0.4023057420625825,0.04218820828472876,2018
29_15,2019-20,0.494699009301143,88751995,0.494699009301143,0.5053009906988569,NA,2019
29_15,2020-21,0.7550984347271251,150205120,0.7402191350068493,0.24490156527287485,0.01733581567416277,2020
29_15,2021-22,0.9122789863111372,200316495,0.8394198490743361,0.08772101368886272,0.0728591372368012,2021
29_15,2022-23,0.702557779714254,101590023,0.047334146188745325,0.29744222028574596,0.6552236335255087,2022
29_16,2017-18,0.3078392263922475,173706222,0.22849206863758742,0.6921607736077525,0.07934715775466004,2017
29_16,2018-19,0.4934583686150571,203979546,0.48808471708236867,0.5065416313849429,0.007122103290955374,2018
29_16,2019-20,0.5727132753802667,228267932,0.27773351449120764,0.42728672461973327,0.2949797608890591,2019
29_16,2020-21,0.3975061118974371,250482770,0.18007074897806344,0.6024938881025629,0.21743536291937365,2020
29_16,2021-22,0.3562431137878376,288608411,0.15537920687973297,0.7280933141225083,0.20086390690810463,2021
29_16,2022-23,0.6199930710673418,318028780,0.22197682549359213,0.38000692893265825,0.39801624557374965,2022
29_17,2017-18,0.6757958393448322,321829747,0.6684927201586496,0.3242041606551678,0.008324452860554934,2017
29_17,2018-19,0.8705127486050953,588753118,0.8204813821470072,0.12948725139490472,0.050031366458088124,2018
29_17,2019-20,0.5377866664228603,502147273,0.44935135991468383,0.5304714708205461,0.08843530650817653,2019
29_17,2020-21,0.7957370000260128,758088440,0.7341641814245314,0.2042629999739872,0.06157281860148138,2020
29_17,2021-22,0.6120583591163754,749442533,0.5052211388167904,0.38794164088362465,0.10683722029958499,2021
29_17,2022-23,0.5312042812752649,741974436,0.11016141936189294,0.46879571872473513,0.4210428619133719,2022
29_18,2017-18,0.9665260143336658,1165417569,0.8546199246460819,0.03347398566633416,0.1119060896875839,2017
29_18,2018-19,0.9502949439656148,2143111315,0.8522016748346084,0.04970505603438522,0.09809326913100638,2018
29_18,2019-20,0.9614864682637793,2496106113,0.7283649631444975,0.038513531736220706,0.23312150511928176,2019
29_18,2020-21,0.9741163324147026,2307761209,0.8190657463295632,0.025883667585297383,0.15505058608513944,2020
29_18,2021-22,0.9607774405143011,2713361963,0.8102959317558621,0.03922255948569881,0.1504815087584391,2021
29_18,2022-23,0.8946030707168072,2861979320,0.38688706457878946,0.10539692928319272,0.5077160061380178,2022
29_19,2017-18,0.5590764032535718,629853020,0.508087016872603,0.4409235967464282,0.05098938638096869,2017
29_19,2018-19,0.5843031481167761,384665718,0.5522790154125458,0.415696851883224,0.03202413270423022,2018
29_19,2019-20,0.754875485111575,257782707,0.7016883331898598,0.24512451488842502,0.05318715192171521,2019
29_19,2020-21,0.18630313641224822,288746513,0.1815845963133761,0.8416442377408357,0.004880603898673516,2020
29_19,2021-22,0.5767191146820374,559621493,0.43811630372817006,0.4232808853179626,0.13860281095386734,2021
29_19,2022-23,0.4984317241691742,407968093,0.3219180476449662,0.5015682758308259,0.176513676524208,2022
29_20,2017-18,0.27058790669191884,340014194,0.23809921299932554,0.7294120933080811,0.03659663917968421,2017
29_20,2018-19,0.2549968852735002,411716727,0.17440772086969397,0.7450031147264998,0.08058916440380622,2018
29_20,2019-20,0.09280473723862871,572512768,0.0730392962468758,0.9071952627613713,0.021469239966365256,2019
29_20,2020-21,0.07779861932130082,344544752,0.03349221816038574,0.9222013806786992,0.04567694597413517,2020
29_20,2021-22,0.14799673369755567,453868564,0.13047214479476485,0.8520032663024444,0.017524588902790808,2021
29_20,2022-23,0.14689915951064508,611904597,0.030623476424054386,0.8531008404893549,0.1162756830865907,2022
29_21,2017-18,0.7995805481496852,514736554,0.7655799533522152,0.20041945185031487,0.03400059479746993,2017
29_21,2018-19,0.8553803743657772,479521930,0.7894242793025128,0.14461962563422281,0.06595609506326436,2018
29_21,2019-20,0.8328115723854265,585564458,0.8127759164645201,0.1671884276145736,0.02003565592090632,2019
29_21,2020-21,0.7689359936634316,555596616,0.7151078364379383,0.23106400633656848,0.05382815722549325,2020
29_21,2021-22,0.7985680587584287,463026541,0.6744469600501799,0.2014319412415713,0.12412109870824878,2021
29_21,2022-23,0.7032910043331224,606717220,0.13935138679597722,0.2967089956668776,0.5639396175371453,2022
29_22,2017-18,0.7541941171030924,164780926,0.7541941171030924,0.3483392714263036,NA,2017
29_22,2018-19,0.8864915092779357,106476810,0.7120144283060321,0.3241629397786228,0.17447708097190365,2018
29_22,2019-20,0.6149039705600343,62299801,0.4646054487397159,0.5310383109624144,0.1502985218203185,2019
29_22,2020-21,1,37323174,0.7548988732844639,NA,0.2901960610150888,2020
29_22,2021-22,1,17375731,0.9156390600199784,NA,0.29631800120643065,2021
29_22,2022-23,0.9916010662219017,50075880,0.22496030024834313,0.008398933778098357,0.7666407659735586,2022
29_23,2017-18,0.5946886518055112,716247224,0.5443009381911406,0.4053113481944888,0.05038771361437067,2017
29_23,2018-19,0.739862151060261,1054861940,0.7030550310688051,0.26013784893973896,0.036807119991455944,2018
29_23,2019-20,0.6532523614456294,1136806398,0.6040378530663407,0.34674763855437063,0.049214508379288695,2019
29_23,2020-21,0.8038618998747887,823105959,0.697235331277683,0.1961381001252112,0.10662656859710573,2020
29_23,2021-22,0.6747410175590567,907975939,0.40963464121046494,0.3252589824409433,0.26510637634859174,2021
29_23,2022-23,0.7201809764673189,763754327,0.39167554071349964,0.2798190235326811,0.3285054357538193,2022
29_24,2017-18,0.3190758398203893,252906071,0.24181468542129225,0.697131880586879,0.07910016564597812,2017
29_24,2018-19,0.610063260938248,225323721,0.47853013664726407,0.38993673906175197,0.131533124290984,2018
29_24,2019-20,0.44927150158883783,190596229,0.4336401744863483,0.5507284984111621,0.015631327102489524,2019
29_24,2020-21,0.4620921662358405,347347743,0.37383098527863473,0.5379078337641595,0.08826118095720575,2020
29_24,2021-22,0.34360668270528355,206989586,0.29471182670996793,0.6563933172947165,0.04889485599531563,2021
29_24,2022-23,0.7176519909998436,176473821,0.19851066748308238,0.4823203991941914,0.5191413235167611,2022
29_25,2017-18,0.21606529652445883,396549008,0.13595725096354294,0.7839347034755412,0.08010804556091589,2017
29_25,2018-19,0.4780213693424082,453657198,0.44943812177758063,0.5219786306575918,0.028583247564827573,2018
29_25,2019-20,0.2882212246017464,567415735,0.20913127655862415,0.7117787753982536,0.07908994804312221,2019
29_25,2020-21,0.34348778476271596,630454638,0.16638060802084226,0.6565122152372841,0.1771071767418737,2020
29_25,2021-22,0.529423131315638,569340439,0.2998478279530747,0.47057686868436194,0.22957530336256335,2021
29_25,2022-23,0.4157090199187842,642800178,0.05776558916883187,0.5842909800812158,0.3579434307499523,2022
29_26,2017-18,0.22255827146366475,403783748,0.156143746033087,0.7774417285363352,0.06641452543057776,2017
29_26,2018-19,0.24750473511913584,88101268,0.2404505460693256,0.7981132295120674,0.007481829942177898,2018
29_26,2019-20,0.1412591694895146,273184510,0.07549029042678884,0.8587408305104853,0.07364769645163734,2019
29_26,2020-21,0.2982675003786192,328852828,0.13768095678350073,0.7017324996213807,0.16058654359511848,2020
29_26,2021-22,0.35771853822772254,216072014,0.2182384017580361,0.6422814617722774,0.13948013646968643,2021
29_26,2022-23,0.16472427034059373,631957967,0.06149945887144738,0.9133097078387521,0.10322481146914633,2022
29_27,2017-18,0.7411784293279952,358549868,0.7139708778250059,0.25882157067200484,0.0357282322186838,2017
29_27,2018-19,0.7959656331371673,418286303,0.5614105370311396,0.3448750827079004,0.23455509610602765,2018
29_27,2019-20,0.4918803971396753,538478861,0.3549152730807013,0.5081196028603248,0.13696512405897396,2019
29_27,2020-21,0.5770682916665509,923837112,0.5435239756854453,0.4229317083334492,0.03354431598110555,2020
29_27,2021-22,0.5626364056479066,467284995,0.4536726778483439,0.43736359435209343,0.10896372779956266,2021
29_27,2022-23,0.41120505900547766,324311331,0.18513292093392814,0.5887949409945223,0.22607213807154952,2022
29_28,2017-18,0.9123598125840521,200583357,0.7552653932300076,0.08764018741594798,0.15709441935404442,2017
29_28,2018-19,0.6776545173963094,342925724,0.5547917659277144,0.40012977257182314,0.12286275146859499,2018
29_28,2019-20,0.5203422399484529,86746273,0.17452128462049316,0.5291977446243951,0.3815380149040907,2019
29_28,2020-21,0.6802777752166039,364416240,0.4153316328602699,0.31972222478339607,0.26494614235633407,2020
29_28,2021-22,0.6365928999683383,132478705,0.3830761630708875,0.3634071000316617,0.2535167368974508,2021
29_28,2022-23,0.4984689521800038,294852972,0.0768057579558669,0.5636065073303607,0.4216631942241369,2022
29_29,2017-18,0.8059816559580636,74613218,0.7620563155445192,0.25065314454416704,0.05674733878487342,2017
29_29,2018-19,0.8469628394241266,254829447,0.7975716244441718,0.29236311743768945,0.04939121497995481,2018
29_29,2019-20,0.8222033896743133,460093524,0.46224479569071264,0.17779661032568675,0.3599585939836006,2019
29_29,2020-21,0.8498879814622098,129285744,0.7816930998981605,0.15011201853779021,0.12403353281956485,2020
29_29,2021-22,0.3952527183896734,241464462,0.35002779001077183,0.7515469221015638,0.045224928378901574,2021
29_29,2022-23,0.3403782907305995,286049092,0.6212931533050906,0.6596217092694006,0.2427302513514009,2022
29_30,2017-18,0.5468769673212457,171163899,0.4649332158529527,0.47526631489000726,0.08594819062355788,2017
29_30,2018-19,0.9491372259984485,151332446,0.9277837351548524,0.09678400284633831,0.04063239489302768,2018
29_30,2019-20,0.830172767467735,132680882,0.7886219131404327,0.27388519888492996,0.041550854327302406,2019
29_30,2020-21,0.6599937612928128,179533991,0.6176544696764413,0.4972919631937316,0.06192530327736062,2020
29_30,2021-22,0.17426762097893214,94819278,0.16990003868200726,0.8257323790210679,0.026705305316937163,2021
29_30,2022-23,0.19291682793118886,207942513,NA,0.815451238291362,0.19291682793118886,2022
30_01,2017-18,0.8631942504175178,88590224,0.7433789647038256,0.13680574958248215,0.1198152857136923,2017
30_01,2018-19,0.8912698265077117,222523493,0.32022137096328973,0.10873017349228829,0.571048455544422,2018
30_01,2019-20,0.9714472805211674,219879336,0.30641141739667616,0.0285527194788327,0.6650358631244911,2019
30_01,2020-21,0.8866137724585275,215997688,0.3557888869625308,0.11338622754147257,0.5308248854959966,2020
30_01,2021-22,0.959665424153005,235146442,0.39831293726315453,0.04033457584699496,0.5613524868898505,2021
30_01,2022-23,0.9324075655437207,195119988,0.263115709088707,0.06759243445627929,0.6692918564550138,2022
30_02,2017-18,0.9764822582821785,93130328,0.7624817449370521,0.044417897722721214,0.2140005133451264,2017
30_02,2018-19,0.8441052030291294,153755991,0.23792553228056004,0.15589479697087055,0.6061796707485694,2018
30_02,2019-20,0.7193247687063712,141660733,0.2271704749685292,0.28067523129362887,0.4921542937378419,2019
30_02,2020-21,0.8187724877823394,142930390,0.2805153823480087,0.18122751221766065,0.5382571054343307,2020
30_02,2021-22,0.9560312917895504,151505429,0.55219835059508,0.13318608583960273,0.40383294119447033,2021
30_02,2022-23,0.7333417619186844,119956864,0.24723896583358498,0.2666582380813156,0.4861027960850994,2022
31_01,2017-18,0.8328261940436362,1169304,0.40357169735158693,0.16717380595636377,0.4292544966920493,2017
31_01,2018-19,0.49007241219978614,1185988,0.4373644589995851,0.5099275878002139,0.07466772735905512,2018
31_01,2019-20,0.515002647818307,2012978,0.467877443270617,0.484997352181693,0.047125204547690036,2019
31_01,2020-21,0.37777343968577254,2376877,0.3768625806047179,0.6222265603142274,9.10859081054678e-4,2020
31_01,2021-22,0.660394061643466,2631974,0.23572307325224337,0.3396059383565339,0.4246709883912227,2021
31_01,2022-23,0.669718110153452,3462842,0.23234470414763364,0.330281889846548,0.43737340600581837,2022
32_01,2017-18,0.867400947556381,101409058,0.8341477346136081,0.132599052443619,0.03325321294277282,2017
32_01,2018-19,0.7022248299084903,244588046,0.69408699556805,0.2977751700915097,0.008137834340440334,2018
32_01,2019-20,0.8108421785286531,105531116,0.6645384665504722,0.1891578214713469,0.14630371197818093,2019
32_01,2020-21,0.8601505043326381,227579362,0.4899396018167939,0.13984949566736196,0.3702109025158441,2020
32_01,2021-22,0.9284192460737637,108434189,0.5067788444472988,0.17911026069887606,0.4216404016264649,2021
32_01,2022-23,0.8481264124793984,261294519,0.32309376914255133,0.15187358752060162,0.5250326433368471,2022
32_02,2017-18,0.7635026673755583,197019313,0.7360525665826476,0.23649733262444175,0.027450100792910593,2017
32_02,2018-19,0.7946575256357802,417920770,0.7598942091344252,0.2053424743642198,0.03476331650135503,2018
32_02,2019-20,0.7518965483393075,583485655,0.6939136232920756,0.2481034516606925,0.05798292504723188,2019
32_02,2020-21,0.7833466870240697,473097672,0.70479363085938,0.21665331297593027,0.07855305616468981,2020
32_02,2021-22,0.8294854691374468,489342114,0.5225773026353501,0.17051453086255314,0.30690816650209674,2021
32_02,2022-23,0.7822803697848776,608621211,0.24825877125074433,0.21771963021512242,0.5340215985341332,2022
32_03,2017-18,0.58008877836665,87939667,0.4335740320690548,0.41991122163335004,0.14651474629759514,2017
32_03,2018-19,0.3688647712659009,54107783,0.3353108738533974,0.6311352287340991,0.03355389741250348,2018
32_03,2019-20,0.3995062776659104,73852847,0.3350388915947953,0.6004937223340896,0.06446738607111517,2019
32_03,2020-21,0.4314515230171972,75453974,0.4314515230171972,0.572316378131662,NA,2020
32_03,2021-22,0.2646829128625037,79673462,0.14867990799747097,0.7353170871374963,0.11600300486503272,2021
32_03,2022-23,0.6128015690390975,84809104,0.15785554107492988,0.3871984309609025,0.4549460279641676,2022
32_04,2017-18,0.779881618275335,551181360,0.6284429992335009,0.220118381724665,0.15143861904183406,2017
32_04,2018-19,0.803031266726975,796553922,0.7224908108606363,0.19696873327302505,0.0805404558663387,2018
32_04,2019-20,0.8599986838569765,548709363,0.8095916580887649,0.1400013161430234,0.05040702576821165,2019
32_04,2020-21,0.8834571952405053,362430234,0.8078097507726135,0.11654280475949476,0.07564744446789172,2020
32_04,2021-22,0.7363955759413469,643497436,0.37932800092773017,0.26360442405865314,0.3570675750136167,2021
32_04,2022-23,0.7181021802922919,774395436,0.2636459017044104,0.2818978197077081,0.45445627858788157,2022
32_05,2017-18,0.7321241892216761,311830765,0.5539609281335663,0.26787581077832395,0.17816326108810976,2017
32_05,2018-19,0.7975930085463979,353568019,0.7634688956412655,0.20240699145360203,0.034124112905132405,2018
32_05,2019-20,0.7433343862676922,405014168,0.6813084499305713,0.25666561373230773,0.062025936337120925,2019
32_05,2020-21,0.6997081050670645,489696750,0.6389319430851849,0.3002918949329355,0.0607761619818796,2020
32_05,2021-22,0.7367173836105564,519094435,0.37982401217612743,0.26328261638944367,0.3568933714344289,2021
32_05,2022-23,0.7857093119975301,677145229,0.17672142529412993,0.21429068800246986,0.6089878867034002,2022
32_06,2017-18,0.773681257511811,202585135,0.3161820288541901,0.22631874248818898,0.4574992286576209,2017
32_06,2018-19,0.7420407312369146,311498716,0.41464476534150463,0.2579592687630854,0.32739596589541,2018
32_06,2019-20,0.9344836736634766,237614666,0.8063512754721966,0.06551632633652335,0.12813239819128,2019
32_06,2020-21,0.7625752716630002,483610944,0.7040156498195376,0.23742472833699976,0.05855962184346267,2020
32_06,2021-22,0.7132450860287084,398393811,0.33468686590615737,0.2867549139712916,0.378558220122551,2021
32_06,2022-23,0.6824880565256606,368455809,0.175853357220377,0.3175119434743394,0.5066346993052836,2022
32_07,2017-18,0.7793109008460625,423578085,0.5857367998630052,0.22068909915393758,0.19357410098305725,2017
32_07,2018-19,0.7316009665686096,647987110,0.6263534918156011,0.2683990334313903,0.1052474747530086,2018
32_07,2019-20,0.7152991229284871,838055950,0.6562013419271112,0.2847008770715129,0.05909778100137586,2019
32_07,2020-21,0.7102250075582516,873637897,0.5877748524455322,0.2897749924417484,0.12245015511271944,2020
32_07,2021-22,0.7201772717006868,804993913,0.3795913311458791,0.27982272829931326,0.3405859405548077,2021
32_07,2022-23,0.7932461608153419,800828307,0.42106264108368985,0.2067538391846581,0.37218351973165203,2022
32_08,2017-18,0.8146266984840229,451784865,0.2735310865272125,0.18537330151597708,0.5410956119568104,2017
32_08,2018-19,0.8671995282564537,971334539,0.8036879073647354,0.13280047174354623,0.06351162089171834,2018
32_08,2019-20,0.7555205192156366,778092437,0.674116121758423,0.2444794807843634,0.08140439745721369,2019
32_08,2020-21,0.6852943319536197,737385127,0.6294530931053075,0.31470566804638034,0.055841238848312165,2020
32_08,2021-22,0.6534834749615295,1154174953,0.2794173908918642,0.34651652503847047,0.3740660840696653,2021
32_08,2022-23,0.7217496727421443,1120093051,0.29945064805156085,0.27825032725785565,0.4222990246905835,2022
32_09,2017-18,0.4416558910147501,149744227,0.06937966964162165,0.5583441089852499,0.37227622137312844,2017
32_09,2018-19,0.7083816837029293,197312349,0.37318624694899355,0.2916183162970707,0.33519543675393576,2018
32_09,2019-20,0.6363669864806494,139398116,0.5548567672177148,0.36363301351935057,0.08151021926293466,2019
32_09,2020-21,0.40911064967260874,173237964,0.3261448166176786,0.6053521783824848,0.08296583305493016,2020
32_09,2021-22,0.2013119628664429,163842747,0.17960806040440716,0.7986880371335571,0.023208486806662817,2021
32_09,2022-23,0.3971094006882381,302549093,0.28762016483718233,0.6028905993117619,0.10948923585105574,2022
32_10,2017-18,0.6772614090491218,359765740,0.1635448444868597,0.3227385909508782,0.5137165645622621,2017
32_10,2018-19,0.7186706443738874,491065135,0.4145037236251765,0.2813293556261126,0.3041669207487109,2018
32_10,2019-20,0.6614039986700762,523112675,0.5715096847920957,0.3385960013299238,0.0898943138779805,2019
32_10,2020-21,0.5670610921226316,509149947,0.47646124963654374,0.4329389078773684,0.09059984248608789,2020
32_10,2021-22,0.6967903974551944,285060685,0.6320829650711041,0.3032096025448055,0.06470743238409042,2021
32_10,2022-23,0.6928304468924131,499964272,0.5290332145973823,0.30716955310758687,0.16379723229503088,2022
32_11,2017-18,0.6609039678288625,403737045,0.306674290936072,0.33909603217113754,0.35422967689279045,2017
32_11,2018-19,0.8364639889730822,528765704,0.6848408212950211,0.1635360110269179,0.15162316767806105,2018
32_11,2019-20,0.7581839726556057,480061538,0.668896940458496,0.24181602734439434,0.08928703219710969,2019
32_11,2020-21,0.7226766938640665,559860259,0.5935350967642087,0.2773233061359335,0.12914159709985773,2020
32_11,2021-22,0.6492232479973629,389557219,0.38722012490801766,0.35077675200263714,0.2620031230893452,2021
32_11,2022-23,0.6113198195557463,559665370,0.3517663814003714,0.3886801804442537,0.2595534381553749,2022
32_12,2017-18,0.7344350773569212,96166379,0.27528676108310163,0.26556492264307885,0.4591483162738196,2017
32_12,2018-19,0.4458746497644609,332592961,0.3818554175594835,0.5541253502355391,0.06401923220497742,2018
32_12,2019-20,0.5672896807495784,159166493,0.464210359902822,0.43271031925042164,0.10307932084675636,2019
32_12,2020-21,0.749012867432014,179861607,0.41415039175091994,0.250987132567986,0.33486247568109406,2020
32_12,2021-22,0.44025189813553584,217185887,0.1609787932491212,0.5597481018644641,0.27927310488641466,2021
32_12,2022-23,0.4437304080292509,187192756,0.2019963048142739,0.5562695919707491,0.241734103214977,2022
32_13,2017-18,0.7143797391069209,382230377,0.30153428909706986,0.2856202608930791,0.412845450009851,2017
32_13,2018-19,0.7577207289201326,444239726,0.6655906545377259,0.24227927107986735,0.09213007438240677,2018
32_13,2019-20,0.6441011998406176,718686705,0.568114967425201,0.35589880015938236,0.07598623241541667,2019
32_13,2020-21,0.7635344360981864,590860930,0.6265885188922544,0.23646556390181359,0.13694591720593202,2020
32_13,2021-22,0.6171459853321064,739889470,0.2562530306046929,0.3828540146678936,0.36089295472741356,2021
32_13,2022-23,0.5391642679243193,503197367,0.2509035008523803,0.46083573207568074,0.288260767071939,2022
32_14,2017-18,0.7142961598439052,425197820,0.23774871423376537,0.28570384015609485,0.4765474456101398,2017
32_14,2018-19,0.6828550769603265,659096671,0.5446068790719168,0.3171449230396735,0.1382481978884096,2018
32_14,2019-20,0.7588187146800344,736644793,0.6632831666537009,0.2411812853199656,0.0955355480263335,2019
32_14,2020-21,0.7234643079811469,693862628,0.6689668895094318,0.27653569201885303,0.054497418471715124,2020
32_14,2021-22,0.6608953830167126,783055661,0.5925926139240312,0.3391046169832875,0.06830276909268139,2021
32_14,2022-23,0.647444633821008,840705930,0.4961969436804139,0.35255536617899197,0.1512476901405941,2022
33_01,2017-18,0.8908198176875074,320765841,0.16319810998827647,0.10918018231249256,0.727621707699231,2017
33_01,2018-19,0.8986302963829561,578946854,0.1163296691823806,0.10136970361704392,0.7823006272005755,2018
33_01,2019-20,0.9414705233322367,631566368,0.812225970208724,0.058529476667763286,0.12924455312351274,2019
33_01,2020-21,0.955488382877926,825490723,0.7828308774343428,0.044511617122073945,0.17265750544358327,2020
33_01,2021-22,0.9332952555995138,861327519,0.5861545415223173,0.0667047444004863,0.34714071407719643,2021
33_01,2022-23,0.9351888325468726,884617100,0.34634253170100376,0.06481116745312746,0.5888463008458688,2022
33_02,2017-18,0.928987962627984,358828488,0.26642943410892167,0.07101203737201602,0.6625585285190623,2017
33_02,2018-19,0.9737208590324934,944613069,0.21782454398796805,0.02627914096750656,0.7558963150445254,2018
33_02,2019-20,0.9774331110500811,845915582,0.8375344952565255,0.022566888949918883,0.13989861579355561,2019
33_02,2020-21,0.9859818331637898,970337146,0.8873973232392363,0.014018166836210143,0.09858450992455359,2020
33_02,2021-22,0.9814634181305196,972994273,0.7004408226357567,0.018536581869480335,0.281022595494763,2021
33_02,2022-23,0.9439793865838875,1000615516,0.4501705957955583,0.05602061341611258,0.4938087907883291,2022
33_03,2017-18,0.8207545353265758,450731103,0.20994442444767342,0.17924546467342414,0.6108101108789025,2017
33_03,2018-19,0.9305884944395073,715428510,0.09717334021256716,0.06941150556049269,0.8334151542269401,2018
33_03,2019-20,0.9095730531972751,846698951,0.7568976898378135,0.09042694680272492,0.15267536335946164,2019
33_03,2020-21,0.932722057704899,837790531,0.7671378837772994,0.06727794229510096,0.16558417392759958,2020
33_03,2021-22,0.9508748963098838,727893629,0.6690518801065094,0.04912510369011624,0.2818230162033744,2021
33_03,2022-23,0.8667232499626051,819729555,0.21803609118375633,0.13327675003739495,0.6486871587788487,2022
33_04,2017-18,0.7739537205986399,386515112,0.3307258785783258,0.22604627940136013,0.44322784202031407,2017
33_04,2018-19,0.6967845831741687,974983733,0.17755085868699308,0.3032154168258313,0.5192337244871756,2018
33_04,2019-20,0.4880852893478065,914978787,0.16493181059945164,0.5119147106521935,0.32315347874835487,2019
33_04,2020-21,0.6710165080964483,839181855,0.26616196438136763,0.3289834919035517,0.4048545437150807,2020
33_04,2021-22,0.6913603525425087,916555570,0.3216747174423914,0.3086396474574913,0.36968563510011726,2021
33_04,2022-23,0.7913323579488818,706177616,0.15844208944736646,0.2086676420511182,0.6328902685015153,2022
33_05,2017-18,0.4893376296665142,328504628,0.1757621295977602,0.5106623703334858,0.31357550006875395,2017
33_05,2018-19,0.44974035981344,545041397,0.19622251922270043,0.55025964018656,0.25351784059073956,2018
33_05,2019-20,0.4966309584949779,568225116,0.2074431993252477,0.5033690415050222,0.28918775916973016,2019
33_05,2020-21,0.5328423748795433,863276441,0.17250411215611988,0.4671576251204566,0.3603382627234235,2020
33_05,2021-22,0.46204602673608675,727360896,0.2531941626402748,0.5379539732639133,0.20885186409581194,2021
33_05,2022-23,0.48245074998194315,429254868,0.15969920462264856,0.51754925001805685,0.32275154535929457,2022
33_06,2017-18,0.585814855580406,396136552,0.19149678719877383,0.414185144419594,0.3943180683816322,2017
33_06,2018-19,0.5902969037196498,577987875,0.39387311368772226,0.4097030962803502,0.1964237900319276,2018
33_06,2019-20,0.30798981555893234,626650786,0.21235602343918547,0.6920101844410677,0.0956337921197469,2019
33_06,2020-21,0.3893577666588239,439882706,0.3340239500118016,0.6106422333411762,0.05533381664702226,2020
33_06,2021-22,0.30211505017934087,406080862,0.2337289167791414,0.6978849498206591,0.06838613340019949,2021
33_06,2022-23,0.2425958926045991,771130191,0.08944310935428022,0.7574041073954009,0.1531527832503189,2022
33_07,2017-18,0.4155235204921549,801373091,0.14321638733437334,0.5844764795078451,0.27230713315778154,2017
33_07,2018-19,0.7599239910424213,887986392,0.6040089508488774,0.24007600895757872,0.15591504019354388,2018
33_07,2019-20,0.7593960437651388,1163562721,0.7193157746414256,0.2406039562348612,0.04008026912371319,2019
33_07,2020-21,0.631140737410672,922387817,0.4442393291064034,0.368859262589328,0.18690140830426863,2020
33_07,2021-22,0.8375814665523816,886370822,0.5539044797212425,0.1624185334476184,0.2836769868311392,2021
33_07,2022-23,0.6876475781327939,1338842915,0.253468775311852,0.31235242186720613,0.43417880282094184,2022
33_08,2017-18,0.6522309502961966,241333503,0.2988457429385592,0.34776904970380346,0.35338520735763734,2017
33_08,2018-19,0.6014292088725883,408461640,0.5052096422077725,0.3985707911274116,0.09621956666481582,2018
33_08,2019-20,0.6759675559711782,305057675,0.6143668406310381,0.32403244402882175,0.06160071534014019,2019
33_08,2020-21,0.6223376210841169,154281899,0.4650130149098048,0.37766237891588306,0.15732460617431213,2020
33_08,2021-22,0.7137910065801027,599687445,0.48177091317961473,0.28620899341989725,0.232020093400488,2021
33_08,2022-23,0.7351212752981859,599649814,0.3374056462227136,0.26487872470181406,0.39771562907547237,2022
33_09,2017-18,0.6507930582843995,521484055,0.4730382427512573,0.3492069417156005,0.17775481553314224,2017
33_09,2018-19,0.6876602239204207,637230850,0.5461300673060634,0.3123397760795793,0.14153015661435725,2018
33_09,2019-20,0.7044964011431474,633029485,0.5203153372863825,0.2955035988568526,0.18418106385676491,2019
33_09,2020-21,0.7679849355943218,870363709,0.7199651370114744,0.23201506440567823,0.04801979858284739,2020
33_09,2021-22,0.7247949240974796,803275631,0.503646903238373,0.2752050759025204,0.2211480208591066,2021
33_09,2022-23,0.6992262592188895,644621703,0.195177919723252,0.3007737407811105,0.5040483394956375,2022
33_10,2017-18,0.4269820181830862,64426137,0.2673575322388179,0.5730179818169138,0.15962448594426823,2017
33_10,2018-19,0.6372502675094842,28376564,0.3691137869969035,0.3975012206257667,0.2681364805125807,2018
33_10,2019-20,0.8291538052491906,106912788,0.4617574185793378,0.17084619475080942,0.3673963866698528,2019
33_10,2020-21,0.29740227210902215,253964398,0.2852149811959076,0.7025977278909779,0.020179755858269113,2020
33_10,2021-22,0.26434837068771083,242146274,0.1644413409392374,0.7356516293122891,0.09990702974847343,2021
33_10,2022-23,0.5334862685347639,191481532,0.06912815487605353,0.46651373146523606,0.46435811365871044,2022
33_11,2017-18,0.5191940999639111,106744703,0.133104468893412,0.6347655741755113,0.3860896310704991,2017
33_11,2018-19,0.5984948174063444,89435528,0.269023082995837,0.48480590835003434,0.3756960432994816,2018
33_11,2019-20,0.5504210564426454,372405773,0.3721311242938224,0.44957894355735456,0.17828993214882305,2019
33_11,2020-21,0.7456249013091102,231524663,0.5137985018900557,0.2543750986908898,0.23182639941905456,2020
33_11,2021-22,0.7120899450755978,422103820,0.12201717340534847,0.28791005492440225,0.5900727716702493,2021
33_11,2022-23,0.5735132187700823,228224145,0.16360142788573048,0.4264867812299176,0.40991179088435187,2022
33_12,2017-18,0.34984379198952203,160977660,0.2387958614878611,0.650156208010478,0.11104793050166091,2017
33_12,2018-19,0.6529018871798719,209650604,0.5649855890708524,0.3470981128201281,0.08791629810901952,2018
33_12,2019-20,0.504521308155272,166268030,0.3846865870726922,0.49547869184472804,0.11983472108257974,2019
33_12,2020-21,0.42871657471685976,307739091,0.2818116759823665,0.5712834252831402,0.14690489873449325,2020
33_12,2021-22,0.7351110842465065,264205555,0.5725595890669294,0.26488891575349355,0.16255149517957712,2021
33_12,2022-23,0.6427843260970652,303687934,0.22528069883737956,0.35721567390293485,0.4175036272596856,2022
33_13,2017-18,0.600574241863229,735254998,0.3415034493923971,0.39942575813677095,0.259070792470832,2017
33_13,2018-19,0.696596928102436,556334176,0.5148780865118019,0.30340307189756394,0.1817188415906342,2018
33_13,2019-20,0.6097155447731492,614288765,0.4841180320138201,0.3902844552268508,0.12559751275932907,2019
33_13,2020-21,0.5912930243552756,500067139,0.44074931906293485,0.40870697564472436,0.15054370529234076,2020
33_13,2021-22,0.6956108644823115,713607973,0.5406820531698291,0.3043891355176885,0.15492881131248235,2021
33_13,2022-23,0.7820765995570499,710060529,0.3372851499537443,0.21792340044295014,0.4447914496033056,2022
33_14,2017-18,0.03163569410996117,83021507,0.023848603470905436,0.9683643058900389,0.007787090639055733,2017
33_14,2018-19,0.10410989997393735,175803281,0.09044794220876913,0.8958901000260626,0.015395703147227257,2018
33_14,2019-20,0.48891847080999884,60743557,0.38802554812521106,0.5206940727030578,0.10279054088085926,2019
33_14,2020-21,0.34038898718361027,139277288,0.2754907749208902,0.6596110128163897,0.16737486003713975,2020
33_14,2021-22,0.1640497444848633,105907620,0.12459239476819516,0.8359502555151367,0.06954184267076578,2021
33_14,2022-23,0.6480251175680488,152959713,0.26298822398524224,0.6691387491569424,0.5233718044436969,2022
33_15,2017-18,0.1822431377858698,112144453,0.1742372759176952,0.8177568622141302,0.008005861868174612,2017
33_15,2018-19,0.1565942806530272,182843287,0.13920220653219825,0.8434057193469728,0.017392074120828948,2018
33_15,2019-20,0.11211466304197472,138115645,0.08833989806151214,0.8878853369580253,0.02377476498046257,2019
33_15,2020-21,0.1239320990584893,155091281,0.07003350497827147,0.8760679009415107,0.053898594080217826,2020
33_15,2021-22,0.424128796364255,261690741,0.3030233003161545,0.5758712036357451,0.12110549604810053,2021
33_15,2022-23,0.26418123040506364,111905505,0.04717048549130805,0.7358187695949364,0.21701074491375558,2022
33_16,2017-18,0.4403445308235531,276642766,0.09795898295782655,0.5596554691764468,0.3423855478657266,2017
33_16,2018-19,0.383823553454471,520336353,0.21194054646418295,0.6161764465455289,0.17188300699028808,2018
33_16,2019-20,0.41050051368632606,429388498,0.32140329012725444,0.5894994863136739,0.08909722355907167,2019
33_16,2020-21,0.5704579546485358,313918508,0.3816730232420702,0.4295420453514643,0.18878493140646552,2020
33_16,2021-22,0.3782703965196318,384485755,0.2941191566381959,0.6217296034803682,0.08415123988143591,2021
33_16,2022-23,0.28440583261187896,453725853,0.10124702327685084,0.715594167388121,0.18315880933502812,2022
33_17,2017-18,0.3531567822792784,221658603,0.10141497643563151,0.6468432177207216,0.25174180584364686,2017
33_17,2018-19,0.5348841405999487,424863455,0.12218063565857883,0.46511585940005123,0.4127035049413699,2018
33_17,2019-20,0.616620117499616,556574585,0.16466885745420803,0.383379882500384,0.4519512600454079,2019
33_17,2020-21,0.5335620794804482,292396036,0.19784039069531026,0.4664379205195518,0.335721688785138,2020
33_17,2021-22,0.38011908309213366,352940281,0.1281751232016501,0.6198809169078664,0.25194395989048357,2021
33_17,2022-23,0.4026821529035095,379647558,0.12411504567085876,0.5973178470964905,0.27856710723265077,2022
33_18,2017-18,0.573800115755339,133887561,0.1972602966454815,0.4261998842446611,0.3765398191098574,2017
33_18,2018-19,0.24368330851019648,238787307,0.043678758017066624,0.7563166914898035,0.20000455049312985,2018
33_18,2019-20,0.37148167704097623,244858704,0.12522995302629716,0.6285183229590238,0.2462517240146791,2019
33_18,2020-21,0.4540588982012198,387404259,0.037772597125732686,0.5459411017987802,0.41628630107548714,2020
33_18,2021-22,0.32468866344888575,262209897,0.061991161754009746,0.6753113365511142,0.2870980571721135,2021
33_18,2022-23,0.2799971432535315,242849692,0.05879422732145695,0.7200028567464685,0.23174412343911888,2022
33_19,2017-18,0.5014416509177936,521599224,0.13694750243723522,0.4985583490822065,0.36449414848055833,2017
33_19,2018-19,0.49550529984011216,575180748,0.07661989409979347,0.5044947001598878,0.4188854057403187,2018
33_19,2019-20,0.484638193012502,480297468,0.14388451242054018,0.515361806987498,0.3407536805919618,2019
33_19,2020-21,0.4710305350357028,448386638,0.11382132444366017,0.5289694649642972,0.3572092105920427,2020
33_19,2021-22,0.5674812314542009,481589522,0.14609274036489522,0.43251876854579907,0.4213884910893057,2021
33_19,2022-23,0.5555592458399237,568218782,0.1602513395975707,0.44444075416007633,0.39530790624235296,2022
33_20,2017-18,0.35863639467037317,275269854,0.30141221711840627,0.6413636053296269,0.057224177551966876,2017
33_20,2018-19,0.2472790325798667,284601809,0.23534509578609178,0.7527209674201333,0.011933936793774913,2018
33_20,2019-20,0.3698336983897436,577334518,0.2981175118304636,0.6301663016102564,0.07171618655928,2019
33_20,2020-21,0.3644257145093095,294435142,0.3211647236049018,0.6355742854906905,0.043260990904407735,2020
33_20,2021-22,0.4606664373794166,211789651,0.25418245766881215,0.5906483344813352,0.20648397971060445,2021
33_20,2022-23,0.5801089988513745,304135682,0.14001704673376666,0.41989100114862554,0.4400919521176078,2022
33_21,2017-18,0.5137705112503715,145716921,0.28609228608842685,0.5330105954452649,0.2527878831587445,2017
33_21,2018-19,0.6463492121780718,83220202,0.3395068423409979,0.46283776010974664,0.3068423698370739,2018
33_21,2019-20,0.5281599688189471,188304097,0.36345688750468347,0.47184003118105283,0.1647030813142637,2019
33_21,2020-21,0.25704425897307204,351336281,0.06633362467908631,0.742955741026928,0.19071063429398571,2020
33_21,2021-22,0.7064570558808512,290526462,0.22328262132624602,0.2935429441191488,0.48317443455460524,2021
33_21,2022-23,0.6440021272429288,344953550,0.17289244305501422,0.35599787275707123,0.4711096841879146,2022
33_22,2017-18,0.8928936322953822,436137944,0.5170783329046922,0.10710636770461779,0.37581529939069,2017
33_22,2018-19,0.8485219647721985,446760495,0.35548090705737084,0.15147803522780143,0.4930410577148277,2018
33_22,2019-20,0.9409172742994547,564516525,0.5947438615725199,0.059082725700545256,0.3461734127269348,2019
33_22,2020-21,0.8105312455036893,794366535,0.6739925958738934,0.1894687544963107,0.1365386496297959,2020
33_22,2021-22,0.6697692641791513,582194648,0.3187369407078438,0.3302307358208487,0.3510323234713075,2021
33_22,2022-23,0.7030442633737615,360317609,0.18395787867253527,0.29695573662623853,0.5190863847012261,2022
33_23,2017-18,0.7971523939594151,119584379,0.6483327809897311,0.20284760604058494,0.14881961296968393,2017
33_23,2018-19,0.761461997036906,124448296,0.6345241480847597,0.23853800296309402,0.12693784895214635,2018
33_23,2019-20,0.8344371395471615,201570406,0.7684430322574237,0.1655628604528385,0.06599410728973776,2019
33_23,2020-21,0.7776059586123234,170826888,0.7384721601906136,0.22239404138767663,0.03913379842170982,2020
33_23,2021-22,0.6661631083497245,172814145,0.24922702941938,0.3338368916502755,0.4169360789303445,2021
33_23,2022-23,0.5704042785615868,214764888,0.06944030813826513,0.4295957214384132,0.5009639704233217,2022
33_24,2017-18,0.9405488378948095,53506473,0.6561331373869476,0.11952972124854751,0.2844157005078619,2017
33_24,2018-19,0.8073366200450074,292741833,0.6165611151310924,0.19266337995499264,0.19077550491391507,2018
33_24,2019-20,0.6740250403240967,469288255,0.34332786998899,0.32597495967590323,0.3306971703351067,2019
33_24,2020-21,0.7122129336011269,229487238,0.1341881155064492,0.28778706639887314,0.5780248180946777,2020
33_24,2021-22,0.5596903843312648,313816676,0.2064277329863758,0.4403096156687352,0.353262651344889,2021
33_24,2022-23,0.7714385643623628,610036779,0.3422821364021398,0.22856143563763717,0.429156427960223,2022
33_25,2017-18,0.5873758925543332,93723426,0.06383754046720401,0.4126241074456668,0.5235383520871292,2017
33_25,2018-19,0.5963355396166702,200596629,0.26135403302315713,0.40366446038332976,0.3349815065935131,2018
33_25,2019-20,0.6074426499027502,87180105,0.21303514144654906,0.39255735009724985,0.3944075084562011,2019
33_25,2020-21,0.32051694191735774,345012455,0.08303027495050867,0.6794830580826423,0.23748666696684906,2020
33_25,2021-22,0.359590205050675,462596819,0.11474100733061893,0.6404097949493249,0.2448491977200561,2021
33_25,2022-23,0.4650196008701773,307664657,0.12503283729466527,0.5349803991298226,0.339986763575512,2022
33_26,2017-18,0.7838763036216814,413771597,0.27660296363938197,0.2161236963783186,0.5072733399822995,2017
33_26,2018-19,0.5555265385029358,262447208,0.33980911696343896,0.4444734614970642,0.2157174215394968,2018
33_26,2019-20,0.7950396643695691,352761815,0.5519100246153343,0.20496033563043098,0.24312963975423474,2019
33_26,2020-21,0.8454241403059594,241938690,0.4992177646328497,0.15457585969404067,0.3462063756731096,2020
33_26,2021-22,0.6430112699309459,384337315,0.2048738515020328,0.35698873006905407,0.43813741842891313,2021
33_26,2022-23,0.73906249211166275,275723504,0.23429684833832665,0.2609375078883373,0.5047656437733361,2022
33_27,2017-18,0.7056021081864451,394179178,0.19335512694178889,0.2943978918135549,0.5122469812446562,2017
33_27,2018-19,0.6648986374543866,711425651,0.2097324728034019,0.33510136254561335,0.45516616465098475,2018
33_27,2019-20,0.8788378534526848,972395747,0.45245370247387556,0.12116214654731516,0.4263841509788093,2019
33_27,2020-21,0.8567037278466029,809504178,0.3843407995356881,0.14329627215339708,0.4723629283109148,2020
33_27,2021-22,0.7749639570931093,655576285,0.2567830912309465,0.2250360429068907,0.5181808658621628,2021
33_27,2022-23,0.8269714179661148,810073702,0.085401597199362,0.1730285820338851,0.7415698207667529,2022
33_28,2017-18,0.6432054658965346,230116028,0.2846287569330025,0.3567945341034654,0.3585767089635321,2017
33_28,2018-19,0.7637481317590034,348990709,0.3469986990398647,0.23625186824099664,0.41674943271913867,2018
33_28,2019-20,0.8714681030628896,226763058,0.5320442715144545,0.12853189693711045,0.33942383154843503,2019
33_28,2020-21,0.8649036165091599,397344604,0.5555684833208405,0.1350963834908401,0.30933513318831934,2020
33_28,2021-22,0.6539137921356851,296809580,0.30784721975618173,0.3460862078643149,0.3460665723795034,2021
33_28,2022-23,0.6759095273247319,297439552,0.12083765510781834,0.32409047267526814,0.5550718722169135,2022
33_29,2017-18,0.4430232270364804,141058331,0.41055952235816545,0.5569767729635197,0.03432068906393725,2017
33_29,2018-19,0.6152815221532484,130552479,0.6152815221532484,0.38471847784675156,NA,2018
33_29,2019-20,0.43787509910458783,184305292,0.39625153031417026,0.5621249008954121,0.041623568790417585,2019
33_29,2020-21,0.3022880449667364,358500734,0.28363377632582476,0.741260972836361,0.01981861027399729,2020
33_29,2021-22,0.4698409418403676,326809012,0.3604054682555694,0.5301590581596324,0.1094354735847982,2021
33_29,2022-23,0.4928432907017914,178145562,0.016376147501221502,0.5071567092982087,0.4764671432005699,2022
33_30,2017-18,0.5420537767207734,317165081,0.5255864468888364,0.4579462232792266,0.02124732332792694,2017
33_30,2018-19,0.6271629820376259,237661012,0.5275118831859557,0.37283701796237406,0.0996510988516703,2018
33_30,2019-20,0.7646994682812132,217573091,0.7646994682812132,0.27182538768108316,NA,2019
33_30,2020-21,0.40353397023179977,388933893,0.3699082378505902,0.5964660297682002,0.033625732381209576,2020
33_30,2021-22,0.3169976684116627,856399463,0.23753692965592157,0.6830023315883373,0.07946073875574114,2021
33_30,2022-23,0.38200975147066374,525976458,0.04086656289091935,0.6179902485293363,0.3411431885797444,2022
33_31,2017-18,0.8647398969346256,935433074,0.6818706743738676,0.1352601030653744,0.182869222560758,2017
33_31,2018-19,0.9294546418900306,1091480532,0.6438277737417308,0.07054535810996948,0.2856268681482997,2018
33_31,2019-20,0.8189599187661641,884973106,0.5774759736032024,0.18104008123383583,0.24148394516296182,2019
33_31,2020-21,0.8674643642291916,1121395345,0.8075939988853797,0.13253563577080837,0.05987036534381191,2020
33_31,2021-22,0.8277859986839993,1256576796,0.6645970764846114,0.17221400131600076,0.1631889221993878,2021
33_31,2022-23,0.8156084806041335,1151090824,0.26034282677940973,0.18439151939586654,0.5552656538247237,2022
33_32,2017-18,0.8899156206726864,367671810,0.5819212003226465,0.11008437932731367,0.3079944203500399,2017
33_32,2018-19,0.7926161156064282,458661623,0.5479614085785416,0.20738388439357178,0.24465470702788666,2018
33_32,2019-20,0.8704935807333378,312959035,0.5703306344870344,0.12950641926666218,0.30016294624630346,2019
33_32,2020-21,0.8872809579217826,548036311,0.8652248938300733,0.11271904207821733,0.02205606409170943,2020
33_32,2021-22,0.6568419390904577,578523047,0.5184764073884855,0.3431580609095423,0.1383655317019721,2021
33_32,2022-23,0.6549773529268799,497835413,0.26539194792074783,0.34502264707312014,0.38958540500613204,2022
34_01,2017-18,0.1584949344757191,23081520,0.004505978698750162,0.841505065524281,0.15562393637854005,2017
34_01,2018-19,0.2267552617887977,24539801,0.053179179387393034,0.7732447382112023,0.20889835251720257,2018
34_01,2019-20,0.586929757744193,10647010,0.20597698320937052,0.413070242255807,0.38095277453482246,2019
34_01,2020-21,0.5557037067816933,37879463,0.21972629337432792,0.4442962932183067,0.33597741340736537,2020
34_01,2021-22,0.5064562054519459,36370977,0.0038055096516894033,0.4935437945480541,0.5032027047280033,2021
34_01,2022-23,0.6929870746987032,27661096,0.10432757255894705,0.3070129253012968,0.5886595021397562,2022
34_02,2017-18,0.8316935966784087,102375992,0.3835605617379512,0.16830640332159125,0.44813303494045753,2017
34_02,2018-19,0.9009357769742347,185146680,0.6549639561454734,0.0990642230257653,0.2459718208287613,2018
34_02,2019-20,0.8947010975344829,266653672,0.691735435767785,0.10529890246551714,0.2029656617666979,2019
34_02,2020-21,0.8102439879157649,212872059,0.5471256892385299,0.18975601208423507,0.263118298677235,2020
34_02,2021-22,0.8320321657244315,241215273,0.5771301927469576,0.16796783427556844,0.25490197297747397,2021
34_02,2022-23,0.8418009691551166,209131022,0.20728126121814677,0.15819903084488346,0.6345197079369698,2022
34_03,2018-19,1,3420052,1,NA,NA,2018
34_03,2019-20,1,1879836,0.391304347826087,NA,0.8043478260869565,2019
34_03,2020-21,1,2869095,0.49977013657616776,NA,0.5002298634238322,2020
34_03,2021-22,0.8844327836237005,8058133,0.32937927433066694,0.11556721637629958,0.5550535092930335,2021
34_03,2022-23,0.80582493074043,16711409,0.2842665750087261,0.19417506925956993,0.5215583557317041,2022
34_04,2017-18,0.9770916644962546,12036885,0.500191287031487,0.04758945339911354,0.47690037746476766,2017
34_04,2018-19,0.9402808303957145,35816707,0.6762712440314516,0.059719169604285506,0.2640095863642629,2018
34_04,2019-20,0.9780194771071479,60114266,0.7951396927977129,0.02198052289285209,0.18287978430943497,2019
34_04,2020-21,0.8068026272355399,37473610,0.572761071057739,0.1931973727644601,0.23404155617780087,2020
34_04,2021-22,0.822675306629172,36496609,0.49723666108267756,0.17732469337082796,0.3254386455464945,2021
34_04,2022-23,0.6443798700826511,44281076,0.13162853133921135,0.3556201299173489,0.5127513387434397,2022
35_01,2017-18,0.42049370326054764,4649311,0.007938595632772254,0.5795062967394523,0.41255510762777536,2017
35_01,2019-20,0.08377918408224784,2527191,0.08377918408224784,0.9162208159177522,NA,2019
35_01,2021-22,0.24927947930747293,1063814,NA,0.750720520692527,0.24927947930747293,2021
35_01,2022-23,0.8761207731096012,9024128,0.007470971156437497,0.12387922689039872,0.8686498019531638,2022
35_02,2017-18,0.3074750429530934,14484987,0.046985889597277515,0.6925249570469065,0.2604891533558159,2017
35_02,2018-19,0.7497397525959213,9805093,0.2597584387713621,0.25026024740407865,0.4969465358462178,2018
35_02,2019-20,0.20762278123077266,9481946,0.01379526879626588,0.7923772187692273,0.19459254461056832,2019
35_02,2020-21,0.15462101365413838,14528782,0.04664307028627727,0.8453789863458616,0.10797794336786112,2020
35_02,2021-22,0.23442847420100324,22286448,0.03530549148074202,0.7655715257989968,0.1993896294517718,2021
35_02,2022-23,0.33659506431308645,23374092,0.060630847179004854,0.6634049356869135,0.2759642171340816,2022
35_03,2017-18,0.9303627757275487,21988599,0.19168415413824227,0.06963722427245138,0.7386786215893063,2017
35_03,2018-19,0.8971127905049034,54866888,0.2774793788195168,0.10288720949509657,0.6196334116853867,2018
35_03,2019-20,0.7637359384005414,39772947,0.25014492891361556,0.23626406159945854,0.5135910094869258,2019
35_03,2020-21,0.7036390029263632,46015819,0.16091746623047173,0.2963609970736368,0.5427215366958915,2020
35_03,2021-22,0.7533812337557941,63183298,0.19742506951758043,0.24661876624420587,0.5559561642382137,2021
35_03,2022-23,0.864503039620837,63125143,0.30489508752479183,0.13549696037916303,0.5596079520960452,2022
36_01,2017-18,0.389691079534288,728213359,0.006492844358819295,0.6103089204657121,0.3831982351754687,2017
36_01,2018-19,0.5685974375608361,687808017,0.036634222598774975,0.4314025624391639,0.5319632149620611,2018
36_01,2019-20,0.6649688816820843,252651349,0.13658223530799354,0.33503111831791565,0.5283866463740908,2019
36_01,2020-21,0.7414993867684702,145397775,0.050805002713969746,0.25850061323152984,0.7146925666503494,2020
36_01,2021-22,0.37028315737473805,342006879,0.044726968781233195,0.629716842625262,0.3255561885935049,2021
36_01,2022-23,0.2130583841061969,321072758,0.10321940316131747,0.7869416158938031,0.1934126563300646,2022
36_02,2017-18,0.4260063634485531,640045404,0.03730688612209768,0.5739936365514469,0.38869947732645543,2017
36_02,2018-19,0.661773654313444,562984000,0.05683720851747119,0.3382263456865559,0.6049364457959728,2018
36_02,2019-20,0.5880505532395403,216040596,0.056699098349089906,0.4119494467604598,0.5313514548904503,2019
36_02,2020-21,0.05613002337237053,202454432,NA,0.9539402220259369,0.05613002337237053,2020
36_02,2021-22,0.09133226803469163,109290793,0.03185423862740203,0.966454133536341,0.0594780294072896,2021
36_02,2022-23,0.25407803792251404,121733174,0.26105945228304317,0.796969860113052,0.23735653191791417,2022
36_03,2017-18,0.5208512812313101,950401454,0.18566663619603427,0.47914871876869,0.3351846450352758,2017
36_03,2018-19,0.47139326320694247,1086606897,0.11808334122878295,0.5286067367930576,0.3533099219781595,2018
36_03,2019-20,0.6994631788464599,296031926,0.3157894699506161,0.30053682115354,0.3836737088958439,2019
36_03,2020-21,0.48579116048107823,242917903,0.07050094204048847,0.5142088395189217,0.4152902184405898,2020
36_03,2021-22,0.5174839946300233,149650555,0.27763431917525483,0.48251600536997674,0.3842613480451175,2021
36_03,2022-23,0.33650531635435593,303996478,0.07958258647983416,0.6634946836456441,0.25692272987452175,2022
36_04,2017-18,0.3186988634226677,442855216,0.0606572577887397,0.6813011365773323,0.258041605633928,2017
36_04,2018-19,0.4516852084837567,289876300,0.2354571794934598,0.5483147915162433,0.2162280289902969,2018
36_04,2019-20,0.6256100233194578,189602178,0.1984353470876268,0.37438997668054214,0.42717467623183103,2019
36_04,2020-21,0.5274202796457179,109975866,0.006180734328600916,0.4996101977636765,0.5215739424138747,2020
36_04,2021-22,0.40153628009923786,422684249,0.04998809068725152,0.5993720768205346,0.3516239470754445,2021
36_04,2022-23,0.314198277110911,307194934,0.046093094100308304,0.685801722889089,0.26810518301060265,2022
36_05,2017-18,0.9155443022882893,1150898147,0.36556312050435513,0.08445569771171071,0.5499811817839342,2017
36_05,2018-19,0.9225910478736498,1606148108,0.3929768131943658,0.07740895212635023,0.529614234679284,2018
36_05,2019-20,0.7457158834701109,1128792183,0.2607088731052986,0.2542841165298892,0.4850070103648122,2019
36_05,2020-21,0.741461112399565,323117674,0.08916863210645667,0.25853888760043503,0.6522924802931084,2020
36_05,2021-22,0.6849735111779309,442460596,0.09802676530318645,0.315026488822069,0.5869467458747445,2021
36_05,2022-23,0.645443230936249,419514907,0.1189182033047517,0.35455676906375105,0.5265250276314972,2022
36_06,2017-18,0.5886153750959706,282370322,0.10006035620131495,0.4113846249040294,0.48855501889465563,2017
36_06,2018-19,0.47982889630651604,457963463,0.1971921829929913,0.520171103693484,0.28263671331352475,2018
36_06,2019-20,0.645986656438983,357981351,0.1935145833895688,0.35401334356101694,0.4524720730494142,2019
36_06,2020-21,0.4537050738861546,386748981,0.12072350359987115,0.6157176237383248,0.3329815702862835,2020
36_06,2021-22,0.6128054688278611,510363696,0.19372948502199105,0.38719453117213887,0.4190759838058701,2021
36_06,2022-23,0.49473693122510587,219338004,0.14576735639483615,0.5052630687748941,0.34896957483026975,2022
36_07,2017-18,0.3090131970516403,756677421,0.06518419293497063,0.6909868029483597,0.2438290041166697,2017
36_07,2018-19,0.32142274085885253,909706495,0.1158875786634897,0.6785772591411475,0.2055351621953628,2018
36_07,2019-20,0.5179376445917672,186529033,0.2135754008867885,0.4820623554082329,0.3043622437049786,2019
36_07,2020-21,0.3978879220811689,133277564,0.193894862904307,0.807767454944243,0.20399305917686192,2020
36_07,2021-22,0.0742817888198667,476137847,0.028268542576074612,0.9257182111801333,0.046013246243792084,2021
36_07,2022-23,0.43502067067558275,455026734,0.2382786524362764,0.5649793293244172,0.19674201823930634,2022
36_08,2017-18,0.579690809152774,664023343,0.0335386116087187,0.420309190847226,0.5461521975440553,2017
36_08,2018-19,0.5531498547316618,647271120,0.1630138156017219,0.4468501452683383,0.3901360391299399,2018
36_08,2019-20,0.7677080510136055,227283680,0.338669107258383,0.23229194898639444,0.42903894375522256,2019
36_08,2020-21,0.16569693811988018,186871196,0.03686161991492793,0.931507497780677,0.12883531820495225,2020
36_08,2021-22,0.49764311056063193,32581715,NA,0.5023568894393681,0.49764311056063193,2021
36_09,2017-18,0.4251027906348705,282244341,0.2696801279711043,0.5748972093651294,0.15542266266376623,2017
36_09,2018-19,0.484793342312021,646480522,0.39498297831160334,0.515206657687979,0.08981036400041763,2018
36_09,2019-20,0.5668163247629835,197174097,0.4811691618904688,0.43318367523701656,0.08564716287251464,2019
36_09,2020-21,0.308586873306028,404829229,0.21061607683470898,0.691413126693972,0.09797079647131902,2020
36_09,2021-22,0.49033405585481316,291920733,0.22317433684985985,0.5096659441451868,0.26715971900495333,2021
36_09,2022-23,0.385126236065071,242731861,0.03424192838038678,0.614873763934929,0.3508843076846842,2022
36_10,2017-18,0.5408398670963737,429509123,0.4131679666324573,0.45916013290362634,0.12767190046391633,2017
36_10,2018-19,0.7263025206020112,471664267,0.5596894983778791,0.27369747939798883,0.16661302222413216,2018
36_10,2019-20,0.5257263263066116,207372807,0.48586941885742985,0.47427367369338835,0.22139444252206125,2019
36_10,2020-21,0.35294500197153666,156104123,0.11875895808338131,0.6470549980284633,0.23418604388815534,2020
36_10,2021-22,0.17412838546085602,143263730,0.016244049159489852,0.8397060355137596,0.15815196211909321,2021
36_10,2022-23,0.08246723700942703,151395978,NA,0.9470628288538303,0.08246723700942703,2022
36_11,2019-20,0.25865253100575325,134680650,0.15514683809441074,0.74134746899424675,0.1035056929113425,2019
36_11,2020-21,0.7007447929447461,80703772,0.4552063935747638,0.2992552070552539,0.24553839936998237,2020
36_11,2021-22,0.32967852027088446,88392665,0.2375204548929484,0.72719168329807,0.09997677341140412,2021
36_11,2022-23,0.3118573869457708,51983460,1,0.7616205844991707,0.23837941550082925,2022
36_12,2019-20,0.8507597445860521,180924027,0.639879185311302,0.14924025541394786,0.21088055927475016,2019
36_12,2020-21,0.6193561877587425,242646427,0.27549801093918436,0.38064381224125754,0.3438581768195581,2020
36_12,2021-22,0.6605087076085201,217778107,0.1441396218950512,0.3394912923914799,0.5163690857134688,2021
36_12,2022-23,0.7304913080508934,187473256,0.20507613629967572,0.2695086919491066,0.5254151717512177,2022
36_13,2019-20,0.29378521589301254,178769959,0.19155818008550307,0.7644532279102682,0.10222703580750947,2019
36_13,2020-21,0.5980622203991439,254641343,0.3217443367002663,0.4019377796008561,0.2763178836988776,2020
36_13,2021-22,0.285222625145843,221762460,0.16033890497066094,0.714777374854157,0.12488372017518204,2021
36_13,2022-23,0.3704957013163599,363048582,0.1331215721426506,0.6295042986836401,0.23737412917370931,2022
36_14,2019-20,0.5003195962624867,190418372,0.2768184889218568,0.4996804037375133,0.22350110734062992,2019
36_14,2020-21,0.5096879138774644,362185249,0.17037973294158096,0.64522745220991,0.33930818093588344,2020
36_14,2021-22,0.315282643189281,302178677,0.06952980007917633,0.684717356810719,0.2457528431101047,2021
36_14,2022-23,0.3229707866359694,234349149,0.057525709214331304,0.6770292133640307,0.2654450774216381,2022
36_15,2019-20,0.490145576592856,239813828,0.025747051583697667,0.5098544234071439,0.46439852500915835,2019
36_15,2020-21,0.4680739796723174,422208088,0.04769009777946272,0.5319260203276825,0.4203838818928547,2020
36_15,2021-22,0.46035831104213043,166356358,0.13188999364845436,0.5396416889578696,0.32846831739367605,2021
36_15,2022-23,0.6055900548700818,216138916,0.08133184123122002,0.3944099451299182,0.5242582136388618,2022
36_16,2019-20,0.19225822862289943,341642251,0.11393877626687339,0.8204873400513133,0.07831945235602607,2019
36_16,2020-21,0.4108667114914117,621635810,0.2845852252301874,0.5891332885085884,0.12628148626122424,2020
36_16,2021-22,0.19783553182863287,539642955,0.05408930614131709,0.8021644681713671,0.1437462256873158,2021
36_16,2022-23,0.3441651088287823,427980990,0.11355660446507215,0.6558348911712176,0.23060850436371017,2022
36_17,2019-20,0.25035778452490526,171257407,0.1098714930327072,0.8354075474725072,0.14048629149219805,2019
36_17,2020-21,0.15105342948863185,357812558,0.04369526069009574,0.8703291804202301,0.10735816879853613,2020
36_17,2021-22,0.1597610236383528,442195702,0.7894389174309753,0.9641222923695275,0.058323361994142585,2021
36_17,2022-23,0.24803852902718876,142234580,0.06415950326566155,0.7519614709728113,0.18387902576152718,2022
36_18,2019-20,0.2564158767616293,526739583,0.054093532970731766,0.7435841232383708,0.20232234379089753,2019
36_18,2020-21,0.4528654518268206,394612619,0.1510565834185855,0.5471345481731795,0.301808868408235,2020
36_18,2021-22,0.30593032701168715,213766947,0.15080554993377907,0.6940696729883128,0.15512477707790814,2021
36_18,2022-23,0.5502655790823818,463752073,0.08780412287235209,0.44973442091761817,0.4624614562100297,2022
36_19,2019-20,0.42294140776849054,66624037,0.34900848172859894,0.6990448901102697,0.08956184840646526,2019
36_19,2020-21,0.41019834583568,136181634,0.19636585503152357,0.58980165416432,0.21383249080415645,2020
36_19,2021-22,0.30530590369982835,262169647,0.053245610846781206,0.6946940963001716,0.25206029285304715,2021
36_19,2022-23,0.1843724525431956,86360640,NA,0.883956122628372,0.1843724525431956,2022
36_20,2019-20,0.2950740915972795,120504758,0.11959676314191676,0.7399974294721213,0.17547732845536274,2019
36_20,2020-21,0.5532647690865177,169608611,0.11917590080376285,0.5608793161782852,0.43408886828275484,2020
36_20,2021-22,0.5708991082856377,576812847,0.070384886902493,0.4291008917143623,0.5005142213831447,2021
36_20,2022-23,0.6270695620537107,163351287,0.039968671933389786,0.3729304379462893,0.5871008901203209,2022
36_21,2019-20,0.9949899569991736,100197144,0.12212003767293006,0.008726163851530057,0.8728699193262435,2019
36_21,2020-21,0.866909519253295,118816935,0.22937032502984528,0.13309048074670501,0.6375391942234497,2020
36_21,2021-22,0.9490192052287006,170902573,0.35580490645977575,0.05098079477129932,0.593214298768925,2021
36_21,2022-23,0.9752632588480998,152133823,0.5698056900864182,0.024736741151900193,0.4054575687616816,2022
36_22,2019-20,0.8065300139314089,11302518,0.7165555498341166,0.1934699860685911,0.0899744640972923,2019
36_22,2020-21,0.7874015855206998,20571160,0.7874015855206998,0.21259841447930014,NA,2020
36_22,2021-22,1,7294995,1,NA,NA,2021
36_22,2022-23,0.9336978503301957,21526934,0.29550752559560967,0.10521315534126224,0.638190324734586,2022
36_23,2019-20,0.8966202918651592,1239098565,0.446891842700181,0.10337970813484075,0.44972844916497823,2019
36_23,2020-21,0.8460915071593048,2484624610,0.33202886531820996,0.15390849284069516,0.5140626418410948,2020
36_23,2021-22,0.8782541884318905,2900265557,0.36061562965352967,0.12174581156810946,0.5176385587783608,2021
36_23,2022-23,0.927208597350106,2648181186,0.3723017802604387,0.07279140264989406,0.5549068170896673,2022
36_24,2019-20,0.31270401820536364,129277066,0.23887863451356484,0.6872959817946364,0.07382538369179882,2019
36_24,2020-21,0.3530550246458561,224444425,0.08007393366977149,0.6469449753541439,0.27298109097608464,2020
36_24,2021-22,0.3824005427920653,201143692,0.08039113152999101,0.6175994572079347,0.30200941126207426,2021
36_24,2022-23,0.3776349008087583,170826070,0.11240764948816068,0.6223650991912417,0.2652272513205976,2022
36_25,2019-20,0.4593242354112856,429075487,0.2848663783023335,0.5406757645887145,0.174457857108952,2019
36_25,2020-21,0.6141351689699507,290962889,0.33462814565331045,0.3858648310300493,0.27950702331664024,2020
36_25,2021-22,0.21329205990172373,323089200,0.10910373358193341,0.7867079400982763,0.10418832631979033,2021
36_25,2022-23,0.2726011976184253,363985048,0.09819553082301337,0.7273988023815747,0.1744056667954119,2022
36_26,2019-20,0.4432045725034771,73506516,0.12621579017566278,0.5567954274965229,0.3169887823278143,2019
36_26,2020-21,0.3641936160751082,158387985,0.13137872800136954,0.6358063839248917,0.23281488807373868,2020
36_26,2021-22,0.4237205338134365,133486861,0.07144701679665687,0.5762794661865634,0.35227351701677967,2021
36_26,2022-23,0.5542976368009969,164178683,0.1748797724606238,0.44570236319900314,0.5142526938165292,2022
36_27,2019-20,0.4654222855616967,54765216,0.17907355647058892,0.5345777144383034,0.28634872909110776,2019
36_27,2020-21,0.33403960905295316,113308440,0.059456894826193,0.6701870814701985,0.2745827142267601,2020
36_27,2021-22,0.640722186920162,218454358,0.15776795352372874,0.3592778130798379,0.48295423339643334,2021
36_27,2022-23,0.3625800483759339,232698350,0.03236096861022005,0.6374199516240661,0.33021907976571385,2022
36_28,2019-20,0.4661354747332803,81047541,0.3241638632811821,0.5338645252667197,0.14197161145209822,2019
36_28,2020-21,0.4104482686126489,224607740,0.16917355118750582,0.5895517313873512,0.24127471742514306,2020
36_28,2021-22,0.3098268426354602,343284504,0.079931225209047,0.6901731573645399,0.22989561742641318,2021
36_28,2022-23,0.35840713522391904,288043434,0.010163477637195507,0.7719549058959443,0.34824365758672354,2022
36_29,2019-20,0.2965239369456596,395386326,0.13095365872617457,0.7034760630543404,0.165570278219485,2019
36_29,2020-21,0.4851860204939694,602859785,0.10908891360202438,0.5148139795060306,0.37609710689194503,2020
36_29,2021-22,0.481727592784708,287019791,0.1318763485546542,0.518272407215292,0.3498512442300538,2021
36_29,2022-23,0.5090047290553396,646745445,0.07614857496213212,0.49099527094466044,0.43285615409320743,2022
36_30,2019-20,0.4643336256355773,138257577,0.15188900413489395,0.5356663743644228,0.3237266699676069,2019
36_30,2020-21,0.4758889917028102,264430252,0.05331797286189479,0.5241110082971898,0.42257101884091536,2020
36_30,2021-22,0.46860973654050025,324522555,0.050563030973301684,0.5313902634594998,0.4180467055671986,2021
36_30,2022-23,0.41998944540204447,544934068,0.03298120645303461,0.5800105545979555,0.3870082389490099,2022
36_31,2019-20,0.26867492765328316,229178679,0.2074847241789015,0.8166773525658013,0.061190203474381664,2019
36_31,2020-21,0.4724479484545587,259778550,0.3113828027756718,0.5275520515454413,0.16106514567888688,2020
36_31,2021-22,0.6390331599573096,152348055,0.3211281824372487,0.3609668400426904,0.3179049775200609,2021
36_31,2022-23,0.3548486023110059,148305203,0.07593708630707986,0.6451513976889941,0.27891151600392605,2022
36_32,2021-22,0.5282317008308675,102600478,NA,0.47176829916913254,0.5282317008308675,2021
36_32,2022-23,0.21165248466312023,48533340,NA,0.7883475153368797,0.21165248466312023,2022
36_33,2021-22,0.19053679270299703,138492475,0.13094159086982884,0.8094632072970029,0.059595201833168195,2021
36_33,2022-23,0.1027546377420258,74565812,NA,0.8972453622579742,0.1027546377420258,2022
37_01,2021-22,0.6946346534266002,9071455,0.04201542089995486,0.30536534657339975,0.6526192325266454,2021
37_01,2022-23,0.4309500045299543,19900863,0.11928512848915145,0.5690499954700456,0.31166487604080284,2022
37_02,2021-22,0.6366536883207049,25076385,0.21772667790831893,0.3633463116792951,0.418927010412386,2021
37_02,2022-23,0.28366304253370217,25466229,0.05310472155103922,0.7163369574662978,0.23055832098266296,2022
