pc11_dist_key,year,instrument_z,import_penetration,round,nonagri_share,total_emp_wtd,share_high,share_low,share_middle,ln_wage,mean_wage_wtd,n_obs_total,ec05_emp_all,dist_port_km,dist_sez_km,any_corridor,pc11_state_id
01_001,2017,0.2510634911141778,0.03214986262454286,2017-18,0.5725288011441839,45752783,0.077048755700828,0.427471198855816,0.4954800454433559,9.116099279595328,9100.633264555776,22.0,25709.0,1318.002257254863,720.5152395484214,0.0,01
01_002,2017,0.5468217193485961,0.04368654134036331,2017-18,0.6623944935117182,69480798,,0.3376055064882818,0.6623944935117182,8.845005440456646,6939.641814716813,18.0,50539.0,1263.1006716993331,640.8128623824553,0.0,01
01_003,2017,0.6825878202352842,0.14314452515041984,2017-18,0.4365804626707246,27114791,0.0487421791302024,0.5634195373292754,0.3878382835405222,,,,13289.0,,,,01
01_004,2017,0.6222266147511301,0.07925687009328229,2017-18,0.7402203718844491,94827251,0.0370701244940655,0.2597796281155509,0.7031502473903836,9.45530892020506,12775.811303836752,8.0,8520.605527797103,1340.2330500797034,601.5695327154986,0.0,01
01_005,2017,0.44830905036633967,0.06071841120489703,2017-18,0.5235639997983661,55089947,0.040314560476887,0.4764360002016339,0.4832494393214791,,,,17067.0,1229.0339315122046,641.2138692594557,0.0,01
01_006,2017,0.35379256532305997,0.06135636857959143,2017-18,0.5056088147949831,65312194,0.0454790061416637,0.494391185205017,0.4621196617587215,,,,24300.0,1194.6326026262507,594.4726637333914,0.0,01
01_007,2017,0.7637365854047452,0.10512128247083564,2017-18,0.3333177581672969,20459921,0.1651930736198101,0.6666822418327031,0.2099098525355987,8.759544531191297,6371.209030044634,8.0,33078.0,1165.1306771261966,472.872576623659,0.0,01
01_008,2017,0.3130929191921955,0.027316365258303124,2017-18,0.6553403482223766,4546520,0.2428677318036652,0.3446596517776233,0.4124726164187114,,,,46719.0,1285.1191578842765,675.8370374117372,0.0,01
01_009,2017,0.37789631628930315,0.019024258450850984,2017-18,0.4621632752228678,20583613,0.0125724923384716,0.5378367247771322,0.4504800493479934,8.945514431344206,7673.395009812167,2.0,17413.0,1332.0219947236108,697.7862933357843,0.0,01
01_010,2017,0.6014218905047993,0.06618426302081368,2017-18,0.6951596147026866,291920852,0.3100592108439037,0.3048403852973134,0.3851004038587829,9.728190651547962,16784.156442914136,59.0,94972.98626226584,1300.8844736171752,661.0268621506079,0.0,01
01_011,2017,0.26712328491135134,0.029750872670080766,2017-18,0.4709710057280727,107711620,0.3071137543006038,0.5290289942719272,0.163857251427469,9.704868012739668,16397.235175491754,6.0,9319.0,1322.811224777645,664.5189965017952,0.0,01
01_012,2017,0.7132545095244549,0.08693537959224307,2017-18,0.5862990282945233,89913973,0.0646479385356489,0.4137009717054767,0.5216510897588743,8.81886375482575,6760.578584690854,8.0,33031.0,1280.131602638251,631.9384384153428,0.0,01
01_013,2017,0.45245501543743105,0.054620453436902534,2017-18,0.2450301759247477,39112803,0.0273505327654476,0.7549698240752523,0.2176796431593,,,,11735.0,1251.8878518468075,618.9135758408435,0.0,01
01_014,2017,0.2401535176135653,0.01703814735033469,2017-18,0.6658100247303309,42531578,0.0443796913439696,0.334189975269669,0.6230024900557416,9.159047077588632,9500.0,2.0,40940.0,1279.6818940443893,609.6621872399876,0.0,01
01_015,2017,0.34077445116209015,0.023192984764090676,2017-18,0.8810586939156054,29772609,0.0058738187510796,0.1189413060843945,0.8758140074321333,8.760742669384705,6378.84719379583,5.0,32180.0,1238.7455306823542,602.9676389839384,0.0,01
01_016,2017,0.5869445824547543,0.07983897927680873,2017-18,0.3595477607136885,47192804,0.0943787107881956,0.6776434197415243,0.2805674658915389,,,,13054.0,1219.9006581720805,526.3894078365239,0.0,01
01_017,2017,0.5861045880938451,0.07623064509048241,2017-18,0.3636572425408709,42722548,0.0328686856411279,0.636342757459129,0.3307885568997429,,,,7288.0,1223.641615316836,564.2840331741197,0.0,01
01_018,2017,0.5008555342480676,0.06450084559646838,2017-18,0.935246200099728,156038503,0.0795342672571012,0.064753799900272,0.8557119328426267,9.371967226297905,11754.215560055434,147.0,6465.0,1277.3327910171195,562.4565166825015,0.0,01
01_019,2017,0.7902271738798295,0.1180605210318466,2017-18,0.3879789654648324,29864601,0.1761865494201647,0.6120210345351675,0.2117924160446677,,,,24822.0,1186.2907382504748,515.5929496790396,0.0,01
01_020,2017,0.6696695394896702,0.1410453280210115,2017-18,0.2598980634266169,25100314,0.0664229140719116,0.7401019365733831,0.1934751493547052,,,,12116.0,1198.5696969180742,566.3384967794141,0.0,01
01_021,2017,0.5177857258671256,0.07634248992746416,2017-18,0.469833909864586,62440674,0.1154929557614961,0.5301660901354139,0.3543409541030899,9.67220252074456,15870.26514586149,13.0,99204.0,1152.273855215733,524.2028048219834,0.0,01
01_022,2017,1.0280765826543887,0.1882576192442341,2017-18,0.5881834649887506,56433176,0.1480524151254574,0.4118165350112494,0.4401310498632931,9.305656613256303,11000.06667643583,13.0,18197.0,1145.8719177543987,492.12678453998825,0.0,01
02_023,2017,0.2671800130619845,0.03819074435194388,2017-18,0.2009782254755353,240251768,0.0141934314506272,0.7990217745244647,0.186784794024908,8.88261061328144,7205.577178545614,7.0,29008.0,1210.2820923480904,463.89688943886586,0.0,02
02_024,2017,0.44119698952777964,0.05901538197764253,2017-18,0.1918635177715647,221798899,0.0767426397369087,0.8081364822284353,0.115120878034656,10.03999124236774,22925.182145421033,9.0,100773.0,1155.1338067900313,403.9690560324081,0.0,02
02_025,2017,0.20483264341441337,0.025970083133711203,2017-18,0.2785382599450733,96289788,0.1329759704113171,0.7214617400549267,0.1455622895337561,,,,4562.0,,,,02
02_026,2017,0.2851851177928324,0.03573725175063573,2017-18,0.3179621866379758,124929066,0.1164757047010981,0.6820378133620242,0.2014864819368776,9.31255783153936,11076.24309039205,13.0,33011.0,1194.228285915483,368.4421614695813,0.0,02
02_027,2017,0.49008334351283434,0.06452376270370618,2017-18,0.3754585097325276,72558438,0.2153749643838804,0.6550657749382125,0.1679075823189222,,,,68054.0,1147.9695333430807,341.3324465577584,0.0,02
02_028,2017,0.4972056043008599,0.06633717124599466,2017-18,0.1636363073543185,4522676,0.0818181536771592,0.8363636926456814,0.0818181536771592,,,,36087.0,1125.2674428758999,352.2382660071437,0.0,02
02_029,2017,0.6916953475279279,0.09733927720376205,2017-18,0.0399919230485623,30689797,0.0280191817495567,0.9600080769514376,0.0119727412990056,,,,35594.0,1100.8461520685823,351.3369243851619,0.0,02
02_030,2017,0.48551689968918316,0.06145123770828683,2017-18,0.1852063528487706,110932658,0.0234510457688589,0.8294713111120211,0.1621702781159358,8.699514748210191,6000.0,2.0,31970.0,1106.616214294765,317.53362130041984,0.0,02
02_031,2017,2.2246759592503107,0.4096679750581185,2017-18,0.2484664341857146,160241085,0.0586010447944732,0.7515335658142854,0.1898653893912413,9.969044008051627,21355.060323177957,7.0,83294.0,1091.2290705902424,277.7847036334681,0.0,02
02_032,2017,1.2559276832991475,0.18767942244239713,2017-18,0.310798235982869,117217229,0.1837849792542016,0.7256700339565085,0.1270132567286674,9.187236110402257,9771.605981600502,2.0,39785.0,1091.2137981175215,232.8999924399477,0.0,02
02_033,2017,0.18634362250722045,0.02609085135986101,2017-18,0.296472311727932,101697733,0.0687676194315953,0.7783464167968903,0.2277046922963366,10.007162774399363,22184.802789234825,11.0,70561.0,1147.4216563380933,291.7719943394529,0.0,02
02_034,2017,0.37976686230051454,0.03847987697152173,2017-18,0.1737941511552163,384824642,0.0764774439782367,0.8262058488447837,0.0973167071769795,9.425451751593128,12400.0,5.0,9779.0,1228.7959295737614,348.50504804964356,0.0,02
03_035,2017,0.6553895534462167,0.0895357686739786,2017-18,0.7152841121094622,546932425,0.1758269735059134,0.2847158878905378,0.5394571386035487,9.627579416354228,15177.6528283236,63.0,138217.0,1103.395078075214,426.4078038627572,1.0,03
03_036,2017,2.1278467038710858,0.3098399498249511,2017-18,0.4481351184497604,182206827,0.0115343208298117,0.5518648815502396,0.4366007976199487,9.74932790399492,17142.703394164604,17.0,82876.0,1039.9032627420806,361.5340237021696,1.0,03
03_037,2017,2.3257611556745443,0.30600769591719884,2017-18,0.6701271054554386,179035195,0.4247637510602314,0.3298728945445615,0.245363354395207,8.870971241010878,7122.194982896237,7.0,259495.0,1034.4156365509295,340.2614216056361,1.0,03
03_038,2017,0.7842450441771783,0.09690589670680533,2017-18,0.4776994685800562,81031208,0.2600795362695321,0.5223005314199438,0.2399864941297641,9.814656251504235,18299.998401947498,4.0,137481.0,1087.4364368096783,367.92232845409507,1.0,03
03_039,2017,0.9860544423332501,0.2072549312712733,2017-18,0.4474908823153375,296639454,0.1564905388478769,0.5525091176846624,0.2910003434674607,9.88879722539474,19708.34098546211,46.0,52848.0,1055.0603392622754,304.849443049838,1.0,03
03_040,2017,1.1846689396402632,0.10450498855954168,2017-18,0.5341116864981091,83200621,0.2386380144927043,0.4658883135018908,0.2954736720054048,8.372568534154492,4326.735169438111,2.0,66533.0,1024.2247814254295,249.0504688053809,1.0,03
03_041,2017,1.6074090984852913,0.18143158827183586,2017-18,0.7337573064763707,73792410,0.1559410513899735,0.2662426935236293,0.5778162550863971,9.526918200610396,13724.230518914303,7.0,496130.0,1010.9883745679975,289.15931020586174,1.0,03
03_042,2017,0.8303217540864335,0.1276032164043601,2017-18,0.7445373994071695,107591291,0.0064033435568683,0.2554626005928305,0.7381340558503011,9.899583966359897,19922.080458243105,8.0,67556.0,973.4864994358509,323.337616880248,1.0,03
03_043,2017,0.4234015401404142,0.06713498434174855,2017-18,0.8672326146562712,101788741,0.7021440121751776,0.1327673853437287,0.1650886024810936,10.084278458133282,23963.292471654684,21.0,121108.0,918.1466817567224,361.20679169969026,1.0,03
03_044,2017,1.075173055403551,0.18539611693370853,2017-18,0.6975561452213118,249258346,0.5581987332933679,0.3024438547786881,0.139357411927944,9.79747176514018,17988.208972299297,24.0,46989.0,898.8100800772172,333.30677110325735,1.0,03
03_045,2017,0.7271439736404678,0.10329918056353238,2017-18,0.645539570647132,458194680,0.2484155621361644,0.3544604293528681,0.3971240085109674,8.962224989956743,7802.6990896615935,24.0,42997.0,940.0318185138631,336.9466501096963,1.0,03
03_046,2017,0.6594082018329398,0.08617273596815406,2017-18,0.8598898252733191,419225728,0.216406758795109,0.1401101747266808,0.6434830664782101,9.507273188352952,13457.248857372755,41.0,76081.0,912.3521327779342,287.8514377902318,1.0,03
03_047,2017,1.1758173997259536,0.16970342609606281,2017-18,0.6290961465617745,223457611,0.0309513019898883,0.3709038534382254,0.5981448445718862,9.640250556080046,15371.194595864732,47.0,37990.0,908.3991499097582,239.53739545025698,1.0,03
03_048,2017,0.7322925443609761,0.09705682039098705,2017-18,0.6515141894322385,288972133,0.276531934655443,0.3484858105677615,0.3749822547767953,10.023210472067031,22543.689749996516,23.0,157937.0,993.1944149247596,214.86801128780968,1.0,03
03_049,2017,0.9147960031515492,0.11475143302934744,2017-18,0.3102071428542639,163748154,0.0715554735650558,0.6897928571457361,0.2505737011239833,9.401657515787614,12108.43402686076,2.0,218677.0,1051.3620196873505,419.6228313303092,1.0,03
03_050,2017,0.4601328653034297,0.05397214379052529,2017-18,0.227565609316968,103416905,0.015964527269502,0.772434390683032,0.211601082047466,9.433483923290392,12500.0,2.0,50927.0,1013.0530018138962,390.5421151470247,1.0,03
03_051,2017,0.8774521760459225,0.12304496547333273,2017-18,0.2895339381356995,196878198,0.1627381260366879,0.7104660618643005,0.1267958120990115,9.802391573276992,18076.925564528996,6.0,52830.0,1068.5907552136866,288.9174810521986,1.0,03
03_052,2017,1.6431996749454496,0.23233848573067506,2017-18,0.5940456568595033,55370037,0.4638585486226061,0.4059543431404967,0.1301871082368971,,,,90074.0263425477,1050.061074045667,242.47137671839172,1.0,03
03_053,2017,1.0189169424576674,0.13440016722134351,2017-18,0.9196038374280266,173001603,0.7878532085046633,0.0803961625719733,0.1317506289233632,10.008308603383952,22210.237348332805,20.0,119822.0,959.3390986729692,233.96422272476244,1.0,03
03_054,2017,0.8345804302162699,0.10995411331958194,2017-18,0.8215743250460124,173907225,0.3014421166228143,0.1784256749539876,0.5201322084231981,8.946372213669294,7679.979936237992,7.0,51340.0,955.9881413128353,271.6641167526568,1.0,03
04_055,2017,0.7718999911907889,0.10249691818143195,2017-18,0.9540406470293658,169846016,0.6253244114951746,0.0459593529706343,0.3287162355341911,10.199537975353698,26890.759010293143,24.0,186187.84309056573,1056.843037289645,246.66397521762707,0.0,04
05_056,2017,0.1878676223901931,0.024510297515977116,2017-18,0.3332980737338679,361263321,0.0834932506198159,0.6667019262661321,0.249804823114052,10.091423969455091,24135.13567191694,15.0,18005.0,1191.6077428880349,290.35104937759127,0.0,05
05_057,2017,0.7444639757255945,0.09080081940546811,2017-18,0.3905651391533853,12888224,,0.6094348608466147,0.3905651391533853,,,,25321.0,1216.9376773560386,299.07062918538884,0.0,05
05_058,2017,0.3323301980910952,0.04377943570891192,2017-18,0.5025405074511323,21280591,,0.4974594925488677,0.5025405074511323,,,,11816.0,1189.5979410799662,269.852798924154,0.0,05
05_059,2017,0.3057434455012813,0.03683492383948227,2017-18,0.7343016576171225,170659977,0.1407758422468321,0.2656983423828775,0.5935258153702904,9.460211152576507,12838.59506413874,42.0,28321.78901098901,1146.2371070030686,234.7606911034044,0.0,05
05_060,2017,0.6127375737941992,0.0973148877315167,2017-18,0.7781305755337226,140234893,0.2444819920816711,0.2218694244662774,0.5336485834520515,9.838188691155912,18735.74903892661,14.0,104493.76383763837,1109.9979640919328,217.74207070034834,0.0,05
05_061,2017,0.40233038549836536,0.03724375466838675,2017-18,0.2982512439097096,36786834,0.0792058919775482,0.7017487560902903,0.2190453519321613,,,,36622.0,1123.1922046735494,198.41322445357054,0.0,05
05_062,2017,0.6518629696661811,0.07923549561260272,2017-18,0.5105430467411114,93735191,0.1621986880039536,0.6066105046747957,0.3483443587371577,9.051979789955514,8535.419545905957,7.0,28451.0,1135.2870910052952,331.038690072134,0.0,05
05_063,2017,0.5688956704953847,0.07209400090312937,2017-18,0.0709048235723297,36847338,,0.9515884794773812,0.0709048235723297,,,,10785.08888888889,1159.9002581989282,284.6973121795091,0.0,05
05_064,2017,0.6379884089228076,0.09421534178120465,2017-18,0.2408800294251365,36393374,0.055301083103754,0.7591199705748635,0.1855789463213825,,,,37341.0,1163.873092188296,238.2750065405873,0.0,05
05_065,2017,0.5417291726491191,0.05358540074554536,2017-18,0.473458257026654,40750583,0.2136057047331077,0.5419366051190494,0.2674500396231897,,,,15476.0,1094.9316635208818,270.2354363811043,0.0,05
05_066,2017,0.7256783837655824,0.09206638365902664,2017-18,0.174439789312965,158384117,0.0113102250019173,0.825560210687035,0.1631295643110477,,,,65199.0,1136.2567448068003,215.46400590427916,0.0,05
05_067,2017,0.9708355018226104,0.1272465716121376,2017-18,0.5582236033363785,335775929,0.0577829419094541,0.4417763966636214,0.5004406614269243,9.431893959846448,12480.141248478722,26.0,93688.0,1117.2764367384125,211.86229488269345,0.0,05
05_068,2017,1.9887110632942804,0.29980995342821726,2017-18,0.3013190980414492,109064524,0.0517747584135762,0.734730268294715,0.2520846558684839,,,,138165.0,1066.8415566098251,157.11037444187355,0.0,05
06_069,2017,1.9865386119706132,0.3485558818630895,2017-18,0.328198290490627,103202125,0.1467423175637129,0.671801709509373,0.181455972926914,9.068662046785956,8679.003932817808,3.0,25881.897819692953,1064.8093404535416,238.17175511145558,1.0,06
06_070,2017,0.7005678634151368,0.09381590959464993,2017-18,0.8054107369568132,21917458,0.452462233530914,0.1945892630431868,0.3529485034258991,9.428522103457148,12438.130870753715,9.0,88975.15917545625,1032.7797697488043,200.42253685474026,1.0,06
06_071,2017,2.628909987302357,0.3524422971330605,2017-18,0.3294815870542313,169302948,0.1696589536054623,0.6705184129457686,0.159822633448769,9.944309547056385,20833.333333333332,3.0,100708.16732380484,1048.234164657495,185.87987457632843,1.0,06
06_072,2017,0.6029836601642409,0.08161151322728075,2017-18,0.5270020458383531,326146491,0.0587549169737962,0.4729979541616469,0.4682471288645567,9.349712430585232,11495.517210629923,26.0,92140.0,999.6865243053666,174.65295847086213,1.0,06
06_073,2017,0.7253933480365086,0.09921013532467504,2017-18,0.5951108720547792,140024644,0.3888076516016709,0.4261201349223762,0.2063032204531082,,,,78263.0,957.6530932792492,167.7662457477414,1.0,06
06_074,2017,0.6327767510746374,0.10236582234395028,2017-18,0.4293882462469567,253362189,0.0711565331478881,0.5723793482936448,0.3582317130990686,,,,90057.0,977.0843131841033,134.74115957050233,1.0,06
06_075,2017,0.7971679163281961,0.07846373631439615,2017-18,0.4566640425111666,52471484,0.3722904044413914,0.5433359574888333,0.0843736380697752,9.882179589910328,19578.348963123477,5.0,119797.0,952.0718234997601,97.71913937035711,1.0,06
06_076,2017,1.4671805321539626,0.19981768097564573,2017-18,0.8838108751133686,338353990,0.5174900346232063,0.1161891248866313,0.3663208404901624,9.734744562667409,16894.519572484638,12.0,119254.0,928.1970917811869,75.54565523464879,1.0,06
06_077,2017,0.7630292976053792,0.10349463750638933,2017-18,0.4026239120605051,133605316,0.2410954441363695,0.5973760879394948,0.1615284679241355,9.728141609478598,16783.333333333332,3.0,75382.0,919.156915250426,143.40377028750976,1.0,06
06_078,2017,1.2217026646989257,0.16261519636666977,2017-18,0.8008700157208256,180771676,0.5394015100020426,0.1991299842791743,0.261468505718783,10.253388023714823,28378.526350023858,13.0,62395.0,887.1046531679262,207.54431492159117,1.0,06
06_079,2017,0.844442237114853,0.12061108387272026,2017-18,0.4456058645987838,113545568,0.1055505574642948,0.5760058510316429,0.3400553071344889,9.210340371976184,10000.0,1.0,87232.0,853.0027560842256,266.0832835268279,1.0,06
06_080,2017,0.4936830702902094,0.06093560969344193,2017-18,0.7512943036052947,251980678,0.3666800396497068,0.2487056963947053,0.3846142639555879,10.24059459466931,28017.78019722166,5.0,105667.0,870.5490698711827,168.44056945674456,1.0,06
06_081,2017,1.0532777056539262,0.13651320714834145,2017-18,0.7192213760539178,185073373,0.3003239099122055,0.2807786239460821,0.4188974661417123,9.669965325182288,15834.799945191908,15.0,82612.0,839.8772325099314,138.36085408948264,1.0,06
06_082,2017,0.8153556112569237,0.1072420363774691,2017-18,0.8852188142895967,339848920,0.5804724493460212,0.1147811857104033,0.3047463649435755,9.741447623581433,17008.144959796686,16.0,78305.15320204683,892.9244079571947,92.57689810171485,1.0,06
06_083,2017,1.6852911864157811,0.25629869491325363,2017-18,0.7838418984239071,224638469,0.3675228840702257,0.2161581015760929,0.4163190143536813,9.65272867686032,15564.199885936,20.0,83882.0,877.9371880395923,71.7816989482941,1.0,06
06_084,2017,0.519822265725696,0.06385098475944033,2017-18,0.5685955128766886,210340063,0.1293052954919006,0.4314044871233113,0.4392902173847879,9.736899058986724,16930.95799184524,18.0,45962.0,810.1530016836425,126.63662184190821,1.0,06
06_085,2017,1.8654714213836046,0.272614253189036,2017-18,0.4599189799813942,153224107,0.1966997529964393,0.5400810200186058,0.2632192269849548,9.372011584636343,11754.736969091697,8.0,69589.0,843.4968590757062,87.98651661733973,1.0,06
06_086,2017,2.1759671735,0.2867258558200338,2017-18,0.284031971889351,99248936,0.216816863406979,0.715968028110649,0.067215108482372,8.675417196631132,5857.142857142857,4.0,141993.7881744579,881.9960450710128,47.05357494386657,1.0,06
06_087,2017,0.35819361668195776,0.048087896189100365,2017-18,0.2587658644405605,222149340,0.0238738048917903,0.7412341355594394,0.2348920595487702,9.942370438393322,20792.974379031475,4.0,37316.0,863.6282351684222,68.9078553994396,1.0,06
06_088,2017,3.26934728150083,0.48549730894787957,2017-18,0.7148807839591265,178760340,0.5140427792876205,0.2851192160408735,0.200838004671506,9.556183057793348,14131.802850285034,16.0,204649.0,910.5794518019031,22.377175293383694,1.0,06
06_089,2017,0.5334176129039543,0.07831408945533694,2017-18,0.5326616201855822,152756476,0.3862492153851467,0.4673383798144178,0.1464124048004354,9.491055151177871,13240.758960886431,12.0,49605.0,888.9328856726188,53.64189326424226,1.0,06
07_090,2017,1.5021476960454798,0.22665757738578723,2017-18,0.9041062513021044,2147475386,0.2591906732103518,0.0958937486978954,0.6449155780917528,10.31486726430908,32221.65703302286,119.0,7701442.080917814,921.162116577303,38.764171569456444,1.0,07
08_099,2017,0.7385781354120159,0.12451500307985039,2017-18,0.3990202775511763,868817287,0.0857686686429847,0.6009797224488237,0.3132516089081915,9.56454324342934,14250.44257956145,35.0,117882.10852090032,768.6176517476222,345.4675699398352,1.0,08
08_100,2017,0.6303601553990458,0.0858145748947327,2017-18,0.0648562605975286,117497323,,0.9351437394024712,0.0648562605975286,,,,91250.0,803.2258577949607,283.46732637144754,1.0,08
08_101,2017,0.8503912512230716,0.11810981828801638,2017-18,0.2924380370327476,94116700,,0.7075619629672524,0.2924380370327476,9.119461392658518,9131.282116119244,3.0,117807.4416172751,633.4713900758419,211.52633339013,1.0,08
08_102,2017,0.9172084006644157,0.12876384835806307,2017-18,0.4356936783163164,232822421,0.0879198571687389,0.5643063216836836,0.3477738211475775,9.680278599918358,15998.95361336094,5.0,91329.96387839496,729.1068006120845,188.4413314615973,1.0,08
08_103,2017,0.6938538915186379,0.08879102775268072,2017-18,0.4894188752906266,639482445,0.1179822786222067,0.5105811247093733,0.3714365966684199,8.805309732102705,6669.563750864538,14.0,94767.0,762.9952216477676,130.4068893807528,1.0,08
08_104,2017,1.445868676144477,0.19997539733023637,2017-18,0.3387290259370594,345213575,0.0243703944724653,0.6612709740629406,0.314358631464594,9.210340371976184,10000.0,4.0,185648.0357142857,803.9360743457227,108.6151331558119,1.0,08
08_105,2017,0.5608041393563745,0.07884135105875086,2017-18,0.5322028659359324,546946630,0.0438689365359102,0.4677971340640677,0.488333929400022,9.10899582737344,9036.2164128537,12.0,115812.0,836.5127482100032,140.94138005176825,1.0,08
08_106,2017,0.40245895287578526,0.05424788113334406,2017-18,0.5094955073108901,326334065,0.2361288791594588,0.4905044926891098,0.2733666281514312,9.414131547229182,12260.420987907748,10.0,39581.0,842.398111810306,188.6843042249142,1.0,08
08_107,2017,1.2660267015213875,0.17278249742923724,2017-18,0.4434877970673254,201149352,0.3592203319650763,0.5565122029326747,0.084267465102249,9.128786176844024,9216.827577814543,15.0,43766.0,770.263012531242,122.56983475322319,1.0,08
08_108,2017,0.49724584555523,0.060426086852957986,2017-18,0.7728192059289325,334849349,0.5900116771617196,0.2271807940710674,0.1828075287672128,10.12629594724774,24991.622488902525,13.0,56413.35743931089,711.82576048039,100.76146678592418,1.0,08
08_109,2017,0.5888402817929231,0.07752598518560072,2017-18,0.7143777801520228,1363436907,0.1399075036187208,0.2856222198479771,0.5744702765333021,9.69779312556156,16281.635994357763,65.0,73071.0,750.8454274198258,71.10760273005909,1.0,08
08_110,2017,1.0335227194934107,0.14114736204965964,2017-18,0.355617905365485,749820338,0.1333660104055486,0.644382094634515,0.2222518949599363,9.26453696360044,10556.921219850572,15.0,483693.58800970495,695.3904832055781,9.639812297754286,1.0,08
08_111,2017,0.6873152514660879,0.10326475982778377,2017-18,0.2685466847752092,156466117,0.2553431680035876,0.7314533152247908,0.1148610807867697,8.912896850430963,7427.145294052067,7.0,137014.0,709.9060146676604,92.58874021789806,1.0,08
08_112,2017,0.5480196773140144,0.07823177417366026,2017-18,0.4683439443546931,223342465,0.2196945439820412,0.5316560556453068,0.2866817110892179,,,,130496.0,590.6843793768988,144.863343797914,1.0,08
08_113,2017,1.636453089114742,0.2119497487240171,2017-18,0.4637548581951501,209482116,0.1756564698821354,0.5362451418048497,0.2880983883130147,9.197697004178126,9874.362237882284,12.0,180367.0,480.1761671959897,60.18191444814743,1.0,08
08_114,2017,0.533474254125048,0.07051710888277661,2017-18,0.1827990240830285,359439594,0.0299652519638668,0.8266167478618186,0.1528337721191617,,,,23363.0,447.8160523332288,226.478007599293,1.0,08
08_115,2017,0.7527285254436886,0.11269541027120954,2017-18,0.4924842324559212,154344582,0.0805789800901466,0.5368626823185523,0.4119052523657746,9.258701187516532,10495.492807042425,8.0,73146.3348051822,321.92070018857066,161.91981287768598,1.0,08
08_116,2017,0.9868439181346389,0.14782072533020685,2017-18,0.5894914825458362,76772999,0.4409683930674637,0.6708227520323132,0.1485230894783724,10.234588285261164,27850.001111374742,6.0,89693.0,301.95039832168857,147.6481785699451,1.0,08
08_117,2017,0.7147789068277716,0.09134563539884402,2017-18,0.1490581913590222,257544303,0.1430588352016468,0.874038948944817,0.0059993561573753,8.85366542803745,7000.0,1.0,64420.0,318.47401009030733,162.7260838773112,1.0,08
08_118,2017,0.7866682339161551,0.12961647028713238,2017-18,0.0568403268026807,260665426,0.0186109607033193,0.9431596731973192,0.0382293660993614,,,,119987.0,440.50448426867854,75.52906373532387,1.0,08
08_119,2017,0.6292583192652289,0.09037603659255933,2017-18,0.241161274268078,385003037,0.0106413004736895,0.7588387257319219,0.2305199737943885,9.59485736510648,14689.046590277843,6.0,199455.27730375426,572.2015367052002,123.73290593474538,1.0,08
08_120,2017,0.6998957060224177,0.09422147811976803,2017-18,0.1752635521725773,742223060,0.0830332716959777,0.8247364478274226,0.0922302804765995,9.698711615071282,16296.597376103977,11.0,72960.0,640.1276238181887,84.13433493429022,1.0,08
08_121,2017,0.6938053683550571,0.09849320245775577,2017-18,0.2615229449478912,228121089,0.2372683789879681,0.8124914455230531,0.0266854971627001,9.689071691751662,16140.25420583531,9.0,60594.0,614.8692195577302,156.8214982288024,1.0,08
08_122,2017,0.659576078915052,0.0942230750687789,2017-18,0.3106023153193344,238380422,0.0766132253931491,0.7741495780517672,0.2339890899261853,9.740968603978706,16999.99967598601,3.0,148761.0,523.4822060271559,186.84460546393936,1.0,08
08_123,2017,1.0610539604923648,0.144335662685164,2017-18,0.2709035255462397,270477831,0.1424502513109845,0.7290964744537604,0.1284532742352551,10.101901954252652,24389.352772198858,16.0,83762.0,437.9040631441492,140.20030633281928,1.0,08
08_124,2017,0.3086201645708645,0.03819061943002124,2017-18,0.3437376693162661,758245666,0.0452240079140788,0.6562623306837339,0.2985136614021872,9.531705861194611,13790.095019043558,31.0,42170.0,373.00251399772964,228.54035171157597,1.0,08
08_125,2017,0.47609263521068046,0.04089723258399515,2017-18,0.5029851725973558,252436660,0.0153382112385197,0.4970148274026442,0.490693423847392,9.003266287456205,8129.594200481501,8.0,67040.11611678732,419.06510414101643,170.54995868860811,1.0,08
08_126,2017,0.6738421841463759,0.0926249619640103,2017-18,0.1192172726730523,161261062,0.0794897220756241,0.8807827273269476,0.0397275505974281,,,,90715.0,496.5406668285611,231.11743680561835,1.0,08
08_127,2017,0.8543014788533472,0.12469345868010605,2017-18,0.4433934238624598,660183181,0.0766463906628969,0.5566065761375403,0.3667470331995628,9.052058164805125,8536.088534344835,8.0,126947.63283914982,632.6295567149957,197.32443403568965,1.0,08
08_128,2017,0.47324171988311114,0.06113664614545436,2017-18,0.3334147592411023,297784010,0.0210367541225601,0.6665852407588977,0.3123780051185421,9.247113123078153,10374.572330349523,17.0,36843.0,687.0795824955745,229.15810516944757,1.0,08
08_129,2017,0.6383469666116621,0.07811385698501164,2017-18,0.3545820852007996,295651028,0.0390808483845353,0.6454179147992004,0.3155012368162643,9.028018815182229,8333.333333333334,3.0,61417.57518056467,614.8908139245414,178.02264016513607,1.0,08
08_130,2017,0.7251146029142503,0.09879706763773391,2017-18,0.1467766781042892,244103467,0.030412525849131,0.8532233218957107,0.1163641522551582,,,,150802.0,380.5955249711168,210.08976542972403,1.0,08
08_131,2017,0.6224719307974258,0.08255278422130903,2017-18,0.1736392123598335,411976552,0.0540659071295882,0.8263607876401665,0.1195733052302452,9.08269345263349,8801.640932044205,10.0,27681.0,460.4695450541665,184.76866130697078,1.0,08
09_132,2017,0.7860408311143173,0.08663892601132225,2017-18,0.5626534939507829,404369763,0.0081081793460302,0.4373465060492171,0.5598129205323396,9.230124852951135,10199.814909202874,5.0,195180.0,1041.6165768661713,155.05460595319056,1.0,09
09_133,2017,0.7897801328079015,0.09541192682849901,2017-18,0.4828934041957132,488256816,0.2085231494238884,0.5171065958042868,0.2743702547718248,9.288109706060435,10808.73309281294,3.0,186703.0,1006.1258138542657,100.4605710476946,1.0,09
09_134,2017,0.829880944959814,0.1027830078358876,2017-18,0.5903422822901514,749633818,0.1000098303996205,0.4096577177098485,0.4903324518905309,8.908909862956145,7397.5923116244385,47.0,150832.0,1060.6855626005733,134.0738552265797,1.0,09
09_135,2017,1.6438741796575644,0.268569792446592,2017-18,0.2805709105351375,102995542,0.2192053710441176,0.7582764487761045,0.0646791241053272,9.9281801651265,20500.0,2.0,198460.0,1043.9305217869182,129.36278183922045,1.0,09
09_136,2017,0.7340386872730663,0.13965574101894335,2017-18,0.2596011752557071,441130553,0.0061212082945431,0.7403988247442929,0.253479966961164,8.907257997907715,7385.382574637561,6.0,86682.0,1076.6010024452996,167.29265815185227,1.0,09
09_137,2017,0.42109790732874963,0.05719205016490776,2017-18,0.1231209971525136,269728769,0.0781194126163086,0.8768790028474864,0.0450015845362049,8.951942094911168,7722.875864136189,11.0,62607.0,1016.927609509191,95.18852803562291,1.0,09
09_138,2017,1.199244930422144,0.15395056719221814,2017-18,0.2040663401086087,532668528,0.0568978901570271,0.7959336598913912,0.1490741686920162,10.317251463458987,30250.0,2.0,193107.0,991.6215559048018,66.89489231417801,1.0,09
09_139,2017,0.6416285429320091,0.08582404198833106,2017-18,0.6348627857458669,306216109,0.6026068504449581,0.3651372142541332,0.0322559353009086,9.899140407675484,19913.245805932536,7.0,66340.0,958.1444130407592,57.173869267611785,1.0,09
09_140,2017,1.2754147306142323,0.17947747686947854,2017-18,0.3809572119499428,296655678,0.1136858907517691,0.6190427880500572,0.2672713211981737,9.275755678163051,10676.023141735162,7.0,244280.0,964.6482475747904,37.617949034414046,1.0,09
09_141,2017,3.3598117774322693,0.6502809323154178,2017-18,0.2695742475157019,501648441,0.1941230252921288,0.8114807237137064,0.0754512222235731,8.491875383431948,4875.0,4.0,258178.0,929.5744955398716,21.256262352857174,1.0,09
09_142,2017,0.6139222178329322,0.07913940587854687,2017-18,0.1547376950888707,300907862,0.0551029570639799,0.8452623049111292,0.0996347380248908,,,,112981.0,962.9685380757252,62.92870451535103,1.0,09
09_143,2017,1.5107698138713623,0.20032287733537313,2017-18,0.5197815018805171,497254989,0.166961295183707,0.4802184981194829,0.35282020669681,9.905657163811,20043.439331689508,12.0,167076.0,941.8686811767196,93.85545716301334,1.0,09
09_144,2017,1.4719883067142856,0.20214270442446794,2017-18,0.1142479001660674,229960209,0.0504759238586359,0.8857520998339325,0.0637719763074315,,,,56901.0,928.5272065207964,128.19144317052664,1.0,09
09_145,2017,0.7420284516083843,0.10865289835104426,2017-18,0.2420770461265614,511673432,0.0962964928771208,0.7579229538734386,0.1457805532494405,9.138335446494574,9305.263125096792,5.0,85791.0,885.6062104522023,104.80412732953852,1.0,09
09_146,2017,0.5891472861624752,0.11206491984780166,2017-18,0.6156396873278532,644244785,0.2345368305930485,0.3843603126721468,0.3811028567348046,9.1880494700267,9779.557044470332,13.0,185006.0,892.8668919944917,176.20717607416856,1.0,09
09_147,2017,1.832691954865172,0.25095085953640694,2017-18,0.7113634981104534,1106500910,0.1969868908648254,0.2886365018895466,0.5143766072456281,9.278532628784292,10705.71113279546,34.0,105415.0,939.791452560217,184.77915695471236,1.0,09
09_148,2017,0.2745875303963438,0.04954778423915605,2017-18,0.0478357761076033,232647025,0.0234672246507343,0.9521642238923966,0.024368551456869,,,,39990.0,985.0546824310263,218.73788377891745,1.0,09
09_149,2017,0.5339187194417957,0.12423646001844277,2017-18,0.7063274095054831,690384287,0.1105537791592293,0.2936725904945169,0.5957736303462539,8.805125684968905,6668.336349725792,24.0,122626.0,1023.769295425067,156.77240908642452,1.0,09
09_150,2017,0.5516490774342802,0.05045700123322394,2017-18,0.5012018510687987,393852460,0.2839424489058669,0.4987981489312013,0.2172594021629317,9.14484724391452,9366.054830326391,22.0,185294.0,1081.922835917354,195.83737633960223,1.0,09
09_151,2017,0.42048804166224824,0.05111461519525471,2017-18,0.748264763846048,501133663,0.4869278298712094,0.251735236153952,0.2613369339748386,9.085001945337211,8821.982926555791,8.0,74952.0,1051.8806623185578,247.47078700265268,1.0,09
09_152,2017,0.44535557582941726,0.049744051197239146,2017-18,0.3341102912229801,280998498,0.1070297678245952,0.6658897087770199,0.2270805233983848,8.400659375160286,4450.0,2.0,87243.0,1025.9897737504648,244.45179108879836,1.0,09
09_153,2017,0.3773882175372136,0.037686495463288276,2017-18,0.2759296531258035,269928582,0.097161566980706,0.7240703468741965,0.1787680861450974,,,,79600.0,970.0284664643274,319.0934357364897,1.0,09
09_154,2017,0.4084235458753223,0.048146705295143026,2017-18,0.6004183283718629,252624032,0.1105312221443761,0.3995816716281371,0.4898871062274867,,,,126256.0,916.68241481317,352.9354355928114,1.0,09
09_155,2017,0.2968501031921525,0.03315540429704564,2017-18,0.8672439402896,573184570,0.7249611761181918,0.1327560597104,0.1422827641714081,9.455440511404564,12777.49259879026,29.0,92586.0,962.4763633318155,298.6205212298105,1.0,09
09_156,2017,0.4138303624851806,0.06574638808227502,2017-18,0.2111528090533792,360057469,0.0909095236682897,0.7888471909466208,0.1202432853850894,9.16384520883016,9545.691776705267,5.0,81609.0,890.3496478533604,372.1401650908529,1.0,09
09_157,2017,0.3964718109707649,0.04373246092804601,2017-18,0.3875328377216,473588734,0.1032849717240106,0.6124671622783999,0.2842478659975894,10.267027909947926,28768.258127117864,11.0,331071.0,873.1094304254434,387.48212610176245,1.0,09
09_158,2017,0.3112659907558344,0.04251600581194752,2017-18,0.471669947248857,300006201,0.3880841507388262,0.528330052751143,0.1133143877916043,8.226549795653046,3738.911464055549,3.0,75512.0,812.8989174859779,449.72804687020306,1.0,09
09_159,2017,0.6794434435955711,0.0834809305671379,2017-18,0.3031206703857579,821846457,0.0711844621360946,0.696879329614242,0.2319362082496633,8.503933589884914,4934.139598628355,31.0,51965.0,1027.0555944048367,233.61215954793857,1.0,09
09_160,2017,0.9516886590693648,0.23599533662137226,2017-18,0.2286717451743755,189570386,0.1078925481535918,0.7713282548256245,0.1207791970207836,8.92930284224307,7550.0,4.0,31484.0,986.0612753043162,277.53047444923163,1.0,09
09_161,2017,0.4793001447763966,0.06280334531025225,2017-18,0.1292339803167436,570745804,0.0127252881199095,0.8707660196832565,0.1168054334044653,8.294049640102028,4000.0,1.0,58038.0,969.4792111245739,254.46502699855964,1.0,09
09_162,2017,0.4141755341204102,0.04420558314527999,2017-18,0.4686098161701514,338091776,0.0610973335240192,0.5313901838298486,0.4075124826461321,8.879339901404695,7182.048310737747,14.0,42366.0,987.1526705833174,287.8006467676645,1.0,09
09_163,2017,0.42555667562529575,0.07775390053027062,2017-18,0.2464079392475102,499752753,0.1997807023586321,0.7535920607524897,0.0466272368888781,9.69567283463311,16247.150761541156,4.0,65689.0,944.060130259822,330.3308836050551,1.0,09
09_164,2017,1.0410508587509226,0.13881091956439418,2017-18,0.3359594622921438,68662787,0.2678616147637584,0.6640405377078562,0.0680978475283853,8.779557455883728,6500.0,1.0,340004.0,909.2605840868083,360.95575762598355,1.0,09
09_165,2017,0.5675546134176404,0.08248696571779222,2017-18,0.5171650377073521,283203922,0.2412929931104555,0.4828349622926479,0.2758720445968965,8.91805926522946,7465.586438020892,5.0,65109.0,958.4677844814913,329.31174084114286,1.0,09
09_166,2017,0.3572990956719795,0.04497277364524225,2017-18,0.1558627087784616,320662687,0.0796714336769715,0.8676417211662506,0.07619127510149,,,,66256.0,911.03037353057,346.1508333728669,1.0,09
09_167,2017,1.1724702555867674,0.15778010795142985,2017-18,0.3208709424486612,710422188,0.0401305990741381,0.6791290575513388,0.280740343374523,8.475005827629511,4793.450699645105,8.0,36078.0,842.1143899350931,342.41043246207107,1.0,09
09_168,2017,0.6239706750579116,0.11298990408260345,2017-18,0.7775421363733955,255688889,0.7249646933230642,0.2224578636266044,0.0525774430503313,9.811920359010635,18250.0,4.0,32690.0,896.3445029619643,389.5522094329866,1.0,09
09_169,2017,0.7701671800642824,0.10162546018037719,2017-18,0.2612691084777542,392099784,0.0583726437349937,0.7387308915222458,0.2028964647427605,9.152197288436785,9435.149363215294,9.0,30369.0,884.4479443295602,413.62232890671953,1.0,09
09_170,2017,0.48825732440565117,0.0638394706411429,2017-18,0.4809126821611874,493319207,0.3101186429175461,0.5190873178388127,0.1707940392436412,9.236640066019438,10266.4858283784,20.0,45280.0,826.3327626164322,455.0894281230441,1.0,09
09_171,2017,0.4237354003743276,0.058611548702457196,2017-18,0.5744109346211919,849619190,0.1128692220334618,0.4255890653788081,0.46154171258773,8.850939543185325,6980.944788989709,35.0,21483.0,768.7062559967131,484.5600293239424,1.0,09
09_172,2017,0.679116360892489,0.08735682634579232,2017-18,0.1515139330435334,460661555,0.0220214035443005,0.8697180547939833,0.1294925294992329,9.344864491440129,11439.92251149494,10.0,85774.0,833.5213737054088,440.9259212949399,1.0,09
09_173,2017,0.628458898423573,0.07898034123763965,2017-18,0.407379791349192,303178409,0.2656725763080312,0.7343414022038974,0.1417072150411608,8.645293194043553,5683.333333333333,8.0,76020.0,742.7524062445405,520.1944678122669,1.0,09
09_174,2017,0.5857274822749543,0.0777268694213662,2017-18,0.2242753548555628,336187135,0.0379031128951196,0.7757246451444372,0.1894938841130848,,,,25411.0,758.4614448494204,516.3411820553204,1.0,09
09_175,2017,0.40311227709566066,0.05252918284908051,2017-18,0.5305671052283265,527163805,0.0955097021503591,0.4694328947716735,0.4350574030779673,8.767320307320942,6420.943235573091,15.0,206005.0,703.3320531104346,510.07453049984565,1.0,09
09_176,2017,0.4050246611168019,0.04789215783044181,2017-18,0.4313348396291025,591105690,0.1393838147624665,0.5686651603708974,0.2919510248666359,8.666744900706897,5806.567599788927,21.0,90723.0,843.7163860962604,419.1629104332349,1.0,09
09_177,2017,0.6888598012897319,0.0962550651207062,2017-18,0.2531321551406566,629736048,0.0141687188280509,0.7468678448593433,0.2389634363126057,,,,76148.0,772.7644627643286,490.83934242247597,1.0,09
09_178,2017,0.24906105380010116,0.035715957833838095,2017-18,0.6605208339834876,312425850,0.1255625934921838,0.3394791660165124,0.5349582404913038,9.575672364099445,14409.92326847996,7.0,62722.0,703.5554229082979,561.7173621075456,1.0,09
09_179,2017,0.5729760291419937,0.06876680012456209,2017-18,0.2454791064600281,91335097,0.0409808728839473,0.8056152546905673,0.2044982335760808,9.643620126939272,15423.076285672756,4.0,104878.0,748.0344305824129,512.5938869597736,1.0,09
09_180,2017,0.4004612828776112,0.05238719112480213,2017-18,0.5776024554157545,123680236,0.5776024554157545,0.4223975445842454,,,,,64195.0,884.1046277278532,401.7867441847457,1.0,09
09_181,2017,0.3957596647822225,0.053523797783103455,2017-18,0.5452610973453628,228030143,0.1029252829964677,0.4547389026546372,0.4423358143488951,8.538259428814616,5106.448484848484,4.0,18304.0,845.9281039451735,444.52742814468036,1.0,09
09_182,2017,0.44571428674778,0.059093368483433925,2017-18,0.7091617948685467,274634909,0.6869307390197799,0.2908382051314532,0.0222310558487668,10.19984805035538,26899.098455298397,15.0,42991.0,797.393427967468,495.4563902399856,1.0,09
09_183,2017,0.3892090447998393,0.04685426487818523,2017-18,0.4326124283661118,316826827,0.0504908727315569,0.7168941015063331,0.3821215556345549,10.67669096259177,43333.91928292188,3.0,68081.0,796.8040135431934,475.77112206472896,1.0,09
09_184,2017,0.3661281971710168,0.04327933474004169,2017-18,0.8204058065881367,743436920,0.1522431842637032,0.1795941934118633,0.6681626223244334,8.902798547754417,7352.521155571817,21.0,42561.0,,,,09
09_185,2017,0.3784999908259647,0.04785608507129907,2017-18,0.3150657406754263,218005518,0.1018525365949682,0.7329655503592465,0.2132132040804581,10.126631103850338,25000.0,1.0,54056.0,732.313165416418,541.2255077656353,1.0,09
09_186,2017,0.47225431671686696,0.05305197370028912,2017-18,0.2383677372201826,197201507,0.020928803589826,0.7881085016166388,0.2181420297158277,9.680344001221918,16000.0,1.0,47632.0,699.682875683502,579.1617725023593,1.0,09
09_187,2017,0.38725481340335677,0.04976626624240642,2017-18,0.0708529619055462,430211288,0.0199406460018315,0.9529677174134924,0.0509123159037147,9.392661928770137,12000.0,1.0,43761.0,,,,09
09_188,2017,0.38323155358600464,0.05356557668201849,2017-18,0.074232520678735,152082078,,0.9257674793212648,0.074232520678735,,,,171208.0,666.0270854795533,614.0956245199884,1.0,09
09_189,2017,0.34152974126998187,0.0406490777918206,2017-18,0.6403642756908313,641120574,0.1591595015635857,0.3596357243091687,0.4812047741272455,9.254448023200167,10450.948545732468,16.0,60285.0,640.4467619022303,643.448150184961,1.0,09
09_190,2017,0.4154545193943114,0.06712583348586083,2017-18,0.1246744234700721,393354905,0.0169751308935629,0.8753255765299278,0.1076992925765092,,,,103829.0,614.2658022058437,616.6980543904881,1.0,09
09_191,2017,0.4418096587938208,0.05450207710855554,2017-18,0.3724644651060034,223911038,0.0939312067322022,0.6275355348939966,0.2785332583738011,9.274878907192022,10666.66681683486,4.0,130269.0,648.0932288038032,614.9399834342911,1.0,09
09_192,2017,0.24129902930390862,0.031004940316948414,2017-18,0.2396725866106648,581834727,0.1853786238510304,0.7603274133893352,0.0542939627596343,9.514536619629148,13555.35050560606,11.0,123740.0,608.6082726956816,610.3284173306974,1.0,09
09_193,2017,0.3464731922153791,0.040821833620153625,2017-18,0.8344982532771259,1097342932,0.7489636721877568,0.165501746722874,0.085534581089369,9.402652023769306,12120.481951031657,49.0,101417.0,555.4608192364648,557.4763448582066,1.0,09
09_194,2017,0.6280176120202372,0.0758398474665181,2017-18,0.5803024402892105,348099191,0.3510476127478273,0.4196975597107894,0.2292548275413831,9.453427235214804,12751.793855190926,12.0,143029.0,671.8327435510733,572.0278366152966,1.0,09
09_195,2017,0.5239708286273547,0.06799483085820004,2017-18,0.4429350022679276,489592344,0.0221800976528342,0.5570649977320724,0.4207549046150934,9.096960251375393,8928.112196687363,8.0,117964.0,582.5964283419589,583.7490333628247,1.0,09
09_196,2017,0.27893590605038193,0.0425490597881868,2017-18,0.2387071996302388,581079939,0.0828813761543401,0.8255614673781337,0.1558258234758987,,,,49179.0,580.7877012036481,535.2912223329962,1.0,09
09_197,2017,0.5223208533839887,0.06779762357084232,2017-18,0.1307010702658454,247653236,0.1170531646111823,0.8692989297341546,0.013647905654663,8.517193191416238,5000.0,2.0,254498.0,623.5352255142589,546.4336507263064,1.0,09
09_198,2017,0.7534263382957023,0.04518189258200507,2017-18,0.1991313368249607,427318218,0.06471674071686,0.8008686631750392,0.1394707023701011,9.719710387344524,16642.424174773652,6.0,58992.0,,,,09
09_199,2017,0.5806661435211844,0.0630195687550884,2017-18,0.1365842955498978,312334400,0.013019049454687,0.8634157044501022,0.1235652460952107,,,,69865.0,631.0713606395623,495.03280304962647,1.0,09
09_200,2017,2.095436803768926,0.31281064912718054,2017-18,0.3936258053781703,226320388,0.0543104097188097,0.6063741946218296,0.3393153956593606,,,,49102.0,567.7629596214728,454.85591391120437,1.0,09
09_201,2017,0.5480334292505779,0.07247512385640403,2017-18,0.4012788673087779,694148012,0.0659920380208479,0.5987211326912221,0.33528682928793,8.718755549172482,6116.562588541154,19.0,56745.0,971.5543092925888,169.58772650873885,1.0,09
09_202,2017,0.5358660737052556,0.06806985265141648,2017-18,0.3063340146099276,284650417,0.2143042425263687,0.6936659853900723,0.0920297720835589,9.05546880189823,8565.251738813617,3.0,47138.0,,,,09
10_203,2017,0.41195279350815933,0.044816653135875524,2017-18,0.351923384141789,86270286,,0.648076615858211,0.351923384141789,8.898613407099289,7321.814121814122,2.0,90546.0,631.4273499353968,635.0361621789013,1.0,10
10_204,2017,0.6062257174397957,0.08553947635430204,2017-18,0.5422745355316372,204403050,0.1063198707129462,0.4785842280687858,0.4405885430770235,,,,83654.69115555976,556.6036942388041,560.3934945463603,1.0,10
10_205,2017,0.2873302075409841,0.03346771273371477,2017-18,0.570456741001158,308294525,0.3838613124900612,0.4295432589988421,0.1865954285110966,9.405633447099094,12156.672161049411,26.0,9688.0,527.0589927149257,531.19239248167,1.0,10
10_206,2017,0.4574434514250213,0.061583811756871575,2017-18,0.3676373614061045,274712316,0.3112454739743084,0.6323626385938954,0.0563918874317961,8.870799657093054,7120.973033613987,8.0,47400.0,517.5167433975106,522.0074716810329,1.0,10
10_207,2017,0.6127793873771574,0.06500397357510126,2017-18,0.4600323889172789,252078201,0.0494407209769003,0.5399676110827211,0.4105916679403785,7.600902459542082,2000.0,2.0,71949.0,467.83921969943185,473.08539270126704,1.0,10
10_208,2017,1.2338072379852865,0.19393601849073616,2017-18,0.3437508204995185,140691734,0.2190848468752258,0.7346057574245328,0.1246659736242926,,,,31438.0,428.4485554872256,434.4176208433777,1.0,10
10_209,2017,0.6799437361055001,0.07097527737642223,2017-18,0.521786622652509,553927825,0.0627662710390112,0.4782133773474911,0.4590203516134976,9.726190465127674,16750.618553318094,5.0,46501.0,406.57672434483237,413.33181480508546,1.0,10
10_210,2017,0.7344400828362215,0.09501075781613187,2017-18,0.4307304068733341,587609558,0.1716685588698337,0.5692695931266659,0.2590618480035003,8.905851181208021,7375.0,4.0,26844.0,406.6759725834202,414.2354017552333,1.0,10
10_211,2017,0.7470978558493581,0.10783285529118498,2017-18,0.6621974357944093,782221990,0.0689436076835426,0.3378025642055908,0.5932538281108666,9.342632381945943,11414.415829288286,20.0,53763.0,364.99100718755227,371.65927868861485,1.0,10
10_212,2017,0.47069029535378015,0.05867778299105144,2017-18,0.1934514638758088,271660989,0.0966078754870468,0.8065485361241912,0.0968435883887619,,,,52390.91107677936,330.7653185928469,337.7116503532057,1.0,10
10_213,2017,0.524188380695593,0.07123419527473919,2017-18,0.548344807497096,486600893,0.0157664838030472,0.451655192502904,0.5330284052725731,,,,23692.54515050167,382.393379562679,388.22234594813733,1.0,10
10_214,2017,0.36901315223237097,0.06083110345957786,2017-18,0.5100866944760587,320775801,0.0625645635906307,0.4899133055239413,0.4475221308854279,9.125923042991417,9190.476308369944,13.0,34636.0,394.1890327579183,399.49953127233965,1.0,10
10_215,2017,0.5080185059126101,0.0620457147189516,2017-18,0.4132858542045738,270164744,0.2419529191482596,0.5867141457954262,0.2176040223812474,9.26646731353617,10577.319453579326,7.0,77768.53767729327,449.5575960557239,454.2712967408712,1.0,10
10_216,2017,0.6806312026155601,0.09036877738974089,2017-18,0.4587212868410636,200462487,,0.5412787131589363,0.4587212868410636,8.612503371220562,5500.0,2.0,87954.0,492.0976484430063,495.8878038331609,1.0,10
10_217,2017,0.5342247004532431,0.06892990267928416,2017-18,0.252560573554497,151654011,0.0814513283369644,0.747439426445503,0.177614583500861,,,,50198.0,577.6448861795963,580.6424498389194,1.0,10
10_218,2017,0.3965168242412923,0.05170775204340723,2017-18,0.3721204951511554,58510537,0.0532544932889609,0.6278795048488446,0.3188660018621945,,,,69497.0,555.1836300754221,557.8629290466973,1.0,10
10_219,2017,0.6163973344643847,0.08049032194808961,2017-18,0.4090905830647505,305469075,0.0873511818091696,0.5909094169352495,0.3250890814397497,9.35010231435134,11500.0,2.0,75241.0,,,,10
10_220,2017,0.6130089313884607,0.08383750905242017,2017-18,0.0546845938377084,25844866,,0.9586851895316302,0.0546845938377084,,,,82421.0,457.16977190745865,460.5378516344709,1.0,10
10_221,2017,0.30874212734349,0.03892751451298011,2017-18,0.2734303334266464,158548576,,0.7265696665733535,0.2734303334266464,,,,108490.55419222904,425.7098729313515,429.87627942209735,1.0,10
10_222,2017,0.5789350198716045,0.07533509620700327,2017-18,0.3493140413527621,340011677,0.0118420695753488,0.6506859586472379,0.3383567794349604,8.612503371220562,5500.0,2.0,46580.01922666127,387.77748044484366,391.9593817530954,1.0,10
10_223,2017,0.5145938540934657,0.06817924355441206,2017-18,0.3081413592363294,571591741,0.1007064148605324,0.6918586407636705,0.207434944375797,8.642356334370243,5666.666666666667,3.0,32882.0,364.3809846927255,369.4119518986174,1.0,10
10_224,2017,0.4723074520973764,0.06102614587607194,2017-18,0.1968494657424034,211801855,0.022900068557001,0.8031505342575965,0.1739493971854023,,,,69958.0,319.65784537849527,325.3620139040465,1.0,10
10_225,2017,0.6086285381440587,0.08534355839188165,2017-18,0.3394802968489976,350221698,0.2073873132783452,0.6605197031510025,0.1320929835706524,8.764788294431868,6404.705889799931,4.0,27812.0,290.8019000163498,295.47393621750024,1.0,10
10_226,2017,0.37319102606978005,0.045097531940225595,2017-18,0.4423343828866027,46979988,0.0129318408512656,0.5576656171133973,0.4309811871386599,8.987196820661973,8000.0,2.0,41060.0,340.1058572156159,344.6274043712818,1.0,10
10_227,2017,0.7308315513204333,0.10024454458223112,2017-18,0.4474266829252043,298395020,0.192483986495485,0.5525733170747957,0.2779978053217685,9.628228854944547,15187.512983216782,10.0,24743.0,358.35106523598625,362.0479088355011,1.0,10
10_228,2017,0.4639097837618571,0.06151400642767629,2017-18,0.2857496338354763,304914165,0.1885385482173319,0.7238654114218346,0.0985197149615915,9.002701007197938,8125.0,6.0,17893.0,375.9933817255015,379.12627703592864,1.0,10
10_229,2017,0.453837234073886,0.058506564012553997,2017-18,0.5006277952882956,172798366,0.0027267502004826,0.4993722047117043,0.4979983954246419,9.129371319641232,9222.222316277052,2.0,74627.0,408.6950021492522,411.3870859310678,1.0,10
10_230,2017,0.40916886316528284,0.048823605618495705,2017-18,0.1913215633215875,96307069,0.0097150383602207,0.8086784366784124,0.1832633386444353,,,,205077.28195293044,443.1054756914754,445.83700783286497,1.0,10
10_231,2017,0.5851407941113561,0.06911110150318965,2017-18,0.1823807454226617,236861621,0.0194629504794278,0.8176192545773382,0.1629177949432339,9.104979856318357,9000.0,2.0,50316.0,494.13495962545255,496.0381577450074,1.0,10
10_232,2017,0.40319617800248175,0.059459933765342206,2017-18,0.2635917308696534,200854882,0.0053534921672102,0.7364082691303465,0.258841102005178,,,,25736.0,530.2929903394368,531.7610613472746,1.0,10
10_233,2017,0.5566663891178247,0.07478474422981529,2017-18,0.42580253743376,625790996,0.077962331372374,0.5741974625662399,0.347840206061386,9.687489440159126,16114.736455988026,21.0,40206.0,,,,10
10_234,2017,0.6510431593439162,0.09304038595449335,2017-18,0.630115477078405,380228099,0.1119301680016026,0.369884522921595,0.5181853090768024,8.858681025328636,7035.197375182075,16.0,73456.0,506.0893029403672,506.67176178567007,1.0,10
10_235,2017,0.701631122090807,0.09283940558897336,2017-18,0.002544201539356,36026234,,0.997455798460644,0.002544201539356,,,,48439.0,462.97208565311354,463.5965570187295,1.0,10
10_236,2017,0.7889668670159803,0.1102053932687694,2017-18,0.1734622720698568,313047998,0.0256369216582563,0.8290926736771276,0.1478253504116004,,,,75352.0,413.48138504078617,414.5080587858931,1.0,10
10_237,2017,0.8779786991293347,0.11025077466858922,2017-18,0.6224325995987701,96385628,0.0473874161368542,0.3775674004012299,0.5876636919354823,9.159047077588632,9500.0,2.0,36058.0,368.54821369447785,370.7149545015947,1.0,10
10_238,2017,1.1679989565983309,0.16121685560579455,2017-18,0.3194361494826583,147554427,0.0331864797252067,0.6805638505173417,0.2862496697574516,8.987196820661973,8000.0,1.0,22366.0,316.9633565429193,320.3359220821691,1.0,10
10_239,2017,0.5084039400625331,0.07740577709270764,2017-18,0.5629454323533857,484997185,0.0297804099625856,0.4370545676466142,0.5331650223908001,8.625048865546797,5569.4348553962045,12.0,24556.0,435.43910466852395,437.4294309783235,1.0,10
10_240,2017,0.6914195516291322,0.16154794452335727,2017-18,0.2915078365602731,591843084,0.0366710207261626,0.7084921634397269,0.2570904991791912,10.126631103850338,25000.0,1.0,10205.70176796382,462.22404589463173,463.80361948063086,1.0,10
11_241,2017,0.1553885588169077,0.01817841555997277,2017-18,0.2367834771511949,31203820,0.1710451476774318,0.7970479340478202,0.0657383294737631,9.420060902958252,12333.333333333334,3.0,493.0,,,,11
11_242,2017,0.22361150394421303,0.03202750631479435,2017-18,0.6578840259779205,80732097,0.589443180201302,0.3421159740220795,0.0684408457766184,9.523632448452773,13679.21010234449,23.0,729.0,,,,11
11_243,2017,0.1457283939969657,0.022110468126277143,2017-18,0.3620497868729658,27350824,0.3057260358956644,0.6628217090825699,0.0585196213066896,8.987196820661973,8000.0,3.0,2351.432621359223,,,,11
11_244,2017,0.2907382107434995,0.0391027672769037,2017-18,0.3947001076000203,9934013,0.3494860536220357,0.6052998923999797,0.0452140539779845,,,,15668.429897528633,,,,11
12_245,2017,0.0716026888114755,0.004124645359395669,2017-18,0.4754329314984548,16018354,0.041937842892574,0.5245670685015452,0.4375734235864684,,,,1031.0987066031314,657.1950693890848,666.3446372758485,0.0,12
12_246,2017,0.1624830538371801,0.018228314098205776,2017-18,0.3092321845991701,12892539,0.152037313984468,0.6907678154008299,0.157194870614702,9.190138308175042,9800.006306462548,2.0,8235.204527674297,651.7602310875525,660.828953704449,0.0,12
12_247,2017,0.2648255925469658,0.017965965184323675,2017-18,0.8714794033596492,16907539,0.1020618671942735,0.1285205966403508,0.7694175361653757,,,,1080.0,698.2233615532848,707.2210633955294,0.0,12
12_248,2017,0.34944851370180974,0.04223128241717722,2017-18,0.0387142282886162,18747216,0.0076131303976014,0.9612857717113836,0.0311010978910148,10.126631103850338,25000.0,1.0,17251.338927914043,728.8169331576814,737.654073108453,0.0,12
12_249,2017,0.7233030479897707,0.09333704323884916,2017-18,0.1935498662526157,4732429,0.1653239805605113,0.8626402550895976,0.0282258856921044,,,,1576.0,829.7490568223386,838.7291795888216,0.0,12
12_250,2017,0.3317420196530508,0.040889666040249954,2017-18,0.0579632714497514,11155409,0.0259717057438234,0.9420367285502486,0.0319915657059279,,,,7079.383346359542,870.6519599439752,879.5432209821407,0.0,12
12_251,2017,0.446608202049195,0.05355900742716642,2017-18,0.6302071241822975,14748640,0.0357756672407406,0.3697928758177025,0.5986785900259278,9.615805480084347,15000.0,1.0,6113.0,902.4703605737077,911.1976027944269,0.0,12
12_253,2017,0.1297448322618571,0.01322771564320134,2017-18,0.5715553121990948,6088919,,0.464464797198076,0.5715553121990948,,,,4274.783276494452,946.1240994278495,954.3565251633235,0.0,12
12_254,2017,0.22486330507995,0.01612026968175018,2017-18,0.1964580965558543,9096973,,0.8035419034441457,0.1964580965558543,,,,2482.0,847.5489195376741,855.8202797417633,0.0,12
12_255,2017,0.263526789624767,0.027228225739676797,2017-18,0.0723214248586731,42806098,0.0449230387689155,0.9276785751413268,0.0273983860897575,,,,5432.0,778.152152857276,787.0004138740929,0.0,12
12_256,2017,0.02480140756928886,0.0011377684145334964,2017-18,0.4750419495285379,15633072,0.0382505754467196,0.5249580504714619,0.4367913740818183,,,,2317.786039981207,771.0885462219916,780.1074515899389,0.0,12
12_257,2017,0.07203609948082168,0.009150233627802125,2017-18,0.3951266221530137,8429923,,0.6048733778469862,0.3951266221530137,,,,575.5528967491168,1015.3896452625582,1024.1761337984346,0.0,12
12_258,2017,0.23941656106930456,0.028579181023109572,2017-18,0.6093509154221166,3092617,,0.3906490845778834,0.6093509154221166,,,,4330.0466738325595,972.9955174339447,981.6506832417897,0.0,12
12_259,2017,0.5451371077544039,0.07243879597977619,2017-18,0.5356458561253465,11338036,0.0282023271049765,0.4643541438746534,0.50744352902037,,,,7112.0,962.5323729589329,970.9684262335477,0.0,12
12_260,2017,0.04915004246291851,0.006107338491680761,2017-18,0.4775160236903533,6317677,,0.5503769154442544,0.4775160236903533,,,,684.0,1026.9965103165812,1035.3800266692956,0.0,12
13_261,2017,0.37065533305246856,0.03358252777883437,2017-18,0.2985285381850353,18130270,0.0503977602098589,0.7014714618149647,0.2481307779751763,,,,10789.0,800.441599699235,808.7250562943533,0.0,13
13_262,2017,0.1605868051195587,0.017192702738042822,2017-18,0.7551121843598485,40449979,0.0916306532569522,0.2448878156401515,0.6634815311028962,9.391176997420676,11982.19404738695,13.0,10042.0,744.9240698176426,753.2214599424225,0.0,13
13_263,2017,0.18953035960388034,0.021446458700990247,2017-18,0.056572648562015,21404849,0.0126597015470653,0.943427351437985,0.0439129470149497,,,,8212.0,719.1468086219421,727.2191373455408,0.0,13
13_264,2017,0.17277138587170315,0.016233702608069053,2017-18,0.7235178736669412,24977611,0.0243871201293029,0.2764821263330588,0.6991307535376382,9.984456304203162,21686.74024626683,3.0,8328.0,700.0360937964704,708.2910088291693,0.0,13
13_265,2017,0.5039911459458051,0.07195791500763961,2017-18,0.4508328873448249,32848380,0.0420027106359583,0.549167112655175,0.4088301767088666,9.594798188854188,14688.177373269618,7.0,24250.0,642.5983453446128,650.7582308727058,0.0,13
13_266,2017,0.4284807744216455,0.052328980858413254,2017-18,1.0,276860,0.3333345373112764,,0.6666654626887235,,,,8334.0,699.7503028489056,707.5985936993729,0.0,13
13_267,2017,0.10610858020536193,0.013195581465247696,2017-18,0.3392776558573286,21944637,0.0234332424819786,0.7716717257027096,0.3158444133753499,8.517193191416238,5000.0,4.0,7818.0,760.6464887786772,768.7015052318833,0.0,13
13_268,2017,0.04136426036943957,0.00432716396183972,2017-18,0.5508432481384745,23866581,0.1030900907004652,0.5758976794675315,0.4477531574380092,9.459246260211772,12826.213176342557,5.0,2020.0,771.9022798247335,780.1646035167258,0.0,13
13_269,2017,0.03957021970118743,0.010227733209002263,2017-18,0.5170742100969273,35673744,0.0279640141430259,0.4829257899030726,0.4980027888297903,8.969658923485564,7860.919973004653,8.0,3380.0,735.1390224196712,743.013472414693,0.0,13
13_270,2017,0.09771839442294733,0.010833642460699613,2017-18,0.1830981779241283,9091718,0.0121857057159053,0.8169018220758717,0.1709124722082229,,,,26504.0,671.7789204845539,679.8273520822025,0.0,13
13_271,2017,0.07327153855543415,0.007401592102529226,2017-18,0.3099051335092326,16434781,,0.6900948664907673,0.3099051335092326,8.448200319929287,4666.666666666667,3.0,3624.0,613.3579216933474,621.3976672362425,0.0,13
14_272,2017,0.27396460691643404,0.03600880092177369,2017-18,0.7318205760451233,122937765,0.1320766161642844,0.2681794239548767,0.5997439598808388,9.237731820123448,10277.700427093438,178.0,6185.0,634.3377654126348,642.0147604426747,0.0,14
14_273,2017,0.4733982928042344,0.04941181139981342,2017-18,0.557099094192263,71846814,0.0440489260943428,0.442900905807737,0.5130501680979201,9.099255307423142,8948.626246021417,55.0,5510.0,576.8721133610234,584.5299499302398,0.0,14
14_274,2017,0.2715804836088869,0.027959723835606447,2017-18,0.2497490026881224,34819098,0.0229723354694598,0.7502509973118775,0.2267766672186625,9.159047077588632,9500.0,1.0,11647.0,540.5144604104701,547.5709325903379,0.0,14
14_275,2017,0.5672366384561175,0.06267720998780091,2017-18,0.2308720259111451,71952667,0.0068125063383682,0.7691279740888548,0.2240595195727769,,,,26235.0,584.5393499060536,591.7212932052548,0.0,14
14_276,2017,0.7215596766544313,0.07220585774064765,2017-18,0.3296647650682485,23494270,0.0403499045572192,0.6703352349317514,0.2992380269742367,9.325894353282628,11224.951066651798,17.0,30856.0,600.2967704653419,607.4181495941019,0.0,14
14_277,2017,0.6009924052202288,0.06929964302762441,2017-18,0.5468880573046323,81144714,0.0453312584230686,0.4531119426953677,0.5015567988815636,9.222420945141534,10121.538380192482,62.0,25738.0,531.206491880321,538.7702230337535,0.0,14
14_278,2017,0.5475911244702156,0.06955533690367534,2017-18,0.5337695951074044,67973409,0.0503763758560351,0.4662304048925956,0.4833932192513693,8.57042373752336,5273.363838968443,36.0,92684.76702103742,608.7108166713931,616.107714437413,0.0,14
14_279,2017,0.10782182525096352,0.010001092666279975,2017-18,0.3478967041935662,21373646,0.0669602182051672,0.6521032958064338,0.280936485988399,9.262494585807762,10535.382001489954,13.0,8069.0,662.1684062108765,669.5787600153055,0.0,14
14_280,2017,0.4866423041497883,0.05728075514816534,2017-18,0.3250466624085351,30445278,0.0444221924989484,0.6749533375914649,0.2806244699095866,8.473725898049107,4787.319344990552,21.0,5777.0,601.900990882729,608.6843379653691,0.0,14
15_281,2017,0.27619441167531195,0.02621673203355262,2017-18,0.2904886062260352,33882847,0.0323861510220791,0.7095113937739648,0.2581024552039561,9.953708941712462,21030.077243662377,8.0,3266.0,431.5256127897306,438.26826207443526,0.0,15
15_282,2017,0.3814478405778626,0.03702137133955615,2017-18,0.5828808375623806,63498936,0.0348310875634199,0.4171191624376194,0.5480497499989606,9.567698412935764,14295.4761483536,90.0,3844.0,471.6188333660193,478.84426916460154,0.0,15
15_283,2017,0.18389207189478202,0.012887112340497341,2017-18,0.2651425695479288,14468763,,0.7348574304520711,0.2651425695479288,9.643199207510396,15416.585779297053,7.0,2030.0,473.7220005536688,480.3823659643395,0.0,15
15_284,2017,0.2980933364586255,0.028118479339507632,2017-18,0.3930999693018132,20180345,0.0055988794334459,0.6069000306981868,0.3890295730821252,9.048210213779043,8503.305198496933,22.0,6297.0,500.9176629151088,507.07129923337925,0.0,15
15_285,2017,0.31123197264030156,0.022424705260997994,2017-18,0.4881270654534049,13668609,0.0218341164049684,0.511872934546595,0.4662929490484364,9.3525249497922,11527.894082523437,7.0,2890.0,468.3872404492037,474.2107432306711,0.0,15
15_286,2017,0.2607595554290038,0.02493862140518073,2017-18,0.4068218287035021,8499158,,0.7254353138529026,0.4068218287035021,9.665021913698691,15756.71517489261,8.0,10186.0,441.13164013883846,446.4982810009247,0.0,15
15_287,2017,0.09898271089587292,0.008859780553985673,2017-18,0.1961579587867022,31477122,0.0098318073679035,0.8038420412132977,0.1863261514187987,9.350390676496133,11503.316642839236,8.0,4417.0,,,,15
15_288,2017,0.11116227036060813,0.009750144651241445,2017-18,0.1344858528306005,28714366,,0.8655141471693995,0.1344858528306005,,,,3242.0,469.6834185719583,473.9404582111191,0.0,15
16_289,2017,0.7851457420797813,0.09384573909365229,2017-18,0.5688881368382364,112208754,0.0539519670631045,0.4311118631617636,0.5149361697751318,9.209672404250012,9993.322553146065,37.0,158224.69285824432,338.71879135359455,346.0513064447843,0.0,16
16_290,2017,0.7457853518506445,0.09505670294274893,2017-18,0.453500438348401,45291599,0.0773530208107689,0.5516804855889698,0.3797133694546133,,,,73210.0,337.6326914595667,344.0983784057892,0.0,16
16_291,2017,1.0865217724297023,0.13906732265305424,2017-18,0.6607316463338151,249760672,0.0902538450889497,0.3392683536661849,0.5704778012448654,9.279817471364614,10719.475126700749,114.0,27378.127552012444,383.2392610044538,390.36970742544304,0.0,16
16_292,2017,1.6719064439663078,0.21440124158609025,2017-18,0.5153236011103901,104203737,0.0376329305733056,0.5121526436611153,0.4776906705370844,9.313197630369777,11083.331925238976,3.0,60501.0,416.119396012333,423.5296872174025,0.0,16
17_293,2017,0.20020113092864292,0.022263231854111425,2017-18,0.3421111382459775,130340711,0.2427088033914438,0.6578888617540225,0.0994023348545336,9.037652648143936,8414.00323092168,33.0,37294.0,372.251018767831,381.4133099351786,0.0,17
17_294,2017,0.18157694320886847,0.016023987871560785,2017-18,0.2780731575795006,201513064,0.1921349873375951,0.7624457673797839,0.0859381702419055,9.583588610859676,14524.448483722988,9.0,10865.0,411.30842432455876,420.4488884549139,0.0,17
17_295,2017,0.3737648868924019,0.07040459358364476,2017-18,0.1345548610190581,90497444,0.1039851689070909,0.8654451389809418,0.031261209598888,8.987196820661973,8000.0,4.0,6779.0,370.1630280087986,379.2494504086113,0.0,17
17_296,2017,0.3249777697619653,0.03793836899290546,2017-18,0.2134225334035571,74726847,0.119363593649281,0.7865774665964429,0.094058939754276,,,,10751.0,431.7214298394448,440.6693867014813,0.0,17
17_297,2017,1.3320348268572861,0.1272822758123209,2017-18,0.1364477043893702,47250696,0.0907006110555493,0.8635522956106297,0.0457470933338209,8.809480827591216,6697.441237547778,3.0,9871.0,,,,17
17_298,2017,0.3258737084739008,0.0406477741743421,2017-18,0.1539761229014123,90225619,0.0928014359203232,0.8721914219348686,0.061174686981089,9.132378830506472,9250.0,1.0,53822.0,458.8949077213221,467.57779225714046,0.0,17
17_299,2017,0.48695414722982966,0.06023346168805965,2017-18,0.2618997603076734,63374995,0.1667519184814136,0.7381002396923266,0.0951478418262597,9.10126927692182,8966.666666666666,3.0,10813.0,502.8773041410276,511.31215097844154,0.0,17
18_300,2017,0.5725867560842679,0.06999792195417594,2017-18,0.4433063939722969,155707603,0.0185723584556389,0.5943035339697053,0.4259093693709999,,,,42495.0,462.7843729026204,471.88195362060446,0.0,18
18_301,2017,0.3955162293390276,0.049228504025695716,2017-18,0.4562045813664842,155983199,0.0298455604824465,0.5437954186335158,0.4263590208840376,,,,98682.0,413.93170877153904,423.0506018722106,0.0,18
18_302,2017,0.5289825387427004,0.06475362307003402,2017-18,0.6611152666341226,245511281,0.2702523636785554,0.3388847333658774,0.3908629029555672,,,,57347.0,439.21806988489107,448.379003066074,0.0,18
18_303,2017,0.9386400409705967,0.12570786309109702,2017-18,0.4434128540902287,282527953,0.019421189803474,0.5565871459097713,0.4239916642867546,9.38851662939654,11950.359366244182,33.0,94130.0,486.55359984449973,495.7011673562355,0.0,18
18_304,2017,0.41094858608887447,0.04914380339307645,2017-18,0.6012782689518471,27312562,,0.3987217310481528,0.6012782689518471,,,,34379.0,,,,18
18_305,2017,0.5071259733407525,0.0600496866598647,2017-18,0.4817058141144259,315787679,0.2127872823055898,0.5182941858855741,0.268918531808836,9.301728312249624,10956.939866442252,8.0,138675.0,596.333809216815,605.0265311119763,0.0,18
18_306,2017,0.5051168266136875,0.059231110361369424,2017-18,0.2609437278334008,93574627,,0.7390562721665992,0.2609437278334008,,,,79601.0,644.4623521151922,653.3167155499981,0.0,18
18_307,2017,0.33531540991635667,0.03920668357812657,2017-18,0.694993454553341,98856508,0.0445592312445428,0.3505742873914892,0.6504342233087983,8.444738096058327,4650.537559337356,6.0,56588.0,758.4791400774795,767.1583874098545,0.0,18
18_308,2017,0.27909350497333646,0.032493284022896994,2017-18,0.348268361090362,232070409,0.0388204771078763,0.6682600799445996,0.3094478839824857,8.333911173527158,4162.666666666667,3.0,25672.0,835.6386704724376,844.2946776607322,0.0,18
18_309,2017,0.7193029618770884,0.09865912706743987,2017-18,0.3814659285256603,218030248,0.0831110094412221,0.6565004396526778,0.2983549190844382,9.558079530539567,14158.628858602175,5.0,76088.0,901.0851951719893,909.5540438936837,0.0,18
18_310,2017,0.4709780530376768,0.04725880525540349,2017-18,0.1834743718270955,46566956,0.0083405065171105,0.8165256281729044,0.175133865309985,,,,91629.0,842.777985302337,851.3024992340215,0.0,18
18_311,2017,0.5837106794915552,0.06721930176680135,2017-18,0.5080214022573567,92254007,0.0165858983396776,0.4919785977426433,0.4934827383703777,9.903487552536127,20000.0,9.0,83878.0,801.1265605299404,809.5765007248865,0.0,18
18_312,2017,0.4483203286399943,0.04880285279469297,2017-18,0.718375049221541,81892499,0.4163855226838296,0.3537297066056633,0.3019895265377113,9.611130665948725,14930.041437010748,8.0,68430.0,743.089072576657,751.6011876173263,0.0,18
18_313,2017,0.4717432279638801,0.05334462814612358,2017-18,0.3566577626570115,90923082,0.2654634166492508,0.6433422373429885,0.0911943460077607,,,,54225.0,688.0500357129712,696.5410164356992,0.0,18
18_314,2017,0.46966678772353004,0.054316933737007404,2017-18,0.7688390917213139,248456166,0.0289986725465287,0.2940793244928886,0.7398404191747852,9.09173384768652,8881.572003026064,21.0,32744.0,608.7709217441347,617.2977803953027,0.0,18
18_315,2017,0.2032730125393376,0.024448678054740103,2017-18,0.3593353719696486,293490962,0.1079601797073396,0.6885091526242587,0.2513751922623089,8.995053605952634,8063.101846553979,5.0,13030.0,556.7200330464592,564.8966678103188,0.0,18
18_316,2017,0.5540004183961438,0.06552189545892464,2017-18,0.4923909175985926,232082189,0.026837001265961,0.5076090824014075,0.4655539163326316,9.499956346602016,13359.14364491874,12.0,110654.62145423962,510.82929919572894,518.6372052987739,0.0,18
18_317,2017,0.8035341632361456,0.09922421887503247,2017-18,0.358057664068432,203060178,0.0251472496985598,0.6660859695800178,0.3329104143698722,9.55393007636626,14100.0,1.0,65425.0,457.11840103131567,464.92772366885185,0.0,18
18_318,2017,0.4654058298982836,0.05659937027112047,2017-18,0.5678074501516533,132800894,0.3224954118155259,0.4321925498483466,0.2453120383361275,9.609526310192509,14906.107543464423,18.0,29163.0,471.6706257678822,479.29074811575845,0.0,18
18_319,2017,-0.45414103275682577,0.23644871859955324,2017-18,0.4064935660080091,107536814,0.0061790932359219,0.6194781659728994,0.4003144727720871,9.097785665303228,8935.484627078577,2.0,40304.0,469.3012449984785,478.46358331266293,0.0,18
18_320,2017,0.7148259004592962,0.0908361447967471,2017-18,0.496888939848986,107849088,0.2546206324897249,0.607215696315545,0.2422683073592611,9.104979856318357,9000.0,3.0,16851.0,495.5391447229379,504.6937598311184,0.0,18
18_321,2017,0.43577245942215376,0.05518861912105215,2017-18,0.1888627419221775,135976682,0.0178957742181118,0.8650320685146837,0.1709669677040656,9.680344001221918,16000.0,1.0,60278.0,489.80096384973484,498.8604044645443,0.0,18
18_322,2017,0.5499070460902274,0.07723553990671622,2017-18,0.286118599581233,56450486,0.0315974073279014,0.713881400418767,0.2545211922533315,,,,217703.0,514.1596265903361,523.110649499156,0.0,18
18_323,2017,0.5434941334627472,0.06359786948185352,2017-18,0.8318540303073668,172742160,0.2381897910735862,0.1681459696926332,0.5936642392337805,9.703212125731095,16370.10567468115,31.0,51366.0,510.2053851940201,519.3080900027074,0.0,18
18_324,2017,0.4621713286881454,0.051657860790088585,2017-18,0.2849866289047026,106808004,,0.7150133710952973,0.2849866289047026,,,,32774.0,534.1863445936216,543.3249444582246,0.0,18
18_325,2017,0.46259157416307534,0.05678892351468727,2017-18,0.3410073352800321,233392044,0.20718665542858,0.6589926647199679,0.133820679851452,9.109141684135286,9037.534502242825,45.0,39292.0,557.2969680455438,566.2843113354927,0.0,18
18_326,2017,0.42941910561424324,0.050795915264878234,2017-18,0.2589387561770153,130860936,,0.7410612438229848,0.2589387561770153,,,,30561.0,580.4667359548814,589.5105556182345,0.0,18
19_327,2017,0.35107724783811206,0.042166903344743635,2017-18,0.6128663950297181,274526718,0.1751090252716313,0.387133604970282,0.4377573697580867,8.517193191416238,5000.0,3.0,112918.0,471.6294570731199,479.70326238144077,1.0,19
19_328,2017,0.6022580353478082,0.07006135318413234,2017-18,0.5602915592525707,278553602,0.1637783632035029,0.4397084407474292,0.3965131960490677,9.337547369513867,11356.520706352558,11.0,386211.0,449.88277368646396,458.5124703802415,1.0,19
19_329,2017,0.8986568440950495,0.11709054464014115,2017-18,0.7168625522645015,903438973,0.4301928117063863,0.2831374477354986,0.2866697405581151,9.576573702070004,14422.917334617605,55.0,218369.0,415.530659950036,424.36810693842546,1.0,19
19_330,2017,0.636857479315134,0.08531735762519688,2017-18,0.5112211209955732,724120790,0.133630201392229,0.4887788790044268,0.377590919603344,8.257021921675959,3854.597696534158,10.0,147623.38559176674,359.8831249494692,367.680200519232,1.0,19
19_331,2017,0.6119489733036042,0.08021414613266974,2017-18,0.5484968890277553,553401755,0.2347593928392944,0.4515031109722447,0.3137374961884607,9.19559489618434,9853.627063511876,21.0,166087.0,304.0129113292183,312.36320295703445,1.0,19
19_332,2017,0.4616554125789454,0.058482484239621144,2017-18,0.7590218850018179,1913614006,0.4236408499614629,0.2409781149981821,0.3353810350403549,8.994645397286428,8059.811090207047,94.0,336754.0,279.7849672478559,287.3963308542243,1.0,19
19_333,2017,0.3228592723585697,0.04109906071793201,2017-18,0.7971310872366469,891244388,0.2834803443385048,0.2028689127633531,0.513650742898142,8.929786811250423,7553.654850351318,59.0,753822.0,173.00885635413798,180.7433184805186,1.0,19
19_334,2017,0.7063024751357251,0.1008648778714154,2017-18,0.4218557697675034,445482621,0.2818986803976804,0.635222790169191,0.139957089369823,8.517193191416238,5000.0,1.0,236722.40755218008,165.48234207590613,171.062483502026,1.0,19
19_335,2017,1.2739786652219918,0.16004300222288195,2017-18,0.7209944757782009,552417718,0.5079592287805657,0.2790055242217991,0.2130352469976352,9.06743264962812,8668.340546161651,30.0,724934.7285338315,110.51385551266597,115.16438996177133,1.0,19
19_336,2017,0.6176991357493407,0.07988954657184798,2017-18,0.2388580394915752,296316972,0.0182407342101998,0.7641470836920007,0.2206890397084646,,,,459013.0,100.03668900431425,108.70411601139507,1.0,19
19_337,2017,1.0285711198395917,0.1399536506249962,2017-18,0.3296174587239937,357882008,0.0424054790706326,0.6703825412760063,0.287211979653361,8.822165982050088,6782.940453009866,5.0,1051646.0,,,,19
19_338,2017,1.0626868267171012,0.12737021970354054,2017-18,0.6301398309826152,1111288050,0.0834027676262693,0.3698601690173848,0.5467370633563459,8.681260371658206,5891.46735237155,47.0,496548.9061325168,44.380681963908074,48.42887832765939,1.0,19
19_339,2017,1.290883583269633,0.1627853619156524,2017-18,0.844985695555419,243920341,0.6897618677894518,0.2300753591785609,0.1552238277659672,9.493534877412133,13273.633160905987,6.0,258114.0,138.24630087000986,138.2168730687631,1.0,19
19_340,2017,0.9194636668328999,0.11902666116221901,2017-18,0.8206746699325711,1361018797,0.3769897999432259,0.1793253300674289,0.4436848699893452,9.060658264937947,8609.81632927333,67.0,208165.5,210.15623747624397,209.2221235895277,1.0,19
19_341,2017,1.8591456590914894,0.22402135517677343,2017-18,0.6798905763189115,934616337,0.275308593284305,0.3201094236810885,0.4045819830346064,8.841512441512991,6915.443939368452,26.0,531098.0,30.332800628781982,25.66642939691887,1.0,19
19_342,2017,0.9095616036253129,0.12709799559115845,2017-18,0.705838745900725,802709020,0.1063366996922496,0.2941612540992749,0.5995020462084754,8.85839413766328,7033.179353318425,34.0,1281951.0,2.0525785017758627,7.122503606970725,1.0,19
19_343,2017,0.8081872431311015,0.09972320548485807,2017-18,0.197155564118461,1245641578,0.0609546817808613,0.802844435881539,0.1362008823375997,9.719475152280928,16638.50975348709,11.0,763056.0,,,,19
19_344,2017,1.5753811154256256,0.20143367765417652,2017-18,0.9362229201753788,977166502,0.8630579868158436,0.0637770798246213,0.073164933359535,9.00253702791381,8123.667777547891,55.0,399245.57102709654,,,,19
19_345,2017,0.9342734695618268,0.14864912170468145,2017-18,0.9278167374035976,655747514,0.599898467933803,0.0721832625964023,0.3279182694697947,9.586696475301771,14569.658717956549,51.0,468526.6828235408,84.56238255023587,75.80132940890282,1.0,19
20_346,2017,0.7882585853953656,0.10703586978674016,2017-18,0.0901404463738513,137426688,0.06880905839774,0.9098595536261488,0.0213313879761113,,,,18131.0,496.2817278090215,462.38370123442587,1.0,20
20_347,2017,0.6999603693715106,0.10496762543594053,2017-18,0.1038303980496302,185126739,0.0235043085807285,0.8961696019503698,0.0803260894689016,,,,15862.0,389.49490648578177,389.342083028974,1.0,20
20_348,2017,0.7193814383819045,0.09573307266025682,2017-18,0.3601557172780785,272719383,0.1329758581919349,0.6398442827219215,0.2271798590861435,8.699514748210191,6000.0,1.0,21900.0,343.3156482354491,344.687749125447,1.0,20
20_349,2017,0.6861451904966427,0.08990651209306456,2017-18,0.5901464863347493,81388957,0.2655284917829823,0.4914338526679761,0.324617994551767,8.85366542803745,7000.0,2.0,46334.0,293.3019940148693,295.22926001447337,1.0,20
20_350,2017,1.4833540246585881,0.18556041370914794,2017-18,0.5626913576224362,46711949,0.4250840400600711,0.7660944405595481,0.137607317562365,,,,43130.0,250.54558049822873,253.9769854216635,1.0,20
20_351,2017,0.7635815887226884,0.1014682928334006,2017-18,0.1381612818169091,314890463,0.0262770366353266,0.8618387181830909,0.1122587666302234,,,,27505.0,269.7117775666645,275.4990603770756,1.0,20
20_352,2017,1.0033099485404606,0.1425768686959624,2017-18,0.555850861506824,81592215,0.5511883701159479,0.4441491384931761,0.0243902173188283,9.80734382703313,18166.66912007341,9.0,28145.0,273.19422576253305,279.9439010826382,1.0,20
20_353,2017,1.1055949402838507,0.17869155524233388,2017-18,0.3867035704612377,136032985,0.1801408459867289,0.6132964295387623,0.2213347079616087,9.047821442478408,8500.0,2.0,20137.0,227.24879197291216,233.6330697715582,1.0,20
20_354,2017,0.9645395154956493,0.14580456335770764,2017-18,0.4380497786491371,98981995,0.2595422834223537,0.5619502213508628,0.1785074952267834,9.717102543198406,16599.079868474815,3.0,88912.0,233.87250742393567,235.2030488503426,1.0,20
20_355,2017,0.7808931869764325,0.12792453173136992,2017-18,0.1753249670923288,225428441,0.1415135280113124,0.8547401561324226,0.0338114390810164,,,,74037.44106208932,267.7733564211746,267.71051030250123,1.0,20
20_356,2017,0.8248133618657866,0.10483815635862868,2017-18,0.637925251083367,186145146,0.4473931165521769,0.362074748916633,0.1905321345311899,9.541007727079942,13918.967079551454,10.0,14562.0,384.0369737568514,382.03326877903214,1.0,20
20_357,2017,1.7948768982505328,0.23642541737976494,2017-18,0.3498746907068948,434910681,0.1917243692619266,0.6501253092931052,0.1581503214449681,9.388998280577722,11956.116657340192,12.0,113780.0,192.7509345728185,188.6024153964192,1.0,20
20_358,2017,0.8385157201263695,0.1135233690005175,2017-18,0.1601409443789891,284608725,0.1601409443789891,0.8443500055340092,,,,,26858.0,456.35104414491303,455.61592787425593,1.0,20
20_359,2017,1.1151040518663762,0.1555560131322834,2017-18,0.3764778173677501,96670944,0.2252861521658462,0.6235221826322499,0.1511916652019038,,,,15124.0,412.9444624664155,411.37015035273953,1.0,20
20_360,2017,1.063151880015548,0.14736123393188538,2017-18,0.7989046943359549,200209318,0.436568082210839,0.201095305664045,0.362336612125116,8.289735755718102,3982.7816281991513,23.0,45312.0,333.65829092146555,333.66027705975483,1.0,20
20_361,2017,0.7609900222323907,0.12871685358933055,2017-18,0.1073779391067794,97040622,0.0262966368867668,0.962204615670901,0.0810813022200125,8.131530710604252,3400.0,2.0,30495.0,304.16071001035186,303.32736313063407,1.0,20
20_362,2017,1.69359500401397,0.22648464546894934,2017-18,0.2183788074952951,212272521,0.1814231857170057,0.7816211925047049,0.0369556217782894,,,,36808.0,219.27453114797325,224.17028772570953,1.0,20
20_363,2017,2.453353046288796,0.3305401662537459,2017-18,0.2133351386294439,91227878,0.186539513721891,0.894977224185779,0.0304849945354158,,,,21955.0,210.53822437462657,213.52818448880313,1.0,20
20_364,2017,1.5893890962265484,0.23581316327858584,2017-18,0.1014573931301528,263612125,0.0304212524367003,0.8985426068698471,0.0710361406934525,,,,114784.0,312.0818289395872,310.1605791961991,1.0,20
20_365,2017,1.7645143354184822,0.23920401189678026,2017-18,0.7009255559846179,289227561,0.4048584809661344,0.2990744440153821,0.2960670750184834,9.47690090494974,13054.666107194422,16.0,10858.0,314.529810654195,311.5487367037796,1.0,20
20_366,2017,1.4535892454656083,0.19102577493521417,2017-18,0.7050371221721752,125395410,0.3859621257269305,0.2949628778278248,0.3190749964452447,8.753812983047075,6334.796588264544,8.0,22126.0,368.68948936696864,368.68948936696864,1.0,20
20_367,2017,2.136676513775034,0.37732466439308027,2017-18,0.5166094165706727,81050228,0.3015291826199427,0.4833905834293273,0.2150802339507299,,,,12686.0,321.98409392534677,321.98409392534677,1.0,20
20_368,2017,0.790096633957474,0.12095584269091916,2017-18,0.1395095561101491,128728895,0.0384351159077377,0.8604904438898509,0.1010744402024114,,,,43603.0,253.99454532325183,253.99454532325183,1.0,20
20_369,2017,3.0221700289745526,0.4241206968080757,2017-18,0.1606834612892498,274297203,0.0916680145659378,0.8393165387107502,0.069015446723312,,,,37433.0,,,,20
21_370,2017,0.7367617747693451,0.10302084421083148,2017-18,0.3845460575970089,88719989,0.0570648064440134,0.615453942402991,0.3274812511529955,,,,141299.0,347.11752218422566,252.1438542166224,1.0,21
21_371,2017,0.7200008025347275,0.09635642576107327,2017-18,0.4312327745970669,133220396,0.1651718630231365,0.568767225402933,0.2660609115739304,,,,58205.0,315.4893654394358,315.4893654394358,1.0,21
21_372,2017,0.5263178501666299,0.07421264849444344,2017-18,0.1759812621717671,310369373,0.1080849720310515,0.8385673088702987,0.0678962901407156,8.517193191416238,5000.0,1.0,126224.0,267.89197846408905,267.89197846408905,1.0,21
21_373,2017,0.2848006601312053,0.038026983849794416,2017-18,0.2806074749349113,350892634,0.2455559554436243,0.7193925250650887,0.0402242256309534,8.8023721336499,6650.0,2.0,40806.0,222.71225857325382,222.71225857325382,1.0,21
21_374,2017,1.1085456423643028,0.10028668969160369,2017-18,0.017613698197188,66261099,,0.982386301802812,0.017613698197188,,,,169597.0,287.1322750318957,287.1322750318957,1.0,21
21_375,2017,2.170402460902741,0.2852549884837237,2017-18,0.4232182146648434,268261384,0.114826385149791,0.5767817853351566,0.3083918295150524,8.418370009254273,4529.5143682532525,21.0,136451.0,161.5265128932558,161.5265128932558,1.0,21
21_376,2017,3.9743925473957185,0.5010655130660472,2017-18,0.1520204534425313,143655426,0.0098171230928652,0.8479795465574687,0.142203330349666,,,,326095.2193784278,172.7249788479643,172.7249788479643,1.0,21
21_377,2017,1.5072612881784317,0.18576293160534718,2017-18,0.6084703141313255,231352317,0.2615787850527557,0.3915296858686745,0.3468915290785698,10.07807725656687,23815.151066928556,8.0,168227.0,131.35472086345192,131.35472086345192,1.0,21
21_378,2017,0.3749624986919075,0.048963880197850425,2017-18,0.4241356898424338,170300382,0.2539659482384485,0.579198233008534,0.1701697416039853,10.308952660644293,30000.0,1.0,80903.0,72.78660717890564,72.78660717890564,1.0,21
21_379,2017,0.5984772682813747,0.08485575804355193,2017-18,0.7528193600171156,332066318,0.0691481422695812,0.2471806399828844,0.6836712177475344,9.23060113101728,10204.6740143736,25.0,78948.0,25.711095318517717,25.711095318517717,1.0,21
21_380,2017,0.6615140520602872,0.08278299170204682,2017-18,0.6060568389253876,419183576,0.3069889121800898,0.5528983835102361,0.2990679267452979,9.608017953127815,14883.640759070213,22.0,87830.0,29.059713091870787,29.059713091870787,1.0,21
21_381,2017,0.5883585919084799,0.07940446895096911,2017-18,0.2097509160315842,623524352,0.1886568208967081,0.8018758111200803,0.0214044470145807,8.740336742730447,6250.0,2.0,234544.0,93.68365624314218,93.68365624314218,1.0,21
21_382,2017,0.7834256685655957,0.13408266243425687,2017-18,0.5271162538121054,220762851,0.3416523190307956,0.515029117562894,0.1854639347813097,,,,107124.70441408303,74.94696569829884,74.94696569829884,1.0,21
21_383,2017,0.9568854036655412,0.12665925773230893,2017-18,0.1886183498554943,276450722,0.142870655986205,0.8113816501445057,0.0470648515003879,9.121786805398203,9152.54082393696,4.0,72324.0,123.89440663288055,123.89440663288055,1.0,21
21_384,2017,0.7636440756824076,0.10408897756787486,2017-18,0.6209250822194806,326687481,0.132867751366328,0.3790749177805194,0.4880573308531526,9.467414346820268,12931.407831090371,8.0,92310.0,188.592067586993,188.592067586993,1.0,21
21_385,2017,1.8854394369879086,0.2511250846060475,2017-18,0.4325843369154942,197812072,0.1654313039095005,0.5674156630845058,0.2671530330059937,9.133220894638496,9257.79237359994,13.0,69921.0,165.50620081427007,165.50620081427007,1.0,21
21_386,2017,0.504747222740841,0.06980043304981395,2017-18,0.3851095373434393,570122554,0.1085437833774946,0.6148904626565607,0.2765657539659447,9.500929261564057,13372.147280340894,21.0,197576.0,115.37280368743421,115.37280368743421,1.0,21
21_387,2017,0.5614165939512926,0.07256123501531013,2017-18,0.0586205210683585,170831866,0.0422211626488936,0.9413794789316414,0.0163993584194649,,,,126239.0,103.06020745176511,103.06020745176511,1.0,21
21_388,2017,1.0126751983099755,0.13869945555961358,2017-18,0.5690603842492427,149636157,0.1636915802375224,0.4309396157507573,0.4053688040117202,9.273073599675651,10647.42757465534,4.0,269474.0,212.98197436406917,212.98197436406917,1.0,21
21_389,2017,0.5311599390867672,0.07217879020578534,2017-18,0.3024480935964163,197010278,0.1214188835366244,0.6975519064035837,0.1810292100597919,8.517193191416238,5000.0,2.0,42431.0,189.39590693842428,179.0893513658311,1.0,21
21_390,2017,1.9553528270111022,0.25756299474590705,2017-18,0.3166720749862125,121991066,0.1824536560734701,0.6833279250137875,0.1342184189127423,8.506536951456942,4947.001683114303,23.0,58940.0,263.80357882407196,263.80357882407196,1.0,21
21_391,2017,0.7638843130051136,0.1010646100614424,2017-18,0.4749531126160535,258722048,0.136951478522619,0.5250468873839464,0.3380016340934345,10.156417973399051,25755.873402899768,9.0,27058.0,,,,21
21_392,2017,0.6115631358714847,0.08912129854113894,2017-18,0.2962138306007629,111974731,0.1393113594530537,0.7411419025753339,0.165230578606637,,,,64261.0,292.69036026638935,292.69036026638935,1.0,21
21_393,2017,0.5406291011416624,0.07755125791541652,2017-18,0.5621609282810704,69663728,0.0808842013163579,0.5826964154262674,0.4812767269647125,9.392661928770137,12000.0,1.0,167042.0,316.32641729338667,228.30824946956045,1.0,21
21_394,2017,0.8913610047011018,0.12247971580291107,2017-18,0.2872654617152194,78996378,0.0405600494746733,0.7127345382847806,0.246705412240546,,,,34607.0,309.84279784843017,169.09332665821225,1.0,21
21_395,2017,0.8153860472749771,0.10862985010527555,2017-18,0.4857859247573808,88790370,0.1281563529918841,0.5694934283733502,0.3576295717654966,,,,87379.22554323121,237.91662144607787,234.92271321137062,1.0,21
21_396,2017,0.7267596953914479,0.10208285398308704,2017-18,0.3676420940698267,146805458,0.1277663259631668,0.6323579059301733,0.2398757681066599,9.86259937454911,19198.72931948761,2.0,54064.0,185.21352628122295,179.39926251503496,1.0,21
21_397,2017,1.139542146577315,0.15140501625848737,2017-18,0.5399943888926151,99548977,0.1361024634135617,0.4600056111073848,0.4038919254790534,11.107460356862063,66666.66666666667,3.0,63686.0,226.49252440570268,187.3645408798201,1.0,21
21_398,2017,0.8520204305640521,0.11117722174216278,2017-18,0.4347166539544977,114689319,0.0122992002834484,0.6206605943715169,0.4235148261713891,,,,89222.0,133.65184028610255,133.65184028610255,1.0,21
21_399,2017,0.5175646406450003,0.06907607048883656,2017-18,0.1220657395754662,120178324,0.0050464508058874,0.8779342604245338,0.1170192887695787,,,,21142.0,145.83369263002882,141.8511728464762,1.0,21
22_400,2017,0.9603565648349698,0.13068198341371762,2017-18,0.5715083684135359,410228532,0.0513226320396456,0.4284916315864641,0.5201857363738902,9.34490077874984,11440.337643038149,19.0,18349.75138121547,559.9947189757535,327.9021859440546,0.0,22
22_401,2017,0.837979788973723,0.1168039480950045,2017-18,0.7931373496107006,48393985,,0.2557001139077722,0.7931373496107006,8.955448122347393,7750.0,2.0,56981.0,476.7814229116026,369.2460114433162,0.0,22
22_402,2017,0.7625550405414422,0.09112768172370796,2017-18,0.0970605005547673,197453958,0.0295054556465259,0.9306464402021524,0.0675550449082413,9.18548962712098,9754.554929145546,4.0,32687.0,387.97426735343606,374.0512103948532,0.0,22
22_403,2017,0.4690875217964078,0.06092301418327699,2017-18,0.1705118061875729,333217601,0.0032701063711217,0.8294881938124271,0.1672416998164511,10.341742483467284,31000.0,1.0,132916.98984771574,387.608576099068,283.4088737988432,0.0,22
22_404,2017,0.6921351403962226,0.12110312506915312,2017-18,0.4628927206129636,282620733,0.1477983959513685,0.5371072793870363,0.3150943246615951,9.025592778568535,8313.140865289783,18.0,123930.0,472.54672283234004,261.31526248103455,0.0,22
22_405,2017,0.7061918263824744,0.09409926651670932,2017-18,0.4031712301833946,323380247,0.0833444227037157,0.5968287698166054,0.3198268074796788,9.960474554735308,21172.84100575129,13.0,58340.0,,,,22
22_406,2017,0.6944389790529377,0.10146874143651466,2017-18,0.0087746646660389,334379046,,0.9912253353339612,0.0087746646660389,,,,108700.0,522.2038833334123,206.95532648742622,0.0,22
22_407,2017,0.6527124410821654,0.08517698214554505,2017-18,0.212868958939819,388188961,0.0287590300642268,0.787131041060181,0.1841099288755921,8.523851850808644,5033.404387759341,10.0,6505.452444653515,521.5266628034781,153.72932438514928,0.0,22
22_409,2017,1.2821127426921373,0.1962743248355026,2017-18,0.2261392109380973,544047379,0.0127862264731175,0.7738607890619026,0.2133529844649798,9.522471318486923,13663.335979328966,6.0,209702.0,427.3546267374403,67.49736467193237,0.0,22
22_410,2017,0.7477098832078746,0.08954276370132078,2017-18,0.1188416622428332,248801939,0.008221251588764,0.9188019704483376,0.1109572381588231,7.824046010856292,2500.0,2.0,237701.37873708562,383.7916251310067,131.7250374746967,0.0,22
22_411,2017,0.8370811991119197,0.11704146997665854,2017-18,0.3267583387090654,216727072,,0.7253925257527192,0.3267583387090654,9.737062929276975,16933.732700185567,4.0,44847.59935198455,388.44540363884283,178.86113860788456,0.0,22
22_412,2017,0.6875787358607294,0.09868422104499654,2017-18,0.2494489705816826,172696315,0.0056597849236099,0.7505510294183174,0.2437891856580726,8.89654246069561,7306.666727324913,2.0,45830.0,344.8356978194694,89.90265541584138,0.0,22
22_413,2017,0.7229067816060861,0.1047200908023472,2017-18,0.002960147969178,141547316,,0.997039852030822,0.002960147969178,,,,32970.0,344.7668687287167,62.931359801945604,0.0,22
22_414,2017,0.46495431752963173,0.055239239229747154,2017-18,0.0096434716780375,263516821,0.0011863151612625,0.9903565283219624,0.008457156516775,,,,87216.08756755521,241.63620112786197,162.99428818183387,0.0,22
22_415,2017,0.8643426676328697,0.5016106977223171,2017-18,0.1286691704579734,182281699,,0.8762842303060511,0.1286691704579734,,,,5905.0,304.92975306049254,120.05829979313548,0.0,22
22_416,2017,0.3634585235738215,0.04764762650111692,2017-18,0.2748105257791446,460836042,0.0139544662611263,0.7251894742208553,0.2608560595180183,9.70246377476422,16357.859672996725,6.0,15492.9324023002,211.34592669211037,188.16796215340906,0.0,22
22_417,2017,0.3882284716175377,0.051472507770639664,2017-18,0.0435293092534945,222391744,0.0153856520860774,0.9564706907465054,0.0281436571674171,9.798127036878302,18000.0,1.0,4933.0,283.98022547874996,202.93864997134028,0.0,22
23_418,2017,1.3780689848905463,0.2188191117489542,2017-18,0.0768153454692134,161330642,,0.9231846545307866,0.0768153454692134,7.313220387090301,1500.0,1.0,13741.0,738.4858975303474,173.94966070554008,1.0,23
23_419,2017,0.5386700082518349,0.08362805951470571,2017-18,0.228957893527468,164782932,0.202247087095161,0.771042106472532,0.0267108064323069,8.570508240687781,5273.809473728493,4.0,53538.0,844.3961268555114,210.42318125564657,1.0,23
23_420,2017,1.8514028234304065,0.24428857599965675,2017-18,0.0580562571212513,391073299,0.0257251007054818,0.960025289983208,0.0323311564157695,,,,51875.013935701325,921.6169866188627,264.016642773145,1.0,23
23_421,2017,0.6257896833841536,0.0865389179436873,2017-18,0.1958353972347404,268694198,0.1431985516858834,0.8041646027652596,0.0526368455488569,9.87024890970896,19346.153820008796,9.0,140800.0,859.4488765673054,257.4300322221346,1.0,23
23_422,2017,0.7014697346256823,0.10073142568651236,2017-18,0.4070662395674499,210391395,0.1389211236514687,0.59293376043255,0.2681451159159813,8.393483670449116,4418.182407385737,4.0,28778.0,885.8153004829348,295.84290173331027,1.0,23
23_423,2017,0.6315092331427584,0.10189608449140888,2017-18,0.0458550034813231,93833577,0.0769230515854566,0.9541449965186768,0.0412365506754367,9.210340371976184,10000.0,2.0,44119.67458432304,798.6214323727054,260.5423389840508,1.0,23
23_424,2017,1.4134977883433142,0.2049930715421349,2017-18,0.2118744227182667,290438776,0.0467026861454615,0.838289534938156,0.1651717365728053,9.563113722757896,14230.085830979844,6.0,47861.0,894.7865112043021,374.3657342930625,1.0,23
23_425,2017,1.001774806906467,0.13352828623255814,2017-18,0.3433597758485641,413489031,0.059164991489218,0.6566402241514359,0.2841947843593461,8.135403050677754,3413.1914807157377,11.0,87107.0,852.7986356669454,400.7541369747435,1.0,23
23_426,2017,1.4683665350770703,0.20204045643939458,2017-18,0.2474068039324652,123931624,0.1303077897212095,0.7525931960675348,0.147202132962895,,,,38663.0,786.6614942509561,372.59797968143675,1.0,23
23_428,2017,0.5851732199962919,0.0778196280690842,2017-18,0.495599631793415,401047689,0.0703118351593343,0.5044003682065851,0.4252877966340806,8.849131970349864,6968.337620443617,22.0,117764.0,765.8002765252564,293.01132086523114,1.0,23
23_429,2017,0.9507870383961881,0.1293245505221128,2017-18,0.3543876054628114,258943884,0.069240778052128,0.6456123945371887,0.2851468274106833,9.587114987621415,14575.757575757576,6.0,130675.0,741.4323444243237,407.6526582567796,1.0,23
23_430,2017,1.2645096781928944,0.17708227117593964,2017-18,0.3417088717048486,87980215,0.2102755147847729,0.6582911282951514,0.1314333569200757,,,,85297.0,699.178501920875,445.2502339368597,1.0,23
23_431,2017,0.9001208463703327,0.11859293551849043,2017-18,0.0520176306749177,148690394,0.0419789391371173,0.9711435426088616,0.0102839575699259,,,,20820.0,671.4237285638956,311.168270286054,1.0,23
23_432,2017,0.8850015254766292,0.11504205051078752,2017-18,0.1972911096605841,496325370,0.0287801004409667,0.8027088903394158,0.1685110092196173,9.16812477924614,9586.63077501376,5.0,36403.0,521.9603520817745,216.88801818771822,1.0,23
23_433,2017,0.6901268439372016,0.09235853095906765,2017-18,0.8765689859457275,412048863,0.3847645612845678,0.1234310140542725,0.4918044246611596,9.365708762386928,11680.881943430608,17.0,64023.431012817295,535.2350107629783,168.2217427922334,1.0,23
23_434,2017,0.7731627413033095,0.10497354946238402,2017-18,0.5530976914211687,266453929,0.1230836795054352,0.4469023085788313,0.4300140119157334,9.661270213525375,15697.711455180504,12.0,71847.74300137418,491.67405387856905,114.68557071139026,1.0,23
23_435,2017,1.0999387066888613,0.1507286282339171,2017-18,0.0090317892938173,132555351,,0.9909682107061828,0.0090317892938173,,,,146569.86819618678,548.2717565875937,69.14404460541583,1.0,23
23_436,2017,1.4007906731134334,0.18551683453291948,2017-18,0.1993531466286975,178681298,0.0448392310201373,0.8006468533713025,0.1545139156085602,,,,54713.0,611.174060528475,105.50236527847778,1.0,23
23_437,2017,1.6398996435201114,0.22145041272082192,2017-18,0.4374463405913909,30050648,0.0225400131138603,0.5625536594086091,0.4149063274775306,,,,94983.07495741057,547.0228709673953,60.428163771743726,1.0,23
23_438,2017,1.397427612818011,0.19031827798529963,2017-18,0.2545354413495611,209040516,0.0904340955606902,0.7454645586504388,0.1641013457888709,9.07680897935166,8750.0,2.0,89930.0,444.61298261497285,69.92679912996181,1.0,23
23_439,2017,1.0734592920509243,0.16078769131328077,2017-18,0.730474247412424,639233978,0.1668537337982368,0.269525752587576,0.5636205136141872,9.525537308865395,13705.291921370224,23.0,266576.0,501.6558547642343,7.633678006840862,1.0,23
23_440,2017,0.5217599454353832,0.07049910175955902,2017-18,0.1838281633193214,98422525,0.1094091418605649,0.8161718366806785,0.0783205559064979,,,,72070.0,434.28991555693176,75.67581466678692,1.0,23
23_441,2017,0.8699193738060482,0.11968984854946585,2017-18,0.4076992266204474,122850287,0.2291550853275581,0.5923007733795527,0.1785441412928892,8.153678389695534,3476.1421828142866,4.0,38633.0,375.1360321363367,118.64549101237344,1.0,23
23_442,2017,0.8659485101456654,0.11873465261782533,2017-18,0.0688923616608395,96480725,0.0303163041115207,0.9311076383391604,0.0385760575493187,,,,47912.62264489503,658.7277347861284,152.0261146028155,1.0,23
23_443,2017,0.718267955222886,0.09161654415302485,2017-18,0.1194133444952893,184125435,0.0590559761248428,0.8870973201698699,0.0607907973170572,,,,57680.0,730.9119221230544,233.9145253490377,1.0,23
23_444,2017,0.8126671258003105,0.11632542716880741,2017-18,0.2077290318401779,361357497,0.1246734808991661,0.7922709681598221,0.0830555509410117,9.139466032389526,9315.78947368421,2.0,146168.39309791333,669.4855426883298,175.11452479893916,1.0,23
23_445,2017,0.8606936602665293,0.12839725304339875,2017-18,0.0966508943576476,725759937,0.0118241453716396,0.9033491056423524,0.084826748986008,8.88875674784872,7250.0,2.0,45857.17836555685,612.9350828702079,131.29836239514245,1.0,23
23_446,2017,1.474167524503594,0.24007446731931592,2017-18,0.4240494754122095,181912259,0.1040502608458069,0.5759505245877904,0.3199992145664025,8.972051679294278,7879.751755876056,5.0,43236.81589401015,702.7597741711535,233.64902371049206,1.0,23
23_447,2017,0.6626299593883819,0.08473679369018917,2017-18,0.1932827010923924,395929411,0.0705139027926369,0.8067172989076076,0.1227687982997555,8.708074944951223,6051.581639960863,6.0,68175.13113481361,597.1933572982515,147.1320368000022,1.0,23
23_448,2017,1.0597728851623165,0.14391033631115166,2017-18,0.1692011653191771,143759069,0.0505822766562296,0.883146307259376,0.1186188886629475,,,,25070.0,557.2782307082638,138.01634476863086,1.0,23
23_449,2017,1.0871003969479658,0.1480206067951623,2017-18,0.2443000034648387,352599381,0.0923475245692504,0.7556999965351613,0.1519524788955883,8.393132267355288,4416.630117174445,3.0,55443.0,650.127252326072,192.3787479377993,1.0,23
23_450,2017,1.0471672276858883,0.14496621265876647,2017-18,0.2729412568460189,403869394,0.0685759367049239,0.7270587431539811,0.2043653201410949,9.76970148644712,17495.543781835855,10.0,49702.0,720.1822737058008,312.8295465792877,1.0,23
23_451,2017,0.6073887349286358,0.08187263582513692,2017-18,0.2532091811130937,317336250,0.173038995702508,0.7467908188869061,0.0801701854105857,9.496666932321547,13315.272082468717,8.0,237664.21021574773,688.8165466577572,243.85493381192234,1.0,23
23_452,2017,1.235683977620082,0.1793690462058448,2017-18,0.5290802756059634,294098571,0.2424189337526567,0.4709197243940365,0.2866613418533067,8.907389103835477,7386.350905547469,11.0,51326.0,711.1419775164692,194.34549704923728,1.0,23
23_453,2017,0.4313796843838659,0.082134013283293,2017-18,0.3463726734750812,204275751,0.1808817631026602,0.6536273265249187,0.165490910372421,8.934362733203765,7588.29898939592,19.0,16281.0,607.9655114802829,238.07700301467898,1.0,23
23_454,2017,1.1005115039764977,0.1515839683887091,2017-18,0.3909651510622621,213166641,0.1301049116779956,0.6090348489377378,0.2608602393842665,8.294049640102028,4000.0,1.0,36307.0,606.428347965178,215.3392831585278,1.0,23
23_455,2017,1.1328372229282724,0.1551385440922529,2017-18,0.3692489583581594,316493383,0.0649508871406641,0.6307510416418406,0.3042980712174952,8.68008345884375,5884.537687554124,7.0,84231.0,659.2134296008163,108.55189208202844,1.0,23
23_456,2017,0.8874581991946933,0.11863211960683125,2017-18,0.1856225645071069,402176035,0.0414279334172659,0.8143774354928931,0.144194631089841,8.710349370121675,6065.3611738830905,8.0,56919.0,620.8235170369253,140.95618568229648,1.0,23
23_457,2017,1.1584398656707964,0.16134771304707046,2017-18,0.74950818392999,314147421,0.3633659561381533,0.25049181607001,0.3861422277918366,9.539451641727156,13897.324821720298,30.0,85177.0,543.2453084385568,141.49993451201777,1.0,23
23_458,2017,0.8402540593049788,0.1239351152283722,2017-18,0.3777584596720797,535183599,0.13658251324701,0.6222415403279202,0.2411759464250697,9.225236073847324,10150.071957435586,20.0,46760.0,717.6976237077965,240.3168370524989,1.0,23
23_459,2017,0.6265687524685843,0.11172217323052752,2017-18,0.4585976144498422,195345966,0.1067354214010234,0.5414023855501577,0.3518621930488188,9.656509386032084,15623.154974994715,6.0,28245.491577335375,784.5036474828918,287.82624168053934,1.0,23
23_460,2017,1.1632256597992758,0.1579679058332676,2017-18,0.1218414595913624,846580510,0.008880654481403,0.8781585404086376,0.1129608051099593,9.181917988205006,9719.77732464575,7.0,35847.0,632.5998642099526,322.56524493900406,1.0,23
23_461,2017,0.7969517362052791,0.10929674064779889,2017-18,0.0627445772440721,460909090,0.0194304325351717,0.937255422755928,0.0450601397338464,8.987196820661973,8000.0,2.0,31908.0,581.9987581823731,266.74946825230745,1.0,23
23_462,2017,1.1924674036590488,0.15468049338057285,2017-18,0.2167209141539519,231030670,0.0625312474746318,0.8268356849378651,0.1541896666793201,,,,33205.80800385728,642.366165053574,392.7255257492918,1.0,23
23_463,2017,1.1391082775906822,0.13934987998327666,2017-18,0.5428283217253127,168816608,0.0781819049462242,0.4571716782746873,0.4646464167790884,8.779557455883728,6500.0,1.0,26834.0,598.953771220345,409.9659055968412,1.0,23
23_464,2017,0.448625316271315,0.06120002083293724,2017-18,0.295188831255994,268704377,0.1966745818956272,0.704811168744006,0.0985142493603667,9.509726828467151,13490.30864482037,14.0,20060.0,447.9841575540325,116.0120666242533,1.0,23
23_465,2017,0.9180421350487542,0.12229699398401668,2017-18,0.2365779887538486,104694127,0.0764571675092203,0.826048062069327,0.1659173489263633,,,,13343.0,393.7500240586371,147.13216070833815,1.0,23
23_466,2017,0.6321827461998943,0.09039672294724611,2017-18,0.3607412534706215,237239928,0.0713091305608556,0.6392587465293785,0.2894321229097658,9.464227636467188,12890.26477020193,3.0,48001.0,493.77666074651256,108.58061593535511,1.0,23
23_467,2017,0.28460802066381075,0.03961748665876242,2017-18,0.2865715994595915,96218317,0.2202360908058701,0.8214930973396765,0.5042734961702828,8.006367567650246,3000.0,3.0,47272.0,439.7220273974452,147.6448681441295,1.0,23
24_468,2017,0.5311527063108593,0.07915223114901412,2017-18,0.1341464041958253,18079113,0.0243903005639712,0.8658535958041746,0.109756103631854,,,,128778.0,72.8027733217326,72.8027733217326,1.0,24
24_469,2017,0.9762909370267076,0.1360973757794275,2017-18,0.3047749312175716,263317615,0.0869438263748515,0.6952250687824284,0.21783110484272,9.689790698212914,16151.863325911583,3.0,114716.0,228.53376889362778,228.53376889362778,1.0,24
24_470,2017,0.47883378948559546,0.07309679386161408,2017-18,0.3566065119130805,639949758,0.0355186539503308,0.6433934880869194,0.3210878579627496,9.720288594229473,16652.049721524247,25.0,73744.31328320802,174.74716450192736,174.74716450192736,1.0,24
24_471,2017,1.1693512987407073,0.19182308557912733,2017-18,0.494365658325798,472549262,0.0582730589472383,0.505634341674202,0.4360925993785596,9.333994909149936,11316.248691392158,21.0,148948.0,234.31024789815916,206.97870745263376,1.0,24
24_473,2017,1.042275785395741,0.14602655143217683,2017-18,0.6530930138190962,185716920,0.0536771986095827,0.3469069861809037,0.5994158152095135,9.353272775030751,11536.518156914002,8.0,88293.90021196804,249.8940956930157,168.920879824263,1.0,24
24_474,2017,1.495784338042389,0.20832548268744813,2017-18,0.5772524416590427,219182425,0.0200920260828394,0.4227475583409573,0.5571604155762032,9.107715919340976,9024.658285131927,6.0,556289.9502647419,201.46757510655982,114.94871522851703,1.0,24
24_476,2017,1.8182713869578433,0.24699694746863107,2017-18,0.543536353190466,668324133,0.0399112790978625,0.4564636468095339,0.5036250740926035,9.504126048677977,13414.963589301266,27.0,301943.0,98.11767419220972,75.88884002562182,1.0,24
24_477,2017,0.7175502204608218,0.11328009043532113,2017-18,0.6574972907123239,1046771454,0.1682990115242481,0.342502709287676,0.4891982791880757,9.485803151986287,13171.400799460109,44.0,126371.60621803718,87.25059775621835,27.885090381182884,1.0,24
24_478,2017,0.7941512743680551,0.12563481684039668,2017-18,0.0273196928662418,607081166,,0.972680307133758,0.0273196928662418,7.600902459542082,2000.0,2.0,42010.0,153.282175914867,93.19424072357646,1.0,24
24_479,2017,0.4558793772919465,0.06383354131411607,2017-18,0.4282508491431322,343768605,0.0774259883330532,0.5717491508568677,0.3508248608100789,9.534215955025996,13824.752930592971,6.0,155212.0,196.56655427570837,144.79547816622912,1.0,24
24_480,2017,2.8180628762305306,0.3704576593196495,2017-18,0.2063659471043829,494975869,0.1253128584335088,0.7936340528956171,0.0810530886708741,8.41006743618228,4492.063428942981,4.0,101305.0,202.86747477645366,140.48889277240482,1.0,24
24_481,2017,3.0599901983483413,0.409814315929045,2017-18,0.3565609126466866,115650450,0.1387344856332382,0.6648208855228845,0.2222883698247607,,,,206968.0,219.03106171421706,72.58472707029456,1.0,24
24_482,2017,0.8043025125831573,0.11322698244537252,2017-18,0.1332339176166881,248279992,0.0124390329447086,0.8667660823833119,0.1207948846719795,9.159047077588632,9500.0,1.0,107732.0,264.67363933048495,83.7923923288193,1.0,24
24_483,2017,0.2640836972547172,0.037882689564111775,2017-18,0.5461015349049992,430220307,0.0105691036104439,0.4538984650950007,0.5355324312945553,9.075888669629224,8741.950994285904,3.0,119454.0,281.67721956214996,135.50834670202957,1.0,24
24_484,2017,0.9775974373786788,0.13251740966978726,2017-18,0.5193761514263222,456985384,0.0537585136420905,0.4806238485736778,0.4656176377842316,9.092222495564195,8885.91302486493,20.0,91549.0,346.60958120779344,171.7881839396959,1.0,24
24_485,2017,0.5222383096429724,0.07544253683898337,2017-18,0.9093183375254074,945117289,0.3447710837506433,0.0906816624745926,0.564547253774764,9.909308687758156,20116.762219060467,68.0,47156.0,392.29092223444127,170.15801047826758,1.0,24
24_486,2017,1.6304588498925245,0.252405192965394,2017-18,0.9334255405985972,1841137639,0.8363309121399153,0.0665744594014027,0.097094628458682,10.001772284649896,22065.537574957427,63.0,297652.66869882913,344.34183864224224,114.44597562782047,1.0,24
24_487,2017,1.269766579672117,0.1642542993434403,2017-18,0.5947314077357888,902373606,0.148827945661345,0.4052685922642112,0.4459034620744437,9.79033700279692,17860.32413276569,27.0,24497.0,311.56042536618247,100.80822091750505,1.0,24
24_488,2017,1.6771027716038305,0.31746869199279626,2017-18,0.3848956919065867,326188447,0.018017630916771,0.6151043080934132,0.3681015532717503,,,,148824.0,303.6373536660073,38.65601246973148,1.0,24
24_489,2017,0.6538933242086683,0.08935873118713179,2017-18,0.6053090144894581,326132280,0.5559029146087594,0.4873761423434062,0.0494060998806987,9.210340371976184,10000.0,1.0,8673.0,216.42966313308438,99.1491144503402,1.0,24
24_490,2017,2.1149027250044354,0.29190359415738065,2017-18,0.3136426240499014,309107521,0.0142154187605688,0.6863573759500986,0.3036197071374397,8.699514748210191,6000.0,1.0,103374.0,203.64578836322335,50.35614239637566,1.0,24
24_491,2017,2.510942857368955,0.375953344206945,2017-18,0.2697174016787034,84367734,0.2514603390912455,0.7302825983212966,0.0182570625874579,,,,140357.0,160.9152420227983,90.7616136734688,1.0,24
24_492,2017,2.5773825922212987,0.33440541609366103,2017-18,0.4805193198769909,349812838,0.0278636375333159,0.5194806801230091,0.4597370094233077,9.420104675071542,12333.873201212744,14.0,824466.0,252.43665480655807,25.29180821897655,1.0,24
24_493,2017,1.4873381441897213,0.20075665191740158,2017-18,0.6481804817208403,173762173,0.43155306880284,0.5961934735804325,0.2166274129180002,9.522391762603672,13662.249023804405,9.0,39468.0,254.00069121284858,81.51861739803631,1.0,24
25_494,2017,0.24455293504305417,0.031090201608935407,2017-18,0.9102769874707508,25774090,0.8191233909713205,0.1879480829292127,0.0911535964994302,9.740968623038354,17000.0,2.0,6152.0,258.5567263591695,196.29274564024874,0.0,25
25_495,2017,5.696321848778812,0.8572849202791374,2017-18,0.5930875964003384,1769833,,0.4069124035996617,0.5930875964003384,,,,53693.0,159.75487400063938,86.51210188593433,0.0,25
26_496,2017,3.7698173176695873,0.6471383778967598,2017-18,0.8722811973603244,37133350,0.8433566053157068,0.1277188026396756,0.0289245920446175,8.92665032079394,7530.0,4.0,51726.0,,,,26
27_497,2017,0.22784003193230334,0.03035364497217791,2017-18,0.6196249383894693,1120141300,0.4950097429672488,0.3803750616105307,0.1246151954222204,9.631424879539091,15236.13029792408,59.0,53308.0,311.67587806507254,145.97047829609335,1.0,27
27_498,2017,0.40295525034070395,0.04970085576585781,2017-18,0.6710980100546987,629276141,0.4559352441744649,0.3289019899453013,0.2151627658802338,9.24686219089604,10371.969342876491,28.0,102321.0,290.33723121539043,154.23759068225965,1.0,27
27_499,2017,0.5098094314392007,0.0707232390109709,2017-18,0.3015770682604605,243873274,0.240242979638679,0.6984229317395394,0.0613340886217814,8.850821136164761,6980.118245051792,6.0,208658.0,339.57123897611933,116.1703097662981,1.0,27
27_500,2017,0.3096390329327445,0.04739252903239779,2017-18,0.5257841339115056,585480864,0.0922296462963476,0.4742158660884944,0.4335544876151579,8.9108607191825,7412.038036830571,9.0,124569.0,395.3572705611326,129.278200777912,1.0,27
27_501,2017,0.39422141808369265,0.04989454758571962,2017-18,0.2195978352941897,306841695,0.0881370506051988,0.7804021647058103,0.1314607846889908,8.888350567346633,7247.055789340823,7.0,135773.0,466.23371155624966,199.48556963888842,1.0,27
27_502,2017,0.2886557905255078,0.03873343954661686,2017-18,0.0792061115645607,71328511,0.0792061115645607,0.9207938884354392,,,,,54286.0,462.7359698489901,196.76341938302852,1.0,27
27_503,2017,0.44752511817331025,0.06480893871305277,2017-18,0.2574419876742882,596179770,0.1357615002602319,0.7425580123257117,0.1216804874140563,8.83225001569602,6851.6858858389105,11.0,172314.3853656538,534.5293544383818,154.5686461438923,1.0,27
27_504,2017,0.4942050446350368,0.06110995237565305,2017-18,0.3697703254482962,346303887,0.2552044586204717,0.6302296745517036,0.1145658668278245,9.309331118772477,11040.560834557737,8.0,112245.0,586.5173499564204,63.682176024732954,1.0,27
27_505,2017,0.8244000499444192,0.10987721625697547,2017-18,0.1280936302598857,373877420,0.065792496909816,0.9107921600172684,0.0623011333500696,,,,471334.0,571.3081101711949,3.285574203867141,1.0,27
27_506,2017,0.7594865713779253,0.09881851575100176,2017-18,0.4918474242082488,266215679,0.2912842109498742,0.5081525757917512,0.2005632132583746,9.210340371976184,10000.0,1.0,100261.0,518.4682229003405,67.6146691606184,1.0,27
27_507,2017,0.6935707467724646,0.09356746164414183,2017-18,0.6253990616972724,247740514,0.2599020562296887,0.3746009383027275,0.3654970054675837,9.0807677069456,8784.707519928761,12.0,100950.0,488.86718763358874,90.01080889994383,1.0,27
27_508,2017,0.39828381432142707,0.050495782224277,2017-18,0.1622196751525401,180275136,0.0730764002862824,0.8430607075662819,0.0891432748662577,,,,60122.0,,,,27
27_509,2017,0.527602511012892,0.06992945058374378,2017-18,0.6736832261052004,179758329,0.4776289392409739,0.3263167738947996,0.1960542868642264,9.35010231435134,11500.0,2.0,144019.0,472.6345392857073,117.60898396221675,1.0,27
27_510,2017,0.3253160842160452,0.04018555086085571,2017-18,0.2786892108231782,719561541,0.2274317354045468,0.7213107891768218,0.0512574754186313,8.843024396235998,6925.907685856382,6.0,160581.13958728654,552.5899914059488,149.41796617874758,1.0,27
27_511,2017,0.3173948943548687,0.04274912642789629,2017-18,0.3922886167400181,781984995,0.1621957055582633,0.6077113832599819,0.2300929111817548,9.521012465070712,13643.417707410792,38.0,146177.0,485.0241059056837,249.50536118566367,1.0,27
27_512,2017,0.5028063203385871,0.06756003954486155,2017-18,0.237270300505725,117260761,0.2080581585173236,0.7860267621466319,0.0301044071021954,,,,36461.0,437.75554806680714,185.19260311661986,1.0,27
27_514,2017,0.6432226988270316,0.06529878603269133,2017-18,0.5767516649494273,401673762,0.1211793639635341,0.4232483350505727,0.4555723009858931,9.101476631969732,8968.5261430422,7.0,149978.0,327.8450090570638,66.09366462510283,1.0,27
27_515,2017,1.4786171363535474,0.30536183748469337,2017-18,0.1811000024467418,512150479,0.0750104033388983,0.8188999975532582,0.1060895991078434,,,,233743.0,267.2933281051117,17.3280251518965,1.0,27
27_516,2017,1.073254489878907,0.15646661353980706,2017-18,0.8344446727879995,1530340251,0.419105921432109,0.1655553272120005,0.4153387513558905,9.673402545629282,15889.321290600741,52.0,383465.0,183.96357179912962,137.27799530773794,1.0,27
27_517,2017,1.5354608710845867,0.2322703413350431,2017-18,0.3739293661129261,521968697,0.2870263980600354,0.6260706338870738,0.0869029680528907,10.080906224026196,23882.618741267856,32.0,1028230.9025899771,73.91903387051401,62.86663341726272,1.0,27
27_520,2017,1.3144171101982496,0.21941386590299497,2017-18,0.7527606503566241,1670177007,0.5850114466340512,0.2472393496433758,0.1677492037225728,9.841463543615616,18797.2064297691,41.0,229338.0,54.92422038374899,54.92422038374899,1.0,27
27_521,2017,1.7235386805590505,0.24148665951769877,2017-18,0.7876346607132224,308641058,0.4899581215147338,0.311049776349339,0.2976765391984886,,,,940837.0,123.9660375187954,119.17662332255172,1.0,27
27_522,2017,1.1281388675109754,0.1495328994182862,2017-18,0.3025151339756703,232383088,0.1037920926500469,0.6974848660243296,0.1987230413256235,8.949070518174407,7700.730844243054,6.0,316577.0,181.67568953057352,100.46200934436611,1.0,27
27_523,2017,0.4602113795395268,0.05971414413719794,2017-18,0.5686845438105617,383257492,0.3005363193265378,0.4313154561894383,0.2681482244840239,9.965181102894473,21272.726876054792,3.0,140624.0,303.34253623463525,116.45078663051528,1.0,27
27_524,2017,0.5382449173139584,0.08330430557094065,2017-18,0.211280270221999,282625694,0.1021711529171866,0.788719729778001,0.1091091173048123,9.538840181917422,13888.829763587,4.0,150092.0,403.11307150707927,221.88713474548672,1.0,27
27_525,2017,0.40825861054844387,0.05512739548181285,2017-18,0.9583367690031884,2021791565,0.5559688290617634,0.0416632309968114,0.4023679399414251,10.237450873937092,27929.83842535787,145.0,119523.0,332.33320422441494,197.5021570620469,1.0,27
27_526,2017,0.5514836275347051,0.0745925773120566,2017-18,0.4111392921024375,856359355,0.2597872525138702,0.5888607078975624,0.1513520395885673,9.32141764880689,11174.812589279729,17.0,310773.0,293.04701490845815,227.886281889795,1.0,27
27_527,2017,0.5808963819968594,0.07498105146917436,2017-18,0.2686999938427787,501979684,0.1962530300329843,0.7313000061572213,0.0724469638097943,10.087901214501178,24050.263083601832,7.0,220239.0,189.49884942074942,189.49884942074942,1.0,27
27_528,2017,0.6707936492279827,0.08157792175663375,2017-18,0.20559925886333,805340262,0.1152635406175681,0.8640685505357389,0.0903357182457618,9.492734799409655,13263.017466259147,17.0,161039.60583941606,190.61438690425285,190.61438690425285,1.0,27
27_529,2017,0.5365028194093521,0.06270030703366349,2017-18,0.3836780485569279,285011153,0.1057785622866484,0.6163219514430721,0.2778994862702794,9.535785071150045,13846.46260137027,9.0,74544.0,79.96979503794675,318.5604152113884,1.0,27
27_530,2017,1.16116151911139,0.17384251772490203,2017-18,0.2316269218751047,425160237,0.1227456696520752,0.7683730781248953,0.1088812522230295,9.963076854816356,21228.010844720815,4.0,385152.0,122.36451796364415,299.1762960856116,1.0,27
27_531,2017,0.48973916028341175,0.05973822660584597,2017-18,0.2215805229849947,744664539,0.067797857096563,0.7784194770150052,0.1537826658884316,9.165695038775173,9563.366025336943,5.0,195320.0,212.92019901760355,276.53261825240895,1.0,27
28_532,2017,0.7566616183966232,0.10032241277395583,2017-18,0.3208135026078509,379919913,0.0872941766545414,0.6791864973921491,0.2335193259533095,9.29665572075167,10901.500515897877,12.0,145997.21215754125,473.73780519395194,205.82071550265306,1.0,28
28_534,2017,0.5113070153816973,0.06935806054437267,2017-18,0.4526921974093169,803091275,0.228165956603127,0.5473078025906831,0.2245262408061898,9.853594500576165,19026.62324127016,20.0,303455.0,425.4211407708935,282.98487522917355,1.0,28
28_535,2017,1.5141823587188998,0.2459487479929064,2017-18,0.505645701094951,948615311,0.0818270832232013,0.4943542989050489,0.4238186178717497,9.609334144156422,14903.243371071438,24.0,272955.0,523.6035602573689,365.96796508937086,1.0,28
28_536,2017,0.4495804030897233,0.06319573554706237,2017-18,0.6530182661423731,864251503,0.1867100287819806,0.3469817338576269,0.4663082373603925,9.416988999557972,12295.504657496664,20.0,1128844.0,498.49247559728013,385.13504853607594,1.0,28
28_538,2017,0.714022058243355,0.112032827691505,2017-18,0.5464432940386608,1447088614,0.3273178355613819,0.4535567059613393,0.2191254584772788,9.177039919019531,9672.47903434566,58.0,282458.0,430.4410322501007,322.60100669705923,1.0,28
28_539,2017,0.9877883210759675,0.1437158263206395,2017-18,0.2745953959538115,634389726,0.0905445558870857,0.7254046040461885,0.1840508400667257,9.256198114684118,10469.254675810364,6.0,305243.0271976688,417.6573732509604,311.2196225791132,1.0,28
28_541,2017,0.33285799226728735,0.05434142629679173,2017-18,0.4208258085076864,463545624,0.2465780844044814,0.5791741914923136,0.174247724103205,10.295360437628656,29594.992024262,3.0,233161.0,265.19395920850224,176.70339605001337,1.0,28
28_545,2017,0.5175432874838612,0.07036668204989997,2017-18,0.6622407447213221,835770350,0.2069098287585818,0.3377592552786779,0.4553309159627402,8.90639671951991,7379.024442694209,28.0,495531.8316326531,137.75134663099604,32.88257551955727,1.0,28
28_547,2017,0.5357699886460111,0.08148013385363095,2017-18,0.4080958347404533,572842622,0.2664219475624144,0.5919041652595466,0.1416738871780389,9.48649640230724,13180.535043084528,3.0,504040.0,282.1487663333613,159.32387565123494,1.0,28
28_548,2017,0.23639284570105348,0.030016518645140055,2017-18,0.4954878312254986,459353939,0.1801451681706434,0.5045121687745013,0.3291687153683034,9.585425681737084,14551.155448825848,3.0,398604.342665248,341.0491232062589,224.84761524033797,1.0,28
28_552,2017,0.5578583773534986,0.0802389613943087,2017-18,0.3377728052242164,584737794,0.0797067120994063,0.6622271947757835,0.25806609312481,8.668143835237021,5814.696292134314,8.0,330794.41824357107,357.2354233781174,264.3909913869147,1.0,28
28_553,2017,0.4349992305260112,0.07058814313853566,2017-18,0.3312434752392907,355961330,0.1206242149954884,0.6687565247607092,0.2106192602438023,9.957134373252003,21102.237853587892,5.0,482626.0,327.6463586738591,228.04752258685613,1.0,28
28_554,2017,0.6153919386096774,0.0677701258478799,2017-18,0.5538792837720188,1526871930,0.1696287965684194,0.4461207162279812,0.3842504872035993,9.4881409759531,13202.22923761548,17.0,412579.0,142.31439748715255,105.61593552751559,1.0,28
29_555,2017,1.0702100951711002,0.14663700961072834,2017-18,0.4164790764835254,116765172,0.3080703807810089,0.5835209235164746,0.1084086957025165,7.600902459542082,2000.0,1.0,341973.2119235437,133.39647903986338,352.3294101120863,1.0,29
29_556,2017,0.53171553590658,0.06933360879336346,2017-18,0.6980429122211045,1174072530,0.6864755348632507,0.3019570877788955,0.0115673773578536,9.342366749147896,11411.384188742844,36.0,136958.0,213.01173555218006,356.70810790076746,1.0,29
29_557,2017,0.568771136190725,0.07612184172714441,2017-18,0.5282968821251145,356274976,0.50385663909216,0.4717031178748855,0.0244402430329544,8.496544663984713,4897.815968320176,4.0,105077.0,273.6732840051357,342.2066754812153,1.0,29
29_558,2017,0.5282263332119109,0.07458538083440851,2017-18,0.6029793913753575,216963775,0.5522622981647513,0.3970206086246425,0.0618752864827768,9.475495243157397,13036.328553054747,2.0,89882.0,455.8640044250549,286.44714436889035,1.0,29
29_559,2017,0.46803277123271647,0.06338773225007582,2017-18,0.3190758398203893,252906071,0.2418146854212922,0.697131880586879,0.0791001656459781,9.816476175546498,18333.333333333332,6.0,95545.0,336.4248467561015,349.6194260812389,1.0,29
29_560,2017,0.6004114073265362,0.09068858807997085,2017-18,0.7995805481496852,514736554,0.7655799533522152,0.2004194518503148,0.0340005947974699,9.364001245623545,11660.9536604816,24.0,78314.0,257.83779188888826,281.3971451921689,1.0,29
29_561,2017,0.7424853808341428,0.09348534028248506,2017-18,0.4185388492797971,163960813,0.4185388492797971,0.5814611507202029,,,,,86026.0,198.30552688665932,270.5153705967246,1.0,29
29_562,2017,0.968837679910969,0.12653575845822163,2017-18,0.5164334337934404,284818198,0.462103618814413,0.4835665662065596,0.0543298149790274,10.044697721087651,23033.333333333332,3.0,148301.0,143.78587688978374,274.42730695819336,1.0,29
29_563,2017,0.8250953635714474,0.10331691101520629,2017-18,0.8059816559580636,74613218,0.7620563155445192,0.250653144544167,0.0567473387848734,,,,102190.0,110.42503506890469,208.3392574067511,1.0,29
29_564,2017,0.5283109034355669,0.07434752411905017,2017-18,0.9665260143336658,1165417569,0.8546199246460819,0.0334739856663341,0.1119060896875839,10.047569092796978,23099.56563831569,45.0,91504.0,187.29297538275196,203.8795200440561,1.0,29
29_565,2017,0.3978737915904309,0.050103488457863825,2017-18,0.3459972009013975,435428748,0.3253203667664129,0.6540027990986025,0.0211377525950773,,,,177488.0,292.617050979756,236.26013238982023,1.0,29
29_566,2017,0.3796298399352103,0.04420349892483076,2017-18,0.6263201640513609,334849767,0.5945419517045685,0.373679835948639,0.0317782123467925,9.293662434674337,10868.917994912425,8.0,120203.0,231.4029726080631,135.818937273233,1.0,29
29_567,2017,0.5540793675445588,0.0708804742580951,2017-18,0.3494861968653189,492998160,0.3459185101218228,0.6505138031346811,0.004468197165668,9.228093634593074,10179.117885114165,8.0,106653.0,206.31221295745286,154.9991093076851,1.0,29
29_568,2017,0.6487558849867343,0.05853568819779536,2017-18,0.2225582714636647,403783748,0.156143746033087,0.7774417285363352,0.0664145254305777,9.135550052030256,9279.38036028816,7.0,180951.0,132.0160695423178,130.92123417054017,1.0,29
29_569,2017,0.5651876763390034,0.06605455083964505,2017-18,0.912359812584052,200583357,0.7552653932300076,0.0876401874159479,0.1570944193540444,,,,160877.0,60.77130924125416,61.05979023574643,1.0,29
29_570,2017,0.6022161904799104,0.06098979427152319,2017-18,0.4965867858198067,242422818,0.4965867858198067,0.6896150499064716,,,,,116827.0,113.91522877179005,65.52908834455647,1.0,29
29_571,2017,0.6885366950451082,0.09050454232813632,2017-18,0.7411784293279952,358549868,0.7139708778250059,0.2588215706720048,0.0357282322186838,9.548235408510084,14019.933376017763,12.0,223121.0,242.56591956557403,108.48805420673118,1.0,29
29_572,2017,1.251751878480547,0.1696510957817704,2017-18,0.6741123695827392,274335236,0.6280358677658163,0.3258876304172607,0.046076501816923,10.097060010130798,24271.54632518314,8.0,964145.5150305673,289.9867756047284,163.235893906426,1.0,29
29_573,2017,0.7636726892949028,0.12530365090130624,2017-18,0.7541941171030924,164780926,0.7541941171030924,0.3483392714263036,,9.610335999507267,14918.181746984124,3.0,116646.0,220.8695366489399,88.45961660533177,1.0,29
29_574,2017,0.3556653509472427,0.042243049775460895,2017-18,0.6757958393448322,321829747,0.6684927201586496,0.3242041606551678,0.0083244528605549,9.305650551780507,11000.0,1.0,150910.0,143.36970700489485,2.4500514373290714,1.0,29
29_575,2017,0.38473786356816486,0.05015175656742447,2017-18,0.549047738233778,242817425,0.549047738233778,0.450952261766222,,,,,310886.9378717779,52.82608561207873,46.4335207257872,1.0,29
29_576,2017,0.33958158652570025,0.05478137488851545,2017-18,0.5590764032535718,629853020,0.508087016872603,0.4409235967464282,0.0509893863809686,9.371041012215864,11743.333680333464,17.0,35118.0,128.7257492344972,81.68976845021722,1.0,29
29_577,2017,0.3974615342141448,0.05642982200141268,2017-18,0.5946886518055112,716247224,0.5443009381911406,0.4053113481944888,0.0503877136143706,9.330567828679785,11277.533374651672,20.0,374394.0,196.40096315579765,96.24254187057059,1.0,29
29_578,2017,0.7304075028952145,0.093476858836084,2017-18,0.5700914821295825,355045845,0.5452305321302944,0.4299085178704175,0.0248609499992881,9.123328994986553,9166.666666666666,3.0,47510.0,,,,29
29_579,2017,0.5825437180796923,0.08647446585159073,2017-18,0.3078392263922475,173706222,0.2284920686375874,0.6921607736077525,0.07934715775466,,,,103933.0,382.37439203702286,326.3727218031852,1.0,29
29_580,2017,0.7442915544611244,0.10694481064460397,2017-18,0.5468769673212457,171163899,0.4649332158529527,0.4752663148900072,0.0859481906235578,7.656934124610198,2115.262346339052,2.0,45072.11650485437,355.57394617037147,390.4007763872305,1.0,29
29_581,2017,0.5637236007074852,0.08172789377726104,2017-18,0.2705879066919188,340014194,0.2380992129993255,0.7294120933080811,0.0365966391796842,8.199738960630786,3640.0,5.0,94368.0,222.2573863297476,187.24909593240173,1.0,29
29_582,2017,0.3715024702877302,0.046319751187541516,2017-18,0.2978023391368452,312942871,0.2978023391368452,0.8396451971186322,,9.767346061032056,17454.382828170103,5.0,72321.0,268.63061081433057,198.9401020251411,1.0,29
29_583,2017,1.0939578857378187,0.14783854612318317,2017-18,0.500175207053331,412885775,0.4743168955142617,0.4998247929466691,0.0258583115390691,10.06206364740863,23436.82183862073,16.0,82104.0,292.0115189341059,162.4995870767339,1.0,29
29_584,2017,1.2715402694463749,0.16578037583691713,2017-18,0.2160652965244588,396549008,0.1359572509635429,0.7839347034755412,0.0801080455609158,10.189151480405094,26612.903746712072,2.0,81667.0,277.81322749713024,139.9857748534425,1.0,29
30_585,2017,1.2000622506668486,0.1787778336440792,2017-18,0.8631942504175178,88590224,0.7433789647038256,0.1368057495824821,0.1198152857136923,10.280493930811003,29158.272166306193,13.0,111189.0,24.7830695167309,304.81309390094873,0.0,30
30_586,2017,0.679179841468994,0.08697301169801491,2017-18,0.9764822582821784,93130328,0.7624817449370521,0.0444178977227212,0.2140005133451264,9.943746770768392,20821.61212585169,11.0,75999.0,40.78063161978387,263.11944282504754,0.0,30
31_587,2017,0.42156398897608677,0.0422377152984044,2017-18,0.8328261940436362,1169304,0.4035716973515869,0.1671738059563637,0.4292544966920493,,,,8373.0,302.6181341703414,306.6445474541107,0.0,31
32_588,2017,0.4262520964790874,0.05888832635943145,2017-18,0.7321241892216761,311830765,0.5539609281335663,0.2678758107783239,0.1781632610881097,9.38436926564588,11900.899513895634,41.0,110925.0,64.64670274713392,60.089966142262526,0.0,32
32_589,2017,0.6676082829355933,0.09006702791600474,2017-18,0.779881618275335,551181360,0.6284429992335009,0.220118381724665,0.151438619041834,9.412467944142188,12240.04147011891,110.0,222924.0,129.94050522951346,125.2795242003749,0.0,32
32_590,2017,0.4280193074207626,0.05901939494055637,2017-18,0.7142961598439052,425197820,0.2377487142337653,0.2857038401560948,0.4765474456101398,9.771300235738629,17523.537141280816,23.0,61236.730595675166,195.4822064327977,143.43501772727024,0.0,32
32_591,2017,0.6500457732861844,0.08577107624839068,2017-18,0.8146266984840229,451784865,0.2735310865272125,0.185373301515977,0.5410956119568104,9.63637548440084,15311.745374399594,73.0,320920.90174746007,176.0233983698115,170.85366980016818,0.0,32
32_592,2017,0.5547212860730244,0.07628223063937196,2017-18,0.4416558910147501,149744227,0.0693796696416216,0.5583441089852499,0.3722762213731284,8.987196820661973,8000.0,3.0,290325.0,130.8417833730087,134.31063647166903,0.0,32
32_593,2017,0.5704884985569023,0.07743743697061134,2017-18,0.6772614090491218,359765740,0.1635448444868597,0.3227385909508782,0.5137165645622621,9.847596096093325,18912.835472838135,22.0,141472.15323977958,98.1405016948104,101.43942900548547,0.0,32
32_594,2017,1.0562127478526075,0.13900803943394452,2017-18,0.7143797391069209,382230377,0.3015342890970698,0.2856202608930791,0.412845450009851,9.480831210586295,13106.075896893451,20.0,304634.69821211486,56.98763411459274,60.45663125383095,0.0,32
32_595,2017,1.0684444442114358,0.15907742514291326,2017-18,0.7635026673755583,197019313,0.7360525665826476,0.2364973326244417,0.0274501007929105,9.722711687229364,16692.448111399983,25.0,469511.57756559027,25.08523361284546,26.749362194802675,0.0,32
32_596,2017,0.5304634875615089,0.07815863030488623,2017-18,0.58008877836665,87939667,0.4335740320690548,0.41991122163335,0.1465147462975951,,,,79529.7728722344,84.68169803331459,84.39011962888942,0.0,32
32_597,2017,0.8602489768247863,0.12041456646975446,2017-18,0.7793109008460625,423578085,0.5857367998630052,0.2206890991539375,0.1935741009830572,9.92973565083883,20531.912270208577,41.0,204431.99606377466,55.94661386146639,53.75157941116052,0.0,32
32_598,2017,0.7363667028330094,0.05698839722667791,2017-18,0.867400947556381,101409058,0.8341477346136081,0.132599052443619,0.0332532129427728,9.549072395379252,14031.672788341768,12.0,275262.4372419245,63.59926538826678,60.307704023086565,0.0,32
32_599,2017,0.39302902789824357,0.05026252578272709,2017-18,0.6609039678288625,403737045,0.306674290936072,0.3390960321711375,0.3542296768927904,9.510451739144951,13500.091459008609,45.0,113346.96432392823,105.56334267842631,103.09459863817825,0.0,32
32_600,2017,0.6021025535664493,0.077970425941794,2017-18,0.773681257511811,202585135,0.3161820288541901,0.2263187424881889,0.4574992286576209,9.73925500599986,16970.89345620287,13.0,362534.2792809571,130.8039729609851,127.83649218055487,0.0,32
32_601,2017,0.48329992728141985,0.06739898392934471,2017-18,0.7344350773569212,96166379,0.2752867610831016,0.2655649226430788,0.4591483162738196,,,,390791.9256148946,126.28923310504517,169.89648367856444,0.0,32
33_602,2017,1.5908444018413241,0.21452862472607906,2017-18,0.7971523939594151,119584379,0.6483327809897311,0.2028476060405849,0.1488196129696839,,,,262169.50473262323,39.938714286821174,39.938714286821174,1.0,33
33_603,2017,0.3979592044674777,0.05159247164880531,2017-18,0.928987962627984,358828488,0.2664294341089216,0.071012037372016,0.6625585285190623,9.967306385095158,21317.98550048357,7.0,879072.0,2.814717598175505,2.814717598175505,1.0,33
33_604,2017,0.917365937879664,0.14072428033512444,2017-18,0.6522309502961966,241333503,0.2988457429385592,0.3477690497038034,0.3533852073576373,,,,320394.0,55.3404703976831,7.474206143656266,1.0,33
33_605,2017,0.8793351194731361,0.1510029915602954,2017-18,0.5420537767207734,317165081,0.5255864468888364,0.4579462232792266,0.0212473233279269,9.392661928770137,12000.0,3.0,341423.0,139.86261597699783,96.64392590303119,1.0,33
33_606,2017,0.34947819959991294,0.04853019828388464,2017-18,0.4430232270364804,141058331,0.4105595223581654,0.5569767729635197,0.0343206890639372,,,,162356.0,139.73193540106263,86.42952469836438,1.0,33
33_607,2017,0.4059724187806588,0.05759475895716288,2017-18,0.8647398969346256,935433074,0.6818706743738676,0.1352601030653744,0.182869222560758,9.8924957265025,19781.367267077363,32.0,168521.0,162.42733569719903,107.54423598280202,1.0,33
33_608,2017,0.8756147860097862,0.12202233890153502,2017-18,0.573800115755339,133887561,0.1972602966454815,0.4261998842446611,0.3765398191098574,8.855551865365355,7013.217524391323,6.0,394452.0690902137,271.9261285352483,217.34197982386132,1.0,33
33_609,2017,0.4375889055855429,0.0719659856615596,2017-18,0.0316356941099611,83021507,0.0238486034709054,0.9683643058900387,0.0077870906390557,,,,269561.0,255.14840727875614,248.63263647139277,1.0,33
33_610,2017,0.4433367352598857,0.07022114136439313,2017-18,0.4155235204921549,801373091,0.1432163873343733,0.5844764795078451,0.2723071331577815,9.541528115566331,13926.212234746281,20.0,259204.0,214.0461463698021,216.8768606590276,1.0,33
33_611,2017,0.7060151462327277,0.08544970831484604,2017-18,0.5137705112503715,145716921,0.2860922860884268,0.5330105954452649,0.2527878831587445,,,,60569.0,171.30385969506148,174.68828350989506,1.0,33
33_612,2017,0.9076074268007762,0.12990540980024814,2017-18,0.585814855580406,396136552,0.1914967871987738,0.414185144419594,0.3943180683816322,9.847207979280656,18905.496507695905,6.0,199407.0,178.09981384179935,179.08198438836172,1.0,33
33_613,2017,0.711027850818289,0.08257768557997487,2017-18,0.4269820181830862,64426137,0.2673575322388179,0.5730179818169138,0.1596244859442682,8.944179403717975,7663.157650586275,3.0,113256.0,228.07980568829075,229.621111549995,1.0,33
33_614,2017,1.344657691776853,0.19993528285733422,2017-18,0.7838763036216814,413771597,0.2766029636393819,0.2161236963783186,0.5072733399822995,9.30987933395692,11046.6150970197,14.0,248385.0,242.1503410028748,251.43427839105732,1.0,33
33_615,2017,0.4565871107897935,0.06995368275764971,2017-18,0.1822431377858698,112144453,0.1742372759176952,0.8177568622141302,0.0080058618681746,,,,26629.0,250.3529996160049,196.08530144323188,1.0,33
33_616,2017,-0.00010995031435295773,0.0011707727161315556,2017-18,0.8908198176875074,320765841,0.1631981099882764,0.1091801823124925,0.727621707699231,9.662439627483794,15716.079315794486,6.0,47.0,240.52766951083777,189.11816958684219,1.0,33
33_617,2017,0.5703425696965075,0.0826010381528932,2017-18,0.7739537205986399,386515112,0.3307258785783258,0.2260462794013601,0.443227842020314,9.27674808895516,10686.623401353838,5.0,189268.8632072671,193.16644584817948,142.15517117927263,1.0,33
33_618,2017,0.5440196573043223,0.09579662752518711,2017-18,0.600574241863229,735254998,0.3415034493923971,0.3994257581367709,0.259070792470832,9.25308681885254,10436.732346906076,10.0,86404.0,,,,33
33_619,2017,0.598467891964834,0.11314071634896032,2017-18,0.9405488378948096,53506473,0.6561331373869476,0.1195297212485475,0.2844157005078619,9.814656338829511,18300.0,1.0,83403.0,264.51061555701716,232.04037903285894,1.0,33
33_620,2017,0.703126720185996,0.10874238560639884,2017-18,0.3586363946703731,275269854,0.3014122171184062,0.6413636053296269,0.0572241775519668,,,,178994.0,245.89761278759875,240.56422403445444,1.0,33
33_621,2017,1.2092375043920796,0.18389622124870858,2017-18,0.4403445308235531,276642766,0.0979589829578265,0.5596554691764468,0.3423855478657266,9.604758358185318,14835.205102122798,4.0,119740.0,196.60660633680777,286.86799462780067,1.0,33
33_622,2017,0.7381194460269044,0.12756559990586536,2017-18,0.5014416509177936,521599224,0.1369475024372352,0.4985583490822065,0.3644941484805583,10.126910812907896,25006.9937044946,12.0,77995.0,138.733666871003,258.1251244766917,1.0,33
33_623,2017,1.1098080777326003,0.17851294019256908,2017-18,0.349843791989522,160977660,0.2387958614878611,0.650156208010478,0.1110479305016609,9.16332320440037,9540.710183632384,3.0,310342.0,130.26941288911854,192.4982440757554,1.0,33
33_624,2017,0.45602389288306255,0.058273845588768,2017-18,0.8928936322953822,436137944,0.5170783329046922,0.1071063677046177,0.37581529939069,10.365429183041233,31743.053184455795,19.0,81473.0,130.00181327284088,129.84594652462997,1.0,33
33_625,2017,3.2294339311273634,0.4873943524905327,2017-18,0.8899156206726864,367671810,0.5819212003226465,0.1100843793273136,0.3079944203500399,9.81771294257948,18356.021422653143,3.0,282917.0,,,,33
33_626,2017,0.38136495293685013,0.0538422235976406,2017-18,0.3531567822792784,221658603,0.1014149764356315,0.6468432177207216,0.2517418058436468,10.308952660644293,30000.0,1.0,77147.0,96.55341250815934,272.39197058536917,1.0,33
33_627,2017,2.671731675864659,0.41662699683380133,2017-18,0.5873758925543332,93723426,0.063837540467204,0.4126241074456668,0.5235383520871292,,,,237770.0,20.279938969899117,225.46707876267493,1.0,33
33_628,2017,0.6135942179111723,0.08990641022877244,2017-18,0.7056021081864451,394179178,0.1933551269417888,0.2943978918135549,0.5122469812446562,8.891193556881031,7267.688408368029,15.0,350264.0,66.24137801807656,190.24633851724252,1.0,33
33_629,2017,1.011082764278671,0.15140377276736774,2017-18,0.6507930582843995,521484055,0.4730382427512573,0.3492069417156005,0.1777548155331422,10.082241082750231,23914.51995031411,6.0,159504.0,100.5870589290631,219.03656505735174,1.0,33
33_630,2017,0.48568650208584696,0.06644948565084023,2017-18,0.4893376296665142,328504628,0.1757621295977602,0.5106623703334858,0.3135755000687539,9.27221244338592,10638.262422310676,6.0,76450.0,250.33013052066738,198.2856283970831,1.0,33
33_631,2017,1.3614789265331355,0.17888614871524325,2017-18,0.5191940999639111,106744703,0.133104468893412,0.6347655741755113,0.3860896310704991,9.740968623038354,17000.0,3.0,133907.0,251.43730191215536,204.40454398961717,1.0,33
33_632,2017,1.533507405593895,0.21930532849231602,2017-18,0.8207545353265758,450731103,0.2099444244476734,0.1792454646734241,0.6108101108789025,9.79243749895674,17897.879103247342,12.0,485881.0,128.12415892260233,130.90740715391465,1.0,33
33_633,2017,0.5973353908722746,0.0521463572456936,2017-18,0.6432054658965346,230116028,0.2846287569330025,0.3567945341034654,0.3585767089635321,9.663798795210798,15737.45462662127,11.0,377605.0,158.98936104881386,161.16086659618034,1.0,33
34_634,2017,1.2915111251264932,0.19610879334745238,2017-18,0.9770916644962546,12036885,0.500191287031487,0.0475894533991135,0.4769003774647676,10.366885078856017,31789.30142087331,3.0,5229.0,145.7876229441855,28.705889123062278,0.0,34
34_636,2017,0.3876165508521489,0.0473335724303251,2017-18,0.8316935966784087,102375992,0.3835605617379512,0.1683064033215912,0.4481330349404575,9.721505242106602,16672.321731916407,16.0,2149.0,155.83945059803304,151.6901885428344,0.0,34
34_637,2017,0.25932232995730536,0.037204261163268464,2017-18,0.1584949344757191,23081520,0.0045059786987501,0.841505065524281,0.15562393637854,9.311016984105938,11059.189431571544,8.0,13169.0,243.47567496310657,200.56255183366142,0.0,34
35_640,2017,0.4485844798719727,0.06565999388917049,2017-18,0.9303627757275488,21988599,0.1916841541382422,0.0696372242724513,0.7386786215893063,9.777324834430251,17629.42807512283,19.0,16996.0,1158.132747561048,1158.132747561048,0.0,35
01_001,2018,0.28597768459970097,0.0015203927271014086,2018-19,0.6602037321980476,60552628,0.0753320235746002,0.3397962678019524,0.5848717086234474,9.29443919801996,10877.36385180886,15.0,25709.0,1318.002257254863,720.5152395484214,0.0,01
01_002,2018,0.6171509581086912,0.025050210781231635,2018-19,0.8305637201580933,135991855,0.0095970159389325,0.1694362798419067,0.8209667042191607,9.0115522924557,8197.235911437205,35.0,50539.0,1263.1006716993331,640.8128623824553,0.0,01
01_003,2018,0.7576489605406165,-0.02918526504514614,2018-19,0.5229033179264739,31736297,0.0402492452096727,0.477096682073526,0.4826540727168012,9.62573130166326,15149.628689045323,13.0,13289.0,,,,01
01_004,2018,0.5655098042585831,-0.017612215362821017,2018-19,0.6858330702543478,84470829,0.1008222728662785,0.3141669297456522,0.6690893728532012,9.462280672621418,12865.192306242481,6.0,8520.605527797103,1340.2330500797034,601.5695327154986,0.0,01
01_005,2018,0.4234339835200646,-0.008294077009225563,2018-19,0.4862971173165307,70475098,0.055929414954485,0.5137028826834693,0.4303677023620457,9.569844683580234,14326.191058624045,14.0,17067.0,1229.0339315122046,641.2138692594557,0.0,01
01_006,2018,0.2680188989864751,-0.009819561843860873,2018-19,0.7467831744624751,40004190,0.2432231473753124,0.2532168255375249,0.5035600270871626,9.689232948639164,16142.857142857143,7.0,24300.0,1194.6326026262507,594.4726637333914,0.0,01
01_007,2018,0.686074528282395,-0.014509448934908454,2018-19,0.6143032487739012,27557935,0.0122565994922477,0.3856967512260987,0.6047632741713049,9.104979856318357,9000.0,4.0,33078.0,1165.1306771261966,472.872576623659,0.0,01
01_008,2018,0.34166383039884585,0.00759111646527794,2018-19,0.3727396077876593,8369344,,0.6272603922123406,0.3727396077876593,,,,46719.0,1285.1191578842765,675.8370374117372,0.0,01
01_009,2018,0.4729780951111048,0.018930767752896458,2018-19,0.6053449054860512,12321303,0.047300597996819,0.4144623840311805,0.5580443074892322,9.903487552536127,20000.0,1.0,17413.0,1332.0219947236108,697.7862933357843,0.0,01
01_010,2018,0.6319232770542501,0.00997802365498312,2018-19,0.802060764116691,319531379,0.5235195727052522,0.1979392358833089,0.2785411914114388,10.290792727390365,29460.118941270543,96.0,94972.98626226584,1300.8844736171752,661.0268621506079,0.0,01
01_011,2018,0.24873981087697522,0.001871172221937544,2018-19,0.6361555407044138,82055794,0.2728487521551495,0.3638444592955861,0.3633067885492644,9.506982195940465,13453.333469763986,3.0,9319.0,1322.811224777645,664.5189965017952,0.0,01
01_012,2018,0.6749030763822507,0.007800781046360715,2018-19,0.7216054994125899,111900533,0.0650348376803531,0.27839450058741,0.6565706617322368,9.444205032932143,12634.734833425407,29.0,33031.0,1280.131602638251,631.9384384153428,0.0,01
01_013,2018,0.41396326852328136,0.01325195793211577,2018-19,0.4697168998634897,70325858,0.0690876604733354,0.5302831001365103,0.4367333069527639,10.641368973306951,41829.99618806189,6.0,11735.0,1251.8878518468075,618.9135758408435,0.0,01
01_014,2018,0.2603407519213555,0.010263920464359982,2018-19,0.616655795015769,60272968,0.0503594235027559,0.383344204984231,0.5714790418152297,9.234863143888871,10248.259280880411,5.0,40940.0,1279.6818940443893,609.6621872399876,0.0,01
01_015,2018,0.3748164527171947,0.014724068943979264,2018-19,0.6649872227426031,65136044,0.0684015962253762,0.3350127772573968,0.6557026091421825,9.203981235983257,9936.610405213069,26.0,32180.0,1238.7455306823542,602.9676389839384,0.0,01
01_016,2018,0.5284594905617517,-0.016051369264201285,2018-19,0.4007710501196587,67812453,0.3017089353779902,0.5992289498803413,0.1072666488177538,9.472704636443671,13000.0,2.0,13054.0,1219.9006581720805,526.3894078365239,0.0,01
01_017,2018,0.5373467911457382,-0.012459773286849406,2018-19,0.6195248520458007,21363030,0.5345588617345012,0.3804751479541994,0.0849659903112994,,,,7288.0,1223.641615316836,564.2840331741197,0.0,01
01_018,2018,0.46436918328000476,-0.00918149145324421,2018-19,0.8851028267556275,267471193,0.0596004931267495,0.1148971732443725,0.8255023336288779,9.26256689113512,10536.143793274894,289.0,6465.0,1277.3327910171195,562.4565166825015,0.0,01
01_019,2018,0.7127381651912273,0.03819540786636385,2018-19,0.7883997062066543,100586349,0.5428135581300401,0.3475072084464031,0.2455861480766142,10.336857278827429,30848.927965513623,9.0,24822.0,1186.2907382504748,515.5929496790396,0.0,01
01_020,2018,0.4029100810609577,-0.024368570167185626,2018-19,0.6797074950012788,18779303,0.1231797048058706,0.5142122709002311,0.5565277901954082,,,,12116.0,1198.5696969180742,566.3384967794141,0.0,01
01_021,2018,0.4574690150391502,0.014871202216414619,2018-19,0.5196703866594335,125296749,0.3542125821636441,0.4803296133405663,0.1654578044957894,9.604948968274991,14838.03311141262,25.0,99204.0,1152.273855215733,524.2028048219834,0.0,01
01_022,2018,0.9441729202439431,0.07762324553645429,2018-19,0.4850296794039386,131489669,0.1350604738384427,0.5149703205960614,0.3499692055654958,10.012269747447927,22298.38977513154,26.0,18197.0,1145.8719177543987,492.12678453998825,0.0,01
02_023,2018,0.26979890377005783,0.0011417520303036409,2018-19,0.2076398668425171,273902444,0.0279269103564479,0.7923601331574829,0.1797129564860692,9.03142329965095,8361.752385901604,12.0,29008.0,1210.2820923480904,463.89688943886586,0.0,02
02_024,2018,0.43631587062270644,0.01322506840534751,2018-19,0.3006604868367779,197303705,0.0488646221823356,0.6993395131632222,0.2517958646544422,9.619638040296437,15057.598707936217,17.0,100773.0,1155.1338067900313,403.9690560324081,0.0,02
02_025,2018,0.19502717401441286,-0.0029304094732598403,2018-19,0.4160576789478977,129133146,0.3299661420778829,0.5839423210521023,0.0860915368700147,10.08090891586325,23882.68302947239,18.0,4562.0,,,,02
02_026,2018,0.27755460696626927,-0.0015833722691816563,2018-19,0.4267650061189428,116935232,0.282602056153615,0.5732349938810571,0.1441629499653278,10.106203332720082,24494.48655704948,19.0,33011.0,1194.228285915483,368.4421614695813,0.0,02
02_027,2018,0.4712924923217181,0.0028860069220582084,2018-19,0.2902129589119837,114510493,0.1993098309340088,0.7204226059958528,0.0922652352889975,,,,68054.0,1147.9695333430807,341.3324465577584,0.0,02
02_029,2018,0.6459701069199102,0.03725850998073514,2018-19,0.166932573585485,8284854,,0.8330674264145149,0.166932573585485,,,,35594.0,1100.8461520685823,351.3369243851619,0.0,02
02_030,2018,0.46299082917744355,0.01903958496668296,2018-19,0.1341742141606189,103809954,0.0036966178922199,0.8658257858393811,0.1305778634676979,9.615805480084347,15000.0,1.0,31970.0,1106.616214294765,317.53362130041984,0.0,02
02_031,2018,2.027985907248463,0.17418015089702207,2018-19,0.2998343225301116,211084223,0.0510886642627004,0.7001656774698884,0.2487456582674111,10.411810046084,33250.0,2.0,83294.0,1091.2290705902424,277.7847036334681,0.0,02
02_032,2018,1.4242823031976106,0.21509671288006404,2018-19,0.3340090668593596,78281351,0.1081836719961565,0.7758169358657611,0.2258253948632031,9.240026294376603,10301.30942086155,3.0,39785.0,1091.2137981175215,232.8999924399477,0.0,02
02_033,2018,0.18600259026271584,8.197751161009571e-05,2018-19,0.4006851966612926,100316309,0.1182834189005099,0.5993148033387073,0.2824017777607826,9.855620627801017,19065.21268097207,13.0,70561.0,1147.4216563380933,291.7719943394529,0.0,02
02_034,2018,0.39833146112365886,0.00047736016136842955,2018-19,0.0977544731273412,447680414,0.0296371397655113,0.9022455268726588,0.0681173333618298,10.25956114577881,28554.25228797259,3.0,9779.0,1228.7959295737614,348.50504804964356,0.0,02
03_035,2018,0.5852889643259266,-0.009057417030658285,2018-19,0.717015603626387,742202403,0.1958692391891919,0.2829843963736129,0.5211463644371952,9.693928654982678,16218.837510681164,89.0,138217.0,1103.395078075214,426.4078038627572,1.0,03
03_036,2018,1.864547259985537,-0.06081988843085959,2018-19,0.7737650537919553,83168663,0.1229198430182772,0.2262349462080447,0.6508452107736781,9.37271712887057,11763.033382384214,11.0,82876.0,1039.9032627420806,361.5340237021696,1.0,03
03_037,2018,2.1536464277516787,-0.02370806433009904,2018-19,0.4882150851949735,238719248,0.1302259506112385,0.5117849148050265,0.3579891345837349,9.083729690048088,8810.766248868642,14.0,259495.0,1034.4156365509295,340.2614216056361,1.0,03
03_038,2018,0.782982855915802,0.03323470831584341,2018-19,0.3872623127666554,153261229,0.1408646279353534,0.6127376872333445,0.2463976848313019,9.741470774670477,17008.53872143314,12.0,137481.0,1087.4364368096783,367.92232845409507,1.0,03
03_039,2018,0.7103852328603162,0.03727265396136515,2018-19,0.6579226661205984,237855467,0.1155461606438501,0.3420773338794016,0.5423765054767482,9.4987779673864,13343.41077917063,70.0,52848.0,1055.0603392622754,304.849443049838,1.0,03
03_040,2018,1.1707708086994046,0.05175186555547396,2018-19,0.3169056250696867,70081514,0.1834083093581568,0.6830943749303133,0.1334973157115298,8.164893784919867,3515.347934292084,4.0,66533.0,1024.2247814254295,249.0504688053809,1.0,03
03_041,2018,1.8501827311409333,0.11544042879314545,2018-19,0.7710252024598555,125677137,0.1107992856329946,0.2289747975401444,0.6602259168268608,9.749957889503168,17153.506451402605,14.0,496130.0,1010.9883745679975,289.15931020586174,1.0,03
03_042,2018,0.7136351342708814,-0.009635050252656482,2018-19,0.6744224314449968,166342418,0.0293981057796093,0.3255775685550032,0.6450243256653874,10.08517727230826,23984.84070108371,19.0,67556.0,973.4864994358509,323.337616880248,1.0,03
03_043,2018,0.38771073594030514,0.0061460318950275206,2018-19,0.7243048509361965,109483856,0.3422938720755323,0.2756951490638035,0.3820109788606641,10.179910262429017,26368.100982245494,7.0,121108.0,918.1466817567224,361.20679169969026,1.0,03
03_044,2018,0.8757536399432169,-0.028106820588318468,2018-19,0.5920144021506898,387425470,0.4287316577301951,0.4079855978493102,0.1632827444204946,9.680975719428991,16010.110684528709,65.0,46989.0,898.8100800772172,333.30677110325735,1.0,03
03_045,2018,0.6664042184201254,-0.0025357031871018672,2018-19,0.6641370099345554,441216122,0.2425153244966873,0.3358629900654446,0.421621685437868,9.344099610842775,11431.175682297098,22.0,42997.0,940.0318185138631,336.9466501096963,1.0,03
03_046,2018,0.6250668068800932,0.004742475327329224,2018-19,0.8689333012640613,755647544,0.3325140272010201,0.1310666987359387,0.5364192740630412,9.696052103903574,16253.3139752425,104.0,76081.0,912.3521327779342,287.8514377902318,1.0,03
03_047,2018,1.0609007873604857,-0.007913898048305161,2018-19,0.6914855698405482,225741026,0.0415776970908247,0.3085144301594518,0.6499078727497234,9.845348580131576,18870.376304932743,76.0,37990.0,908.3991499097582,239.53739545025698,1.0,03
03_048,2018,0.6908802634855451,0.022871731525508067,2018-19,0.805007070109498,433873054,0.2254913392247678,0.194992929890502,0.5795157308847302,10.112843116516435,24657.665789901323,43.0,157937.0,993.1944149247596,214.86801128780968,1.0,03
03_049,2018,0.8634771141415173,0.007180856715822829,2018-19,0.6879851073222267,269774453,0.0571790391138333,0.3120148926777733,0.6308060682083934,9.4047208647817,12145.583257535083,20.0,218677.0,1051.3620196873505,419.6228313303092,1.0,03
03_050,2018,0.4504797478348304,0.003625973041995682,2018-19,0.3820697220068419,121213235,0.1423646023472601,0.6179302779931581,0.2397051196595817,10.34266029317212,31028.46516165253,8.0,50927.0,1013.0530018138962,390.5421151470247,1.0,03
03_051,2018,0.7866949438872044,0.2103933134817855,2018-19,0.4687410315362795,38792179,0.1038741855671474,0.6162688918504499,0.3648668459691321,,,,52830.0,1068.5907552136866,288.9174810521986,1.0,03
03_052,2018,1.6090846656274354,0.11966012266459848,2018-19,0.6625257290932233,75225154,0.4489764686955642,0.4722503624581023,0.213549260397659,8.656955133791396,5750.0,2.0,90074.0263425477,1050.061074045667,242.47137671839172,1.0,03
03_053,2018,0.9228196703550788,0.009795583083042231,2018-19,0.6163842672921402,433977295,0.3778246878099924,0.3836157327078597,0.2385595794821478,10.16228625554657,25907.46047783312,30.0,119822.0,959.3390986729692,233.96422272476244,1.0,03
03_054,2018,0.8298005888901581,0.024350766207971036,2018-19,0.55272036486895,210698115,0.1986168077488495,0.4472796351310499,0.3541035571201005,10.33951962266562,30931.167845639615,3.0,51340.0,955.9881413128353,271.6641167526568,1.0,03
04_055,2018,0.6762138809680086,0.014541752797561333,2018-19,0.9321404677851804,231413060,0.4602369632897988,0.0678595322148196,0.4719035044953815,10.303861419415714,29847.650915196726,39.0,186187.84309056573,1056.843037289645,246.66397521762707,0.0,04
05_056,2018,0.1855668942097454,-0.0017698095590214552,2018-19,0.6453317136370578,456989382,0.256300016178494,0.3546682863629422,0.3890316974585637,9.7336033371396,16875.250112959435,78.0,18005.0,1191.6077428880349,290.35104937759127,0.0,05
05_057,2018,0.705828851837203,-0.012115015179511177,2018-19,0.0550960392400572,13799776,,0.9449039607599428,0.0550960392400572,,,,25321.0,1216.9376773560386,299.07062918538884,0.0,05
05_058,2018,0.3090593439128885,-0.006328596160109727,2018-19,0.3801867144553399,57466895,0.0389597424843296,0.7329979889999919,0.3472428778342731,9.418128575013592,12309.52429952159,6.0,11816.0,1189.5979410799662,269.852798924154,0.0,05
05_059,2018,0.2966421610691568,-0.003542678820863571,2018-19,0.58466660384266,212975910,0.1357308486203909,0.41533339615734,0.448935755222269,9.287910619548132,10806.581434029304,66.0,28321.78901098901,1146.2371070030686,234.7606911034044,0.0,05
05_060,2018,0.5294156770357159,-0.008839152023886345,2018-19,0.8404357262213842,296710259,0.4061716180834853,0.1595642737786158,0.4342641081378989,9.58104423653613,14487.539824571408,38.0,104493.76383763837,1109.9979640919328,217.74207070034834,0.0,05
05_061,2018,0.36101246135185183,0.0142021428607153,2018-19,0.5529325587421359,62878587,0.223038742903049,0.613857931791969,0.3298938158390868,,,,36622.0,1123.1922046735494,198.41322445357054,0.0,05
05_062,2018,0.6364774343066288,-0.008874864483214654,2018-19,0.4006692274463903,85406539,0.0702928144647097,0.7426262486691113,0.3303764129816804,9.198042720634216,9877.776557560532,6.0,28451.0,1135.2870910052952,331.038690072134,0.0,05
05_063,2018,0.5276987700001716,-0.003040191534245534,2018-19,0.1935517938650024,51036923,0.042458324943419,0.8133887557448721,0.1514557607636338,,,,10785.08888888889,1159.9002581989282,284.6973121795091,0.0,05
05_064,2018,0.6358424135342263,0.03411079301864986,2018-19,0.2553836334018347,90294549,0.0656885278568921,0.7446163665981653,0.2038492821975333,9.615805480084347,15000.0,2.0,37341.0,1163.873092188296,238.2750065405873,0.0,05
05_065,2018,0.6543462726213727,0.03478345320660759,2018-19,0.548823289070809,68317161,0.3160529314149924,0.5228925967953415,0.2327703576558165,,,,15476.0,1094.9316635208818,270.2354363811043,0.0,05
05_066,2018,0.7123828142016433,0.027281924263115397,2018-19,0.3460708791486604,39120278,0.0510854754150775,0.6539291208513396,0.2949854037335829,,,,65199.0,1136.2567448068003,215.46400590427916,0.0,05
05_067,2018,0.9179782302982179,0.007759103676190553,2018-19,0.6438626780275314,375423183,0.1389642445176327,0.3561373219724686,0.5048984335098986,9.600651728451846,14774.40733016047,63.0,93688.0,1117.2764367384125,211.86229488269345,0.0,05
05_068,2018,1.7323383687356138,0.03221637942473162,2018-19,0.2472288704352095,146323364,0.043832863219301,0.8228780837522786,0.2033960072159084,8.725083240944063,6155.38902260694,4.0,138165.0,1066.8415566098251,157.11037444187355,0.0,05
06_069,2018,1.5032108018365118,-0.06801902308128663,2018-19,0.6418020990411915,206499616,0.4348242468402459,0.3581979009588085,0.2069778522009455,10.22058766380514,27462.800636716376,17.0,25881.897819692953,1064.8093404535416,238.17175511145558,1.0,06
06_070,2018,0.7321310904694006,0.03180865092723681,2018-19,0.985553783100086,61559923,0.4986225047747379,0.0282965097541261,0.4869312783253481,9.15689803063154,9479.605975614624,11.0,88975.15917545625,1032.7797697488043,200.42253685474026,1.0,06
06_071,2018,2.3005858956961087,0.0020927316184637477,2018-19,0.4642003162893549,52967954,0.4392176461193115,0.5607823538806885,1.0,,,,100708.16732380484,1048.234164657495,185.87987457632843,1.0,06
06_072,2018,0.5637860057635053,0.015712441045927374,2018-19,0.5366971270404607,174452335,0.0995076678108091,0.4633028729595393,0.4371894592296514,9.453256842888983,12749.621232481948,11.0,92140.0,999.6865243053666,174.65295847086213,1.0,06
06_073,2018,0.6614082496673992,0.009319953311371006,2018-19,0.6127426495728955,302386170,0.2971555147512202,0.3872573504271044,0.3155871348216752,9.989738586676962,21801.59882484175,21.0,78263.0,957.6530932792492,167.7662457477414,1.0,06
06_074,2018,0.6389429051143863,0.022575754702164004,2018-19,0.3332615818284846,223581838,0.0534023429935306,0.6667384181715154,0.279859238834954,9.371661265435376,11750.619780236337,9.0,90057.0,977.0843131841033,134.74115957050233,1.0,06
06_075,2018,0.8947876370104983,0.02759531586100481,2018-19,0.6224014982848014,47390723,0.2740531306095499,0.432252989074943,0.3483483676752515,9.338929884655265,11372.232126318168,3.0,119797.0,952.0718234997601,97.71913937035711,1.0,06
06_076,2018,1.6751245408084088,0.14977464979156824,2018-19,0.9737517815129848,331033933,0.739812232481919,0.0262482184870153,0.2339395490310656,10.337712925330525,30875.335038800393,36.0,119254.0,928.1970917811869,75.54565523464879,1.0,06
06_077,2018,0.7115887422807198,0.024957067137154496,2018-19,0.645930376857303,318500130,0.5185055057905315,0.3540696231426969,0.1274248710667716,9.745726852778734,17081.08265756185,37.0,75382.0,919.156915250426,143.40377028750976,1.0,06
06_078,2018,1.1215588922613675,0.007794779826845969,2018-19,0.7469550748100375,259399148,0.6352095921301947,0.2530449251899624,0.1117454826798428,10.310998841972514,30061.44828557437,25.0,62395.0,887.1046531679262,207.54431492159117,1.0,06
06_079,2018,0.780055631860421,0.0057274164994373525,2018-19,0.3038186610881918,84270584,0.2155993128040978,0.6961813389118082,0.088219348284094,8.85366542803745,7000.0,1.0,87232.0,853.0027560842256,266.0832835268279,1.0,06
06_080,2018,0.4941298117101197,0.033444876639427155,2018-19,0.6594328843467567,296610575,0.4239549348501819,0.3405671156532433,0.2354779494965747,9.698117624339291,16286.920222653822,39.0,105667.0,870.5490698711827,168.44056945674456,1.0,06
06_081,2018,0.9724896643418623,0.013587831098069388,2018-19,0.7797073306634028,330538693,0.4637051039588881,0.2202926693365971,0.3160022267045147,9.702752992105966,16362.59133389419,19.0,82612.0,839.8772325099314,138.36085408948264,1.0,06
06_082,2018,0.7496445060246544,0.017089265263990863,2018-19,0.8608376951230758,310334002,0.593732384503584,0.1391623048769242,0.2671053106194918,10.014418895963445,22346.36385966608,36.0,78305.15320204683,892.9244079571947,92.57689810171485,1.0,06
06_083,2018,1.6643009105873927,0.15389174734437358,2018-19,0.9143459999504084,248309209,0.5213431653273882,0.0856540000495914,0.3930028346230204,9.512048927911277,13521.670882049875,40.0,83882.0,877.9371880395923,71.7816989482941,1.0,06
06_084,2018,0.47570473098738514,0.011093312150560126,2018-19,0.5127361693809347,464798663,0.0781673913722079,0.4872638306190652,0.4345687780087268,9.813389072685734,18276.823717929343,33.0,45962.0,810.1530016836425,126.63662184190821,1.0,06
06_085,2018,1.6612279235271745,0.08116847522438295,2018-19,0.5008613213694147,150506541,0.1752568946488511,0.6220142185468857,0.3256044267205636,9.36449105180344,11666.666666666666,3.0,69589.0,843.4968590757062,87.98651661733973,1.0,06
06_086,2018,2.170052870741344,0.04578517316236603,2018-19,0.4923545452501879,99335687,0.337044611167787,0.5076454547498122,0.1646039645950941,9.629050706834368,15200.0,1.0,141993.7881744579,881.9960450710128,47.05357494386657,1.0,06
06_087,2018,0.36275783200273637,0.04334344390153206,2018-19,0.5675487532301234,310423124,0.1057695302364137,0.4324512467698765,0.4617792229937097,9.548788909797338,14027.695575184054,43.0,37316.0,863.6282351684222,68.9078553994396,1.0,06
06_088,2018,3.2710020377997138,0.06487780904592609,2018-19,0.7584427864408269,209406191,0.4869930803526243,0.2415572135591731,0.2714497060882025,9.885049721460003,19634.62211722073,22.0,204649.0,910.5794518019031,22.377175293383694,1.0,06
06_089,2018,0.48058458701508744,0.042182864803612836,2018-19,0.6492301306509554,294316562,0.5760320718886354,0.3507698693490446,0.07319805876232,9.854190843761613,19037.973022228103,16.0,49605.0,888.9328856726188,53.64189326424226,1.0,06
07_090,2018,1.3870054457392385,0.02763479327783695,2018-19,0.9277678100742598,3900249768,0.2937299001718702,0.0722321899257401,0.6340379099023896,10.068320832252205,23957.075128885528,184.0,7701442.080917814,921.162116577303,38.764171569456444,1.0,07
08_099,2018,0.7452584995073614,0.025083594712392222,2018-19,0.4688930250097212,1053276235,0.1900615406935484,0.5311069749902788,0.2788314843161728,9.956643668702355,21091.88542966389,73.0,117882.10852090032,768.6176517476222,345.4675699398352,1.0,08
08_100,2018,0.6027367476389404,0.02918165624786603,2018-19,0.2665523313968521,52366460,0.0515772118260428,0.7334476686031479,0.2149751195708092,,,,91250.0,803.2258577949607,283.46732637144754,1.0,08
08_101,2018,0.7730394332977281,0.006031900739209617,2018-19,0.5263877557699157,93870696,0.0675961537560134,0.4736122442300843,0.4587916020139022,9.54029788487008,13909.09031508758,4.0,117807.4416172751,633.4713900758419,211.52633339013,1.0,08
08_102,2018,0.8225342442209288,-0.01633324041917685,2018-19,0.3579367629529224,348343590,0.1872458884631693,0.6420632370470776,0.170690874489753,9.656071650854818,15616.31766705656,4.0,91329.96387839496,729.1068006120845,188.4413314615973,1.0,08
08_103,2018,0.635653061087522,-0.0032300880905318822,2018-19,0.5414257567041834,920871181,0.1927762391339294,0.4585742432958166,0.3486495175702539,9.432472723484675,12487.366391056514,48.0,94767.0,762.9952216477676,130.4068893807528,1.0,08
08_104,2018,1.5161583529207656,0.11218825023141629,2018-19,0.5401355175275554,590073044,0.0741838005397853,0.4598644824724445,0.4659517169877701,9.513091009618009,13535.768912294425,29.0,185648.0357142857,803.9360743457227,108.6151331558119,1.0,08
08_105,2018,0.5766066241256964,0.012065744262315834,2018-19,0.4603333367569366,722046264,0.0608222328534892,0.5396666632430633,0.3995111039034474,9.705325763037443,16404.742732938244,10.0,115812.0,836.5127482100032,140.94138005176825,1.0,08
08_106,2018,0.5050966056468968,0.02820224294028881,2018-19,0.4022798348523469,622969071,0.251476187651698,0.597720165147653,0.1508036472006489,9.50530561079924,13430.796708447333,23.0,39581.0,842.398111810306,188.6843042249142,1.0,08
08_107,2018,1.2661316019022668,-0.00876154521877714,2018-19,0.398941459922908,145380608,0.3259052335233046,0.601058540077092,0.0730362263996034,9.463146003543809,12876.329773069816,14.0,43766.0,770.263012531242,122.56983475322319,1.0,08
08_108,2018,0.5604469369766691,0.010965582007364685,2018-19,0.3416796362183161,1077429946,0.2736398065549962,0.6583203637816839,0.0680398296633199,9.590532751795289,14625.659305403276,44.0,56413.35743931089,711.82576048039,100.76146678592418,1.0,08
08_109,2018,0.6218162970790166,0.015516225537811418,2018-19,0.6999441496234888,1918939615,0.3769011949862737,0.3000558503765112,0.3230429546372151,9.796653582573692,17973.49735253192,114.0,73071.0,750.8454274198258,71.10760273005909,1.0,08
08_110,2018,1.0112946866779873,0.019982353340444545,2018-19,0.3525813384958255,727264248,0.0758629826115142,0.6474186615041745,0.2767183558843112,9.171519736083637,9619.232281753038,18.0,483693.58800970495,695.3904832055781,9.639812297754286,1.0,08
08_111,2018,0.7127260567567345,0.018098703979408506,2018-19,0.3577515329923127,264001650,0.3311336311723809,0.6422484670076872,0.0266179018199318,9.615237943179215,14991.489361702128,4.0,137014.0,709.9060146676604,92.58874021789806,1.0,08
08_112,2018,0.5750444109834837,0.023935785947267797,2018-19,0.3666629895790447,155793586,0.1207790223148211,0.6333370104209554,0.2458839672642235,9.796715600645957,17974.61206875549,12.0,130496.0,590.6843793768988,144.863343797914,1.0,08
08_113,2018,1.5166229004110032,-0.0017478144980816453,2018-19,0.387576495989891,355604425,0.2173899748294752,0.612423504010109,0.1701865211604158,8.975990453269759,7910.849520353999,30.0,180367.0,480.1761671959897,60.18191444814743,1.0,08
08_114,2018,0.5394033600586375,0.003541410544861336,2018-19,0.2898218755705853,514416918,0.0795357725773708,0.7101781244294146,0.2102861029932145,9.53990519579729,13903.629439591658,12.0,23363.0,447.8160523332288,226.478007599293,1.0,08
08_115,2018,0.7363502624388488,0.019135056363553716,2018-19,0.5008931631147123,499891333,0.2795224177251338,0.4991068368852876,0.2213707453895785,9.77008241333619,17502.209574410397,27.0,73146.3348051822,321.92070018857066,161.91981287768598,1.0,08
08_116,2018,0.9349257530766726,0.01445182834215779,2018-19,0.3737883427151093,357163185,0.1946736279664434,0.6262116572848907,0.1791147147486659,9.422229202213703,12360.104704500465,11.0,89693.0,301.95039832168857,147.6481785699451,1.0,08
08_117,2018,0.6834412332851495,0.02592398823165129,2018-19,0.1895796999827449,320966939,0.1378555596344457,0.8889653002508632,0.0517241403482992,9.068863968056144,8680.756585258838,5.0,64420.0,318.47401009030733,162.7260838773112,1.0,08
08_118,2018,0.7891292891868876,0.07373012394346709,2018-19,0.1589325059852323,266685973,0.0332790656372466,0.8795575829836103,0.1256534403479856,9.047821442478408,8500.0,2.0,119987.0,440.50448426867854,75.52906373532387,1.0,08
08_119,2018,0.5851972295243661,0.012645693963264584,2018-19,0.5460458155012308,492705032,0.1098049654179298,0.4539541844987692,0.4362408500833009,9.408681549552877,12193.783474102318,37.0,199455.27730375426,572.2015367052002,123.73290593474538,1.0,08
08_120,2018,0.7290617740951159,0.024696984315289442,2018-19,0.3475680333426368,537222538,0.2213161559502554,0.6524319666573631,0.1262518773923814,9.8358229756838,18691.477974561854,21.0,72960.0,640.1276238181887,84.13433493429022,1.0,08
08_121,2018,0.6531993398880083,-0.0025955734503541675,2018-19,0.2657662317258517,469736325,0.2612938907801094,0.7342337682741482,0.0044723409457422,9.249411414054409,10398.44353730106,10.0,60594.0,614.8692195577302,156.8214982288024,1.0,08
08_122,2018,0.6228728399670447,0.01166573570692592,2018-19,0.2894712691959638,501598806,0.0529294242379037,0.7105287308040362,0.2365418449580599,9.253812896020017,10444.31297169247,7.0,148761.0,523.4822060271559,186.84460546393936,1.0,08
08_123,2018,0.9648345818406969,0.011966724894130877,2018-19,0.3171546492705382,268599534,0.1483470295223967,0.6828453507294618,0.1688076197481414,9.98010674232618,21592.61727289427,14.0,83762.0,437.9040631441492,140.20030633281928,1.0,08
08_124,2018,0.29597425707821523,0.012308542162248078,2018-19,0.3335438708754434,593292446,0.0435708480266071,0.6664561291245565,0.2899730228488363,9.30549346779958,10998.272211917269,39.0,42170.0,373.00251399772964,228.54035171157597,1.0,08
08_125,2018,0.5256524396519232,0.013086412757813415,2018-19,0.7541878197597424,484199086,0.1018153099115928,0.2458121802402576,0.6523725098481495,9.495405703241309,13298.489059949767,27.0,67040.11611678732,419.06510414101643,170.54995868860811,1.0,08
08_126,2018,0.6429105723761391,0.007106335311291497,2018-19,0.4766458213073241,174709869,0.3293075962411717,0.5233541786926759,0.1473382250661523,9.615805480084347,15000.0,2.0,90715.0,496.5406668285611,231.11743680561835,1.0,08
08_127,2018,0.859954780990093,0.0811298780561442,2018-19,0.1993493047566218,461268471,0.0251527336668974,0.8006506952433782,0.1741965710897244,9.289088210625554,10819.314663700818,8.0,126947.63283914982,632.6295567149957,197.32443403568965,1.0,08
08_128,2018,0.46316560831051223,0.0005268115988557056,2018-19,0.5473544630605858,359165671,0.3294587471863367,0.4526455369394142,0.217895715874249,9.640934627376325,15381.713186199948,19.0,36843.0,687.0795824955745,229.15810516944757,1.0,08
08_129,2018,0.6639059686417791,0.013500247331964288,2018-19,0.2635379770597258,232113704,0.0873917724392524,0.7364620229402742,0.1761462046204734,8.22053368260512,3716.4852768905753,2.0,61417.57518056467,614.8908139245414,178.02264016513607,1.0,08
08_130,2018,0.6898650973833905,0.07860898754063178,2018-19,0.2244371652003762,182698458,0.0892863255583689,0.8750041289615823,0.1351508396420072,8.47637120578112,4800.000042648666,6.0,150802.0,380.5955249711168,210.08976542972403,1.0,08
08_131,2018,0.5881084828992007,0.004500667841487792,2018-19,0.3072080027425016,478905825,0.1243964718950745,0.6927919972574984,0.182811530847427,9.943101540950224,20808.18173415629,4.0,27681.0,460.4695450541665,184.76866130697078,1.0,08
09_132,2018,0.7415187496544589,0.0021346422539094832,2018-19,0.5127890112850527,183475794,,0.4872109887149473,0.5127890112850527,8.517193191416238,5000.0,2.0,195180.0,1041.6165768661713,155.05460595319056,1.0,09
09_133,2018,0.7244531960933555,0.01759265378501334,2018-19,0.3057891683991423,232790188,0.1425771991730167,0.6942108316008577,0.1632119692261256,9.413787802352829,12256.207255277192,3.0,186703.0,1006.1258138542657,100.4605710476946,1.0,09
09_134,2018,0.7749547200389187,0.008318446225500879,2018-19,0.7060661254963164,885647190,0.12727518505422,0.2939338745036836,0.5787909404420963,9.372897418609153,11765.15432778427,58.0,150832.0,1060.6855626005733,134.0738552265797,1.0,09
09_135,2018,0.9653070305759952,0.2828096297709861,2018-19,0.3999707387258314,117684554,0.1247462942333112,0.6000292612741686,0.2752244444925202,8.926188902691711,7526.526323160539,3.0,198460.0,1043.9305217869182,129.36278183922045,1.0,09
09_136,2018,0.9143220217832215,0.14973761978775285,2018-19,0.3649029500070936,466902301,0.0277682525278452,0.6350970499929063,0.3371346974792484,9.538754709377717,13887.642700764904,9.0,86682.0,1076.6010024452996,167.29265815185227,1.0,09
09_137,2018,0.4380921383923244,0.032907386161300914,2018-19,0.4667446602943125,308255098,0.3117815751420273,0.5332553397056875,0.1549630851522851,9.218713037518036,10084.078143338693,12.0,62607.0,1016.927609509191,95.18852803562291,1.0,09
09_138,2018,1.1420070564841815,0.0021619475638269647,2018-19,0.3883433526355992,220686525,0.1187054760139976,0.6116566473644007,0.2696378766216016,9.101057582369478,8964.768673085195,19.0,193107.0,991.6215559048018,66.89489231417801,1.0,09
09_139,2018,0.6004907543350718,0.03288886512183733,2018-19,0.864762276079938,517523247,0.8277382561715145,0.1352377239200619,0.0370240199084235,9.749835507247372,17151.407295040633,26.0,66340.0,958.1444130407592,57.173869267611785,1.0,09
09_140,2018,1.3188647609094208,0.05203327939301846,2018-19,0.6982961382056683,372364004,0.239442158861306,0.3017038617943318,0.4588539793443622,8.807301671156525,6682.862355980058,11.0,244280.0,964.6482475747904,37.617949034414046,1.0,09
09_141,2018,2.488021658843201,-0.07362891356316649,2018-19,0.2206690780330127,431181545,0.1952247214105603,0.7793309219669873,0.0254443566224523,10.340261909700429,30954.136173994506,9.0,258178.0,929.5744955398716,21.256262352857174,1.0,09
09_142,2018,0.5720549047360769,-0.00013767972145977715,2018-19,0.2969486032897357,413008671,0.0617715650817413,0.7030513967102642,0.2351770382079944,9.049910725797549,8517.777472834698,11.0,112981.0,962.9685380757252,62.92870451535103,1.0,09
09_143,2018,1.3941690314819013,-0.023920756537469286,2018-19,0.706964167718196,550057574,0.1785802571277747,0.293035832281804,0.5283839105904212,9.653569113171228,15577.286102966083,42.0,167076.0,941.8686811767196,93.85545716301334,1.0,09
09_144,2018,1.3393198312645944,0.02380000855841389,2018-19,0.4499123145875555,360260608,0.1483836972817189,0.5500876854124446,0.3015286173058366,9.15961970790285,9505.441545833428,4.0,56901.0,928.5272065207964,128.19144317052664,1.0,09
09_145,2018,0.645724320144805,0.002463657387622891,2018-19,0.3470174663267647,309251915,0.1548208812223523,0.6529825336732353,0.1921965851044123,9.475929384431026,13041.9893900488,12.0,85791.0,885.6062104522023,104.80412732953852,1.0,09
09_146,2018,0.5681242043632243,0.006918942087449078,2018-19,0.6825779471729866,621528795,0.2357754253364882,0.3174220528270134,0.4468025218364983,8.92873434773079,7545.709086228313,42.0,185006.0,892.8668919944917,176.20717607416856,1.0,09
09_147,2018,1.6462331471409963,-0.04752412084551711,2018-19,0.7273387077965874,1197222438,0.2027101232795304,0.2726612922034125,0.524628584517057,9.282764383364889,10751.111067860926,55.0,105415.0,939.791452560217,184.77915695471236,1.0,09
09_148,2018,0.30656237689544014,0.007801948678945323,2018-19,0.196952320515547,182796125,0.095861785910396,0.803047679484453,0.1010905346051509,,,,39990.0,985.0546824310263,218.73788377891745,1.0,09
09_149,2018,0.7319150408616452,0.16615995592350616,2018-19,0.3986267207146327,544401862,0.1354582710813726,0.6013732792853673,0.2631684496332601,9.318742957873155,11144.963355893024,11.0,122626.0,1023.769295425067,156.77240908642452,1.0,09
09_150,2018,0.6204979590006536,0.050654003163765206,2018-19,0.4566924567606822,195425551,0.2152925182234742,0.5433075432393177,0.2413999385372079,9.17101427036866,9614.371318258898,15.0,185294.0,1081.922835917354,195.83737633960223,1.0,09
09_151,2018,0.4001510855023917,0.00689007220394476,2018-19,0.4514228917774605,672322987,0.2545338510045619,0.5485771082225395,0.1968890407728986,9.181860494545566,9719.218515142553,19.0,74952.0,1051.8806623185578,247.47078700265268,1.0,09
09_152,2018,0.4601804458085716,0.024280686266928336,2018-19,0.3704773784665337,791141592,0.0784979498334856,0.6295226215334662,0.291979428633048,9.2963974194861,10898.685008158276,22.0,87243.0,1025.9897737504648,244.45179108879836,1.0,09
09_153,2018,0.35426063425495763,0.00907809675776755,2018-19,0.3550916677717241,267459703,0.1892864025202331,0.6529119329179386,0.165805265251491,8.740336742730447,6250.0,2.0,79600.0,970.0284664643274,319.0934357364897,1.0,09
09_154,2018,0.4323255780227656,0.016058918692857613,2018-19,0.5826394565592703,291876393,0.0909983631324373,0.4173605434407297,0.4916410934268329,9.471898634985928,12989.526202564322,4.0,126256.0,916.68241481317,352.9354355928114,1.0,09
09_155,2018,0.3073963045795268,0.007668764274607834,2018-19,0.7503566243449167,701113100,0.6166567077408767,0.2496433756550833,0.13369991660404,9.620179476942598,15065.75365117322,52.0,92586.0,962.4763633318155,298.6205212298105,1.0,09
09_156,2018,0.6042625807763425,0.037148795450470354,2018-19,0.347252209031573,353827333,0.1040644788174123,0.6527477909684269,0.2431877302141607,9.235225984824568,10251.978443558552,15.0,81609.0,890.3496478533604,372.1401650908529,1.0,09
09_157,2018,0.4337343197895265,0.023232111222057764,2018-19,0.4934840585327256,285979165,0.1135207209937828,0.5065159414672744,0.3799633375389427,9.990098066490468,21809.437468354063,9.0,331071.0,873.1094304254434,387.48212610176245,1.0,09
09_158,2018,0.31413241432268296,0.004750478191807504,2018-19,0.4477306882302653,436590826,0.3452600261463121,0.5522693117697347,0.1024706620839531,8.753841078938294,6334.974572520683,10.0,75512.0,812.8989174859779,449.72804687020306,1.0,09
09_159,2018,0.6618699012090116,0.0011774111331888258,2018-19,0.337807032451877,760411517,0.1365363368109007,0.6621929675481231,0.2012706956409762,8.671388823631478,5833.595561490407,26.0,51965.0,1027.0555944048367,233.61215954793857,1.0,09
09_160,2018,0.44363114456484243,0.02497869488557671,2018-19,0.3359288415696115,144166755,0.1303628149222059,0.6640711584303884,0.2055660266474056,8.789873739532387,6567.402919753181,5.0,31484.0,986.0612753043162,277.53047444923163,1.0,09
09_161,2018,0.45254597658802287,0.007785802720014541,2018-19,0.2676952632732262,394588054,0.1397981171523251,0.7323047367267738,0.127897146120901,8.779557455883728,6500.0,2.0,58038.0,969.4792111245739,254.46502699855964,1.0,09
09_162,2018,0.46398586015234783,0.015009057277639157,2018-19,0.6572406483714143,387546882,0.0712986616158609,0.3427593516285857,0.5859419867555533,9.003211386237071,8129.147888100491,25.0,42366.0,987.1526705833174,287.8006467676645,1.0,09
09_163,2018,0.5380011605692598,-0.002181408001138827,2018-19,0.3146083043919141,270125546,0.2635794468694938,0.6853916956080859,0.0510288575224203,8.910142941383414,7406.719749384417,12.0,65689.0,944.060130259822,330.3308836050551,1.0,09
09_164,2018,1.1459875527726127,0.061618014646122606,2018-19,0.2114761785453285,134820419,0.2096022710031779,0.7885238214546715,0.0026846066767127,8.96194134542079,7800.486210549489,3.0,340004.0,909.2605840868083,360.95575762598355,1.0,09
09_165,2018,0.5471935978562747,-0.004823977735125239,2018-19,0.4202269716835141,589909710,0.3384695312101237,0.5797730283164859,0.0817574404733904,9.14551182986425,9372.281447603007,13.0,65109.0,958.4677844814913,329.31174084114286,1.0,09
09_166,2018,0.3685082789180217,0.005746683661301375,2018-19,0.299873527764055,193041578,0.225023792542765,0.7001264722359449,0.07484973522129,9.433483923290392,12500.0,1.0,66256.0,911.03037353057,346.1508333728669,1.0,09
09_167,2018,1.0698695286627797,-0.001318409181174877,2018-19,0.2508742823825058,513187740,0.0220010302662335,0.7491257176174941,0.2288732521162723,8.892393334389174,7276.413250344564,6.0,36078.0,842.1143899350931,342.41043246207107,1.0,09
09_168,2018,0.49313520418784396,-0.0202926579604883,2018-19,0.4653596045498317,198347115,0.3860026449086491,0.5346403954501683,0.0793569596411825,9.54172793732307,13928.995272986263,4.0,32690.0,896.3445029619643,389.5522094329866,1.0,09
09_169,2018,0.7287164513211378,-0.01064276627609226,2018-19,0.2832984806252702,440244126,0.0146866241209087,0.7167015193747298,0.2686118565043614,9.014858113146143,8224.379344459292,3.0,30369.0,884.4479443295602,413.62232890671953,1.0,09
09_170,2018,0.46867508318358175,-0.002731683939088159,2018-19,0.4036364842632552,817728109,0.1900458468891889,0.5963635157367447,0.2135906373740663,9.108221887653205,9029.225631621714,33.0,45280.0,826.3327626164322,455.0894281230441,1.0,09
09_171,2018,0.41877889298755494,0.003918254159303233,2018-19,0.5743905445195343,925470306,0.145314045332536,0.4256094554804657,0.4290764991869982,9.01457623222945,8222.061375581388,56.0,21483.0,768.7062559967131,484.5600293239424,1.0,09
09_172,2018,0.6623798673774745,0.01196209644704799,2018-19,0.3560273030666758,1053468621,0.0535516823903576,0.6439726969333243,0.3024756206763181,9.158194614673668,9491.905053119051,32.0,85774.0,833.5213737054088,440.9259212949399,1.0,09
09_173,2018,0.6286858398445916,0.02212555328190591,2018-19,0.2004562333768149,516623316,0.1228064762760339,0.7999034592016113,0.0776846895741635,7.824046010856292,2500.0,1.0,76020.0,742.7524062445405,520.1944678122669,1.0,09
09_174,2018,0.5356620226767383,-0.005268124323821341,2018-19,0.2580857185866573,211953518,0.0524603229279732,0.7419142814133427,0.2056253956586839,,,,25411.0,758.4614448494204,516.3411820553204,1.0,09
09_175,2018,0.39574841212896494,0.014612916241114183,2018-19,0.5949521156249197,730674462,0.2005560719870896,0.4050478843750802,0.39439604363783,9.37227527129298,11757.836945075924,30.0,206005.0,703.3320531104346,510.07453049984565,1.0,09
09_176,2018,0.43050290388845847,0.031843690036797725,2018-19,0.4440490643025366,731119167,0.1833887074116332,0.5559509356974633,0.2606603568909034,8.9849947810605,7982.403064872824,49.0,90723.0,843.7163860962604,419.1629104332349,1.0,09
09_177,2018,0.6255917157536697,0.02071921482638263,2018-19,0.1942731726933856,1015243151,0.0479397068101964,0.8057268273066144,0.1463334658831892,8.438953106572232,4623.71191629581,11.0,76148.0,772.7644627643286,490.83934242247597,1.0,09
09_178,2018,0.24199099428963253,-3.291054908755116e-05,2018-19,0.5381380852655626,740450964,0.1290416795243716,0.4618619147344374,0.409096405741191,9.764053511304628,17397.007911462868,18.0,62722.0,703.5554229082979,561.7173621075456,1.0,09
09_179,2018,0.6239606026157661,0.015247035275740069,2018-19,0.5345372603334109,157750816,0.0541836499913889,0.4896798680801636,0.4803536103420219,8.744821821983777,6278.094701719293,3.0,104878.0,748.0344305824129,512.5938869597736,1.0,09
09_180,2018,0.35135467013800226,0.00895998113430423,2018-19,0.5614371379432763,127648679,0.5614371379432763,0.7470939794204604,,9.355899343024282,11566.859435534046,5.0,64195.0,884.1046277278532,401.7867441847457,1.0,09
09_181,2018,0.39854432998166267,0.010026989018794888,2018-19,0.4714979321697753,394412699,0.0411114881470893,0.5285020678302247,0.430386444022686,9.277753976893202,10697.378355163995,15.0,18304.0,845.9281039451735,444.52742814468036,1.0,09
09_182,2018,0.4169251869218653,0.005467133860474223,2018-19,0.7589445126909636,298263482,0.7182848854423285,0.2410554873090363,0.0406596272486351,9.628646707349246,15193.860448097552,13.0,42991.0,797.393427967468,495.4563902399856,1.0,09
09_183,2018,0.3467317872192374,0.007441917893902316,2018-19,0.446056892100016,252174801,0.0942599534360294,0.7567024716023468,0.3517969386639865,10.007512250567345,22192.557204013632,10.0,68081.0,796.8040135431934,475.77112206472896,1.0,09
09_184,2018,0.34784409646596093,0.0010934768402728154,2018-19,0.7345865492114595,1100422221,0.1449751422277031,0.2654134507885405,0.5896114069837562,9.10856854284912,9032.356202184965,40.0,42561.0,,,,09
09_185,2018,0.3527464026928213,0.00788917327494669,2018-19,0.4563465046270039,474415206,0.1465797641401907,0.5436534953729962,0.3097667404868131,9.823261542735766,18458.15473240585,15.0,54056.0,732.313165416418,541.2255077656353,1.0,09
09_186,2018,0.4485047177843803,0.003123980533700699,2018-19,0.5552006720623737,388602026,0.0496243990246206,0.4447993279376263,0.505576273037753,9.557942750467875,14156.692372771198,7.0,47632.0,699.682875683502,579.1617725023593,1.0,09
09_187,2018,0.3616382762881551,0.007981275953358145,2018-19,0.1675695647407764,623473106,0.104775212228641,0.8324304352592236,0.0627943525121354,8.952952928601507,7730.686354134115,8.0,43761.0,,,,09
09_188,2018,0.3681420199652756,0.015822545370750563,2018-19,0.0375234428604639,219761471,0.0298128601441696,0.962476557139536,0.0077105827162942,,,,171208.0,666.0270854795533,614.0956245199884,1.0,09
09_189,2018,0.3152776080535024,0.008288068426540642,2018-19,0.6049347442260777,964980510,0.2218951644940476,0.3950652557739223,0.38303957973203,9.037829902727696,8415.494783750506,23.0,60285.0,640.4467619022303,643.448150184961,1.0,09
09_190,2018,0.32510636146526195,-0.00433615675626705,2018-19,0.2839995193012136,135486092,0.0387202031039466,0.7160004806987864,0.2452793161972669,8.262996896288746,3877.6977623435673,3.0,103829.0,614.2658022058437,616.6980543904881,1.0,09
09_191,2018,0.4186016450463566,0.003638751210722068,2018-19,0.3020430356210108,310928010,0.1797532296945521,0.6979569643789892,0.1222898059264586,8.862315175423923,7060.810851812869,7.0,130269.0,648.0932288038032,614.9399834342911,1.0,09
09_192,2018,0.2237500416871934,0.006134598892562172,2018-19,0.2573934013635318,421266153,0.1576087576159958,0.7426065986364682,0.099784643747536,9.21683684264994,10065.17618509995,12.0,123740.0,608.6082726956816,610.3284173306974,1.0,09
09_193,2018,0.32981119749315346,0.00024037594534196912,2018-19,0.8049613012118753,1076420917,0.7392376229716093,0.1950386987881247,0.0657236782402659,9.903473235345343,19999.7136582341,50.0,101417.0,555.4608192364648,557.4763448582066,1.0,09
09_194,2018,0.5960162503448714,0.01456971249761292,2018-19,0.5029777718458375,757174027,0.3326094755228576,0.4970222281541625,0.1703682963229799,9.285209169374696,10777.427389569444,22.0,143029.0,671.8327435510733,572.0278366152966,1.0,09
09_195,2018,0.4812062310212096,0.008256407200285634,2018-19,0.4333413593882477,295994320,0.0971851622017611,0.5666586406117523,0.3361561971864865,9.133033191716516,9256.054821997188,13.0,117964.0,582.5964283419589,583.7490333628247,1.0,09
09_196,2018,0.23372523189235728,0.005147777565578634,2018-19,0.2652778947726085,936603584,0.0162222996575678,0.7347221052273915,0.2490555951150407,8.771845028173683,6450.062038874282,35.0,49179.0,580.7877012036481,535.2912223329962,1.0,09
09_197,2018,0.49072039570295706,0.0036374647001940793,2018-19,0.1858040984708034,126930903,0.1117038614308132,0.8141959015291965,0.0741002370399901,8.160518247477505,3500.0,3.0,254498.0,623.5352255142589,546.4336507263064,1.0,09
09_198,2018,0.8998187581633539,0.033064166195184506,2018-19,0.3532918406033487,409589182,0.0457466867374441,0.6467081593966513,0.3075451538659045,9.85333734095156,19021.730991051543,2.0,58992.0,,,,09
09_199,2018,0.5686409561235964,0.0335075807975326,2018-19,0.1363244234491572,415045313,0.0511484682155656,0.8636755765508428,0.0851759552335915,,,,69865.0,631.0713606395623,495.03280304962647,1.0,09
09_200,2018,2.0364578079952427,0.9508432687244097,2018-19,0.4083948061845776,209267583,0.077242044698342,0.5916051938154224,0.3311527614862355,9.581903928408666,14500.0,3.0,49102.0,567.7629596214728,454.85591391120437,1.0,09
09_201,2018,0.5254971729849841,0.002226033183851959,2018-19,0.33379504383311,531008067,0.0983022052657441,0.66620495616689,0.2354928385673658,8.884569708670135,7219.707428303168,14.0,56745.0,971.5543092925888,169.58772650873885,1.0,09
09_202,2018,0.5206144882911979,0.0069900120203132046,2018-19,0.4367578033392772,401254500,0.3807732748168556,0.5632421966607228,0.0559845285224215,9.100258859698783,8957.61116791981,13.0,47138.0,,,,09
10_203,2018,0.4036211916730588,0.00522326095042023,2018-19,0.5069446808022082,120197965,0.1364133327881216,0.4930553191977917,0.3705313480140866,9.299491200498212,10932.455365001872,18.0,90546.0,631.4273499353968,635.0361621789013,1.0,10
10_204,2018,0.580501885580497,-0.005390908758671423,2018-19,0.5356781940426627,426278597,0.0769806043065305,0.4643218059573373,0.4586975897361321,9.61152595048006,14935.944218005145,5.0,83654.69115555976,556.6036942388041,560.3934945463603,1.0,10
10_205,2018,0.3002046318726905,0.014828733150794787,2018-19,0.6145107768180953,402327613,0.2830267332409024,0.3854892231819047,0.3314840435771929,9.28154282396728,10737.985965279575,26.0,9688.0,527.0589927149257,531.19239248167,1.0,10
10_206,2018,0.41173309445072354,0.00764684825742958,2018-19,0.6214283527091902,88828760,0.2451863112802655,0.3785716472908099,0.3762420414289246,8.712227274997542,6076.762046732323,10.0,47400.0,517.5167433975106,522.0074716810329,1.0,10
10_207,2018,0.556624283993389,0.002539031721620192,2018-19,0.7402381084951224,468610412,0.0319354769266202,0.2597618915048776,0.7083026315685022,8.226903987782404,3740.235991623258,19.0,71949.0,467.83921969943185,473.08539270126704,1.0,10
10_208,2018,1.0148706979320286,0.032164769612814254,2018-19,0.6092462652150529,69668670,0.8399701026508637,0.6075596813335451,0.3095053199666364,,,,31438.0,428.4485554872256,434.4176208433777,1.0,10
10_209,2018,0.8363366746417878,0.018289566390305337,2018-19,0.3394572821551491,568489728,0.0420045109416647,0.6605427178448509,0.2974527712134844,9.608386407478855,14889.125711682504,5.0,46501.0,406.57672434483237,413.33181480508546,1.0,10
10_210,2018,0.6792080971193463,0.0017322841748952111,2018-19,0.3848279610273645,358236794,0.080038764945452,0.6151720389726355,0.3117662754652723,9.159047077588632,9500.0,2.0,26844.0,406.6759725834202,414.2354017552333,1.0,10
10_211,2018,0.6457680345695299,-0.018522152947677287,2018-19,0.7729823693626914,1050747439,0.1332603181343561,0.2270176306373086,0.6397220512283351,9.475449830734792,13035.736555235422,85.0,53763.0,364.99100718755227,371.65927868861485,1.0,10
10_212,2018,0.43759573037135363,0.002998646946436889,2018-19,0.0568302842962869,224587738,0.0067920359926328,0.9431697157037132,0.050038248303654,,,,52390.91107677936,330.7653185928469,337.7116503532057,1.0,10
10_213,2018,0.47482253001936825,0.013273912399410738,2018-19,0.4655203720697793,529006361,0.0157739067337982,0.5344796279302206,0.4497464653359811,9.903487552536127,20000.0,2.0,23692.54515050167,382.393379562679,388.22234594813733,1.0,10
10_214,2018,0.28859189354004955,-0.0064142816239656664,2018-19,0.4982728039010788,237187312,0.0181341867055688,0.5017271960989211,0.48013861719551,8.869486355199067,7111.627184545831,6.0,34636.0,394.1890327579183,399.49953127233965,1.0,10
10_215,2018,0.47711297441541767,0.0019792852223015915,2018-19,0.2656793678700883,617283240,0.0968937760241149,0.7343206321299117,0.1687855918459733,9.4164695920816,12289.119938730662,19.0,77768.53767729327,449.5575960557239,454.2712967408712,1.0,10
10_216,2018,0.622504556908998,0.0019586369987178477,2018-19,0.6675641026462229,284135774,0.0858243073608886,0.3324358973537771,0.5817397952853343,9.436829565799355,12541.890567719533,13.0,87954.0,492.0976484430063,495.8878038331609,1.0,10
10_217,2018,0.4960973253930529,0.0015309937005255942,2018-19,0.3039728721912965,205441142,,0.6960271278087035,0.3039728721912965,10.191169624987907,26666.666666666668,3.0,50198.0,577.6448861795963,580.6424498389194,1.0,10
10_218,2018,0.3695950382122342,-0.0037707697839369824,2018-19,0.6871131568061507,198444263,0.0255841712088194,0.3128868431938493,0.6615289855973312,,,,69497.0,555.1836300754221,557.8629290466973,1.0,10
10_219,2018,0.567004698370414,-0.00856928363337267,2018-19,0.5691338636257253,507533713,0.0577741798208388,0.4308661363742747,0.5113596838048865,8.985279412506097,7984.675431174618,24.0,75241.0,,,,10
10_221,2018,0.2920425198572324,0.006716415267320354,2018-19,0.3463873055658304,213648404,0.0056782847529012,0.6536126944341695,0.3413383045913135,9.478184324124014,13071.431472184291,6.0,108490.55419222904,425.7098729313515,429.87627942209735,1.0,10
10_222,2018,0.5366131115480398,-0.008834655163763697,2018-19,0.5172184344514866,729456475,0.0313168280533804,0.4827815655485133,0.4859016063981062,8.85533877885388,7011.723261544124,5.0,46580.01922666127,387.77748044484366,391.9593817530954,1.0,10
10_223,2018,0.4954753006186266,-0.007359478455039261,2018-19,0.1904037738237549,367469413,0.005757015210406,0.8782240081818914,0.1846467586133488,10.308952660644293,30000.0,3.0,32882.0,364.3809846927255,369.4119518986174,1.0,10
10_224,2018,0.4518388154416403,0.0020987185312650375,2018-19,0.1889997767919551,368001969,0.0041790917742821,0.8552774904879114,0.185037034407824,9.305650551780507,11000.0,6.0,69958.0,319.65784537849527,325.3620139040465,1.0,10
10_225,2018,0.544867751304767,-0.01188789650686109,2018-19,0.3728242245179209,291037899,0.0798844964174236,0.627175775482079,0.2929397281004973,8.517193191416238,5000.0,2.0,27812.0,290.8019000163498,295.47393621750024,1.0,10
10_226,2018,0.3587494205529324,0.003467466175571512,2018-19,0.1454681196026071,87246058,0.0197926396962377,0.8545318803973928,0.1276024184382061,9.210340371976184,10000.0,1.0,41060.0,340.1058572156159,344.6274043712818,1.0,10
10_227,2018,0.6337828542844645,-0.0076282515462985385,2018-19,0.2766799917205203,424901097,0.0611206988717188,0.7233200082794797,0.2155592928488014,9.903487552536127,20000.0,2.0,24743.0,358.35106523598625,362.0479088355011,1.0,10
10_228,2018,0.4203105576962635,0.003851368472777353,2018-19,0.5661898829297353,93997054,0.4181230935173777,0.4338101170702648,0.1480667894123575,9.35765147647906,11587.143882257236,8.0,17893.0,375.9933817255015,379.12627703592864,1.0,10
10_229,2018,0.4251713019342539,-0.0008134907317498607,2018-19,0.4179986009637717,265455599,0.1031108859753227,0.5820013990362283,0.314887714988449,9.446729150040412,12666.666666666666,3.0,74627.0,408.6950021492522,411.3870859310678,1.0,10
10_230,2018,0.39943469269356296,0.00710778478991732,2018-19,0.4196234184969529,45380880,0.0372775162582307,0.7082756325430091,0.3890774044046743,9.60941691261908,14904.476940663517,6.0,205077.28195293044,443.1054756914754,445.83700783286497,1.0,10
10_231,2018,0.5535335610044348,-0.0017699855948079257,2018-19,0.3538549830071134,285832544,0.0380000886113234,0.6461450169928866,0.31585489439579,9.739631248641638,16977.27983132818,10.0,50316.0,494.13495962545255,496.0381577450074,1.0,10
10_232,2018,0.3473767235878024,-0.0094385118052038,2018-19,0.2969841905503462,150321931,0.0426690234573955,0.7030158094496538,0.2543151670929506,9.323572701563815,11198.920867934175,8.0,25736.0,530.2929903394368,531.7610613472746,1.0,10
10_233,2018,0.5038350761269735,-0.0036317221593786387,2018-19,0.587418806143914,442030213,0.3014763110774059,0.412581193856086,0.285942495066508,9.659929262833256,15676.675705243806,25.0,40206.0,,,,10
10_234,2018,0.6455326798629845,0.006350657426416962,2018-19,0.5271907593216768,368743233,0.0970687969208102,0.4728092406783232,0.4301219624008666,9.483472830214213,13140.742932629328,35.0,73456.0,506.0893029403672,506.67176178567007,1.0,10
10_235,2018,0.6471945733912937,-0.0006713310225973155,2018-19,0.1743479669500597,28933426,0.1743479669500597,0.8256520330499403,,,,,48439.0,462.97208565311354,463.5965570187295,1.0,10
10_236,2018,0.7845124612936734,0.04383967105024995,2018-19,0.3124572204186404,312381797,0.0371339691089618,0.6875427795813596,0.2753232513096786,8.859302239915094,7039.569100159212,4.0,75352.0,413.48138504078617,414.5080587858931,1.0,10
10_237,2018,0.8528253584322227,-0.015010529360547887,2018-19,0.7527723687776489,41876193,0.074994997754452,0.247227631222351,0.6777773710231969,,,,36058.0,368.54821369447785,370.7149545015947,1.0,10
10_238,2018,1.213941606982648,0.03193864868649691,2018-19,0.4434871203107189,203285960,0.032183590052161,0.556512879689281,0.4113035302585579,8.987196820661973,8000.0,1.0,22366.0,316.9633565429193,320.3359220821691,1.0,10
10_239,2018,0.42086521100335234,-0.013574174539941749,2018-19,0.4516992888123181,475629301,0.0074505433336565,0.5483007111876819,0.4495376284649881,8.56559038784583,5247.93732467482,11.0,24556.0,435.43910466852395,437.4294309783235,1.0,10
10_240,2018,0.330067603739712,-0.023360592421952823,2018-19,0.2223542122343804,896913825,0.0538796622964307,0.7776457877656195,0.1684745499379497,9.618854341217135,15045.802704554571,27.0,10205.70176796382,462.22404589463173,463.80361948063086,1.0,10
11_241,2018,0.1503405815595247,-0.0027061696056823008,2018-19,0.2767657298582942,27627315,0.2573442985682829,0.784011541253007,0.0194214312900113,9.608200773831031,14886.362045486365,4.0,493.0,,,,11
11_242,2018,0.18803512955506263,0.011724755464198225,2018-19,0.6994622261648136,100199185,0.6509021605315453,0.5973573850216112,0.0485600656332683,9.59582516457878,14703.269523179784,55.0,729.0,,,,11
11_243,2018,0.1498029611923376,0.0013993796593345432,2018-19,0.5092371830218831,66334942,0.4651542772133576,0.6557510003133048,0.0440829058085254,9.484923943039716,13159.825475348222,10.0,2351.432621359223,,,,11
11_244,2018,0.28305964262976696,-0.005251674989989667,2018-19,0.4823308787030532,15485971,0.4823308787030532,0.5176691212969468,,9.763957752064025,17395.342066957786,4.0,15668.429897528633,,,,11
12_245,2018,0.09632164605821644,0.0032824738228016265,2018-19,0.5525722363837642,23362569,0.0485010873590143,0.4474277636162357,0.5040711490247498,9.632334782035558,15250.0,1.0,1031.0987066031314,657.1950693890848,666.3446372758485,0.0,12
12_246,2018,0.16854984667578501,0.013452595868529938,2018-19,0.3955230803990222,36766977,0.3105377687156602,0.6044769196009778,0.0849853116833619,9.09902259215933,8946.544006397684,22.0,8235.204527674297,651.7602310875525,660.828953704449,0.0,12
12_247,2018,0.25968650355350487,-0.005360194205447404,2018-19,0.8163466258433874,26098181,0.058219881301306,0.1836533741566126,0.7581267445420813,9.72076535517608,16659.990661327007,9.0,1080.0,698.2233615532848,707.2210633955294,0.0,12
12_248,2018,0.3410701254654237,0.004311500970901756,2018-19,0.1721805319219225,26531751,0.1282460399993954,0.865185106518001,0.043934491922527,,,,17251.338927914043,728.8169331576814,737.654073108453,0.0,12
12_249,2018,0.663012060331057,-0.019038732681320752,2018-19,0.4710209261902194,9967175,0.3601183886106143,0.550239865114487,0.110902537579605,10.308952660644293,30000.0,2.0,1576.0,829.7490568223386,838.7291795888216,0.0,12
12_251,2018,0.3896018830377104,-0.011657898091205869,2018-19,0.7309978077362137,15806492,0.034677586905431,0.2690021922637863,0.6963202208307827,9.51044496442652,13500.0,3.0,6113.0,902.4703605737077,911.1976027944269,0.0,12
12_253,2018,0.13271408285021477,-0.0009954755301765992,2018-19,0.7226203903291784,8652543,0.0215078429757098,0.2773796096708216,0.705272080127195,,,,4274.783276494452,946.1240994278495,954.3565251633235,0.0,12
12_254,2018,0.20619208073063627,-0.0030076587156858915,2018-19,0.2720511074324508,8719358,0.0406226008841476,0.7279488925675491,0.2314285065483032,,,,2482.0,847.5489195376741,855.8202797417633,0.0,12
12_255,2018,0.2502515868094052,-0.005564652611336837,2018-19,0.161198263678782,29776518,0.0667030980586783,0.8388017363212179,0.0944951656201037,,,,5432.0,778.152152857276,787.0004138740929,0.0,12
12_256,2018,0.02543018112418583,0.0006476525345933925,2018-19,0.548606752798161,19144449,0.0288482577900257,0.451393247201839,0.5197584950081352,9.18797625314375,9778.841041998936,6.0,2317.786039981207,771.0885462219916,780.1074515899389,0.0,12
12_257,2018,0.06597330294556152,-0.0018407537523030195,2018-19,0.5099273072525887,15354214,0.0221940374153961,0.4900726927474112,0.4877332698371925,,,,575.5528967491168,1015.3896452625582,1024.1761337984346,0.0,12
12_258,2018,0.2284805772268421,-0.0034291535592474833,2018-19,0.14339198909572,4522261,,0.85660801090428,0.14339198909572,,,,4330.0466738325595,972.9955174339447,981.6506832417897,0.0,12
12_259,2018,0.4691838042464615,-0.01701246146535152,2018-19,0.6878038881824275,11221027,0.1425559353880888,0.3121961118175725,0.5452479527943387,10.106428396532818,24500.0,2.0,7112.0,962.5323729589329,970.9684262335477,0.0,12
12_260,2018,0.04987198284238792,0.0002807120190596573,2018-19,0.5771094494756911,6713600,,0.6857239606001658,0.5771094494756911,,,,684.0,1026.9965103165812,1035.3800266692956,0.0,12
13_261,2018,0.4967706692166985,0.0118969821456777,2018-19,0.1272753246431075,23380290,0.0328771798810023,0.8727246753568925,0.0943981447621051,,,,10789.0,800.441599699235,808.7250562943533,0.0,13
13_262,2018,0.16855718957658514,0.0029052138642983692,2018-19,0.7833863803563521,61161145,0.0597215928511475,0.2166136196436479,0.7236647875052045,9.760712240552882,17338.97680057588,7.0,10042.0,744.9240698176426,753.2214599424225,0.0,13
13_263,2018,0.2094392891063202,-0.0004360319295315496,2018-19,0.2726359692347736,8506097,,0.7273640307652264,0.2726359692347736,,,,8212.0,719.1468086219421,727.2191373455408,0.0,13
13_264,2018,0.22753127367962958,0.00808768233326238,2018-19,0.8698782091620176,46342238,0.0687590875520513,0.1301217908379824,0.8011191216099662,9.92017529211928,20336.55515373824,13.0,8328.0,700.0360937964704,708.2910088291693,0.0,13
13_265,2018,0.5066870084957101,0.05073315784974399,2018-19,0.4205243685104466,56874773,0.0136962129062036,0.5794756314895533,0.406828155604243,9.240993094493644,10311.273543896858,12.0,24250.0,642.5983453446128,650.7582308727058,0.0,13
13_266,2018,0.4320396325514974,-0.003284901745593052,2018-19,0.4851407376062448,14240579,0.0474922563337503,0.5148592623937552,0.4656990421527102,9.615805480084347,15000.0,6.0,8334.0,699.7503028489056,707.5985936993729,0.0,13
13_267,2018,0.11481657066121577,-0.00040878458247498056,2018-19,0.2832551433738957,21930352,,0.7291422368211271,0.2832551433738957,,,,7818.0,760.6464887786772,768.7015052318833,0.0,13
13_268,2018,0.041414459759320586,-0.0007397491385612073,2018-19,0.8408638288167297,10509999,0.107195240737186,0.1591361711832703,0.7536706711389792,9.11337911799936,9075.91171000566,4.0,2020.0,771.9022798247335,780.1646035167258,0.0,13
13_269,2018,0.025323310357938052,-0.002272548735441662,2018-19,0.5167622412880222,28001506,0.005633443162358,0.4832377587119778,0.513623410112299,8.821213729100192,6776.484452315225,8.0,3380.0,735.1390224196712,743.013472414693,0.0,13
13_270,2018,0.10486891023644297,0.00038521711704324384,2018-19,0.4814477293310794,28580895,0.0437968090222507,0.6730354419360178,0.4376509203088287,9.615805480084347,15000.0,3.0,26504.0,671.7789204845539,679.8273520822025,0.0,13
13_271,2018,0.07336415446052279,-0.0012661541769535605,2018-19,0.5505695405573762,28069555,0.0251150044950837,0.4494304594426239,0.5254545360622924,9.164577254474215,9552.682217138485,7.0,3624.0,613.3579216933474,621.3976672362425,0.0,13
14_272,2018,0.3062695388114807,-0.00544526141142061,2018-19,0.6806405390687962,205382320,0.1316083682373439,0.3193594609312038,0.5490321708314523,9.255846061003645,10465.569584882884,346.0,6185.0,634.3377654126348,642.0147604426747,0.0,14
14_273,2018,0.4456437982829199,-0.0119713684217745,2018-19,0.7525690037378041,86968441,0.1180968392890933,0.2474309962621958,0.6344721644487108,9.241286553766049,10314.299926766926,52.0,5510.0,576.8721133610234,584.5299499302398,0.0,14
14_274,2018,0.25977035379205665,-0.0023327372419116145,2018-19,0.2914089481300536,50539632,0.0853533322126287,0.7085910518699463,0.2060556159174249,9.457571403691972,12804.749089230432,6.0,11647.0,540.5144604104701,547.5709325903379,0.0,14
14_275,2018,0.5429822366583025,-0.004874659509568525,2018-19,0.3276037738354458,60473119,0.080888286909759,0.6723962261645542,0.2467154869256867,,,,26235.0,584.5393499060536,591.7212932052548,0.0,14
14_276,2018,0.698463736454898,-0.006875551560659649,2018-19,0.4821493188252916,51880009,0.1798378639448578,0.5178506811747083,0.3023114548804338,9.519556807412854,13623.57200972087,23.0,30856.0,600.2967704653419,607.4181495941019,0.0,14
14_277,2018,0.5537626150402137,-0.0002470353703332096,2018-19,0.5604176335847703,112479364,0.0768817024961129,0.4395823664152297,0.4835359310886573,9.33669431707031,11346.837129500344,137.0,25738.0,531.206491880321,538.7702230337535,0.0,14
14_278,2018,0.4872199275673372,0.008397484598971109,2018-19,0.6771730434934491,64581128,0.0984885243874959,0.3228269565065509,0.5786845191059531,9.147459473849404,9390.553102755412,65.0,92684.76702103742,608.7108166713931,616.107714437413,0.0,14
14_279,2018,0.10862398055302734,-0.0013180461492550328,2018-19,0.3335811767913459,18426954,0.1345941928329554,0.666418823208654,0.1989869839583905,9.33423480076624,11318.963690220951,9.0,8069.0,662.1684062108765,669.5787600153055,0.0,14
14_280,2018,0.437895354425525,-0.012016775600134174,2018-19,0.2047031644339891,26809439,0.0347276734648047,0.7952968355660109,0.1736930787697571,9.42079093713531,12342.34037550801,4.0,5777.0,601.900990882729,608.6843379653691,0.0,14
15_281,2018,0.2623515916791039,-0.006339731714245112,2018-19,0.2987555771405674,39780690,0.0129981154173042,0.7012444228594326,0.2857574617232632,9.301084730424922,10949.890447772035,25.0,3266.0,431.5256127897306,438.26826207443526,0.0,15
15_282,2018,0.3701067908849735,0.010727775993891237,2018-19,0.7507349624149321,93384027,0.0233623893730776,0.2492650375850679,0.7273725730418543,9.515182794127202,13564.112457985195,173.0,3844.0,471.6188333660193,478.84426916460154,0.0,15
15_283,2018,0.1831129023153185,-0.004089368848422369,2018-19,0.2839785578867537,28437309,,0.7160214421132464,0.2839785578867537,9.310388050748754,11052.236125246962,15.0,2030.0,473.7220005536688,480.3823659643395,0.0,15
15_284,2018,0.28826568365245747,-0.006028065168837863,2018-19,0.5001772420448756,31346964,0.010421934321933,0.4998227579551244,0.4897553077229424,8.98828588747516,8008.717280494327,35.0,6297.0,500.9176629151088,507.07129923337925,0.0,15
15_285,2018,0.2886444841299497,-0.0010732154630563057,2018-19,0.5797785865876055,13549676,0.1072608673447247,0.4202214134123945,0.4725177192428808,9.62785522495654,15181.839532874585,8.0,2890.0,468.3872404492037,474.2107432306711,0.0,15
15_286,2018,0.25222826215326966,-0.005014668564779745,2018-19,0.4682075979753675,25715877,0.0956698121771788,0.5317924020246325,0.433292086441384,9.125148116696858,9183.357125396366,35.0,10186.0,441.13164013883846,446.4982810009247,0.0,15
15_287,2018,0.10007290977616559,-0.0009009499304591199,2018-19,0.3593632595505774,14546398,,0.6406367404494226,0.3593632595505774,8.878586078444679,7176.636357904597,11.0,4417.0,,,,15
15_288,2018,0.1097768987065678,-0.001453885632204373,2018-19,0.2054915705710862,27518175,,0.7945084294289138,0.2054915705710862,,,,3242.0,469.6834185719583,473.9404582111191,0.0,15
16_289,2018,0.7508758805941127,-0.007904363183936397,2018-19,0.6882920404898094,119814345,0.0540206266620244,0.3117079595101905,0.634271413827785,9.072962145285334,8716.404860811357,63.0,158224.69285824432,338.71879135359455,346.0513064447843,0.0,16
16_290,2018,0.6999874146904039,-0.010397306938460884,2018-19,0.5274391934399487,52030447,0.1170575759228053,0.4725608065600513,0.4103816175171433,8.860683638132745,7049.300268128792,8.0,73210.0,337.6326914595667,344.0983784057892,0.0,16
16_291,2018,1.0032647546310294,-0.004994246877929012,2018-19,0.6416463736410176,358426098,0.1187855969126444,0.3583536263589824,0.5228607767283732,9.364967550395376,11672.227141579959,185.0,27378.127552012444,383.2392610044538,390.36970742544304,0.0,16
16_292,2018,1.5275197376848852,-0.035914719659942945,2018-19,0.4867196251266542,123896352,0.0728146701203922,0.5132803748733458,0.413904955006262,9.454363084353457,12763.733196326231,12.0,60501.0,416.119396012333,423.5296872174025,0.0,16
17_293,2018,0.1987155101898379,-0.0008925905645391266,2018-19,0.508637536088906,160810153,0.404480350192814,0.4913624639110939,0.104157185896092,9.048616287865867,8506.758871566528,33.0,37294.0,372.251018767831,381.4133099351786,0.0,17
17_294,2018,0.1732547734468809,-0.0030872723351091005,2018-19,0.2284013812668845,185926415,0.1525847846848442,0.8567741911055675,0.0758165965820402,9.659198163531569,15665.218687202196,16.0,10865.0,411.30842432455876,420.4488884549139,0.0,17
17_295,2018,0.24842714191719506,-0.022433729739191187,2018-19,0.3929525537394748,39886136,0.269966536743494,0.6070474462605252,0.1229860169959807,8.987196820661973,8000.0,1.0,6779.0,370.1630280087986,379.2494504086113,0.0,17
17_296,2018,0.30759006624753127,0.011599232032097537,2018-19,0.2931640620939014,54347173,0.2356481909371808,0.7338676823322202,0.0597154683279678,,,,10751.0,431.7214298394448,440.6693867014813,0.0,17
17_297,2018,1.291147485617034,0.16787517349690637,2018-19,0.295091382296675,80120825,0.2524409852245031,0.7049086177033249,0.0426503970721719,8.606303112757956,5466.004079113031,23.0,9871.0,,,,17
17_298,2018,0.30902706611693326,-3.674263012476006e-05,2018-19,0.3009951613480193,80985159,0.1646571565044405,0.6990048386519807,0.1363380048435788,9.202429065468346,9921.199055139668,4.0,53822.0,458.8949077213221,467.57779225714046,0.0,17
17_299,2018,0.4473131592325021,-0.010728234138956287,2018-19,0.582066902423334,16334356,0.3867570903927892,0.6610659415084579,0.1953098120305447,,,,10813.0,502.8773041410276,511.31215097844154,0.0,17
18_300,2018,0.5224634057260308,-0.011241912960682367,2018-19,0.4887016897668979,87862829,0.043588206958384,0.6218650618591766,0.4528634059802467,,,,42495.0,462.7843729026204,471.88195362060446,0.0,18
18_301,2018,0.36640615709810453,0.0028235095942337105,2018-19,0.472346408137054,199283425,0.1109499196935219,0.6842262475284853,0.3613964884435321,9.85854834627633,19121.112045246104,6.0,98682.0,413.93170877153904,423.0506018722106,0.0,18
18_302,2018,0.4899069639390822,-0.0036479450007194307,2018-19,0.5628107232364583,274795992,0.0829167624832024,0.4371892767635417,0.4798939607532558,8.985828300884153,7989.05932974677,29.0,57347.0,439.21806988489107,448.379003066074,0.0,18
18_303,2018,0.7688619280902576,0.009163007733192077,2018-19,0.6036652641386767,227934132,0.0765392521379816,0.3963347358613233,0.527126012000695,9.67236283055794,15872.809509043003,37.0,94130.0,486.55359984449973,495.7011673562355,0.0,18
18_304,2018,0.38291122589842863,0.0039992610650610326,2018-19,0.5114972651638263,107128172,0.1030133995453486,0.4885027348361736,0.4315229704470267,9.522888029969003,13669.030834788482,18.0,34379.0,,,,18
18_305,2018,0.4746870117396588,-0.00012979978340053378,2018-19,0.5594423110977381,278265964,0.1409025790879692,0.4405576889022619,0.4185397320097689,9.55598981965722,14129.072310872807,12.0,138675.0,596.333809216815,605.0265311119763,0.0,18
18_306,2018,0.46224016331136547,0.004364598250246459,2018-19,0.2950185552161594,70189697,,0.7049814447838406,0.2950185552161594,,,,79601.0,644.4623521151922,653.3167155499981,0.0,18
18_307,2018,0.3147327375732652,-0.005979428020804685,2018-19,0.4957630130122437,65061800,0.107193038003867,0.5042369869877562,0.3885699750083766,,,,56588.0,758.4791400774795,767.1583874098545,0.0,18
18_308,2018,0.25834011463527906,-0.0060863432417772485,2018-19,0.4151283586310006,211111164,0.0140069664908862,0.5848716413689994,0.4011213921401144,9.780425737588036,17684.180070756192,10.0,25672.0,835.6386704724376,844.2946776607322,0.0,18
18_309,2018,0.7214390367496842,0.11416500709996642,2018-19,0.3956803436811333,154402191,0.0958128502204997,0.6924006686319949,0.2998674934606335,10.306625503061907,29930.266444485776,6.0,76088.0,901.0851951719893,909.5540438936837,0.0,18
18_310,2018,0.42805771158198014,-0.0011732670665277067,2018-19,0.2819082917252014,89125807,0.1150243497935452,0.7180917082747985,0.1668839419316562,,,,91629.0,842.777985302337,851.3024992340215,0.0,18
18_311,2018,0.5307301180158684,-0.00722263933490806,2018-19,0.6521650812809398,179116347,0.0593496917519876,0.3845957687287478,0.5984882161537161,9.903487552536127,20000.0,3.0,83878.0,801.1265605299404,809.5765007248865,0.0,18
18_312,2018,0.40434494147261124,-0.00036546070687160163,2018-19,0.7074240917078541,121101427,0.4667840288950518,0.363227106006904,0.2406400628128023,9.7109734361965,16497.653475948773,11.0,68430.0,743.089072576657,751.6011876173263,0.0,18
18_313,2018,0.4340518167999424,0.0014122450824678057,2018-19,0.8899933724095452,122824427,0.5816683191202675,0.1504308184009292,0.3083250532892777,9.687005452828778,16106.939014795014,17.0,54225.0,688.0500357129712,696.5410164356992,0.0,18
18_314,2018,0.4271617894058056,-0.004844794030608507,2018-19,0.743155800803687,388244435,0.0552325289607821,0.256844199196313,0.6879232718429048,9.426020252939592,12407.051420877375,50.0,32744.0,608.7709217441347,617.2977803953027,0.0,18
18_315,2018,0.192407859681272,-0.004097586353116851,2018-19,0.6579874372276826,203397780,0.122082817226422,0.3420125627723174,0.5359046200012606,9.03005258574234,8350.29866728495,45.0,13030.0,556.7200330464592,564.8966678103188,0.0,18
18_316,2018,0.5027766686940398,-0.006720342543535103,2018-19,0.4321293205071075,200414061,0.0368220970284116,0.5678706794928925,0.3953072234786959,9.640718026983546,15378.381861878304,16.0,110654.62145423962,510.82929919572894,518.6372052987739,0.0,18
18_317,2018,0.7427154538440671,-0.01299776838104252,2018-19,0.4470388292998529,234713014,0.0648265886100376,0.6126357460867804,0.3822122406898153,9.575978514249464,14414.335544025347,5.0,65425.0,457.11840103131567,464.92772366885185,0.0,18
18_318,2018,0.42523748847835424,-0.005257256027054925,2018-19,0.3939072111772185,90196036,0.3229661112823184,0.6060927888227815,0.0709410998949,10.223511327784554,27543.210125597783,19.0,29163.0,471.6706257678822,479.29074811575845,0.0,18
18_319,2018,2.707788623936428,0.07008016898867936,2018-19,0.5549080027966194,189391518,0.0136559494707677,0.4450919972033805,0.5412520533258517,9.487794048746954,13197.649819519462,14.0,40304.0,469.3012449984785,478.46358331266293,0.0,18
18_320,2018,0.661746018561236,-0.014794719136977538,2018-19,0.5063018170066033,98986927,0.3179812421088696,0.4936981829933967,0.1883205748977337,9.436974311936776,12543.706089326855,3.0,16851.0,495.5391447229379,504.6937598311184,0.0,18
18_321,2018,0.41343652467603215,0.03432388004954513,2018-19,0.2061344741097314,124932926,0.0092138080556922,0.8217267170999589,0.1969206660540392,,,,60278.0,489.80096384973484,498.8604044645443,0.0,18
18_322,2018,0.5367243445920316,0.05352729424707416,2018-19,0.3152173046940363,7153481,,0.6847826953059636,0.3152173046940363,,,,217703.0,514.1596265903361,523.110649499156,0.0,18
18_323,2018,0.5017946863771489,-0.01172094593716037,2018-19,0.9390603456187876,206299086,0.224145268389604,0.0609396543812123,0.7149150772291837,9.599647317736803,14759.57520714822,62.0,51366.0,510.2053851940201,519.3080900027074,0.0,18
18_324,2018,0.42205712829808645,-0.005762685499691062,2018-19,0.4856079571256114,141900286,0.0557998663935039,0.5390152905067798,0.4298080907321074,,,,32774.0,534.1863445936216,543.3249444582246,0.0,18
18_325,2018,0.4379916144101046,-0.009134579916538075,2018-19,0.5562869936733577,455660177,0.249296944815083,0.4437130063266424,0.3069900488582744,9.259999631191464,10509.129464592994,62.0,39292.0,557.2969680455438,566.2843113354927,0.0,18
18_326,2018,0.3996362617144206,-0.006566652951938394,2018-19,0.331852155919623,91743680,0.0676003731265194,0.668147844080377,0.2642517827931036,,,,30561.0,580.4667359548814,589.5105556182345,0.0,18
19_327,2018,0.3107460492997136,0.000747513281650039,2018-19,0.4236310226211986,325486642,0.1383799024302048,0.5763689773788013,0.3031325691086272,8.36968037468663,4314.256896588427,12.0,112918.0,471.6294570731199,479.70326238144077,1.0,19
19_328,2018,0.5525276246988733,0.0009507887245089507,2018-19,0.5711610873498106,378012886,0.309663898600536,0.4288389126501893,0.2614971887492745,9.285130156345543,10776.575866026074,34.0,386211.0,449.88277368646396,458.5124703802415,1.0,19
19_329,2018,0.8145762843772506,-0.005966469681659137,2018-19,0.661949046738235,1370890922,0.1334674904208024,0.338050953261765,0.5284815563174325,9.282065184414655,10743.596529673208,121.0,218369.0,415.530659950036,424.36810693842546,1.0,19
19_330,2018,0.615791754345695,0.0032174591989875267,2018-19,0.4154564230530763,836509544,0.0883669487457754,0.5845435769469236,0.3270894743073009,8.915828057871774,7448.947735731119,8.0,147623.38559176674,359.8831249494692,367.680200519232,1.0,19
19_331,2018,0.5690785911874905,0.008085463004318727,2018-19,0.4860333117737873,574685879,0.325131373203621,0.5139666882262127,0.1609019385701662,9.197716474993106,9874.554501634208,34.0,166087.0,304.0129113292183,312.36320295703445,1.0,19
19_332,2018,0.4341178896607114,0.014926328083734897,2018-19,0.8693569636376727,2926124198,0.5585798402259069,0.1306430363623273,0.3107771234117657,8.998747687022167,8092.942681744663,232.0,336754.0,279.7849672478559,287.3963308542243,1.0,19
19_333,2018,0.3026171219296985,0.004474568914460054,2018-19,0.6903561098581499,1116862173,0.3113419098669751,0.3096438901418501,0.3790141999911747,8.89037717848559,7261.757645769244,73.0,753822.0,173.00885635413798,180.7433184805186,1.0,19
19_334,2018,0.7007203990936329,0.04245981201135303,2018-19,0.4634619335581484,444151349,0.3342433999902137,0.5365380664418515,0.1292185335679347,8.922658299524402,7500.0,1.0,236722.40755218008,165.48234207590613,171.062483502026,1.0,19
19_335,2018,1.1935200185041501,0.0666380484760146,2018-19,0.6956511052358663,699930733,0.4631422078161554,0.3043488947641337,0.2325088974197108,9.058602966734744,8592.138761801038,21.0,724934.7285338315,110.51385551266597,115.16438996177133,1.0,19
19_336,2018,0.5932269037333413,0.019779089443913305,2018-19,0.2029143285886106,266419855,0.0353498728538832,0.7970856714113894,0.1675644557347274,8.682589036986046,5899.300343332166,8.0,459013.0,100.03668900431425,108.70411601139507,1.0,19
19_337,2018,0.9911161451391478,0.018513150252545737,2018-19,0.3828718274230768,317542340,0.0989029872362847,0.6171281725769231,0.2839688401867921,8.602188362565721,5443.559047295612,13.0,1051646.0,,,,19
19_338,2018,1.0294748583778515,0.021910258376023645,2018-19,0.7620942206557688,1436534833,0.1947930189869611,0.2379057793442311,0.5673012016688077,8.865789962851421,7085.388344640882,98.0,496548.9061325168,44.380681963908074,48.42887832765939,1.0,19
19_339,2018,1.1987821809977208,-0.009692428564152025,2018-19,0.8345533864211422,390350637,0.6396519163359274,0.1654466135788578,0.1949014700852147,9.532869481844916,13806.150797983672,28.0,258114.0,138.24630087000986,138.2168730687631,1.0,19
19_340,2018,0.8533527239861394,0.02100105595397503,2018-19,0.7517837590268546,1890117835,0.4410730868533389,0.2482162409731454,0.3107106721735155,9.086475542181413,8834.992555876108,136.0,208165.5,210.15623747624397,209.2221235895277,1.0,19
19_341,2018,1.7532931215673389,0.034002295282872685,2018-19,0.7303932047435674,762117052,0.263731615074793,0.2696067952564326,0.4666615896687744,8.578064453031626,5313.810435528074,66.0,531098.0,30.332800628781982,25.66642939691887,1.0,19
19_342,2018,0.9428553602098991,0.022997112619916212,2018-19,0.7149501337790106,1631910708,0.1550947314453187,0.2850498662209893,0.5598554023336919,8.905917401367022,7375.488389843089,91.0,1281951.0,2.0525785017758627,7.122503606970725,1.0,19
19_343,2018,0.8326773522468645,0.017194113983635642,2018-19,0.2727839991327022,1216523407,0.1249291942312787,0.7272160008672978,0.1478548049014235,9.335193184964153,11329.816806055029,15.0,763056.0,,,,19
19_344,2018,1.4408452012388446,-9.171518225490886e-05,2018-19,0.9369280760504316,1866720874,0.7932706253114947,0.0630719239495684,0.1436574507389367,9.271975396946344,10635.740958943928,167.0,399245.57102709654,,,,19
19_345,2018,1.1710926886539743,-0.0011995598912014386,2018-19,0.9557075926900892,1467387707,0.7114079864647523,0.0442924073099107,0.2442996062253368,9.46396603959904,12886.893158329227,120.0,468526.6828235408,84.56238255023587,75.80132940890282,1.0,19
20_346,2018,0.8446008600669239,0.062185584191403485,2018-19,0.2287895996650982,147240797,0.2068091155469635,0.7712104003349017,0.0219804841181347,9.137769679141348,9300.0,6.0,18131.0,496.2817278090215,462.38370123442587,1.0,20
20_347,2018,0.5974348984092248,-0.004987395529675837,2018-19,0.2762710112062937,123021673,0.1612787610196132,0.7237289887937063,0.1149922501866805,,,,15862.0,389.49490648578177,389.342083028974,1.0,20
20_348,2018,0.6630679880576203,0.007510439418950704,2018-19,0.2597544412263494,210337343,0.2048403169189029,0.7402455587736506,0.0695266407357967,8.048148195003748,3127.997163964258,4.0,21900.0,343.3156482354491,344.687749125447,1.0,20
20_349,2018,0.6398391816683283,0.027478815579144767,2018-19,0.502681630832309,128195498,0.258211048877863,0.497318369167691,0.2444705819544458,8.637483098664708,5639.118842373875,10.0,46334.0,293.3019940148693,295.22926001447337,1.0,20
20_350,2018,1.6172085843857846,0.029336941235434247,2018-19,0.6921371380180277,121816840,0.3082452885824324,0.3078628619819722,0.3838918494355953,9.150306109974418,9417.32267398892,6.0,43130.0,250.54558049822873,253.9769854216635,1.0,20
20_351,2018,0.6997351245247423,-0.009822485790460054,2018-19,0.3639422472561174,97186101,0.0186901577373805,0.6360577527438827,0.3457938290990807,6.620073206530356,750.0,2.0,27505.0,269.7117775666645,275.4990603770756,1.0,20
20_352,2018,0.9445383463057256,-0.001543044951397501,2018-19,0.1706323921922282,160745786,0.1613150406319205,0.8293676078077717,0.0093173515603077,,,,28145.0,273.19422576253305,279.9439010826382,1.0,20
20_353,2018,0.8863698420543449,-0.03840217900237767,2018-19,0.6336346292652797,118629326,0.3860467604780963,0.3663653707347203,0.2475878687871833,9.165772947411163,9564.111123163875,5.0,20137.0,227.24879197291216,233.6330697715582,1.0,20
20_354,2018,0.9126194681080048,0.07597535247817701,2018-19,0.6090664579234623,156724623,0.4095290948634153,0.3909335420765376,0.199537363060047,8.66928814152343,5821.35389409636,6.0,88912.0,233.87250742393567,235.2030488503426,1.0,20
20_355,2018,0.8560893024843796,0.20381969889092585,2018-19,0.1141476845691143,308221206,0.0819546400710663,0.8858523154308857,0.0321930444980479,,,,74037.44106208932,267.7733564211746,267.71051030250123,1.0,20
20_356,2018,0.7435364142368687,0.0003979170284746552,2018-19,0.6133078197207591,338602513,0.4942794975653355,0.3866921802792409,0.1190283221554235,9.510483853698812,13500.525015384592,11.0,14562.0,384.0369737568514,382.03326877903214,1.0,20
20_357,2018,1.5734506764460623,0.029137090018054906,2018-19,0.4299288914664862,728350979,0.1934433934494649,0.5700711085335137,0.2364854980170212,8.920198580259171,7481.57477524064,17.0,113780.0,192.7509345728185,188.6024153964192,1.0,20
20_358,2018,0.7604278155436413,-0.003986050479942523,2018-19,0.2989045220000508,265562978,0.2762343665237856,0.7010954779999492,0.0226701554762652,9.312123087350544,11071.428804641791,6.0,26858.0,456.35104414491303,455.61592787425593,1.0,20
20_359,2018,0.9813278158597015,-0.014455088014493963,2018-19,0.05304072785403,198992537,0.0393893364955691,0.94695927214597,0.0146857213729161,8.699514748210191,6000.0,1.0,15124.0,412.9444624664155,411.37015035273953,1.0,20
20_360,2018,0.972270422651248,0.03763783760936714,2018-19,0.6162515726905786,459914849,0.3923573578725656,0.3837484273094214,0.2238942148180129,9.025529161544348,8312.612024828086,48.0,45312.0,333.65829092146555,333.66027705975483,1.0,20
20_361,2018,0.8532481664933447,0.240077119749881,2018-19,0.0930537013039118,104458134,0.1838492815169023,0.906946298696088,0.0849105920272326,,,,30495.0,304.16071001035186,303.32736313063407,1.0,20
20_362,2018,1.5241450398538223,-0.022086934869891574,2018-19,0.3961729655049871,154047109,0.3568862561386984,0.6038270344950128,0.0597452946835499,9.30014081298322,10939.55953172665,3.0,36808.0,219.27453114797325,224.17028772570953,1.0,20
20_363,2018,2.1998203212044545,-0.03097095498988951,2018-19,0.6807507103726961,19525666,0.3871695848940569,0.3192492896273038,0.2935811254786392,8.7036316737893,6024.752470553281,19.0,21955.0,210.53822437462657,213.52818448880313,1.0,20
20_364,2018,1.3534580351377254,-0.02189437127331081,2018-19,0.0463295853226576,170327512,0.0351407645759541,0.9703424089052743,0.0113844228667184,,,,114784.0,312.0818289395872,310.1605791961991,1.0,20
20_365,2018,1.5839972986026634,-0.037270106772048624,2018-19,0.6942011595316383,392547633,0.4315534390192082,0.3057988404683617,0.2626477205124301,9.915244435140028,20236.525327878553,24.0,10858.0,314.529810654195,311.5487367037796,1.0,20
20_366,2018,1.3597643991633586,0.0052607280352286526,2018-19,0.6141550301278175,226106322,0.3242422385695169,0.3858449698721825,0.2899127915583006,8.933343885604506,7580.571606369386,23.0,22126.0,368.68948936696864,368.68948936696864,1.0,20
20_367,2018,1.6366986436991147,-0.07860652324187235,2018-19,0.344649299171984,133672667,0.244065647317413,0.8063044302810705,0.100583651854571,,,,12686.0,321.98409392534677,321.98409392534677,1.0,20
20_368,2018,0.8032240107906623,0.01401180806168151,2018-19,0.3611503736361302,59077397,0.3532719967333699,0.6388496263638698,0.0105572730600477,8.685549058574605,5916.788269256258,4.0,43603.0,253.99454532325183,253.99454532325183,1.0,20
20_369,2018,2.9132314269236788,0.08525164121516585,2018-19,0.274881269401905,323930820,0.1236191357154592,0.725118730598095,0.1512621336864457,8.137553418132178,3420.5389936866763,7.0,37433.0,,,,20
21_370,2018,0.6338118389399209,0.004026194186842859,2018-19,0.4192492635916927,128091643,0.0793433729318313,0.6612167411876371,0.3399058906598614,9.858323244399088,19116.808331434968,8.0,141299.0,347.11752218422566,252.1438542166224,1.0,21
21_371,2018,0.6713443154704584,0.014914635004951146,2018-19,0.3308689646821343,53315481,0.2364527668802237,0.755305605277576,0.0944161978019104,,,,58205.0,315.4893654394358,315.4893654394358,1.0,21
21_372,2018,0.43587530660713714,0.008791846162245934,2018-19,0.461632514851459,293026933,0.1694471681891439,0.5383674851485409,0.2921853466623151,9.752796339214092,17202.264983414996,20.0,126224.0,267.89197846408905,267.89197846408905,1.0,21
21_373,2018,0.2651446554072725,-0.0030496278437330787,2018-19,0.3155303882766031,419768507,0.2952739901471455,0.6844696117233968,0.0202563981294575,9.403024715805683,12125.0,4.0,40806.0,222.71225857325382,222.71225857325382,1.0,21
21_374,2018,0.9033618431934073,0.0741384013740836,2018-19,0.1497192580329041,288936317,0.0580435965064232,0.8502807419670958,0.0916756615264809,9.335503514930188,11333.333333333334,3.0,169597.0,287.1322750318957,287.1322750318957,1.0,21
21_375,2018,1.9381472460367204,-0.02293422913082761,2018-19,0.4079645371483464,219220498,0.1555056224714898,0.5920354628516535,0.2524589146768565,9.24777709577989,10381.463050540968,24.0,136451.0,161.5265128932558,161.5265128932558,1.0,21
21_376,2018,3.703967998449491,-0.08567185051449304,2018-19,0.2187840761921584,29845801,,0.7812159238078416,0.2187840761921584,,,,326095.2193784278,172.7249788479643,172.7249788479643,1.0,21
21_377,2018,1.5554210227333023,-0.002296020859484674,2018-19,0.5775317528545557,278065866,0.1355987829156995,0.4224682471454443,0.4419329699388561,9.132820911916596,9254.090157068242,17.0,168227.0,131.35472086345192,131.35472086345192,1.0,21
21_378,2018,0.35295975614916303,-0.0017836818091713405,2018-19,0.3151863473722936,401953508,0.1946800573761879,0.6848136526277064,0.1205062899961057,9.843802559342112,18841.224851043626,10.0,80903.0,72.78660717890564,72.78660717890564,1.0,21
21_379,2018,0.5169205592467244,-0.01156547199428814,2018-19,0.6189550550228811,375171467,0.1289141985842969,0.3810449449771189,0.4900408564385841,9.650352198275709,15527.255814005575,41.0,78948.0,25.711095318517717,25.711095318517717,1.0,21
21_380,2018,0.608074574160011,-0.0068196383273231775,2018-19,0.6122261514210504,414524426,0.5127226591949976,0.3877738485789496,0.0995034922260528,9.550523768439628,14052.05276611663,18.0,87830.0,29.059713091870787,29.059713091870787,1.0,21
21_381,2018,0.5227604009656438,0.004834783880145005,2018-19,0.1525357702484734,435673658,0.1404569679078463,0.8474642297515266,0.0124292575007957,8.779557455883728,6500.0,1.0,234544.0,93.68365624314218,93.68365624314218,1.0,21
21_382,2018,0.5477860263477999,0.03877592943724951,2018-19,0.6285478133731973,199710371,0.3203021990280114,0.3714521866268027,0.3082456143451859,9.725858189577416,16745.053656911834,8.0,107124.70441408303,74.94696569829884,74.94696569829884,1.0,21
21_383,2018,0.7989463064343609,0.00462001407804576,2018-19,0.4571637091722851,201991987,0.3127449704230099,0.5428362908277148,0.1444187387492752,8.262639748071773,3876.313096781922,14.0,72324.0,123.89440663288055,123.89440663288055,1.0,21
21_384,2018,0.6877079949458312,-0.012439846355704092,2018-19,0.6049522350408134,244847587,0.0739063440310726,0.3950477649591866,0.5310458910097406,9.053957770913389,8552.319151274194,14.0,92310.0,188.592067586993,188.592067586993,1.0,21
21_385,2018,1.678623730078576,-0.033271466520135524,2018-19,0.4655295434472413,237792934,0.0945134433641329,0.5344704565527587,0.3710161000831084,9.334364935146338,11320.436772391362,4.0,69921.0,165.50620081427007,165.50620081427007,1.0,21
21_386,2018,0.4333921424894051,-0.003922787018265304,2018-19,0.5003842899180824,823823330,0.1459924289835297,0.4996157100819177,0.3543918609345525,9.28484991810573,10773.556280495592,50.0,197576.0,115.37280368743421,115.37280368743421,1.0,21
21_387,2018,0.5518429450631238,-0.0032337198361262038,2018-19,0.6252767527185327,56485895,0.2377384123948111,0.5011650597432294,0.3875383403237215,9.392661928770137,12000.0,2.0,126239.0,103.06020745176511,103.06020745176511,1.0,21
21_388,2018,0.8721809227876985,0.015386487122615713,2018-19,0.46145715466074,110818518,0.1796892014022421,0.53854284533926,0.2817679532584978,8.747316526740763,6293.776246716023,2.0,269474.0,212.98197436406917,212.98197436406917,1.0,21
21_389,2018,0.4873535012222985,-0.005296718974633535,2018-19,0.4332135564807509,167262702,0.2680667086198332,0.6222757909421541,0.1651468478609176,,,,42431.0,189.39590693842428,179.0893513658311,1.0,21
21_390,2018,1.7683336109440044,-0.04237045087112516,2018-19,0.4792286499553634,136549574,0.0649818504743193,0.5207713500446365,0.4142467994810441,8.612503404117922,5500.00018093548,6.0,58940.0,263.80357882407196,263.80357882407196,1.0,21
21_391,2018,0.6944273159599252,-0.011896018144094895,2018-19,0.8040527651409876,344161764,0.1597251430870746,0.1959472348590124,0.644327622053913,9.17030981343972,9607.60079281813,15.0,27058.0,,,,21
21_392,2018,0.5144361208673791,0.009195388157695985,2018-19,0.347741267917418,298310280,0.1576458008755179,0.6522587320825819,0.1900954670419001,8.903411178947655,7357.026919425474,5.0,64261.0,292.69036026638935,292.69036026638935,1.0,21
21_393,2018,0.5092387358353204,0.014553954030007503,2018-19,0.6593800515641222,140529494,0.0851685198553408,0.3406199484358778,0.5742115317087814,8.872459968151103,7132.805884273933,8.0,167042.0,316.32641729338667,228.30824946956045,1.0,21
21_394,2018,0.7917617739337267,-0.009099895603852184,2018-19,0.1143767276101799,75724548,0.0263779587036953,0.88562327238982,0.0879987689064845,,,,34607.0,309.84279784843017,169.09332665821225,1.0,21
21_395,2018,0.7468035840456956,-0.007289561548691944,2018-19,0.5963705990223782,137024981,0.4338258948563547,0.4036294009776217,0.1625447041660235,9.656079416671284,15616.43894098435,4.0,87379.22554323121,237.91662144607787,234.92271321137062,1.0,21
21_396,2018,0.6484246126388852,0.00154024987615068,2018-19,0.3281323949765281,172743956,0.1919675152049892,0.6718676050234719,0.1361648797715388,9.785588602748454,17775.71720153766,5.0,54064.0,185.21352628122295,179.39926251503496,1.0,21
21_397,2018,1.0289885982436533,-0.008151773601967914,2018-19,0.4206901808204451,74876378,0.0439806930832044,0.5996970865212005,0.3767094877372407,,,,63686.0,226.49252440570268,187.3645408798201,1.0,21
21_398,2018,0.771893229509362,-0.013877850931812472,2018-19,0.3825162574605213,72058302,0.0288170959121407,0.6174837425394787,0.3536991615483806,,,,89222.0,133.65184028610255,133.65184028610255,1.0,21
21_399,2018,0.4824983473862303,-0.00830033467365145,2018-19,0.2013065441719977,125620705,0.0451144339621402,0.8674883336112635,0.1561921102098575,,,,21142.0,145.83369263002882,141.8511728464762,1.0,21
22_400,2018,0.8706548193173329,0.0003984540198362272,2018-19,0.7032254112721893,379998889,0.1051223205023633,0.2967745887278107,0.5981030907698259,9.62814897297581,15186.299823234884,27.0,18349.75138121547,559.9947189757535,327.9021859440546,0.0,22
22_401,2018,0.8124194222815249,-6.195823954452487e-06,2018-19,0.179396207622408,60685993,0.0026446959515023,0.820603792377592,0.1767515116709056,,,,56981.0,476.7814229116026,369.2460114433162,0.0,22
22_402,2018,0.6902929829458294,0.0320358574973722,2018-19,0.3207055795552164,294037488,0.0661551631810975,0.6792944204447836,0.2545504163741189,8.871947382050575,7129.150644012596,5.0,32687.0,387.97426735343606,374.0512103948532,0.0,22
22_403,2018,0.4008573239225149,0.0025933987766310874,2018-19,0.3744340309224162,182236988,0.0683734060070437,0.6255659690775837,0.3677371687025468,9.994819827835178,21912.659931280803,7.0,132916.98984771574,387.608576099068,283.4088737988432,0.0,22
22_404,2018,0.24537261642860944,0.09980269183925611,2018-19,0.5930672436722081,504658816,0.1726451381362572,0.4069327563277919,0.4204221055359508,9.400852481016075,12098.690239010495,64.0,123930.0,472.54672283234004,261.31526248103455,0.0,22
22_405,2018,0.6278139677285555,-0.0074104703928414405,2018-19,0.3381453518967953,259820070,0.0310120769346263,0.6618546481032046,0.307133274962169,10.395454572097329,32710.603556256097,11.0,58340.0,,,,22
22_406,2018,0.6380106686410094,0.031353318350180945,2018-19,0.0758895471440705,503656583,0.0061405094351759,0.9241104528559294,0.0697490377088946,9.532423871145296,13800.0,1.0,108700.0,522.2038833334123,206.95532648742622,0.0,22
22_407,2018,0.596428883977934,-0.013264234380233981,2018-19,0.2896686237167742,550834985,0.0715699239764155,0.7103313762832257,0.2180986997403587,9.190575076396875,9804.287572683446,39.0,6505.452444653515,521.5266628034781,153.72932438514928,0.0,22
22_408,2018,0.7302360051883385,0.009916807735448183,2018-19,0.8503591018911791,12397874,,0.2614039789369625,0.8503591018911791,8.830543010616596,6840.0,1.0,33867.36611053694,441.2496546432947,38.962838891723806,0.0,22
22_409,2018,1.336306595789528,0.24439456624789482,2018-19,0.1893332777172077,269418264,0.0203333727961367,0.8106667222827922,0.1689999049210709,9.587336164475389,14578.981752505872,4.0,209702.0,427.3546267374403,67.49736467193237,0.0,22
22_410,2018,0.7074493738708175,0.031000049229051484,2018-19,0.2386027329440569,230954819,0.0832967031530093,0.7613972670559431,0.1553060297910475,9.494128314409211,13281.512563642653,9.0,237701.37873708562,383.7916251310067,131.7250374746967,0.0,22
22_411,2018,0.751009792599438,0.007081424937853706,2018-19,0.2646672549151524,290528018,0.0324698846883066,0.7353327450848476,0.2615159547193827,9.456108344594018,12786.028682448445,9.0,44847.59935198455,388.44540363884283,178.86113860788456,0.0,22
22_412,2018,0.6791065934519969,0.04308244533858414,2018-19,0.5091174752035942,96796589,0.072396653022203,0.4908825247964058,0.4642087439672073,9.379846704378618,11847.198491322262,16.0,45830.0,344.8356978194694,89.90265541584138,0.0,22
22_413,2018,0.7112165992529226,0.10282094786155126,2018-19,0.0336538461538461,43535232,,0.966346153846154,0.0336538461538461,,,,32970.0,344.7668687287167,62.931359801945604,0.0,22
22_414,2018,0.4324409655664727,-0.00037555105702269083,2018-19,0.0469012173773336,224095761,0.0124099268437299,0.979575904434076,0.0344912905336036,9.998797732340453,22000.0,2.0,87216.08756755521,241.63620112786197,162.99428818183387,0.0,22
22_415,2018,2.869893231395025,3.0598917166815798,2018-19,0.1533646268978698,305662420,0.0119787215270132,0.8503785839073374,0.1414386335094775,,,,5905.0,304.92975306049254,120.05829979313548,0.0,22
22_416,2018,0.351168545296759,-0.004959164724403137,2018-19,0.5350455438879523,292331103,0.1748420146726569,0.4649544561120477,0.3602035292152953,9.88193949335858,19573.64883331358,18.0,15492.9324023002,211.34592669211037,188.16796215340906,0.0,22
22_417,2018,0.3488194459515764,-0.009948579363095497,2018-19,0.123373372575645,225239194,0.0339046114937521,0.8766266274243549,0.1157777984234839,9.798127036878302,18000.0,2.0,4933.0,283.98022547874996,202.93864997134028,0.0,22
23_418,2018,1.1647001785283035,-0.026032329857572995,2018-19,0.1573771208327958,263063937,,0.8426228791672041,0.1573771208327958,8.678282707357022,5873.950632752788,4.0,13741.0,738.4858975303474,173.94966070554008,1.0,23
23_419,2018,0.5564423610306094,0.0003951957538526483,2018-19,0.2204040484374186,256958202,0.1352366989242865,0.7795959515625813,0.0851673495131321,8.786640942138689,6546.206117654729,8.0,53538.0,844.3961268555114,210.42318125564657,1.0,23
23_420,2018,1.7577457211205927,0.016464454040443596,2018-19,0.0777046425042732,699667552,0.018314043524488,0.9222953574957268,0.0593905989797851,,,,51875.013935701325,921.6169866188627,264.016642773145,1.0,23
23_421,2018,0.5901294063418226,0.002611141576105056,2018-19,0.2465736189395757,352129325,0.0114377097107717,0.7534263810604244,0.2351359092288039,9.08117695981629,8788.303422465993,13.0,140800.0,859.4488765673054,257.4300322221346,1.0,23
23_422,2018,0.7415920890318519,0.02185537528906011,2018-19,0.521518242349717,459948835,0.1303022519885282,0.478481757650283,0.3912159903611887,9.121300240797105,9148.088604795845,23.0,28778.0,885.8153004829348,295.84290173331027,1.0,23
23_423,2018,0.5302771720048491,-0.01604924250623912,2018-19,0.3876625935536011,97078572,0.0386413883768554,0.6123374064463989,0.3538301222642624,9.210340371976184,10000.0,1.0,44119.67458432304,798.6214323727054,260.5423389840508,1.0,23
23_424,2018,1.2432275037456983,-0.029324758731153765,2018-19,0.6512895231085578,182727435,0.1635867487550514,0.3487104768914421,0.4877027743535063,9.176446804193068,9666.743844602894,13.0,47861.0,894.7865112043021,374.3657342930625,1.0,23
23_425,2018,0.9301192621253341,-0.011240666567301261,2018-19,0.6041719541946644,524024018,0.1910610879671549,0.3958280458053356,0.4131108662275094,8.791364162878912,6577.198428304851,19.0,87107.0,852.7986356669454,400.7541369747435,1.0,23
23_426,2018,1.3266071324473636,-0.024640924440125958,2018-19,0.3476023127695976,140758163,0.081722912226412,0.6523976872304024,0.2658794005431855,9.257277795199874,10480.564230352524,5.0,38663.0,786.6614942509561,372.59797968143675,1.0,23
23_427,2018,0.4061756335432829,0.00648879358406881,2018-19,0.0678439328239857,160348900,0.0065535778542914,0.9321560671760144,0.0612903549696942,,,,216281.0,796.06915807583,295.3589939603197,1.0,23
23_428,2018,0.5430595197928378,-0.007535269305433734,2018-19,0.6409273702999077,432719314,0.1394902955498769,0.3590726297000924,0.5014370747500306,9.444423688000937,12637.497784295216,28.0,117764.0,765.8002765252564,293.01132086523114,1.0,23
23_429,2018,0.8463981700016199,0.01465847707277621,2018-19,0.0132577173773091,225342034,0.0052903800451184,0.9867969450851484,0.0079673373321907,,,,130675.0,741.4323444243237,407.6526582567796,1.0,23
23_430,2018,1.1476029869816529,-0.015948042136888094,2018-19,0.2750455226218487,292552350,0.2750455226218487,0.8212234671811299,,8.699514748210191,6000.0,1.0,85297.0,699.178501920875,445.2502339368597,1.0,23
23_431,2018,0.8336661506040056,-0.0005930394016045176,2018-19,0.1225113192240978,246879996,,0.953926724583604,0.1225113192240978,10.01219446718603,22296.711209691606,7.0,20820.0,671.4237285638956,311.168270286054,1.0,23
23_432,2018,0.8565773178186665,-0.0007857956876448083,2018-19,0.3487017136193662,605480202,0.0543789918997219,0.6512982863806338,0.2943227217196442,9.410723924101005,12218.713196364552,22.0,36403.0,521.9603520817745,216.88801818771822,1.0,23
23_433,2018,0.6538827034288154,-0.0006461455368091438,2018-19,0.8164830408603747,836071482,0.5493329373002104,0.1835169591396253,0.2671501035601643,10.038852732324813,22899.09644754474,57.0,64023.431012817295,535.2350107629783,168.2217427922334,1.0,23
23_434,2018,0.7375484678989026,0.0019519017001697013,2018-19,0.6513462081965107,550236993,0.0553937637559021,0.3486537918034893,0.5959524444406086,9.401674487774176,12108.639532784267,55.0,71847.74300137418,491.67405387856905,114.68557071139026,1.0,23
23_435,2018,1.0437839567875766,0.10103497846922217,2018-19,0.4095109259847789,195603604,0.135173772156059,0.5904890740152211,0.2743371538287198,9.467631060078556,12934.210542297084,7.0,146569.86819618678,548.2717565875937,69.14404460541583,1.0,23
23_436,2018,1.3518305415066219,0.021160892325304072,2018-19,0.2449091271075818,145124081,0.0122422480663288,0.7550908728924182,0.232666879041253,9.413365259881749,12251.02958114811,5.0,54713.0,611.174060528475,105.50236527847778,1.0,23
23_437,2018,1.5888073259823203,0.0494598935431056,2018-19,0.2946241152983324,55464601,,0.7053758847016677,0.2946241152983324,,,,94983.07495741057,547.0228709673953,60.428163771743726,1.0,23
23_438,2018,1.4511193567753324,0.028629917683577793,2018-19,0.7368739620303902,174382514,0.2722922551741627,0.2631260379696097,0.4645817068562275,9.82514515966749,18492.955590641617,9.0,89930.0,444.61298261497285,69.92679912996181,1.0,23
23_439,2018,1.0347974748933766,0.04642284116603827,2018-19,0.8417397674374156,759281552,0.2459335716877788,0.1582602325625843,0.5958061957496368,9.66094619888815,15692.625990825021,42.0,266576.0,501.6558547642343,7.633678006840862,1.0,23
23_440,2018,0.5316160951310172,0.006218511054309663,2018-19,0.7974302207748053,49416463,0.5849391932401151,0.2025697792251946,0.2124910275346902,8.397248403598518,4434.847034409203,6.0,72070.0,434.28991555693176,75.67581466678692,1.0,23
23_441,2018,0.7449687153427527,0.03628242757661471,2018-19,0.2216056511543375,128359899,0.0605703584133295,0.7783943488456625,0.2132876950923746,9.210340371976184,10000.0,2.0,38633.0,375.1360321363367,118.64549101237344,1.0,23
23_442,2018,0.7987089589487855,-0.007744819372618315,2018-19,0.5910411960278615,143901932,0.0451249160247341,0.4875632598204003,0.553191273345795,,,,47912.62264489503,658.7277347861284,152.0261146028155,1.0,23
23_443,2018,0.6719147844724493,0.005964364801134875,2018-19,0.2429652538863197,174686155,0.2321904904255291,0.8980945048117417,0.0127824461221351,8.951530417358473,7719.697183841232,6.0,57680.0,730.9119221230544,233.9145253490377,1.0,23
23_444,2018,0.7195290935772347,-0.010419770294136144,2018-19,0.2888327410074125,457022883,0.0201621086005883,0.7111672589925875,0.2686706324068241,9.052958319368829,8543.775792736487,22.0,146168.39309791333,669.4855426883298,175.11452479893916,1.0,23
23_445,2018,0.7287398622704859,-0.010795037353000733,2018-19,0.2565478664490102,680348024,0.0697289480185217,0.7434521335509898,0.1868189184304884,9.75218138091308,17191.689559822786,22.0,45857.17836555685,612.9350828702079,131.29836239514245,1.0,23
23_446,2018,1.5641586600303448,0.1556950046927643,2018-19,0.4947900928859047,327118308,0.2466351776312073,0.5052099071140952,0.2481549152546974,8.426531225137325,4566.6319692159095,15.0,43236.81589401015,702.7597741711535,233.64902371049206,1.0,23
23_447,2018,0.6259352603107454,0.00029162406977941666,2018-19,0.1842499453868137,703035340,0.0177396658324459,0.8157500546131863,0.1665102795543677,8.6922270378578,5956.432683700785,13.0,68175.13113481361,597.1933572982515,147.1320368000022,1.0,23
23_448,2018,0.9851668909814585,-0.0037628083042055963,2018-19,0.2661102039219308,200654583,0.0323174178383954,0.7338897960780691,0.2337927860835354,9.260821659040383,10517.771813319792,7.0,25070.0,557.2782307082638,138.01634476863086,1.0,23
23_449,2018,1.0032788424002135,-0.013693556390873485,2018-19,0.4246646033949532,551681419,0.0863415684478581,0.5753353966050468,0.3383230349470951,9.47581850933024,13040.543438322244,17.0,55443.0,650.127252326072,192.3787479377993,1.0,23
23_450,2018,0.978677587393706,0.026917571333753013,2018-19,0.5184316718088973,328908173,0.0366479886773747,0.4815683281911027,0.4817836831315225,9.758402540800372,17298.975183796076,25.0,49702.0,720.1822737058008,312.8295465792877,1.0,23
23_451,2018,0.5777494248945165,0.020472469188466125,2018-19,0.4392014421039821,375691633,0.2065751701209699,0.5607985578960178,0.2326262719830122,8.788982419460762,6561.551869678904,8.0,237664.21021574773,688.8165466577572,243.85493381192234,1.0,23
23_452,2018,1.1800096017711414,0.09433104173175362,2018-19,0.2825794967482239,148410127,0.1769975643238955,0.7174205032517761,0.1055819324243284,6.907755278982137,1000.0,1.0,51326.0,711.1419775164692,194.34549704923728,1.0,23
23_453,2018,0.4574712996635505,0.02420189821487344,2018-19,0.194786201746043,303220133,0.0053082227227965,0.805213798253957,0.1894779790232464,9.59613461545263,14707.82016684623,9.0,16281.0,607.9655114802829,238.07700301467898,1.0,23
23_454,2018,1.0029490073005038,0.0038016806581464627,2018-19,0.3377952731564427,345483742,0.1690459170724161,0.6622047268435572,0.1687493560840266,10.137565906519958,25274.87015333927,5.0,36307.0,606.428347965178,215.3392831585278,1.0,23
23_455,2018,1.0345218926404487,-0.008145823268545788,2018-19,0.3479758552397664,346060674,0.1372730725248486,0.6520241447602336,0.2107027827149178,8.755570940160194,6345.942683295056,11.0,84231.0,659.2134296008163,108.55189208202844,1.0,23
23_456,2018,0.8458461737592123,0.017530409632559873,2018-19,0.234137029900986,277717664,0.1203795989008462,0.7658629700990139,0.1137574310001397,8.85366542803745,7000.0,1.0,56919.0,620.8235170369253,140.95618568229648,1.0,23
23_457,2018,1.0460298033749331,-0.014213921256775376,2018-19,0.7616941663357831,454724441,0.1586116854449,0.2383058336642168,0.6030824808908831,9.53907855297632,13892.14085326292,55.0,85177.0,543.2453084385568,141.49993451201777,1.0,23
23_458,2018,0.9041733443304073,0.08350417320170297,2018-19,0.5117096711661484,415152179,0.0962284699943728,0.4882903288338515,0.4154812011717756,9.7467950503796,17099.338377699183,30.0,46760.0,717.6976237077965,240.3168370524989,1.0,23
23_459,2018,0.5880076598793821,-0.01457562090257138,2018-19,0.4203490165112479,385892517,0.0881481332274707,0.5796509834887521,0.3322008832837771,9.465049800700257,12900.86704265814,18.0,28245.491577335375,784.5036474828918,287.82624168053934,1.0,23
23_460,2018,1.0737605205084293,-0.007478843026203361,2018-19,0.3692456261766692,391526788,0.0373260053919988,0.6307543738233309,0.3319196207846703,9.250229064476182,10406.9493059439,23.0,35847.0,632.5998642099526,322.56524493900406,1.0,23
23_461,2018,0.7542895609100249,0.022517193947033963,2018-19,0.1651854874116033,324169519,0.0155518816684304,0.8348145125883967,0.1496336057431729,9.158170146732378,9491.672808584775,21.0,31908.0,581.9987581823731,266.74946825230745,1.0,23
23_462,2018,1.1748051922638802,0.004897002025019395,2018-19,0.684818098787094,89353170,0.2115324748478964,0.315181901212906,0.5976692712748748,9.100858753454688,8962.986395048658,4.0,33205.80800385728,642.366165053574,392.7255257492918,1.0,23
23_463,2018,1.0813653829183953,0.00019878520484593916,2018-19,0.8822798732551776,220925790,0.1460251245452149,0.1177201267448223,0.7362547487099628,9.364118858834612,11662.32522334112,9.0,26834.0,598.953771220345,409.9659055968412,1.0,23
23_464,2018,0.42827314720054477,0.005149190103606103,2018-19,0.3437571212674599,159645036,0.1883885509600186,0.6562428787325401,0.1553685703074413,9.8196831780393,18392.222757827796,15.0,20060.0,447.9841575540325,116.0120666242533,1.0,23
23_465,2018,0.852145150504685,-0.010471384694363605,2018-19,0.5910153007426626,37051012,0.1440383868597165,0.4089846992573374,0.446976913882946,9.37146687158678,11748.335754041427,4.0,13343.0,393.7500240586371,147.13216070833815,1.0,23
23_466,2018,0.5535827635430636,0.016748880518344403,2018-19,0.3622224536314154,341943584,0.0321256472803526,0.6377775463685846,0.354429021835368,9.086470274662842,8834.946017511333,17.0,48001.0,493.77666074651256,108.58061593535511,1.0,23
23_467,2018,0.2958323743604812,0.0027912121595366356,2018-19,0.5791529649527504,150021986,0.0150491208668574,0.4208470350472497,0.5641038440858929,8.900716123254746,7337.226016396645,3.0,47272.0,439.7220273974452,147.6448681441295,1.0,23
24_468,2018,0.5756038413621687,0.063562103180692,2018-19,0.4969848897020448,42133782,0.1284328333022656,0.5030151102979552,0.3685520563997791,,,,128778.0,72.8027733217326,72.8027733217326,1.0,24
24_469,2018,0.9081505032309474,-0.006465615907474789,2018-19,0.5376055273167595,573854139,0.2070265803206135,0.4623944726832405,0.330578946996146,9.40702750779413,12173.631118052745,26.0,114716.0,228.53376889362778,228.53376889362778,1.0,24
24_470,2018,0.4853444569906346,0.0009036784748281801,2018-19,0.1795134639417745,389255137,0.1373719634093075,0.8204865360582255,0.1571825165148687,9.788970605847616,17835.93650574102,9.0,73744.31328320802,174.74716450192736,174.74716450192736,1.0,24
24_471,2018,1.2543824365225924,0.1713476781133527,2018-19,0.5726722229923656,433901850,0.063502460291423,0.4273277770076343,0.5091697627009426,9.154699844991946,9458.790927941023,27.0,148948.0,234.31024789815916,206.97870745263376,1.0,24
24_472,2018,0.25478749453397626,0.01610926320020784,2018-19,0.0576636787510664,72976180,,0.9423363212489336,0.0576636787510664,,,,105759.0,303.7519709709147,220.90668934557783,1.0,24
24_473,2018,1.0037540661132154,0.04519519382556371,2018-19,0.290130897477544,244554598,,0.7098691025224559,0.290130897477544,9.384623470001705,11903.925158940072,14.0,88293.90021196804,249.8940956930157,168.920879824263,1.0,24
24_474,2018,1.4323674750306756,0.04544809094791491,2018-19,0.538467854862174,268641312,0.0419326905312314,0.461532145137826,0.4965351643309425,9.052018645893355,8535.751204080705,21.0,556289.9502647419,201.46757510655982,114.94871522851703,1.0,24
24_475,2018,0.8795877267946297,0.059297967065579715,2018-19,0.1134751838967831,12910911,,0.8865248161032169,0.1134751838967831,,,,84993.0,134.7388509000252,134.7388509000252,1.0,24
24_476,2018,1.6862884395352158,-0.017164496896345104,2018-19,0.5897624918420699,710547888,0.1276575970907678,0.4102375081579301,0.4621048947513021,9.410577023171864,12216.91838787585,41.0,301943.0,98.11767419220972,75.88884002562182,1.0,24
24_477,2018,0.5689349717278234,0.07728446379551195,2018-19,0.6925757017425797,1362801621,0.1680287390852758,0.3074242982574204,0.5245469626573037,9.700961627071184,16333.30619791586,71.0,126371.60621803718,87.25059775621835,27.885090381182884,1.0,24
24_478,2018,0.7442145160947378,0.22757746391864567,2018-19,0.1234624870680409,650827534,0.0243017100133935,0.876537512931959,0.0991607770546474,7.893015280187953,2678.5082092586727,3.0,42010.0,153.282175914867,93.19424072357646,1.0,24
24_479,2018,0.46924923775605465,0.00890984607635353,2018-19,0.5339994284541072,625052169,0.1114117228189316,0.4660005715458928,0.4225877056351755,9.739649233774063,16977.585172699968,27.0,155212.0,196.56655427570837,144.79547816622912,1.0,24
24_480,2018,2.6028345623243774,-0.06582094881556867,2018-19,0.4502282290893069,998831046,0.199316723080712,0.5497717709106932,0.2509115060085948,9.465157005856009,12902.250156255926,26.0,101305.0,202.86747477645366,140.48889277240482,1.0,24
24_481,2018,2.807669452895131,-0.024716311396284253,2018-19,0.8682617884836666,252492482,0.3772743419742692,0.1317382115163334,0.4909874465093974,10.019250825130015,22454.60119394313,19.0,206968.0,219.03106171421706,72.58472707029456,1.0,24
24_482,2018,0.7454666698893175,-0.005445412198945813,2018-19,0.2339828613642697,193794305,0.0987518647671302,0.7660171386357303,0.1352309965971394,9.129759877576516,9225.806380202135,3.0,107732.0,264.67363933048495,83.7923923288193,1.0,24
24_483,2018,0.26673202076803465,0.059712600897056475,2018-19,0.5148807245287836,577990674,0.0641078700172937,0.4851192754712163,0.4507728545114899,9.275874282856522,10677.289443280544,16.0,119454.0,281.67721956214996,135.50834670202957,1.0,24
24_484,2018,0.9327075923254246,0.05764130918020206,2018-19,0.4931781656528463,340388066,0.0775311229624601,0.659735781554454,0.4156470426903862,9.159880676877092,9507.922494874649,9.0,91549.0,346.60958120779344,171.7881839396959,1.0,24
24_485,2018,0.47446710731454744,-0.005038184338094574,2018-19,0.9125351588631342,1615019157,0.4465142242272485,0.0874648411368658,0.4660209346358855,9.8075681845723,18170.74540650784,128.0,47156.0,392.29092223444127,170.15801047826758,1.0,24
24_486,2018,1.6114615515491688,0.22430190716073087,2018-19,0.9545286236235032,2264125417,0.6990715461766313,0.0454713763764969,0.2554570774468718,9.81554849969034,18316.333828871164,77.0,297652.66869882913,344.34183864224224,114.44597562782047,1.0,24
24_487,2018,1.6792952933141223,0.06596290804051994,2018-19,0.6680770440704915,1001712494,0.1925946078895568,0.3319229559295084,0.4754824361809348,10.06854332259269,23589.177907329948,42.0,24497.0,311.56042536618247,100.80822091750505,1.0,24
24_488,2018,1.865766305212984,0.6185122648273382,2018-19,0.4226996491959236,644997351,0.1118132561136673,0.5773003508040764,0.3108863930822562,9.453721867531476,12755.551499290716,16.0,148824.0,303.6373536660073,38.65601246973148,1.0,24
24_489,2018,0.8078686205266362,0.010145241453837293,2018-19,0.7730643541521449,621304293,0.6958833954170022,0.2269356458478551,0.0771809587351426,9.447923270827053,12681.801231081346,22.0,8673.0,216.42966313308438,99.1491144503402,1.0,24
24_490,2018,1.9381478386208235,0.018743638229106463,2018-19,0.746416850183745,425654753,0.1459039528215957,0.2535831498162549,0.6005128973621493,9.31632512090286,11118.049201588718,17.0,103374.0,203.64578836322335,50.35614239637566,1.0,24
24_491,2018,2.465881961674829,0.3564164559891839,2018-19,0.1395252283605498,268249595,0.131822517756271,0.9225360547209316,0.0082582644904155,8.569239634407985,5267.123327851698,6.0,140357.0,160.9152420227983,90.7616136734688,1.0,24
24_492,2018,2.3934008656992805,-0.035916003210251096,2018-19,0.7148580492691018,144805806,0.1787040707469975,0.2851419507308981,0.5361539785221043,10.339888563020772,30942.581707077417,11.0,824466.0,252.43665480655807,25.29180821897655,1.0,24
24_493,2018,1.3461680315806754,-0.02831409268325022,2018-19,0.6562130751800176,216425395,0.6355044425354982,0.3437869248199824,0.0255028607622614,9.426680513215404,12415.246009053357,4.0,39468.0,254.00069121284858,81.51861739803631,1.0,24
25_494,2018,0.22637721296570384,-0.004662331900904448,2018-19,0.9658821066333724,74010695,0.9430627559976298,0.0341178933666276,0.0228193506357425,9.767628760977535,17459.317878780417,7.0,6152.0,258.5567263591695,196.29274564024874,0.0,25
25_495,2018,5.456506392545561,0.31515194188746837,2018-19,0.0857691456353151,763503,,0.9142308543646848,0.0857691456353151,,,,53693.0,159.75487400063938,86.51210188593433,0.0,25
26_496,2018,4.407119491265943,0.484864247347386,2018-19,0.7961527765952465,46252006,0.6096764321962598,0.2038472234047535,0.1864763443989867,9.442627617406693,12614.820317401956,10.0,51726.0,,,,26
27_497,2018,0.23587743538735662,0.013000035370599917,2018-19,0.6895895471033375,1761476593,0.5643340762802859,0.3104104528966624,0.1252554708230517,9.646002711227805,15459.866875848784,101.0,53308.0,311.67587806507254,145.97047829609335,1.0,27
27_498,2018,0.3908276542533533,0.00552298320343117,2018-19,0.7632509438398748,1299784299,0.5570690456540128,0.2367490561601252,0.206181898185862,9.554679469980048,14110.570410158654,64.0,102321.0,290.33723121539043,154.23759068225965,1.0,27
27_499,2018,0.504680761089815,0.009654397212843882,2018-19,0.6028219263886518,330583322,0.4845767597434937,0.3971780736113481,0.1182451666451582,9.016534256721098,8238.176144534274,12.0,208658.0,339.57123897611933,116.1703097662981,1.0,27
27_500,2018,0.32793759083779195,0.011304023440419479,2018-19,0.4194227805527934,824858210,0.0683859884233921,0.5805772194472065,0.3510367921294012,9.317267830901198,11128.53523960292,33.0,124569.0,395.3572705611326,129.278200777912,1.0,27
27_501,2018,0.37238339490158345,0.001077707713817501,2018-19,0.2752108035624543,139546266,0.1142695856870867,0.7247891964375457,0.1609412178753675,9.350346628377949,11502.809954547669,4.0,135773.0,466.23371155624966,199.48556963888842,1.0,27
27_502,2018,0.2803701216568688,-0.002365761910438648,2018-19,0.2940862061813198,195620195,0.2940862061813198,0.7661193408722581,,8.944637206243177,7666.666666666667,3.0,54286.0,462.7359698489901,196.76341938302852,1.0,27
27_503,2018,0.43051876660802085,0.012970333709564357,2018-19,0.4410369230880847,597929863,0.2879084632707164,0.5589630769119154,0.1531284598173682,9.424778201193034,12391.650787162302,43.0,172314.3853656538,534.5293544383818,154.5686461438923,1.0,27
27_504,2018,0.47618637033152306,0.03206504314227175,2018-19,0.1341596550455761,223032826,0.1076323626011894,0.9107187964403426,0.0265272924443866,9.179881164491476,9700.0,2.0,112245.0,586.5173499564204,63.682176024732954,1.0,27
27_505,2018,0.797285901665575,0.03178553940965708,2018-19,0.2401092408668626,379876883,0.1388363976862472,0.7598907591331373,0.1012728431806154,8.962721673816745,7806.575526966114,6.0,471334.0,571.3081101711949,3.285574203867141,1.0,27
27_506,2018,0.7142038640606728,-0.0038559939461723473,2018-19,0.7911131137722823,182308534,0.2891482139832247,0.2088868862277176,0.5019648997890576,9.073712011669388,8722.943451034405,7.0,100261.0,518.4682229003405,67.6146691606184,1.0,27
27_507,2018,0.648155275062054,0.008842292315342554,2018-19,0.4287308848110548,193098209,0.1321290452776804,0.5712691151889451,0.2966018395333744,8.833609503621537,6861.007004608733,5.0,100950.0,488.86718763358874,90.01080889994383,1.0,27
27_508,2018,0.3826219124482311,-0.00395146371410571,2018-19,0.4944238371991184,103960469,0.3671770084069167,0.5055761628008815,0.1272468287922017,10.294663615020724,29574.37674816725,4.0,60122.0,,,,27
27_509,2018,0.5415261645505508,0.0053436815081867135,2018-19,0.3659585458339488,398426493,0.2216483781865379,0.6340414541660512,0.1443101676474109,9.22983051303746,10196.813138355112,11.0,144019.0,472.6345392857073,117.60898396221675,1.0,27
27_510,2018,0.35249515741571524,0.00605164450712591,2018-19,0.210508781997386,1012234872,0.1936156631442351,0.7894912180026139,0.0168931188531509,9.544734812341312,13970.941052155884,23.0,160581.13958728654,552.5899914059488,149.41796617874758,1.0,27
27_511,2018,0.3086806751646571,0.01676351613780287,2018-19,0.6153129644560068,979536395,0.327163862043125,0.3846870355439932,0.2881491024128818,9.68692111264957,16105.580609956856,43.0,146177.0,485.0241059056837,249.50536118566367,1.0,27
27_512,2018,0.4898283129246658,-0.002044527618456741,2018-19,0.1653653514015246,366139433,0.1223690921048648,0.8346346485984754,0.0429962592966598,10.596634733096073,40000.0,1.0,36461.0,437.75554806680714,185.19260311661986,1.0,27
27_514,2018,0.5901890749000849,0.016456213662287767,2018-19,0.321434979977432,622243609,0.0326560654156915,0.678565020022568,0.2887789145617404,9.082570981294726,8800.563049302154,16.0,149978.0,327.8450090570638,66.09366462510283,1.0,27
27_515,2018,1.0594490937537526,0.005242249497932223,2018-19,0.5051391689279513,394888362,0.2204114032613602,0.4948608310720486,0.2847277656665911,8.885530623661174,7226.648287655769,9.0,233743.0,267.2933281051117,17.3280251518965,1.0,27
27_516,2018,1.0219078739760612,0.03231112806746757,2018-19,0.8457265153762175,2552242493,0.5122845221745158,0.1542734846237825,0.3334419932017016,10.006689280837431,22174.30091442261,144.0,383465.0,183.96357179912962,137.27799530773794,1.0,27
27_517,2018,1.5226664550584104,0.10056620524654318,2018-19,0.5372804238211759,456526127,0.3607182048531474,0.462719576178824,0.1765622189680285,9.734782433248096,16895.159389866378,21.0,1028230.9025899771,73.91903387051401,62.86663341726272,1.0,27
27_520,2018,1.521827926105417,0.3128945102654488,2018-19,0.8924810461691834,2048941867,0.6746913957222584,0.1075189538308165,0.217789650446925,10.191527347583936,26676.207642303598,80.0,229338.0,54.92422038374899,54.92422038374899,1.0,27
27_521,2018,1.6197679052386735,0.01879872346109761,2018-19,0.7218703926784866,580130992,0.2821412150999166,0.2781296073215134,0.43972917757857,9.844725064847813,18858.614004264407,11.0,940837.0,123.9660375187954,119.17662332255172,1.0,27
27_522,2018,0.9958773600902721,0.06588238612792206,2018-19,0.1751682733253234,377148457,0.0606674283702558,0.8248317266746765,0.1145008449550676,9.636221245982895,15309.383897137033,7.0,316577.0,181.67568953057352,100.46200934436611,1.0,27
27_523,2018,0.46382261810434205,0.0007080208459618285,2018-19,0.2248859949459003,256383151,0.164721042842632,0.7751140050540997,0.0601649521032682,9.983283772050957,21661.326748035015,8.0,140624.0,303.34253623463525,116.45078663051528,1.0,27
27_524,2018,0.5319245990237628,-0.007368962156544881,2018-19,0.3062652299544417,338374699,0.1813366105129509,0.6937347700455583,0.1249286194414908,9.4526503738499,12741.891326155745,20.0,150092.0,403.11307150707927,221.88713474548672,1.0,27
27_525,2018,0.3843140213513285,0.013711854900507883,2018-19,0.9474928324490738,3016576753,0.6248472262890239,0.0525071675509262,0.3226456061600498,10.10538759502799,24474.51362855931,181.0,119523.0,332.33320422441494,197.5021570620469,1.0,27
27_526,2018,0.4853273212512356,0.025375516596185723,2018-19,0.650245319482422,879746883,0.4130424716719343,0.3497546805175779,0.2372028478104877,10.116829865782847,24756.165938132664,43.0,310773.0,293.04701490845815,227.886281889795,1.0,27
27_527,2018,0.5726210541039352,0.007631996939143119,2018-19,0.3661707125025887,548458681,0.2199241824016274,0.6338292874974113,0.1462465301009612,10.222706526670246,27521.05223693984,2.0,220239.0,189.49884942074942,189.49884942074942,1.0,27
27_528,2018,0.6349434836387469,0.10479646265885346,2018-19,0.4240442187872771,847138565,0.3356162282613116,0.5759557812127228,0.0884279905259654,10.283451776792116,29244.64552101716,26.0,161039.60583941606,190.61438690425285,190.61438690425285,1.0,27
27_529,2018,0.4978938638726815,0.000518539606650366,2018-19,0.1996439207450755,469215765,0.1141624152376892,0.8003560792549245,0.0854815055073863,9.594748564025686,14687.44849307188,8.0,74544.0,79.96979503794675,318.5604152113884,1.0,27
27_530,2018,1.0005231267293293,-0.012635565422180478,2018-19,0.3174985032922044,417952323,0.1759035132818247,0.6825014967077956,0.1415949900103797,8.982143517134784,7959.675543451731,16.0,385152.0,122.36451796364415,299.1762960856116,1.0,27
27_531,2018,0.45411793267087897,0.004819034698788484,2018-19,0.3150640128704286,846531559,0.1603065775365853,0.6849359871295714,0.1547574353338432,9.10003432401286,8955.600090339778,7.0,195320.0,212.92019901760355,276.53261825240895,1.0,27
28_532,2018,0.7195532595838726,-0.013062132373760083,2018-19,0.619784815898356,398760779,0.107551239386058,0.380215184101644,0.5122335765122978,9.63782511671033,15333.957871295777,13.0,145997.21215754125,473.73780519395194,205.82071550265306,1.0,28
28_534,2018,0.48468548886740515,-0.009564545821909631,2018-19,0.6582198129041239,801888118,0.4104883294953623,0.3417801870958761,0.2477314834087615,9.134372451051483,9268.459384431466,24.0,303455.0,425.4211407708935,282.98487522917355,1.0,28
28_535,2018,1.5367467404018682,0.24547184280447767,2018-19,0.56797526973543,979099594,0.2575936958257997,0.43202473026457,0.3103815739096303,9.83243744427858,18628.304387291195,33.0,272955.0,523.6035602573689,365.96796508937086,1.0,28
28_536,2018,0.4335875336725412,0.009882026421606857,2018-19,0.7788523019573143,1208660770,0.1722834530320695,0.2211476980426857,0.6065688489252448,9.887985166344244,19692.34314526921,34.0,1128844.0,498.49247559728013,385.13504853607594,1.0,28
28_538,2018,0.6956743319772359,0.018418768662744125,2018-19,0.4815375955116476,1315272830,0.416716479272213,0.5184624044883525,0.0648211162394345,9.401865939168388,12110.95797063181,31.0,282458.0,430.4410322501007,322.60100669705923,1.0,28
28_539,2018,0.9226757940913417,0.014102292104340507,2018-19,0.5009743618157422,1227480881,0.1905998118760108,0.4990256381842577,0.3103745499397314,9.54276469986572,13943.443822105077,30.0,305243.0271976688,417.6573732509604,311.2196225791132,1.0,28
28_541,2018,0.43053615621528507,0.03015874696232772,2018-19,0.7600775567430332,538346485,0.565941676019302,0.2399224432569667,0.1941358807237313,9.578464696945456,14450.21680082685,31.0,233161.0,265.19395920850224,176.70339605001337,1.0,28
28_545,2018,0.49490329304640224,-0.00318149759140669,2018-19,0.6034425338621305,1078234797,0.08472320152732,0.3965574661378694,0.5187193323348106,9.14520289350324,9369.386456285292,28.0,495531.8316326531,137.75134663099604,32.88257551955727,1.0,28
28_547,2018,0.5145526568109201,0.003935484318890292,2018-19,0.6756485211284811,738302507,0.6080926933653227,0.324351478871519,0.0675558277631583,9.126503707501245,9195.814441472843,17.0,504040.0,282.1487663333613,159.32387565123494,1.0,28
28_548,2018,0.24074141125195592,0.015854335586806934,2018-19,0.6074792571862052,607798567,0.0949727592891807,0.3925207428137947,0.5125064978970245,9.309545165404252,11042.924282352278,4.0,398604.342665248,341.0491232062589,224.84761524033797,1.0,28
28_552,2018,0.528600468732228,0.025764072702004686,2018-19,0.6385056310345898,795426476,0.3084127514005455,0.3614943689654101,0.3300928796340442,9.552046414998037,14073.465373679128,30.0,330794.41824357107,357.2354233781174,264.3909913869147,1.0,28
28_553,2018,0.3692864126542166,0.026003869971892846,2018-19,0.4366866904543309,369765041,0.1446031832955241,0.563313309545669,0.2920835071588068,9.909952226851088,20129.71230846908,10.0,482626.0,327.6463586738591,228.04752258685613,1.0,28
28_554,2018,0.5052214181869552,0.038685201055995475,2018-19,0.7247981768058811,1500868378,0.164974499182899,0.2752018231941189,0.559823677622982,9.372661486451928,11762.378876965537,34.0,412579.0,142.31439748715255,105.61593552751559,1.0,28
29_555,2018,0.9727596951391217,0.006188656448746943,2018-19,0.7325402271978719,262758359,0.6563196948569769,0.267459772802128,0.076220532340895,9.035919846864932,8399.436060012735,5.0,341973.2119235437,133.39647903986338,352.3294101120863,1.0,29
29_556,2018,0.498296124563215,-0.0015442899695305547,2018-19,0.6616040666359821,1157013517,0.6336504027204032,0.3383959333640179,0.0279536639155789,9.428120280280597,12433.1339455043,64.0,136958.0,213.01173555218006,356.70810790076746,1.0,29
29_557,2018,0.5489247420186463,-0.005814029743568503,2018-19,0.7896010840053012,189836710,0.7875790462234623,0.2103989159946988,0.0026939357093457,9.189420301380755,9792.972360863025,18.0,105077.0,273.6732840051357,342.2066754812153,1.0,29
29_558,2018,0.5176915930417741,0.039087745868468075,2018-19,0.7652196815582252,269983359,0.7184545844545922,0.2347803184417747,0.0467650971036329,9.211792489060516,10014.531719168648,13.0,89882.0,455.8640044250549,286.44714436889035,1.0,29
29_559,2018,0.43205833241947195,0.004018647188322559,2018-19,0.610063260938248,225323721,0.478530136647264,0.3899367390617519,0.131533124290984,9.18284686549266,9728.809999517474,8.0,95545.0,336.4248467561015,349.6194260812389,1.0,29
29_560,2018,0.48763966192415487,-0.010603845336960193,2018-19,0.8553803743657772,479521930,0.7894242793025128,0.1446196256342228,0.0659560950632643,9.269652499713358,10611.063897934158,39.0,78314.0,257.83779188888826,281.3971451921689,1.0,29
29_561,2018,0.7043436950002419,-0.00018312421336450359,2018-19,0.5976942579374175,124014392,0.5555060496526887,0.4023057420625825,0.0421882082847287,9.451885342985292,12732.147113804613,12.0,86026.0,198.30552688665932,270.5153705967246,1.0,29
29_562,2018,0.9360862593135211,0.02287494418656978,2018-19,0.6399247244510545,347983912,0.5382620648278705,0.3600752755489455,0.1016626596231839,9.829379570941896,18571.42839610481,4.0,148301.0,143.78587688978374,274.42730695819336,1.0,29
29_563,2018,0.7782275517692349,-0.003067366409193686,2018-19,0.8469628394241266,254829447,0.7975716244441718,0.2923631174376894,0.0493912149799548,9.361285947174302,11629.333639415168,2.0,102190.0,110.42503506890469,208.3392574067511,1.0,29
29_564,2018,0.49884093650658223,0.007828081785242597,2018-19,0.9502949439656148,2143111315,0.8522016748346084,0.0497050560343852,0.0980932691310063,9.891401923584896,19759.74217879479,143.0,91504.0,187.29297538275196,203.8795200440561,1.0,29
29_565,2018,0.37101995117908443,0.006933530677408568,2018-19,0.1765554248806023,349207446,0.1765554248806023,0.8234445751193976,,9.259486799268,10503.741429212108,7.0,177488.0,292.617050979756,236.26013238982023,1.0,29
29_566,2018,0.403718950793161,0.006255058102160669,2018-19,0.5968515204812291,424372651,0.5559369211094614,0.4031484795187708,0.0409145993717677,9.616026335113336,15003.313191288851,15.0,120203.0,231.4029726080631,135.818937273233,1.0,29
29_567,2018,0.49984378945044017,-0.009105707920344328,2018-19,0.5268220457436542,435735630,0.5260781038263959,0.4731779542563457,0.0024445831663765,8.998531274454038,8091.191456735566,18.0,106653.0,206.31221295745286,154.9991093076851,1.0,29
29_568,2018,0.5278741274164699,0.01621708480892271,2018-19,0.2475047351191358,88101268,0.2404505460693256,0.7981132295120674,0.0074818299421778,,,,180951.0,132.0160695423178,130.92123417054017,1.0,29
29_569,2018,0.5050888652741325,0.005509533829621645,2018-19,0.6776545173963094,342925724,0.5547917659277144,0.4001297725718231,0.1228627514685949,9.392661928770137,12000.0,1.0,160877.0,60.77130924125416,61.05979023574643,1.0,29
29_570,2018,0.4944454611930943,-0.001465208392997044,2018-19,0.5691101893492138,375978271,0.5601080281578293,0.4308898106507862,0.0219512231820874,9.139512747308682,9316.22467020136,14.0,116827.0,113.91522877179005,65.52908834455647,1.0,29
29_571,2018,0.6782418975759841,0.06264107873794146,2018-19,0.7959656331371673,418286303,0.5614105370311396,0.3448750827079004,0.2345550961060276,8.962275549495697,7803.09360050322,6.0,223121.0,242.56591956557403,108.48805420673118,1.0,29
29_572,2018,1.3957131804130671,0.09234955438127761,2018-19,0.6778859044344184,422866636,0.6379785185984737,0.3221140955655815,0.0838062626291349,9.804670028093872,18118.159980193817,24.0,964145.5150305673,289.9867756047284,163.235893906426,1.0,29
29_573,2018,0.5797529420477975,0.022398980732429824,2018-19,0.8864915092779357,106476810,0.7120144283060321,0.3241629397786228,0.1744770809719036,9.67269442619215,15878.073736128,8.0,116646.0,220.8695366489399,88.45961660533177,1.0,29
29_574,2018,0.37823941161629465,0.0023114218741714307,2018-19,0.8705127486050953,588753118,0.8204813821470072,0.1294872513949047,0.0500313664580881,9.31755662153376,11131.749520439012,29.0,150910.0,143.36970700489485,2.4500514373290714,1.0,29
29_575,2018,0.3686518758700346,0.006076614846611602,2018-19,0.3921228760622869,418546290,0.3908808151184424,0.6078771239377132,0.0014446482706635,9.786953736280177,17800.0,2.0,310886.9378717779,52.82608561207873,46.4335207257872,1.0,29
29_576,2018,0.26212165884757843,-0.010428502242628208,2018-19,0.5843031481167761,384665718,0.5522790154125458,0.415696851883224,0.0320241327042302,9.955449293618122,21066.708845362573,14.0,35118.0,128.7257492344972,81.68976845021722,1.0,29
29_577,2018,0.39457231147776806,0.03420312624484345,2018-19,0.739862151060261,1054861940,0.7030550310688051,0.2601378489397389,0.0368071199914559,9.6730460621858,15883.658020123516,62.0,374394.0,196.40096315579765,96.24254187057059,1.0,29
29_578,2018,0.6931038061149776,-0.005548547726665507,2018-19,0.6628162059973483,496040560,0.6496926763408218,0.3371837940026517,0.0275848526422579,9.577736113212024,14439.692442324947,20.0,47510.0,,,,29
29_579,2018,0.5101754643354032,-0.0029585829341988823,2018-19,0.4934583686150571,203979546,0.4880847170823686,0.5065416313849429,0.0071221032909553,,,,103933.0,382.37439203702286,326.3727218031852,1.0,29
29_580,2018,0.6733427260667874,-0.007627396254541598,2018-19,0.9491372259984484,151332446,0.9277837351548524,0.0967840028463383,0.0406323948930276,9.58672354272406,14570.053086398864,15.0,45072.11650485437,355.57394617037147,390.4007763872305,1.0,29
29_581,2018,0.5444093850982212,0.07931543130924294,2018-19,0.2549968852735002,411716727,0.1744077208696939,0.7450031147264998,0.0805891644038062,,,,94368.0,222.2573863297476,187.24909593240173,1.0,29
29_582,2018,0.3749475647683824,0.012198534320754946,2018-19,0.5056717924518825,510190125,0.4945971935462294,0.4943282075481174,0.0171059976484513,9.906402043963984,20058.374853741592,22.0,72321.0,268.63061081433057,198.9401020251411,1.0,29
29_583,2018,1.0269356862819505,0.06436354133552771,2018-19,0.726978239061259,297022848,0.6520043333501401,0.273021760938741,0.0749739057111189,9.563236609750698,14231.834630885094,20.0,82104.0,292.0115189341059,162.4995870767339,1.0,29
29_584,2018,1.1797026705276086,0.004127576832080625,2018-19,0.4780213693424082,453657198,0.4494381217775806,0.5219786306575918,0.0285832475648275,9.192768694967384,9825.818046163056,9.0,81667.0,277.81322749713024,139.9857748534425,1.0,29
30_585,2018,1.1993989555054478,0.15649809561106248,2018-19,0.8912698265077117,222523493,0.3202213709632897,0.1087301734922882,0.571048455544422,10.071697237162894,23663.693605535736,47.0,111189.0,24.7830695167309,304.81309390094873,0.0,30
30_586,2018,0.6319570960338431,0.012205074016956682,2018-19,0.8441052030291294,153755991,0.23792553228056,0.1558947969708705,0.6061796707485694,9.836949428981168,18712.544914793463,40.0,75999.0,40.78063161978387,263.11944282504754,0.0,30
31_587,2018,0.4000247590038796,-0.003883029435794587,2018-19,0.4900724121997861,1185988,0.4373644589995851,0.5099275878002139,0.0746677273590551,9.769956159911606,17500.0,4.0,8373.0,302.6181341703414,306.6445474541107,0.0,31
32_588,2018,0.41077863654328944,0.0031557674080617674,2018-19,0.7975930085463979,353568019,0.7634688956412655,0.202406991453602,0.0341241129051324,9.438386766223518,12561.436019174424,69.0,110925.0,64.64670274713392,60.089966142262526,0.0,32
32_589,2018,0.6275430313805117,0.00269900443306227,2018-19,0.803031266726975,796553922,0.7224908108606363,0.196968733273025,0.0805404558663387,9.52140903457586,13648.82934379358,135.0,222924.0,129.94050522951346,125.2795242003749,0.0,32
32_590,2018,0.42938292662061384,0.03974125868111306,2018-19,0.6828550769603265,659096671,0.5446068790719168,0.3171449230396735,0.1382481978884096,9.457014881490576,12797.624944635152,43.0,61236.730595675166,195.4822064327977,143.43501772727024,0.0,32
32_591,2018,0.6305486296594648,0.014642270574619662,2018-19,0.8671995282564537,971334539,0.8036879073647354,0.1328004717435462,0.0635116208917183,9.548952193682116,14029.986258822846,162.0,320920.90174746007,176.0233983698115,170.85366980016818,0.0,32
32_592,2018,0.5505185241531835,0.00409164716677786,2018-19,0.7083816837029293,197312349,0.3731862469489935,0.2916183162970707,0.3351954367539357,8.517193191416238,5000.0,1.0,290325.0,130.8417833730087,134.31063647166903,0.0,32
32_593,2018,0.5566884090786207,0.023864759368574105,2018-19,0.7186706443738874,491065135,0.4145037236251765,0.2813293556261126,0.3041669207487109,9.61354502323657,14966.131440912912,49.0,141472.15323977958,98.1405016948104,101.43942900548547,0.0,32
32_594,2018,0.9936639526191179,0.0037988555445016164,2018-19,0.7577207289201326,444239726,0.6655906545377259,0.2422792710798673,0.0921300743824067,9.598898907925092,14748.533128761837,40.0,304634.69821211486,56.98763411459274,60.45663125383095,0.0,32
32_595,2018,0.9710114219470805,0.08767482385022575,2018-19,0.7946575256357802,417920770,0.7598942091344252,0.2053424743642198,0.034763316501355,9.609057432518062,14899.120040694432,67.0,469511.57756559027,25.08523361284546,26.749362194802675,0.0,32
32_596,2018,0.47382597146250727,0.008193415935114664,2018-19,0.3688647712659009,54107783,0.3353108738533974,0.6311352287340991,0.0335538974125034,,,,79529.7728722344,84.68169803331459,84.39011962888942,0.0,32
32_597,2018,0.8184669034406881,0.013860169779633447,2018-19,0.7316009665686096,647987110,0.6263534918156011,0.2683990334313903,0.1052474747530086,9.97034934567152,21382.954088222647,95.0,204431.99606377466,55.94661386146639,53.75157941116052,0.0,32
32_598,2018,0.8020296546394554,0.018685407453280335,2018-19,0.7022248299084903,244588046,0.69408699556805,0.2977751700915097,0.0081378343404403,9.405748611239508,12158.072254367866,30.0,275262.4372419245,63.59926538826678,60.307704023086565,0.0,32
32_599,2018,0.3743137984352057,0.010736226209901473,2018-19,0.8364639889730822,528765704,0.6848408212950211,0.1635360110269179,0.151623167678061,9.536988197207323,13863.131666809884,81.0,113346.96432392823,105.56334267842631,103.09459863817825,0.0,32
32_600,2018,0.5167561354137322,0.046348079500005086,2018-19,0.7420407312369146,311498716,0.4146447653415046,0.2579592687630854,0.32739596589541,9.64462389676171,15438.565276607806,8.0,362534.2792809571,130.8039729609851,127.83649218055487,0.0,32
32_601,2018,0.46679135457330456,0.017880852908739864,2018-19,0.4458746497644609,332592961,0.3818554175594835,0.5541253502355391,0.0640192322049774,9.126346939128464,9194.372941600212,7.0,390791.9256148946,126.28923310504517,169.89648367856444,0.0,32
33_602,2018,1.4973869804059035,0.09594517962264856,2018-19,0.761461997036906,124448296,0.6345241480847597,0.238538002963094,0.1269378489521463,9.296781775504511,10902.874788466006,5.0,262169.50473262323,39.938714286821174,39.938714286821174,1.0,33
33_603,2018,0.38489524778276507,0.004347211679253584,2018-19,0.9737208590324934,944613069,0.217824543987968,0.0262791409675065,0.7558963150445254,10.031741983851727,22736.844283269027,16.0,879072.0,2.814717598175505,2.814717598175505,1.0,33
33_604,2018,0.9801838197388469,0.07647869951745156,2018-19,0.6014292088725883,408461640,0.5052096422077725,0.3985707911274116,0.0962195666648158,9.903487552536127,20000.0,2.0,320394.0,55.3404703976831,7.474206143656266,1.0,33
33_605,2018,0.9702053019451566,0.22475755255815041,2018-19,0.6271629820376259,237661012,0.5275118831859557,0.372837017962374,0.0996510988516703,9.845833759775342,18879.534048781905,5.0,341423.0,139.86261597699783,96.64392590303119,1.0,33
33_606,2018,0.30788449744579727,-0.0008100971093582083,2018-19,0.6152815221532484,130552479,0.6152815221532484,0.3847184778467515,,9.760386708895457,17333.333333333332,3.0,162356.0,139.73193540106263,86.42952469836438,1.0,33
33_607,2018,0.3925621008428448,0.0037858555422161603,2018-19,0.9294546418900306,1091480532,0.6438277737417308,0.0705453581099694,0.2856268681482997,9.82938630336094,18571.553427163908,74.0,168521.0,162.42733569719903,107.54423598280202,1.0,33
33_608,2018,0.8293565655942313,0.007247598362663523,2018-19,0.2436833085101964,238787307,0.0436787580170666,0.7563166914898035,0.2000045504931298,8.856069820733468,7016.850998963425,6.0,394452.0690902137,271.9261285352483,217.34197982386132,1.0,33
33_609,2018,0.3543951149562246,-0.00865184598865323,2018-19,0.1041098999739373,175803281,0.0904479422087691,0.8958901000260626,0.0153957031472272,9.420060902958252,12333.333333333334,3.0,269561.0,255.14840727875614,248.63263647139277,1.0,33
33_610,2018,0.3903511476982623,0.0023978957545152733,2018-19,0.7599239910424213,887986392,0.6040089508488774,0.2400760089575787,0.1559150401935438,9.21267036405176,10023.327086165446,43.0,259204.0,214.0461463698021,216.8768606590276,1.0,33
33_611,2018,0.6267933353326086,-0.009128254356241596,2018-19,0.6463492121780718,83220202,0.3395068423409979,0.4628377601097466,0.3068423698370739,,,,60569.0,171.30385969506148,174.68828350989506,1.0,33
33_612,2018,0.7828068334164696,-0.01575341029342598,2018-19,0.5902969037196498,577987875,0.3938731136877222,0.4097030962803502,0.1964237900319276,9.595814066750185,14703.10634972028,20.0,199407.0,178.09981384179935,179.08198438836172,1.0,33
33_613,2018,0.6708931965954111,-0.007543697148891052,2018-19,0.6372502675094842,28376564,0.3691137869969035,0.3975012206257667,0.2681364805125807,,,,113256.0,228.07980568829075,229.621111549995,1.0,33
33_614,2018,1.292014940959975,-0.013527268217841277,2018-19,0.5555265385029358,262447208,0.3398091169634389,0.4444734614970642,0.2157174215394968,9.561781063456698,14211.134605308667,16.0,248385.0,242.1503410028748,251.43427839105732,1.0,33
33_615,2018,0.394540630370365,-0.009568315657947479,2018-19,0.1565942806530272,182843287,0.1392022065321982,0.8434057193469728,0.0173920741208289,,,,26629.0,250.3529996160049,196.08530144323188,1.0,33
33_616,2018,0.013996143855598655,0.0033826401358049664,2018-19,0.8986302963829561,578946854,0.1163296691823806,0.1013697036170439,0.7823006272005755,9.783830854165428,17744.499404371483,15.0,47.0,240.52766951083777,189.11816958684219,1.0,33
33_617,2018,0.5157245573174254,0.031302275441276596,2018-19,0.6967845831741687,974983733,0.177550858686993,0.3032154168258313,0.5192337244871756,9.391306797927482,11983.749443190352,31.0,189268.8632072671,193.16644584817948,142.15517117927263,1.0,33
33_618,2018,0.446602082722215,-0.012806875684251607,2018-19,0.696596928102436,556334176,0.5148780865118019,0.3034030718975639,0.1817188415906342,9.293437878667826,10866.477588106662,16.0,86404.0,,,,33
33_619,2018,0.4880767755071821,-0.006950709209468384,2018-19,0.8073366200450074,292741833,0.6165611151310924,0.1926633799549926,0.190775504913915,9.957951258119792,21119.48299505552,7.0,83403.0,264.51061555701716,232.04037903285894,1.0,33
33_620,2018,0.7126418855201265,0.011746000647235433,2018-19,0.2472790325798667,284601809,0.2353450957860917,0.7527209674201333,0.0119339367937749,10.126631103850338,25000.0,1.0,178994.0,245.89761278759875,240.56422403445444,1.0,33
33_621,2018,1.0414594373252504,-0.008847134909163579,2018-19,0.383823553454471,520336353,0.2119405464641829,0.6161764465455289,0.171883006990288,10.464779083019208,35058.700158608255,7.0,119740.0,196.60660633680777,286.86799462780067,1.0,33
33_622,2018,0.5965245360760135,0.00540908209906055,2018-19,0.4955052998401121,575180748,0.0766198940997934,0.5044947001598878,0.4188854057403187,9.909803445345752,20126.717602353783,16.0,77995.0,138.733666871003,258.1251244766917,1.0,33
33_623,2018,0.9334430751007637,0.04631969233388628,2018-19,0.6529018871798719,209650604,0.5649855890708524,0.3470981128201281,0.0879162981090195,9.525401793020748,13703.43476299936,39.0,310342.0,130.26941288911854,192.4982440757554,1.0,33
33_624,2018,0.43652346558670674,0.00017432984146030934,2018-19,0.8485219647721985,446760495,0.3554809070573708,0.1514780352278014,0.4930410577148277,9.796517351043542,17971.04896226324,28.0,81473.0,130.00181327284088,129.84594652462997,1.0,33
33_625,2018,3.070136873815646,1.3620658345991201,2018-19,0.7926161156064282,458661623,0.5479614085785416,0.2073838843935717,0.2446547070278866,9.926359443494416,20462.709164958993,18.0,282917.0,,,,33
33_626,2018,0.34241843065381045,-0.007571784452789176,2018-19,0.5348841405999487,424863455,0.1221806356585788,0.4651158594000512,0.4127035049413699,9.674737359360703,15910.544736364633,12.0,77147.0,96.55341250815934,272.39197058536917,1.0,33
33_627,2018,2.497571991340397,1.1128651178161328,2018-19,0.5963355396166702,200596629,0.2613540330231571,0.4036644603833297,0.3349815065935131,9.210340371976184,10000.0,3.0,237770.0,20.279938969899117,225.46707876267493,1.0,33
33_628,2018,0.5449069900891583,0.06539021533742,2018-19,0.6648986374543866,711425651,0.2097324728034019,0.3351013625456133,0.4551661646509847,9.02977552039897,8347.985409394025,43.0,350264.0,66.24137801807656,190.24633851724252,1.0,33
33_629,2018,0.9602736131240168,0.008887652293736888,2018-19,0.6876602239204207,637230850,0.5461300673060634,0.3123397760795793,0.1415301566143572,10.282845656200555,29226.92511006957,5.0,159504.0,100.5870589290631,219.03656505735174,1.0,33
33_630,2018,0.4521052339180228,0.0859953947338626,2018-19,0.44974035981344,545041397,0.1962225192227004,0.55025964018656,0.2535178405907395,9.467229459069866,12929.01719319362,12.0,76450.0,250.33013052066738,198.2856283970831,1.0,33
33_631,2018,1.3462447599274179,0.09108408309659967,2018-19,0.5984948174063444,89435528,0.269023082995837,0.4848059083500343,0.3756960432994816,9.392661928770137,12000.0,1.0,133907.0,251.43730191215536,204.40454398961717,1.0,33
33_632,2018,1.375988026030271,-0.024638710192748905,2018-19,0.9305884944395072,715428510,0.0971733402125671,0.0694115055604926,0.8334151542269401,9.893038661000569,19792.110169868025,21.0,485881.0,128.12415892260233,130.90740715391465,1.0,33
33_633,2018,0.7212479904188963,0.032433647193443355,2018-19,0.7637481317590034,348990709,0.3469986990398647,0.2362518682409966,0.4167494327191386,9.52506181483148,13698.776685929077,23.0,377605.0,158.98936104881386,161.16086659618034,1.0,33
34_634,2018,1.301615730679381,0.13959618276114671,2018-19,0.9402808303957144,35816707,0.6762712440314516,0.0597191696042855,0.2640095863642629,9.724951282624776,16729.87433548451,14.0,5229.0,145.7876229441855,28.705889123062278,0.0,34
34_635,2018,1.0685080405913112,0.11940231712902233,2018-19,1.0,3420052,1.0,,,10.16585181700362,26000.0,3.0,81301.0,142.07220898807,93.46749613431727,0.0,34
34_636,2018,0.38864785088354736,0.0008967016431871953,2018-19,0.9009357769742348,185146680,0.6549639561454734,0.0990642230257653,0.2459718208287613,9.80652939816386,18151.87968357304,66.0,2149.0,155.83945059803304,151.6901885428344,0.0,34
34_637,2018,0.2540236673902844,-0.0023447895036295507,2018-19,0.2267552617887977,24539801,0.053179179387393,0.7732447382112023,0.2088983525172025,9.239349672390327,10294.34168594713,5.0,13169.0,243.47567496310657,200.56255183366142,0.0,34
35_640,2018,0.36772633714603403,-0.01364874631725489,2018-19,0.8971127905049034,54866888,0.2774793788195168,0.1028872094950965,0.6196334116853867,10.701944001582582,44442.1668507465,38.0,16996.0,1158.132747561048,1158.132747561048,0.0,35
01_001,2019,-0.3824069592396262,-0.013413292912844661,2019-20,0.8352452312706801,56768372,0.1343669051790948,0.1647547687293199,0.7109885765263798,10.028650695490134,22666.666666666668,3.0,25709.0,1318.002257254863,720.5152395484214,0.0,01
01_002,2019,-0.8928641689641735,-0.035299914116526165,2019-20,0.8201587674904224,111960704,0.0078278268060908,0.1798412325095776,0.8123309406843315,9.066997952954,8664.573266227444,42.0,50539.0,1263.1006716993331,640.8128623824553,0.0,01
01_003,2019,-0.8643874475142084,-0.03300757249927525,2019-20,0.5650171426938835,65942378,0.0173699529003943,0.4349828573061166,0.5476471897934891,9.61737009193978,15023.48754748766,22.0,13289.0,,,,01
01_004,2019,-0.7827192731526341,-0.029086370664720057,2019-20,0.5817834356923721,105383626,0.0178311896055861,0.4182165643076278,0.5677240978593772,9.320826965417432,11168.21376220359,16.0,8520.605527797103,1340.2330500797034,601.5695327154986,0.0,01
01_005,2019,-0.6049106136213978,-0.023432990015848122,2019-20,0.6021384628200688,74125675,0.0183844666507252,0.3978615371799312,0.5837539961693435,9.491978284846365,13252.98759474304,27.0,17067.0,1229.0339315122046,641.2138692594557,0.0,01
01_006,2019,-0.4377895576033787,-0.016088497685482928,2019-20,0.6016838412836858,42996689,0.0500431789061711,0.3983161587163142,0.5516406623775147,9.680344001221918,16000.0,1.0,24300.0,1194.6326026262507,594.4726637333914,0.0,01
01_007,2019,-0.9304267091228009,-0.04551663904495172,2019-20,0.7814903354764096,40231264,0.0594702169934307,0.2411024474767759,0.7220201184829788,9.206434276983837,9961.01523873465,4.0,33078.0,1165.1306771261966,472.872576623659,0.0,01
01_008,2019,-0.4967935378473884,-0.017636058182674715,2019-20,0.3592402879215066,9407564,,0.6407597120784935,0.3592402879215066,,,,46719.0,1285.1191578842765,675.8370374117372,0.0,01
01_009,2019,-0.6422917978972976,-0.02361618087577111,2019-20,0.6900592971713553,6773173,0.088970856052252,0.3099407028286447,0.6010884411191033,9.714297325760102,16552.581090252246,4.0,17413.0,1332.0219947236108,697.7862933357843,0.0,01
01_010,2019,-0.8315612371833343,-0.044106237127273414,2019-20,0.7676929261976531,384189205,0.4542078531331977,0.2323070738023469,0.3134850730644553,10.244176519131544,28118.317720902425,57.0,94972.98626226584,1300.8844736171752,661.0268621506079,0.0,01
01_011,2019,-0.3765416031046587,-0.013442522036664016,2019-20,0.2980958638730629,91354498,0.1885959134710586,0.7569702970427938,0.1180904994225398,,,,9319.0,1322.811224777645,664.5189965017952,0.0,01
01_012,2019,-0.741126745097847,-0.03823866872497078,2019-20,0.753835987006725,129543322,0.0494910266389494,0.2461640129932749,0.7043449603677756,9.367839023260451,11705.791792020747,39.0,33031.0,1280.131602638251,631.9384384153428,0.0,01
01_013,2019,-0.610934811887182,-0.021990200031139676,2019-20,0.3813955188412324,61612769,0.1328262652827695,0.6186044811587678,0.2485692535584628,10.46628807587128,35111.643422007386,14.0,11735.0,1251.8878518468075,618.9135758408435,0.0,01
01_014,2019,-0.3808573301402873,-0.01321481948127236,2019-20,0.7146850408887223,52471192,0.0231936221307875,0.2853149591112777,0.6914914187579349,9.485232453934264,13163.88605121144,3.0,40940.0,1279.6818940443893,609.6621872399876,0.0,01
01_015,2019,-0.5583107157796262,-0.018553411709334465,2019-20,0.7141703244181196,61259402,0.0738016835358595,0.2858296755818805,0.64036864088226,8.483635890110504,4834.997496549381,36.0,32180.0,1238.7455306823542,602.9676389839384,0.0,01
01_016,2019,-0.7428236539544463,-0.030290954451356492,2019-20,0.3593288184066394,91771885,0.2835385368841449,0.6406711815933606,0.0757902815224946,9.392661928770137,12000.0,1.0,13054.0,1219.9006581720805,526.3894078365239,0.0,01
01_017,2019,-0.729559084967878,-0.03133316834560019,2019-20,0.6921754005424732,29010469,0.9296875466790022,0.4586476622678934,0.386454179696302,9.866180505096388,19267.60572962198,6.0,7288.0,1223.641615316836,564.2840331741197,0.0,01
01_018,2019,-0.6309869332997241,-0.026999867179388817,2019-20,0.8912255968448611,286326039,0.056006764372555,0.1087744031551388,0.8352188324723061,9.26595537532056,10571.905905351665,344.0,6465.0,1277.3327910171195,562.4565166825015,0.0,01
01_019,2019,-1.0506441429769697,-0.032739815016760314,2019-20,0.5820154422972939,119577286,0.3897600251606312,0.4179845577027062,0.1922554171366625,10.403442837981526,32972.9510102208,13.0,24822.0,1186.2907382504748,515.5929496790396,0.0,01
01_020,2019,-0.7960391087591688,-0.015467084375143469,2019-20,0.6071592185152934,21398397,0.3170107087928128,0.4449720378662485,0.2901485097224806,,,,12116.0,1198.5696969180742,566.3384967794141,0.0,01
01_021,2019,-0.6769919416760833,-0.039012601565608165,2019-20,0.4894996973361129,126111841,0.2629448094410104,0.510500302663887,0.2265548878951025,8.786616080749122,6546.043371897306,7.0,99204.0,1152.273855215733,524.2028048219834,0.0,01
01_022,2019,-1.2943729761307594,-0.018412981000366226,2019-20,0.5144765814218005,131779627,0.1554488919596046,0.4855234185781994,0.3590276894621959,9.179505494112064,9696.356681705953,34.0,18197.0,1145.8719177543987,492.12678453998825,0.0,01
02_023,2019,-0.40324884635875724,-0.01693205798261092,2019-20,0.2160660570936542,410400496,0.0871488103659601,0.7839339429063458,0.128917246727694,8.891879771382012,7272.6773130760685,17.0,29008.0,1210.2820923480904,463.89688943886586,0.0,02
02_024,2019,-0.634821614234516,-0.03405406831912557,2019-20,0.2207789167293223,194089810,0.0449265883664886,0.7792210832706776,0.1758523283628336,9.737729241911312,16945.01962012122,16.0,100773.0,1155.1338067900313,403.9690560324081,0.0,02
02_025,2019,-0.2979751155149754,-0.010092079463358713,2019-20,0.4241906447464288,163808259,0.2843427143682663,0.5758093552535712,0.1398479303781624,9.581281565610428,14490.978547025112,15.0,4562.0,,,,02
02_026,2019,-0.4128640412419203,-0.015060405433809947,2019-20,0.2288608206393253,138511349,0.1606211054951172,0.7711391793606747,0.0682397151442081,10.013433107509073,22324.345926471266,2.0,33011.0,1194.228285915483,368.4421614695813,0.0,02
02_027,2019,-0.73566539231637,-0.024141823811361145,2019-20,0.3107509736271204,76518000,0.2298678872944928,0.803424538189706,0.0808830863326276,8.34283980427146,4200.0,1.0,68054.0,1147.9695333430807,341.3324465577584,0.0,02
02_028,2019,-0.6695737469012268,-0.027979735046076603,2019-20,0.1259187224355005,21228392,0.039626411647194,0.8740812775644995,0.0862923107883065,,,,36087.0,1125.2674428758999,352.2382660071437,0.0,02
02_029,2019,-0.9777106414474707,-0.04539922258761618,2019-20,0.1666666666666666,5641392,,0.8333333333333334,0.1666666666666666,,,,35594.0,1100.8461520685823,351.3369243851619,0.0,02
02_030,2019,-0.7267229161044736,-0.023050740058795847,2019-20,0.1400673139527939,114182271,0.0364429430554941,0.8808868848763562,0.1036243708972998,9.50081124681464,13370.569262846964,3.0,31970.0,1106.616214294765,317.53362130041984,0.0,02
02_031,2019,-2.7902778966366046,-0.06255285871030798,2019-20,0.400036104637421,230934323,0.1132165659064893,0.5999638953625789,0.2868195387309317,10.255297569654998,28432.768221994706,13.0,83294.0,1091.2290705902424,277.7847036334681,0.0,02
02_032,2019,-1.4552284466695915,-0.029135059299222794,2019-20,0.2164622569035666,72908618,0.016381255373467,0.7835377430964334,0.2008180980744965,,,,39785.0,1091.2137981175215,232.8999924399477,0.0,02
02_033,2019,-0.2820625426890366,-0.011314005654526296,2019-20,0.3139845453808199,200596596,0.0699672191845169,0.6860154546191801,0.2440173261963029,9.977594853529872,21538.447082713043,12.0,70561.0,1147.4216563380933,291.7719943394529,0.0,02
02_034,2019,-0.5819258788775158,-0.020125171058277862,2019-20,0.1872832038802845,282437020,0.0541264880928144,0.8127167961197155,0.13315671578747,9.941799465305824,20781.105538968615,8.0,9779.0,1228.7959295737614,348.50504804964356,0.0,02
03_035,2019,-0.9155161040322065,-0.02994622807717011,2019-20,0.7813167130855834,789563521,0.213917309383902,0.2186832869144166,0.5673994037016814,9.631517106180441,15237.535539848,116.0,138217.0,1103.395078075214,426.4078038627572,1.0,03
03_036,2019,-2.5495914440675373,-0.10054050665412863,2019-20,0.6126730546505986,114491939,0.1722908369994502,0.3873269453494014,0.4403822176511483,9.248553077457911,10389.52200205422,12.0,82876.0,1039.9032627420806,361.5340237021696,1.0,03
03_037,2019,-1.9311619008386431,-0.12976442439915226,2019-20,0.4901459377589563,193978174,0.1916603308163938,0.5098540622410438,0.2984856069425625,9.382545626969105,11879.216350390676,12.0,259495.0,1034.4156365509295,340.2614216056361,1.0,03
03_038,2019,-1.0516436492931587,-0.04460725526102674,2019-20,0.5158939051583258,157653923,0.067803901080216,0.4841060948416742,0.4480900040781097,9.420736282838265,12341.665832004412,34.0,137481.0,1087.4364368096783,367.92232845409507,1.0,03
03_039,2019,-1.40383681635623,-0.08470389694821807,2019-20,0.5522619327316611,313838135,0.0741570013472072,0.4477380672683388,0.478104931384454,9.482171431591578,13123.652710884,29.0,52848.0,1055.0603392622754,304.849443049838,1.0,03
03_040,2019,-1.42003467447913,-0.061068799348709825,2019-20,0.4852218898809012,172353263,0.3138136177903403,0.6441815855872247,0.1714082720905609,10.052738226633714,23219.279526663853,20.0,66533.0,1024.2247814254295,249.0504688053809,1.0,03
03_041,2019,-2.2067598381112883,-0.18927345300570977,2019-20,0.6814652446231958,106323707,0.0676274953430658,0.3185347553768041,0.61383774928013,9.736424435337462,16922.9240654742,15.0,496130.0,1010.9883745679975,289.15931020586174,1.0,03
03_042,2019,-1.1316731665110635,-0.03745805445158413,2019-20,0.5933222100888476,224811505,0.1038175604046598,0.4066777899111524,0.4895046496841876,9.65116173278887,15539.83075271842,17.0,67556.0,973.4864994358509,323.337616880248,1.0,03
03_043,2019,-0.6833082242178592,-0.024237860413317557,2019-20,0.6857431947856863,134500540,0.3522792324848658,0.3142568052143136,0.3334639623008205,9.691849302477838,16185.147868737113,9.0,121108.0,918.1466817567224,361.20679169969026,1.0,03
03_044,2019,-1.3943076731000934,-0.0466171463886114,2019-20,0.7253048232956903,327284123,0.2373519322842312,0.2746951767043096,0.4879528910114591,9.740272031935447,16988.162074825985,35.0,46989.0,898.8100800772172,333.30677110325735,1.0,03
03_045,2019,-1.0078296346431328,-0.03673730321038971,2019-20,0.5535957835794472,317714797,0.3460597052393502,0.4464042164205528,0.2075360783400969,9.532545915366468,13801.684313030411,18.0,42997.0,940.0318185138631,336.9466501096963,1.0,03
03_046,2019,-0.899130266983556,-0.03151788860238794,2019-20,0.7665193315928907,557754271,0.1966124164381343,0.2334806684071093,0.5699069151547563,9.620613286620376,15072.290738733507,58.0,76081.0,912.3521327779342,287.8514377902318,1.0,03
03_047,2019,-1.5552603653301118,-0.0693036571378379,2019-20,0.7648581041995989,377653143,0.1421460803253529,0.2351418958004011,0.6227120238742458,9.636207121000126,15309.167653880517,41.0,37990.0,908.3991499097582,239.53739545025698,1.0,03
03_048,2019,-1.036085402183629,-0.03752333074119981,2019-20,0.7481315398710454,526681161,0.2611401967346996,0.2518684601289546,0.4869913431363458,9.886673322052308,19666.526794537764,76.0,157937.0,993.1944149247596,214.86801128780968,1.0,03
03_049,2019,-1.157435074932729,-0.0430692963172446,2019-20,0.6789372995634304,371620060,0.0806074515998948,0.3210627004365695,0.5983298479635356,9.993448015528225,21882.62048366174,21.0,218677.0,1051.3620196873505,419.6228313303092,1.0,03
03_050,2019,-0.7096346826420078,-0.025229877946929817,2019-20,0.2916228792027463,139527187,0.086024947955125,0.7083771207972537,0.2055979312476213,10.145376593474056,25473.057232968345,8.0,50927.0,1013.0530018138962,390.5421151470247,1.0,03
03_051,2019,-1.2552118219769945,-0.02757235806422378,2019-20,0.5420611819875748,78600454,0.0400673894326361,0.4579388180124252,0.5019937925549387,,,,52830.0,1068.5907552136866,288.9174810521986,1.0,03
03_052,2019,-2.085084612196665,-0.09745427530677,2019-20,0.6935744512569992,134228318,0.4087294009003375,0.3064255487430007,0.2848450503566617,9.703209644361186,16370.065054443863,10.0,90074.0263425477,1050.061074045667,242.47137671839172,1.0,03
03_053,2019,-1.3221318926449193,-0.06824177884721194,2019-20,0.778651795584971,355723238,0.5900924723956325,0.2213482044150289,0.1885593231893385,10.303273009447354,29830.093425873532,24.0,119822.0,959.3390986729692,233.96422272476244,1.0,03
03_054,2019,-1.1189305161523555,-0.039239494249212734,2019-20,0.5488422099430303,136367642,0.2435686979173549,0.4511577900569696,0.3052735120256754,10.39418571817288,32669.12489930602,13.0,51340.0,955.9881413128353,271.6641167526568,1.0,03
04_055,2019,-0.9533857984263208,-0.05811623532740697,2019-20,0.970711766576866,157202619,0.7469508698197961,0.029288233423134,0.2237608967570699,10.111590163735256,24626.79024581114,44.0,186187.84309056573,1056.843037289645,246.66397521762707,0.0,04
05_056,2019,-0.2779128734902108,-0.00992954752564544,2019-20,0.7193494191150095,391288041,0.118188891952361,0.2806505808849905,0.6011605271626485,9.769702964033716,17495.569633035935,101.0,18005.0,1191.6077428880349,290.35104937759127,0.0,05
05_057,2019,-0.9392537054244294,-0.039452757760524385,2019-20,0.1998145320239262,43289414,,0.8001854679760738,0.1998145320239262,,,,25321.0,1216.9376773560386,299.07062918538884,0.0,05
05_058,2019,-0.44367986079785676,-0.017715009820568412,2019-20,0.2599334145902917,48274840,0.0759178922525848,0.7641226877471979,0.1864055686150384,,,,11816.0,1189.5979410799662,269.852798924154,0.0,05
05_059,2019,-0.4745370227511511,-0.014485072625778089,2019-20,0.33852684955496,407267365,0.0777486627243015,0.66147315044504,0.2607781868306585,9.452707344113222,12742.617255737809,71.0,28321.78901098901,1146.2371070030686,234.7606911034044,0.0,05
05_060,2019,-0.7799438622341925,-0.026636878742623608,2019-20,0.8130387531544756,395750003,0.2955095113416841,0.1869612468455243,0.5175292418127916,9.761650809028357,17355.258257033496,60.0,104493.76383763837,1109.9979640919328,217.74207070034834,0.0,05
05_061,2019,-0.5870992434973433,-0.023116366094594585,2019-20,0.4150308771790434,111664022,0.2184658725618892,0.6740684683033568,0.1965650046171541,,,,36622.0,1123.1922046735494,198.41322445357054,0.0,05
05_062,2019,-0.8680283621874975,-0.036304388103466624,2019-20,0.2168731698131118,158794917,0.0720737782270792,0.7831268301868881,0.1453795904562864,,,,28451.0,1135.2870910052952,331.038690072134,0.0,05
05_063,2019,-0.736865994027383,-0.033414813371285865,2019-20,0.2517271841836174,51895305,0.0558983129591395,0.7482728158163826,0.1958288712244778,,,,10785.08888888889,1159.9002581989282,284.6973121795091,0.0,05
05_064,2019,-0.8204229048299038,-0.021815257490594927,2019-20,0.1330605536720996,106836411,0.0603998387778114,0.8669394463279003,0.0726607148942882,9.615805480084347,15000.0,1.0,37341.0,1163.873092188296,238.2750065405873,0.0,05
05_065,2019,-0.836790192606612,-0.06286759763863972,2019-20,0.3880622774193623,58138761,0.27113575743384,0.7942379270415914,0.1169265199855222,9.903487552536127,20000.0,1.0,15476.0,1094.9316635208818,270.2354363811043,0.0,05
05_066,2019,-0.9966896270050303,-0.02548161851195128,2019-20,0.1881703642131898,79450747,0.0498706324309323,0.8118296357868101,0.1382997317822575,,,,65199.0,1136.2567448068003,215.46400590427916,0.0,05
05_067,2019,-1.3243561909681063,-0.050184671630024914,2019-20,0.649811639854371,380736327,0.1137079651451278,0.3501883601456291,0.536103674709243,9.54209495001043,13934.108329194476,50.0,93688.0,1117.2764367384125,211.86229488269345,0.0,05
05_068,2019,-2.504263812793619,-0.09227598621452324,2019-20,0.197457793097339,155288462,0.027934412796232,0.8535357776422765,0.1695233803011069,9.291463157868291,10845.040501891968,5.0,138165.0,1066.8415566098251,157.11037444187355,0.0,05
06_069,2019,-2.4931238018472563,-0.05578453881552781,2019-20,0.5365780765750591,262550656,0.4491724675028045,0.4634219234249409,0.0874056090722546,9.72802122790491,16781.313050859757,7.0,25881.897819692953,1064.8093404535416,238.17175511145558,1.0,06
06_070,2019,-0.9816041473268132,-0.0405025261157524,2019-20,0.7781006452011556,180608015,0.5916359082956535,0.3485089739004038,0.1864647369055022,10.991107244668266,59344.05607648007,14.0,88975.15917545625,1032.7797697488043,200.42253685474026,1.0,06
06_071,2019,-3.168948008850565,-0.18141798216997218,2019-20,0.6844843530791108,49181114,0.6652382253887134,0.3490062144266895,0.0212890176228963,,,,100708.16732380484,1048.234164657495,185.87987457632843,1.0,06
06_072,2019,-0.872816396788415,-0.03580126310306116,2019-20,0.2337480391048027,211217943,0.0878698109860834,0.7662519608951972,0.2134862377672147,9.418529172430434,12314.456450996133,8.0,92140.0,999.6865243053666,174.65295847086213,1.0,06
06_073,2019,-0.9596085198328824,-0.04313976001370205,2019-20,0.4599247798948859,316557388,0.259835442539095,0.5400752201051141,0.2000893373557909,9.12510569927674,9182.967599340474,16.0,78263.0,957.6530932792492,167.7662457477414,1.0,06
06_074,2019,-1.10225663316566,-0.04714664762273757,2019-20,0.2533866155892934,52556083,0.1248353306695249,0.9519712625998452,0.1285512849197684,10.03408403905956,22790.15763486908,8.0,90057.0,977.0843131841033,134.74115957050233,1.0,06
06_075,2019,-1.3035429302404948,-0.04626092969855521,2019-20,0.4219242204942975,50603286,0.2954229098877096,0.5780757795057024,0.1265013106065878,,,,119797.0,952.0718234997601,97.71913937035711,1.0,06
06_076,2019,-1.7648837074150783,-0.08936721046625883,2019-20,0.8679075108241744,170508385,0.687217435083911,0.1320924891758255,0.1806900757402634,10.251399122316,28322.140350953272,25.0,119254.0,928.1970917811869,75.54565523464879,1.0,06
06_077,2019,-1.0469335122012493,-0.04155397245862123,2019-20,0.5554972384654856,394538433,0.387568123179523,0.4445027615345144,0.1679291152859625,9.653988914202818,15583.826836548777,33.0,75382.0,919.156915250426,143.40377028750976,1.0,06
06_078,2019,-1.5699194778334489,-0.08070695383667296,2019-20,0.6704604440884926,280846998,0.5214764659866509,0.3295395559115073,0.1489839781018417,10.024293078595996,22568.108911493666,25.0,62395.0,887.1046531679262,207.54431492159117,1.0,06
06_079,2019,-1.037928530574688,-0.04143071085152086,2019-20,0.5919790115295492,108735127,0.4337851741323666,0.4080209884704507,0.1581938373971826,9.21247860803139,10021.405237121477,10.0,87232.0,853.0027560842256,266.0832835268279,1.0,06
06_080,2019,-0.8078226572515322,-0.03179461824534681,2019-20,0.6761629048429204,630296498,0.3788343291731251,0.3238370951570795,0.2973285756697953,9.457562661956276,12804.637153987474,33.0,105667.0,870.5490698711827,168.44056945674456,1.0,06
06_081,2019,-1.365623732132789,-0.05028397493544442,2019-20,0.8025492230069503,192358220,0.3640585673957681,0.1974507769930497,0.4384906556111821,9.678318762661434,15967.628973622055,14.0,82612.0,839.8772325099314,138.36085408948264,1.0,06
06_082,2019,-1.1033167099298218,-0.03828094707470439,2019-20,0.91898303173038,251953269,0.7042632377990697,0.0810169682696198,0.2147197939313103,10.24679838215897,28192.136828035054,17.0,78305.15320204683,892.9244079571947,92.57689810171485,1.0,06
06_083,2019,-2.3817211901345914,-0.1079069991735605,2019-20,0.7757281584910266,386350504,0.4217131602344176,0.2242718415089734,0.354014998256609,9.901696185454664,19964.20472917783,43.0,83882.0,877.9371880395923,71.7816989482941,1.0,06
06_084,2019,-0.7872271633276172,-0.029358920851990777,2019-20,0.4846163583748278,329452715,0.1340926785198901,0.5153836416251723,0.3505236798549376,9.341583621581709,11402.451117539984,28.0,45962.0,810.1530016836425,126.63662184190821,1.0,06
06_085,2019,-2.3080171404972547,-0.17746544064397007,2019-20,0.6999523352923788,150020851,0.4212782261847055,0.3000476647076212,0.2786741091076733,9.344525399319089,11436.043981532654,26.0,69589.0,843.4968590757062,87.98651661733973,1.0,06
06_086,2019,-2.8934057485907947,-0.13750259931473768,2019-20,0.3279864795669909,74366849,0.1969506063111535,0.6720135204330091,0.197207483467192,9.512907159795418,13533.280592326888,3.0,141993.7881744579,881.9960450710128,47.05357494386657,1.0,06
06_087,2019,-0.6216502671762932,-0.04821697555193926,2019-20,0.4620668306777684,346704579,0.0824346972354235,0.5379331693222316,0.3796321334423448,9.081239404943762,8788.852226328368,21.0,37316.0,863.6282351684222,68.9078553994396,1.0,06
06_088,2019,-4.019044989995047,-0.14922325482098064,2019-20,0.6727809875680458,153614225,0.440466740629001,0.3272190124319541,0.2323142469390448,10.06450657941293,23494.14639225372,11.0,204649.0,910.5794518019031,22.377175293383694,1.0,06
06_089,2019,-0.7842854711405803,-0.05390525495175579,2019-20,0.5554162274225516,233751946,0.4482669162463357,0.4445837725774484,0.1071493111762158,9.664685313840495,15751.412359312675,10.0,49605.0,888.9328856726188,53.64189326424226,1.0,06
07_090,2019,-1.9615512013331282,-0.08931443471568838,2019-20,0.8965558123331431,2104199742,0.2874104097290589,0.1034441876668569,0.6091454026040841,10.227926989564386,32469.50649852764,169.0,7701442.080917814,921.162116577303,38.764171569456444,1.0,07
08_099,2019,-1.071347625026329,-0.03726130459460621,2019-20,0.7090531492640417,902403502,0.1217097282497026,0.2909468507359583,0.5873434210143391,10.00994655160093,22246.646376907785,51.0,117882.10852090032,768.6176517476222,345.4675699398352,1.0,08
08_100,2019,-0.8769815470303317,-0.0402607054898754,2019-20,0.2122967901951591,173081769,0.1319561160713581,0.9283263012044104,0.0803406741238009,9.93627737347592,20666.66662774722,4.0,91250.0,803.2258577949607,283.46732637144754,1.0,08
08_101,2019,-1.1896332370132243,-0.04907792469195807,2019-20,0.0636162240686455,459889351,0.1318505333078215,0.9693891397688708,0.0591270311888565,9.634674780053466,15285.726753737474,3.0,117807.4416172751,633.4713900758419,211.52633339013,1.0,08
08_102,2019,-1.321800878800588,-0.044459108175613084,2019-20,0.4813682399996332,317385985,0.4420362228659845,0.5186317600003667,0.0393320171336488,9.2608873673026,10518.4629405342,6.0,91329.96387839496,729.1068006120845,188.4413314615973,1.0,08
08_103,2019,-1.0474067885578913,-0.032216177334228144,2019-20,0.7809657252552343,469898408,0.1083022311495041,0.2190342747447657,0.6726634941057302,10.083651786465284,23948.28005960872,31.0,94767.0,762.9952216477676,130.4068893807528,1.0,08
08_104,2019,-2.1174615856450245,0.027777847215265453,2019-20,0.4967267135460123,553315460,0.0747619703234028,0.5032732864539877,0.4219647432226094,9.315666088064928,11110.724455960197,20.0,185648.0357142857,803.9360743457227,108.6151331558119,1.0,08
08_105,2019,-0.7928574453643898,-0.02715519133074678,2019-20,0.4943258486354199,861059423,0.0297368024970792,0.50567415136458,0.4645890461383407,9.483477634041105,13140.80605863527,35.0,115812.0,836.5127482100032,140.94138005176825,1.0,08
08_106,2019,-0.599756324358541,-0.02216306206694294,2019-20,0.2909187813965996,622492371,0.2810400804092746,0.7090812186034003,0.0502915769548064,9.429060176382098,12444.82529309446,22.0,39581.0,842.398111810306,188.6843042249142,1.0,08
08_107,2019,-1.6291842755887984,-0.07467795562350073,2019-20,0.2461460264063705,188300395,0.1876837804827759,0.7538539735936295,0.0615277823368034,9.760386809457168,17333.335076403106,3.0,43766.0,770.263012531242,122.56983475322319,1.0,08
08_108,2019,-0.7106272233107348,-0.025639590290571418,2019-20,0.6903639878619795,441238340,0.609818018080659,0.3096360121380204,0.0805459697813204,9.47130868377968,12981.865275921156,24.0,56413.35743931089,711.82576048039,100.76146678592418,1.0,08
08_109,2019,-0.9179575742399307,-0.04141451287568894,2019-20,0.7269864305678239,2537557545,0.6225066147219135,0.2730135694321762,0.1044798158459102,9.904136992762387,20012.99302316447,140.0,73071.0,750.8454274198258,71.10760273005909,1.0,08
08_110,2019,-1.5383363891836541,-0.051113376611209245,2019-20,0.3923693271011241,754669146,0.046804049413198,0.6076306728988758,0.345565277687926,9.929437232069445,20525.786076346812,19.0,483693.58800970495,695.3904832055781,9.639812297754286,1.0,08
08_111,2019,-1.3262569195320002,-0.04002225460853511,2019-20,0.3484556914674055,231568558,0.3045907380914813,0.6515443085325945,0.0438649533759242,9.478109305309532,13070.450905672618,10.0,137014.0,709.9060146676604,92.58874021789806,1.0,08
08_112,2019,-1.035297622406579,-0.03760603358139469,2019-20,0.3566615661079917,460929900,0.1805400278871038,0.6433384338920083,0.1761215382208878,9.155801643074458,9469.21834904974,6.0,130496.0,590.6843793768988,144.863343797914,1.0,08
08_113,2019,-2.2865201281211105,-0.07696357227762755,2019-20,0.3172428675353271,343779130,0.2878287637763235,0.8038545051401191,0.0294141037590036,9.600984040696224,14779.317862489514,7.0,180367.0,480.1761671959897,60.18191444814743,1.0,08
08_114,2019,-0.8570606022175338,-0.03493920853087132,2019-20,0.2250173881651683,259206475,0.010180362083769,0.7749826118348316,0.2151310263372086,9.111037846569904,9054.687392861617,4.0,23363.0,447.8160523332288,226.478007599293,1.0,08
08_115,2019,-1.1954173784840567,-0.058032184341887255,2019-20,0.4965593210459962,307482626,0.3740604582972437,0.5034406789540037,0.1224988627487525,9.423844302305389,12380.083640389552,12.0,73146.3348051822,321.92070018857066,161.91981287768598,1.0,08
08_116,2019,-1.599482320284252,-0.08592499740970262,2019-20,0.4199402608688815,263537144,0.2354319700755351,0.5800597391311184,0.1845082907933463,9.615805480084347,15000.0,5.0,89693.0,301.95039832168857,147.6481785699451,1.0,08
08_117,2019,-1.101182777458632,-0.043742715289879955,2019-20,0.3936461725861085,310930888,0.2839902673162532,0.6063538274138914,0.1096559052698553,9.657066798862008,15631.865949600631,9.0,64420.0,318.47401009030733,162.7260838773112,1.0,08
08_118,2019,-1.2270350801012988,-0.11659826889203266,2019-20,0.2733475736566954,217318567,0.0822465252129147,0.7554613918721439,0.1911010484437807,9.903487552536127,20000.0,2.0,119987.0,440.50448426867854,75.52906373532387,1.0,08
08_119,2019,-0.9041664943106333,-0.03835312525189967,2019-20,0.7184067488403599,624254446,0.1550502052811971,0.2815932511596401,0.5633565435591628,9.315516802138976,11109.065904974024,53.0,199455.27730375426,572.2015367052002,123.73290593474538,1.0,08
08_120,2019,-1.0728394666151384,-0.074836110393992,2019-20,0.3264374836774149,959349415,0.152487398973397,0.6735625163225851,0.1739500847040178,9.99758762701733,21973.39378429967,29.0,72960.0,640.1276238181887,84.13433493429022,1.0,08
08_121,2019,-1.0064988093352116,-0.04036204228010062,2019-20,0.290182628253479,246958174,0.2381085389787503,0.7098173717465209,0.0520740892747287,9.496737930481222,13316.217475842335,9.0,60594.0,614.8692195577302,156.8214982288024,1.0,08
08_122,2019,-0.928725204081133,-0.035413806808849736,2019-20,0.2155895686963776,686074901,0.0235572354803284,0.7844104313036223,0.1920323332160492,9.441951502297911,12606.294129457865,15.0,148761.0,523.4822060271559,186.84460546393936,1.0,08
08_123,2019,-1.463024213519955,-0.05302479910475209,2019-20,0.4885326301634485,257987537,0.1164850494308955,0.5114673698365515,0.372047580732553,9.145850225509363,9375.453523507758,11.0,83762.0,437.9040631441492,140.20030633281928,1.0,08
08_124,2019,-0.5051687093091697,-0.022178340914675784,2019-20,0.316853108140083,868818225,0.0462391428310565,0.683146891859917,0.2706139653090265,9.041501424269484,8446.449244345951,18.0,42170.0,373.00251399772964,228.54035171157597,1.0,08
08_125,2019,-0.7334575060675069,-0.029020138236888513,2019-20,0.6431776667661783,618189453,0.1246624584518752,0.3568223332338218,0.518515208314303,9.314068115694566,11092.984003416395,54.0,67040.11611678732,419.06510414101643,170.54995868860811,1.0,08
08_126,2019,-0.9792516937168388,-0.03736896737462594,2019-20,0.431822860716904,179509996,0.3309705215524599,0.5681771392830959,0.100852339164444,9.473545075694384,13010.930302743573,6.0,90715.0,496.5406668285611,231.11743680561835,1.0,08
08_127,2019,-1.2736646486148386,-0.002617446928192113,2019-20,0.2164231806650711,854218649,0.0292027152874767,0.7835768193349288,0.1872204653775944,9.240645783976086,10307.69295197025,12.0,126947.63283914982,632.6295567149957,197.32443403568965,1.0,08
08_128,2019,-0.7148988617817551,-0.025421930410007447,2019-20,0.3817916690437465,628326958,0.3280138523039465,0.6182083309562535,0.0537778167397999,9.344569904643638,11436.5529577076,14.0,36843.0,687.0795824955745,229.15810516944757,1.0,08
08_129,2019,-0.9797359370833384,-0.03802620872148401,2019-20,0.5437643109202774,289244152,0.0788750951134182,0.4562356890797225,0.4648892158068592,9.333201410926543,11307.27282979616,15.0,61417.57518056467,614.8908139245414,178.02264016513607,1.0,08
08_130,2019,-1.043663359312086,-0.041371267238008824,2019-20,0.1847443746344755,377360145,0.1184598998921839,0.8353004012567304,0.0662844747422916,8.359054452661148,4268.656640649788,3.0,150802.0,380.5955249711168,210.08976542972403,1.0,08
08_131,2019,-0.8631281295929856,-0.03503803079474572,2019-20,0.1432878127522248,605938735,0.0284387001600087,0.9325105835300964,0.1148491125922161,9.706059767777422,16416.78831207763,2.0,27681.0,460.4695450541665,184.76866130697078,1.0,08
09_132,2019,-1.2222938161521855,-0.04383805610931046,2019-20,0.7145346943185633,189184419,0.0093999495804144,0.2854653056814367,0.7051347447381489,9.235006459439203,10249.728121050484,8.0,195180.0,1041.6165768661713,155.05460595319056,1.0,09
09_133,2019,-1.1213954118377591,-0.0483683695002423,2019-20,0.5906566089851132,350201848,0.4241110286773815,0.4093433910148869,0.1665455803077315,,,,186703.0,1006.1258138542657,100.4605710476946,1.0,09
09_134,2019,-1.1608741504256261,-0.04273186608367845,2019-20,0.7929451328669819,626675445,0.2960064487607297,0.2070548671330181,0.4969386841062521,9.36656552618911,11690.893988623806,46.0,150832.0,1060.6855626005733,134.0738552265797,1.0,09
09_135,2019,-1.7548249066182786,-0.26954258047975216,2019-20,0.3982771052791616,337685288,0.1009612654490295,0.6017228947208384,0.297315839830132,8.38923111389489,4399.433729991527,7.0,198460.0,1043.9305217869182,129.36278183922045,1.0,09
09_136,2019,-0.8960590544162195,0.012518353478010887,2019-20,0.2541766558963662,690175423,0.003264764047415,0.7458233441036338,0.2512358455858837,9.458518884279853,12816.887089777048,10.0,86682.0,1076.6010024452996,167.29265815185227,1.0,09
09_137,2019,-0.6551384611772064,-0.01131672152011506,2019-20,0.4113379731749995,527656655,0.2605784380754186,0.5886620268250005,0.1507595350995809,9.094099030380214,8902.60340517031,9.0,62607.0,1016.927609509191,95.18852803562291,1.0,09
09_138,2019,-1.0325298115207044,-0.05341571816130559,2019-20,0.1919438511620758,189832317,0.0179141468309634,0.8080561488379242,0.1740297043311124,9.830794722222386,18597.728381620036,5.0,193107.0,991.6215559048018,66.89489231417801,1.0,09
09_139,2019,-0.9144822254787296,-0.04495759984775233,2019-20,0.8084004052560567,548110747,0.8014956656195613,0.1915995947439432,0.0069047396364953,9.501749402876657,13383.118829258969,38.0,66340.0,958.1444130407592,57.173869267611785,1.0,09
09_140,2019,-1.7518547589271978,-0.08183588242346677,2019-20,0.3464130696741241,283761199,0.0728937574019765,0.665466304972319,0.2735193122721475,8.753581969480468,6333.333333333333,3.0,244280.0,964.6482475747904,37.617949034414046,1.0,09
09_141,2019,-4.272917644709221,-0.15985315455354754,2019-20,0.2447328337873745,426180874,0.1563464412999444,0.7552671662126255,0.0883863924874301,8.2072165956224,3667.320610844693,4.0,258178.0,929.5744955398716,21.256262352857174,1.0,09
09_142,2019,-0.8929622964472885,-0.03155284204763052,2019-20,0.2469695957654081,569969257,0.108055115681441,0.7530304042345919,0.138914480083967,8.664165265710922,5791.608078150487,14.0,112981.0,962.9685380757252,62.92870451535103,1.0,09
09_143,2019,-1.8896954560597512,-0.08248649389180002,2019-20,0.4302599859677704,918196209,0.1830819909211801,0.5697400140322296,0.2471779950465903,9.226941851893878,10167.400502475664,50.0,167076.0,941.8686811767196,93.85545716301334,1.0,09
09_144,2019,-1.8493599105163863,-0.08311617752765152,2019-20,0.4633199063048192,310320336,0.1055482014259725,0.5366800936951809,0.4140629024067568,8.923490610853417,7506.2449334715375,7.0,56901.0,928.5272065207964,128.19144317052664,1.0,09
09_145,2019,-0.9826848385874193,-0.05140258970390208,2019-20,0.1688232520324034,593841629,0.0344548057946944,0.8311767479675966,0.1343684462377089,9.58809164379714,14590.000033269673,3.0,85791.0,885.6062104522023,104.80412732953852,1.0,09
09_146,2019,-1.0672636678326954,-0.054956346516625613,2019-20,0.5809810294015123,659073988,0.3112354390172048,0.4190189705984876,0.2697455903843075,8.994117407383554,8055.556714564859,43.0,185006.0,892.8668919944917,176.20717607416856,1.0,09
09_147,2019,-2.260495508250526,-0.09700817466758684,2019-20,0.8036575087978779,1384889355,0.1931864499023461,0.196342491202122,0.6104710588955318,9.630273158614832,15218.592629043915,47.0,105415.0,939.791452560217,184.77915695471236,1.0,09
09_148,2019,-0.42392307941557644,-0.01489524035612317,2019-20,0.3692012763127143,205554953,0.1347718729015496,0.7734822483005768,0.2344294034111647,9.063604489105474,8635.220182567895,9.0,39990.0,985.0546824310263,218.73788377891745,1.0,09
09_149,2019,-0.7933321141694689,0.024355307510738878,2019-20,0.6165810498201679,452405902,0.1895496115786747,0.3834189501798321,0.4270314382414931,8.881946937582844,7200.796598630688,12.0,122626.0,1023.769295425067,156.77240908642452,1.0,09
09_150,2019,-0.8679501020915387,-0.027509660768630807,2019-20,0.3189036762873172,216245911,0.16000483819553,0.6810963237126828,0.1588988380917871,9.392661928770137,12000.0,2.0,185294.0,1081.922835917354,195.83737633960223,1.0,09
09_151,2019,-0.6205033925371134,-0.023431647660702604,2019-20,0.4077922268000953,417188396,0.3246344056990501,0.5922077731999046,0.0831578211010451,9.390486408497289,11973.922133474773,12.0,74952.0,1051.8806623185578,247.47078700265268,1.0,09
09_152,2019,-0.6765526841258185,-0.024574599910878975,2019-20,0.2840929985935632,825560743,0.0852476169642674,0.7159070014064368,0.1988453816292958,9.526369701361617,13716.704852884346,9.0,87243.0,1025.9897737504648,244.45179108879836,1.0,09
09_153,2019,-0.5793986563723228,-0.018087159653598577,2019-20,0.2410117825700686,175272796,0.1495007074571914,0.7589882174299314,0.0915110751128771,8.716695264527498,6103.973701358456,11.0,79600.0,970.0284664643274,319.0934357364897,1.0,09
09_154,2019,-0.7038022972830069,-0.032708384013478614,2019-20,0.50789923399003,96508535,0.1659261017691337,0.49210076600997,0.3419731322208963,9.027618735160887,8330.0,2.0,126256.0,916.68241481317,352.9354355928114,1.0,09
09_155,2019,-0.45862342430986447,-0.022214396453832715,2019-20,0.7260452368281505,929225008,0.452667991475322,0.2739547631718495,0.2733772453528285,9.38541266572166,11913.323393761755,47.0,92586.0,962.4763633318155,298.6205212298105,1.0,09
09_156,2019,-0.6979107599914539,-0.026979055096999896,2019-20,0.1564310005089189,308929380,0.0619749698134894,0.8435689994910811,0.0944560306954294,8.517193191416238,5000.0,2.0,81609.0,890.3496478533604,372.1401650908529,1.0,09
09_157,2019,-0.6394918661526688,-0.011344610086959764,2019-20,0.4583235197314688,475152589,0.1602009244234592,0.5416764802685312,0.2981225953080095,9.164978042656136,9556.51158660849,11.0,331071.0,873.1094304254434,387.48212610176245,1.0,09
09_158,2019,-0.47572384024750847,-0.02076082007082334,2019-20,0.3734842540624265,352858442,0.2729326935020588,0.6265157459375734,0.1005515605603677,9.57150566884618,14350.006423899631,5.0,75512.0,812.8989174859779,449.72804687020306,1.0,09
09_159,2019,-0.798237331717432,-0.039095625526123064,2019-20,0.1946963731767609,613146948,0.0764200329999848,0.8053036268232392,0.118276340176776,8.890310146999596,7261.270895677303,2.0,51965.0,1027.0555944048367,233.61215954793857,1.0,09
09_160,2019,-1.149770060023395,-0.007754053932671612,2019-20,0.466862115509286,146330192,0.2985270326167548,0.533137884490714,0.1683350828925311,8.769111690882855,6432.455916472209,8.0,31484.0,986.0612753043162,277.53047444923163,1.0,09
09_161,2019,-0.6572048431990275,-0.027124249358452354,2019-20,0.2181120874397968,881883110,0.0674418699321727,0.7818879125602032,0.1506702175076241,8.729662063509666,6183.638081122123,12.0,58038.0,969.4792111245739,254.46502699855964,1.0,09
09_162,2019,-0.8125933170114549,-0.025698089307676187,2019-20,0.627955174203545,440161192,0.1010442010980377,0.372044825796455,0.5269109731055073,9.088425743709136,8852.239383784863,18.0,42366.0,987.1526705833174,287.8006467676645,1.0,09
09_163,2019,-0.7141392721340407,-0.02669010100166535,2019-20,0.1009828659593205,196188807,0.0614165210760469,0.8990171340406795,0.0395663448832735,,,,65689.0,944.060130259822,330.3308836050551,1.0,09
09_164,2019,-1.747995826148483,-0.06115308724830581,2019-20,0.3068144861051337,307985836,0.1292242705602864,0.6931855138948663,0.1775902155448473,9.71310719035018,16532.89299544443,12.0,340004.0,909.2605840868083,360.95575762598355,1.0,09
09_165,2019,-0.7860322281457094,-0.030883194261328326,2019-20,0.4302267838578172,382079134,0.3211137015401631,0.5697732161421827,0.1091130823176541,9.507815034018956,13464.54258520144,10.0,65109.0,958.4677844814913,329.31174084114286,1.0,09
09_166,2019,-0.5369692362707646,-0.020286816518687613,2019-20,0.3297778214132495,535568354,0.1833635525074358,0.6702221785867505,0.1464142689058136,9.392661928770137,12000.0,2.0,66256.0,911.03037353057,346.1508333728669,1.0,09
09_167,2019,-1.470210619175792,-0.0646473876616288,2019-20,0.4259259305485702,1089644090,0.0385012229084819,0.5740740694514298,0.3874247076400882,9.084873771862185,8820.852254810068,10.0,36078.0,842.1143899350931,342.41043246207107,1.0,09
09_168,2019,-0.8457652577302773,-0.027054889784501886,2019-20,0.4511928679766914,351536933,0.3556796036563248,0.5488071320233087,0.0955132643203666,9.375057165960314,11790.591547776266,12.0,32690.0,896.3445029619643,389.5522094329866,1.0,09
09_169,2019,-1.035277221158649,-0.04200036428861384,2019-20,0.3460223791450528,534906940,0.0461330021255659,0.6539776208549473,0.2998893770194868,9.276291499984923,10681.74512074904,6.0,30369.0,884.4479443295602,413.62232890671953,1.0,09
09_170,2019,-0.6642522121729922,-0.02915752358294582,2019-20,0.3022643675926924,1061290891,0.1155883924382047,0.6977356324073076,0.1866759751544875,8.952976563239448,7730.869068266313,53.0,45280.0,826.3327626164322,455.0894281230441,1.0,09
09_171,2019,-0.5895958601167047,-0.023979927832669463,2019-20,0.6680945967274482,673865637,0.1901372914197137,0.3319054032725518,0.4779573053077345,8.870126725389627,7116.182717059125,57.0,21483.0,768.7062559967131,484.5600293239424,1.0,09
09_172,2019,-0.8934897491913497,-0.04057792473111591,2019-20,0.3839403261884733,962603972,0.0699475121218386,0.6160596738115267,0.3139928140666346,9.2816846968436,10739.509502306086,16.0,85774.0,833.5213737054088,440.9259212949399,1.0,09
09_173,2019,-0.9202965778522544,-0.0075796646762297205,2019-20,0.2991476940314273,564732523,0.1731044733897856,0.7008523059685726,0.1339715785446513,,,,76020.0,742.7524062445405,520.1944678122669,1.0,09
09_174,2019,-0.7415881245855476,-0.03232363587054842,2019-20,0.1387024723140293,382485958,0.0340460237235689,0.8612975276859707,0.1066238430584492,,,,25411.0,758.4614448494204,516.3411820553204,1.0,09
09_175,2019,-0.5774954850787186,-0.025864676340637348,2019-20,0.599275231518491,494009893,0.0624166771494189,0.4007247684815089,0.5368585543690721,9.382088669520051,11873.789294051843,12.0,206005.0,703.3320531104346,510.07453049984565,1.0,09
09_176,2019,-0.6719882495034564,0.005360408370035518,2019-20,0.4258084823347851,661185504,0.2331185787763429,0.5741915176652149,0.1926899035584422,8.959888901742532,7784.492570576408,21.0,90723.0,843.7163860962604,419.1629104332349,1.0,09
09_177,2019,-0.9322056221326371,-0.038928947803462205,2019-20,0.3254761208945216,813292337,0.150284468990392,0.6745238791054784,0.1751916519041295,8.802069613056238,6647.988542321172,14.0,76148.0,772.7644627643286,490.83934242247597,1.0,09
09_178,2019,-0.3469280568005049,-0.015116188507073065,2019-20,0.6152795261557872,478943910,0.0618869002844195,0.3847204738442127,0.5533926258713676,9.086432239369165,8834.609984135534,19.0,62722.0,703.5554229082979,561.7173621075456,1.0,09
09_179,2019,-0.746445059243966,-0.027519021869966843,2019-20,0.1765751163708755,500602060,0.0227656174646984,0.8234248836291245,0.1538094989061771,9.480236736961178,13098.28699582148,5.0,104878.0,748.0344305824129,512.5938869597736,1.0,09
09_180,2019,-0.5707765066984076,-0.025484087937904864,2019-20,0.476238190710592,131494364,0.4395823459019126,0.5237618092894081,0.0384322455993642,10.714417768752456,45000.0,1.0,64195.0,884.1046277278532,401.7867441847457,1.0,09
09_181,2019,-0.5603843406749118,-0.03549243842982373,2019-20,0.211087360832832,168314753,0.0422632310306168,0.7889126391671679,0.171262866066173,9.088172738001974,8850.0,1.0,18304.0,845.9281039451735,444.52742814468036,1.0,09
09_182,2019,-0.6018801941564326,-0.028016254827947385,2019-20,0.8764940767267425,441757266,0.7935993428572151,0.1235059232732574,0.0828947338695273,9.348257678890771,11478.806245588556,9.0,42991.0,797.393427967468,495.4563902399856,1.0,09
09_183,2019,-0.5536976840258936,-0.021691573774242637,2019-20,0.5807110654319037,314136604,0.1701369382601462,0.4192889345680963,0.4105741271717574,9.376359269584997,11805.954119427306,13.0,68081.0,796.8040135431934,475.77112206472896,1.0,09
09_184,2019,-0.5087821070860971,-0.01918917902233463,2019-20,0.7781608260669712,996437176,0.250342818401629,0.2218391739330287,0.5278180076653423,9.546892383657532,14001.116895391524,18.0,42561.0,,,,09
09_185,2019,-0.5338469997985781,-0.024096104571999098,2019-20,0.5146700102346942,678582076,0.1375596236644482,0.4853299897653058,0.3771103865702459,8.955613939348247,7751.285188306714,22.0,54056.0,732.313165416418,541.2255077656353,1.0,09
09_186,2019,-0.6944650338131086,-0.025963094516411024,2019-20,0.4833678929547924,597660385,0.0340335004803773,0.5166321070452076,0.449334392474415,9.54536128641097,13979.696226612316,7.0,47632.0,699.682875683502,579.1617725023593,1.0,09
09_187,2019,-0.5440286126117533,-0.022644629709269067,2019-20,0.0926352058255697,773187487,0.0476723144382702,0.94685118236074,0.0449628913872994,9.210340371976184,10000.0,1.0,43761.0,,,,09
09_188,2019,-0.5555445667511865,-0.02399532026989831,2019-20,0.084277117234432,150453580,0.0258771376526899,0.915722882765568,0.0594773522824312,,,,171208.0,666.0270854795533,614.0956245199884,1.0,09
09_189,2019,-0.5094711402956335,-0.01920153840371301,2019-20,0.6849979335846673,1166210375,0.2454189879763331,0.3150020664153326,0.4395789456083341,9.383063694419167,11885.372180143924,36.0,60285.0,640.4467619022303,643.448150184961,1.0,09
09_190,2019,-0.5593219966851359,-0.019591816629202088,2019-20,0.1949942097631982,413360469,0.1214123719218056,0.8050057902368017,0.0735818378413926,8.314709009359706,4083.4970050044753,11.0,103829.0,614.2658022058437,616.6980543904881,1.0,09
09_191,2019,-0.629955849594833,-0.022582515432716853,2019-20,0.3262946392039778,209114168,0.0572800099865125,0.6737053607960222,0.2764928342875362,8.570929390179607,5276.03100367361,2.0,130269.0,648.0932288038032,614.9399834342911,1.0,09
09_192,2019,-0.3358308450060799,-0.01477191674424155,2019-20,0.3417302165121985,911712418,0.203807546471304,0.6582697834878015,0.1379226700408944,9.059924852347706,8603.504096596154,17.0,123740.0,608.6082726956816,610.3284173306974,1.0,09
09_193,2019,-0.5131800301276154,-0.0164599220585529,2019-20,0.9770160819639,1050094199,0.8721546351481178,0.0229839180360999,0.1048614468157822,9.426465956229132,12412.582517031453,55.0,101417.0,555.4608192364648,557.4763448582066,1.0,09
09_194,2019,-0.84536795990958,-0.03951642825229896,2019-20,0.5778067324707516,867953715,0.3369015443409905,0.4221932675292483,0.240905188129761,9.427660872162978,12427.423374684036,19.0,143029.0,671.8327435510733,572.0278366152966,1.0,09
09_195,2019,-0.6844495372968857,-0.03332647817657754,2019-20,0.1866669959990128,561337715,0.0263171841215051,0.8133330040009872,0.1603498118775076,9.06957886871903,8686.96468271809,5.0,117964.0,582.5964283419589,583.7490333628247,1.0,09
09_196,2019,-0.40743282303093115,-0.014152853344632963,2019-20,0.2812390083730098,722450485,0.0244777093616318,0.7187609916269901,0.2567612990113779,8.550869031561463,5171.246451416254,20.0,49179.0,580.7877012036481,535.2912223329962,1.0,09
09_197,2019,-0.659164370538306,-0.024503257026727614,2019-20,0.2286678135998132,311897284,0.0757979540469483,0.7713321864001867,0.1528698595528648,9.10604498254464,9009.591243072056,14.0,254498.0,623.5352255142589,546.4336507263064,1.0,09
09_198,2019,-1.2596632391603402,-0.043385084458781066,2019-20,0.3506929980864162,711017187,0.009342677113092,0.6493070019135838,0.3413503209733241,9.504106021426516,13414.694927142404,25.0,58992.0,,,,09
09_199,2019,-0.8012661037865645,-0.054299925425310445,2019-20,0.2094825075695401,440908227,0.0081709378189637,0.798957341629958,0.2013978840998129,,,,69865.0,631.0713606395623,495.03280304962647,1.0,09
09_200,2019,-2.9769848601115654,-0.04140936349837909,2019-20,0.1998188566372726,246802308,,0.8001811433627274,0.1998188566372726,,,,49102.0,567.7629596214728,454.85591391120437,1.0,09
09_201,2019,-0.7703508713881316,-0.03077998779761484,2019-20,0.4525133356988873,666380898,0.1161418000310086,0.5474866643011127,0.3363715356678786,9.187967670645657,9778.757115474473,43.0,56745.0,971.5543092925888,169.58772650873885,1.0,09
09_202,2019,-0.7817863807704452,-0.03053834429614409,2019-20,0.1388734041625208,495045163,0.1035708836932924,0.8611265958374792,0.0353025204692283,8.850350119049171,6976.831264062457,4.0,47138.0,,,,09
10_203,2019,-0.6793325161990331,-0.025740628149094464,2019-20,0.7624694877145302,87933023,0.1244416135790864,0.2375305122854698,0.6985406153954243,10.042738164298106,22988.242402162887,8.0,90546.0,631.4273499353968,635.0361621789013,1.0,10
10_204,2019,-0.7390035776729285,-0.029650687885324656,2019-20,0.5230224414995936,389300544,0.0136772914450384,0.4769775585004063,0.5093451500545553,8.90296941875092,7353.777595529993,4.0,83654.69115555976,556.6036942388041,560.3934945463603,1.0,10
10_205,2019,-0.3659776457274138,-0.02443675457564692,2019-20,0.4528417409425538,684542817,0.0927956256679266,0.5471582590574462,0.3600461152746271,9.589923854682477,14616.756494402283,15.0,9688.0,527.0589927149257,531.19239248167,1.0,10
10_206,2019,-0.6235033898600086,-0.0339974260458793,2019-20,0.3154097283248198,310965028,0.048547594233008,0.6895067772844509,0.2668621340918117,,,,47400.0,517.5167433975106,522.0074716810329,1.0,10
10_207,2019,-0.8469874665618718,-0.032074062977745996,2019-20,0.7104946779752273,305435632,,0.2895053220247728,0.7104946779752273,8.699514748210191,6000.0,3.0,71949.0,467.83921969943185,473.08539270126704,1.0,10
10_208,2019,-1.5536257430696254,-0.053905090036289384,2019-20,0.9015912872235629,76594092,0.0378200579752286,0.0984087127764371,0.8637712292483342,8.679704164235332,5882.306137370436,6.0,31438.0,428.4485554872256,434.4176208433777,1.0,10
10_209,2019,-0.7633723225937309,-0.016629209469294824,2019-20,0.3661726106407274,529654033,0.0733226249218421,0.6338273893592725,0.2928499857188853,9.655026193237628,15600.0,5.0,46501.0,406.57672434483237,413.33181480508546,1.0,10
10_210,2019,-0.9869908629435274,-0.04452915454419207,2019-20,0.4804824114001166,546885003,0.1050964749165008,0.5195175885998834,0.3753859364836157,9.053713908419772,8550.233815677679,14.0,26844.0,406.6759725834202,414.2354017552333,1.0,10
10_211,2019,-0.9540348417288322,-0.03588725309790703,2019-20,0.7872356206888276,1103133075,0.1570981388623489,0.2127643793111724,0.6301374818264787,9.529544189813768,13760.31756143611,96.0,53763.0,364.99100718755227,371.65927868861485,1.0,10
10_212,2019,-0.742543376589856,-0.02711222826460917,2019-20,0.1809203488585917,326636989,0.0342017694756548,0.8190796511414082,0.1467185793829369,,,,52390.91107677936,330.7653185928469,337.7116503532057,1.0,10
10_213,2019,-0.8800330110501857,-0.05810741481031166,2019-20,0.484724907281283,675392758,0.0294424196357758,0.515275092718717,0.4552824876455071,9.372996520824548,11766.320338418784,2.0,23692.54515050167,382.393379562679,388.22234594813733,1.0,10
10_214,2019,-0.47735167075216656,-0.015399500234748556,2019-20,0.575515321098682,269142774,0.0182479504354071,0.424484678901318,0.5572673706632748,9.10083194246633,8962.746091746167,6.0,34636.0,394.1890327579183,399.49953127233965,1.0,10
10_215,2019,-0.7233382390296315,-0.03047271063402417,2019-20,0.4135594696110705,408680174,0.0806916045797709,0.5864405303889295,0.3328678650312995,9.365158965533295,11674.461596395477,25.0,77768.53767729327,449.5575960557239,454.2712967408712,1.0,10
10_216,2019,-0.8917484828754927,-0.03585604350723571,2019-20,0.5763982167472066,214171766,0.0938695392743785,0.4236017832527934,0.482528677472828,9.454365967961808,12763.770001986946,12.0,87954.0,492.0976484430063,495.8878038331609,1.0,10
10_217,2019,-0.7334463166229843,-0.03366751237309634,2019-20,0.3528825992226657,489494408,0.0346223812223816,0.6471174007773343,0.3182602180002841,9.418779782716545,12317.54296719079,11.0,50198.0,577.6448861795963,580.6424498389194,1.0,10
10_218,2019,-0.5409447395798229,-0.01956138681642674,2019-20,0.4775380200477681,302857852,0.0550519126048612,0.5224619799522319,0.4224861074429069,9.167277821561852,9578.514741865903,11.0,69497.0,555.1836300754221,557.8629290466973,1.0,10
10_219,2019,-0.767917615559424,-0.03798670933617627,2019-20,0.7921668735903529,350983663,0.0779108200258312,0.2078331264096471,0.7142560535645216,9.720409644621771,16654.065580683477,30.0,75241.0,,,,10
10_220,2019,-0.7757940074204048,-0.03658649758952615,2019-20,0.7090284592377998,68153301,0.1200512356694212,0.3533736517304557,0.5889772235683786,9.210340371976184,10000.0,2.0,82421.0,457.16977190745865,460.5378516344709,1.0,10
10_221,2019,-0.4209804777660125,-0.015792861210587854,2019-20,0.5462715347951956,158994953,0.0583419867000901,0.4537284652048043,0.5395122447691783,9.01132625528346,8195.383240805688,11.0,108490.55419222904,425.7098729313515,429.87627942209735,1.0,10
10_222,2019,-0.733548645666387,-0.032491207288785406,2019-20,0.5392084662248218,337934234,0.0096856242152726,0.5068124705122385,0.5295228420095491,8.975401106146423,7906.188657513984,3.0,46580.01922666127,387.77748044484366,391.9593817530954,1.0,10
10_223,2019,-0.7010684914573824,-0.030540367237747716,2019-20,0.3180672172508464,381990392,0.0309487496219538,0.7361492284078703,0.2871184676288926,9.615805480084347,15000.0,2.0,32882.0,364.3809846927255,369.4119518986174,1.0,10
10_224,2019,-0.654474442084459,-0.021695904640077278,2019-20,0.2185899315057883,304691440,0.0871717875445893,0.7814100684942117,0.1346556995496821,8.517193191416238,5000.0,1.0,69958.0,319.65784537849527,325.3620139040465,1.0,10
10_225,2019,-0.7867614961952084,-0.031790316938489736,2019-20,0.442526649905241,579965383,0.2156397341390977,0.5574733500947591,0.2268869157661432,8.987196820661973,8000.0,3.0,27812.0,290.8019000163498,295.47393621750024,1.0,10
10_226,2019,-0.533589333146003,-0.022765245011019338,2019-20,0.4175928062031445,236363861,,0.5824071937968555,0.4175928062031445,,,,41060.0,340.1058572156159,344.6274043712818,1.0,10
10_227,2019,-0.9652105729029765,-0.055007110834256,2019-20,0.6876968161476412,365936692,0.2225814212694473,0.3123031838523588,0.4651153948781938,9.46334558504182,12878.899906721852,14.0,24743.0,358.35106523598625,362.0479088355011,1.0,10
10_228,2019,-0.5827338323229514,-0.029768899307241487,2019-20,0.2612726433246157,307635920,0.1190700845336916,0.7387273566753844,0.142202558790924,8.722089672031768,6136.98999450523,7.0,17893.0,375.9933817255015,379.12627703592864,1.0,10
10_229,2019,-0.6571651531695993,-0.02266123656863285,2019-20,0.3322061204207674,54524748,,0.6677938795792325,0.3322061204207674,9.769956159911606,17500.0,4.0,74627.0,408.6950021492522,411.3870859310678,1.0,10
10_230,2019,-0.580556719743712,-0.022792727984380045,2019-20,0.4380452612181636,43048289,0.0518009438191608,0.5619547387818363,0.3862443173990028,9.210340371976184,10000.0,1.0,205077.28195293044,443.1054756914754,445.83700783286497,1.0,10
10_231,2019,-0.8064781231160301,-0.03058118281713279,2019-20,0.2094276338843827,550603838,0.0604053163174645,0.7905723661156172,0.1490223175669182,9.579695162447,14468.008237720009,13.0,50316.0,494.13495962545255,496.0381577450074,1.0,10
10_232,2019,-0.5077323403696934,-0.020726165999981377,2019-20,0.3247873300302036,200521141,0.0360997746367302,0.6752126699697963,0.2886875553934734,9.253183448498016,10437.740893379652,6.0,25736.0,530.2929903394368,531.7610613472746,1.0,10
10_233,2019,-0.7323206005128584,-0.030730461788176764,2019-20,0.4489966329774937,740274529,0.1955835157473046,0.5510033670225063,0.253413117230189,9.163566575159814,9543.032396083245,14.0,40206.0,,,,10
10_234,2019,-0.7949921823442646,-0.022743248562059636,2019-20,0.6340614377614003,394085778,0.0602241296817364,0.3659385622385997,0.5738373080796638,9.624812051457278,15135.708788668226,15.0,73456.0,506.0893029403672,506.67176178567007,1.0,10
10_235,2019,-0.887885009402803,-0.04249620700539513,2019-20,0.6973684035901935,2260491,0.3026315964098065,0.3026315964098065,0.3947368071803869,,,,48439.0,462.97208565311354,463.5965570187295,1.0,10
10_236,2019,-1.0320424024056902,-0.058529537131786935,2019-20,0.374812392807384,638526958,0.0057039706066724,0.625187607192616,0.3691084222007115,9.27371337684281,10654.241735246334,19.0,75352.0,413.48138504078617,414.5080587858931,1.0,10
10_237,2019,-1.0419167994073137,-0.04020640890548845,2019-20,0.6680632574675663,290363505,0.3121778279547035,0.3319367425324336,0.4539025763585544,8.745912699857511,6284.947073189281,15.0,36058.0,368.54821369447785,370.7149545015947,1.0,10
10_238,2019,-1.4112093415681648,-0.0775309873416755,2019-20,0.1693101559216704,364425162,0.0285983402878453,0.8306898440783296,0.1437963633257574,9.127721249677895,9207.017552149917,12.0,22366.0,316.9633565429193,320.3359220821691,1.0,10
10_239,2019,-0.6317259894312887,-0.025013240772663245,2019-20,0.583800425007958,451528957,0.0243839732298719,0.4161995749920419,0.5594164517780861,8.801102576252902,6641.56280019791,3.0,24556.0,435.43910466852395,437.4294309783235,1.0,10
10_240,2019,-0.84612702953722,-0.009968722993129923,2019-20,0.3576448467860327,429837411,0.0778843677708639,0.6423551532139672,0.2797604790151688,9.250778758778589,10412.671519272732,12.0,10205.70176796382,462.22404589463173,463.80361948063086,1.0,10
11_241,2019,-0.2428172518676866,-0.0063628146826199584,2019-20,0.2535831248346238,39546208,0.2514938473999833,0.7923264900969781,0.0022177819281762,9.679775299776333,15990.903363750907,2.0,493.0,,,,11
11_242,2019,-0.34406069480696316,-0.02443359357154126,2019-20,0.6694539941213417,64137423,0.6564564341788413,0.3305460058786584,0.0129975599425003,9.687274089623228,16111.266512496864,31.0,729.0,,,,11
11_243,2019,-0.2560195539967567,-0.00948765979244468,2019-20,0.3451476446326093,38068265,0.3451476446326093,0.812645451469659,,9.613584436185016,14966.72131190403,10.0,2351.432621359223,,,,11
11_244,2019,-0.38554123804141593,-0.015647173022846444,2019-20,0.3914872768577795,20318880,0.3813044321340546,0.6085127231422205,0.0129279149275916,9.987522561784044,21753.339430898886,9.0,15668.429897528633,,,,11
12_245,2019,-0.14340022648079565,-0.0014179397734884126,2019-20,0.6823701848651169,8573981,0.1278709388322647,0.4050264378327595,0.5544992460328522,8.755199936021215,6343.588748980525,3.0,1031.0987066031314,657.1950693890848,666.3446372758485,0.0,12
12_246,2019,-0.21585982045599064,-0.006112384335619245,2019-20,0.3485903228688218,44831365,0.1514422993812479,0.6514096771311783,0.1971480234875739,9.223737355642706,10134.87125344595,11.0,8235.204527674297,651.7602310875525,660.828953704449,0.0,12
12_247,2019,-0.45733729093326353,-0.004904338002102908,2019-20,0.6569461848951902,19638910,0.1542709855078515,0.3430538151048098,0.5026751993873387,8.987196820661973,8000.0,3.0,1080.0,698.2233615532848,707.2210633955294,0.0,12
12_248,2019,-0.5170853137722001,-0.0115828618452039,2019-20,0.1386608021614568,15625757,0.025727856029415,0.8613391978385431,0.1153430198613737,,,,17251.338927914043,728.8169331576814,737.654073108453,0.0,12
12_249,2019,-0.8870775363801264,-0.03813932275779094,2019-20,0.3603773475589852,14153212,0.0956145502519145,0.6396226524410148,0.2647627973070706,9.903487552536127,20000.0,1.0,1576.0,829.7490568223386,838.7291795888216,0.0,12
12_251,2019,-0.5881652971683383,-0.018806158734657377,2019-20,0.4471789200104899,18566347,0.0985355923812045,0.55282107998951,0.3486433276292854,9.22276289197474,10125.0,4.0,6113.0,902.4703605737077,911.1976027944269,0.0,12
12_252,2019,-0.07851185651488754,-0.003244087871939696,2019-20,0.2261902383836329,1101334,0.2261902383836329,0.773809761616367,,,,,2449.0,937.8571478679282,946.7767798833073,0.0,12
12_253,2019,-0.2409958410190185,-0.004049794588672612,2019-20,0.6953537231233496,8284375,0.1179058166729536,0.3046462768766503,0.5774479064503961,9.199131478270774,9888.536918869644,7.0,4274.783276494452,946.1240994278495,954.3565251633235,0.0,12
12_254,2019,-0.38241866865269836,-0.005046276311869261,2019-20,0.3303582693548233,14884946,0.0580061224273168,0.6696417306451766,0.2803742124832752,,,,2482.0,847.5489195376741,855.8202797417633,0.0,12
12_255,2019,-0.41731595317791614,-0.009027663670139793,2019-20,0.1082881642328339,52295706,0.0331771025330454,0.8917118357671661,0.0751110616997885,8.79856413963643,6624.7249938887535,4.0,5432.0,778.152152857276,787.0004138740929,0.0,12
12_256,2019,-0.06289478453382173,4.595276862959054e-05,2019-20,0.5082078542719667,24595405,0.0326498791135986,0.4917921457280333,0.475557975158368,9.399642026452826,12084.054184128134,18.0,2317.786039981207,771.0885462219916,780.1074515899389,0.0,12
12_257,2019,-0.08756479189500271,-0.0038179565195918066,2019-20,0.6426050765495257,8388099,0.1668598570426982,0.3573949234504743,0.4757452195068274,,,,575.5528967491168,1015.3896452625582,1024.1761337984346,0.0,12
12_258,2019,-0.3550698025374139,-0.01142610281880674,2019-20,0.2248571112804004,10821708,0.0384247031946671,0.7751428887195995,0.1897251339622174,,,,4330.0466738325595,972.9955174339447,981.6506832417897,0.0,12
12_259,2019,-0.7386188518141062,-0.021921515459373857,2019-20,0.3829491638868197,23157750,0.1019608554371646,0.6170508361131802,0.280988308449655,9.411795078939448,12231.80834233678,13.0,7112.0,962.5323729589329,970.9684262335477,0.0,12
12_260,2019,-0.08101941091459658,-0.0024725942031664453,2019-20,0.624248416227739,4528271,0.1040699640105461,0.4342594615453721,0.5201784522171928,,,,684.0,1026.9965103165812,1035.3800266692956,0.0,12
13_261,2019,-0.35743867976994786,-0.0028579917796741597,2019-20,0.0814669426151247,31366244,0.0072369200469141,0.9185330573848752,0.0742300225682106,,,,10789.0,800.441599699235,808.7250562943533,0.0,13
13_262,2019,-0.20092773341178166,-0.004728155457771852,2019-20,0.7225828042191114,100832513,0.0670863970235473,0.2774171957808886,0.655496407195564,9.175188300209555,9654.585861006944,35.0,10042.0,744.9240698176426,753.2214599424225,0.0,13
13_263,2019,-0.21278208863733794,-0.0062519081148289055,2019-20,0.3479888248549056,16012678,0.0160482412301702,0.6520111751450944,0.3339690587670594,,,,8212.0,719.1468086219421,727.2191373455408,0.0,13
13_264,2019,-0.18251965510707402,-0.0018462612790098667,2019-20,0.482669373762605,45335667,0.0705972407993909,0.5173306262373949,0.4120721329632141,9.232777033582895,10226.902565553308,12.0,8328.0,700.0360937964704,708.2910088291693,0.0,13
13_265,2019,-0.7007800368065505,-0.12320857797551689,2019-20,0.2578874951230273,124008793,0.0120138658232081,0.7421125048769727,0.2458736292998191,9.202186796530654,9918.79574791906,9.0,24250.0,642.5983453446128,650.7582308727058,0.0,13
13_266,2019,-0.4988362118688905,-0.017006045623427272,2019-20,0.6821646533449146,3692157,,0.3178353466550853,0.6821646533449146,,,,8334.0,699.7503028489056,707.5985936993729,0.0,13
13_267,2019,-0.11423511083823674,-0.0029722855045045647,2019-20,0.2604306932174895,4643723,,0.7948945122060838,0.2604306932174895,,,,7818.0,760.6464887786772,768.7015052318833,0.0,13
13_268,2019,-0.06790120481068121,-0.001423059301536028,2019-20,0.4149683527590788,39384160,0.0351969167299746,0.5850316472409213,0.379771436029104,9.293529269612083,10867.470731135672,2.0,2020.0,771.9022798247335,780.1646035167258,0.0,13
13_269,2019,-0.04121058874633434,0.0006784502180182275,2019-20,0.4281891183227254,34151022,0.0221712024481319,0.5718108816772746,0.4103932233711775,9.363289736359256,11652.6597348741,3.0,3380.0,735.1390224196712,743.013472414693,0.0,13
13_270,2019,-0.12313553967199035,-0.0035325601532725853,2019-20,0.3257512838535624,16311245,0.165911748168114,0.8957572417693644,0.284723575668197,,,,26504.0,671.7789204845539,679.8273520822025,0.0,13
13_271,2019,-0.11332535460947459,-0.0029069965920904065,2019-20,0.3398097183192374,37335386,0.0139439565456749,0.6601902816807625,0.3258657617735624,9.005379572108325,8146.792513197888,9.0,3624.0,613.3579216933474,621.3976672362425,0.0,13
14_272,2019,-0.4081187013427655,-0.013389569451607202,2019-20,0.7572424047173525,206907244,0.1336837776448271,0.2427575952826475,0.6235586270725253,9.232725321782493,10226.3737276828,354.0,6185.0,634.3377654126348,642.0147604426747,0.0,14
14_273,2019,-0.7222852823166122,-0.016775370973232326,2019-20,0.703742647930655,82930563,0.0565144119424343,0.296257352069345,0.6472282359882207,9.113983785411408,9081.40127756537,78.0,5510.0,576.8721133610234,584.5299499302398,0.0,14
14_274,2019,-0.44173911064760546,-0.014110016964385018,2019-20,0.3428981244675619,45541681,0.0679814388054758,0.657101875532438,0.2749166856620861,9.457330982409422,12801.670925074568,3.0,11647.0,540.5144604104701,547.5709325903379,0.0,14
14_275,2019,-0.8404332660620215,-0.02530762150055342,2019-20,0.1959263779604538,89143469,0.0533546097471257,0.8040736220395461,0.1425717682133281,9.81470000504216,18300.79910913839,5.0,26235.0,584.5393499060536,591.7212932052548,0.0,14
14_276,2019,-1.1831124906488304,-0.025804083500567163,2019-20,0.4729481807446515,52259184,0.1082082529264138,0.5270518192553485,0.3647399278182376,9.31103317013432,11059.368437374264,63.0,30856.0,600.2967704653419,607.4181495941019,0.0,14
14_277,2019,-0.8883629539265735,-0.033434658128036226,2019-20,0.6463967922752506,146435507,0.0494225488630978,0.3536032077247494,0.5969742434121528,9.451928000560772,12732.69024791544,142.0,25738.0,531.206491880321,538.7702230337535,0.0,14
14_278,2019,-0.7641554766762517,-0.03624138729684599,2019-20,0.5968858051559924,70565270,0.0832260260606952,0.4031141948440075,0.5136597790952971,9.079364041990738,8772.385383942734,52.0,92684.76702103742,608.7108166713931,616.107714437413,0.0,14
14_279,2019,-0.19634598657673932,-0.003221284689271371,2019-20,0.3345936251163861,16578436,0.0459388879121149,0.7614969230239294,0.2944515996563246,9.39057177821816,11974.944387499185,5.0,8069.0,662.1684062108765,669.5787600153055,0.0,14
14_280,2019,-0.7363335516174184,-0.017126365065300176,2019-20,0.3443543012055676,27806239,0.0440965459410395,0.6556456987944325,0.3035463372087106,9.582964398664137,14515.38497491665,4.0,5777.0,601.900990882729,608.6843379653691,0.0,14
15_281,2019,-0.4617760432666738,-0.007698345118478588,2019-20,0.4794553763132503,59908228,0.029307009381082,0.5205446236867497,0.4501483669321683,9.495401232447277,13298.429605277162,71.0,3266.0,431.5256127897306,438.26826207443526,0.0,15
15_282,2019,-0.6566659889519251,-0.00905235128434052,2019-20,0.7149404564783941,119654075,0.0759806049229832,0.2850595435216059,0.6389598515554109,9.563017569532448,14228.717628108398,270.0,3844.0,471.6188333660193,478.84426916460154,0.0,15
15_283,2019,-0.3657268259138163,-0.0021087096080520413,2019-20,0.2909122717990349,15524529,0.0175561525892347,0.7090877282009651,0.2733561192098002,9.24621060139361,10365.213277862713,8.0,2030.0,473.7220005536688,480.3823659643395,0.0,15
15_284,2019,-0.5152188144004591,-0.008229436240973597,2019-20,0.5072311695429991,29541556,0.0686715918907699,0.492768830457001,0.4657918831357427,8.93587162558715,7599.757558643781,28.0,6297.0,500.9176629151088,507.07129923337925,0.0,15
15_285,2019,-0.6249380715149088,-0.009251767486877727,2019-20,0.3862296384271593,21309012,0.0656292276713721,0.6137703615728406,0.3206004107557872,9.489858393335554,13224.922456882077,23.0,2890.0,468.3872404492037,474.2107432306711,0.0,15
15_286,2019,-0.4304078607707638,-0.007416434156101175,2019-20,0.4937130087372248,18584963,0.2125117464918406,0.5062869912627752,0.3441547879325883,9.472322730165024,12995.036166297528,30.0,10186.0,441.13164013883846,446.4982810009247,0.0,15
15_287,2019,-0.19612756060719874,-0.0022054825086348516,2019-20,0.3977206297790838,37786139,0.0591413163435406,0.6022793702209162,0.3385793134355431,9.89069474032384,19745.773359722894,29.0,4417.0,,,,15
15_288,2019,-0.20903036306006298,-0.0024772938168294385,2019-20,0.2668899266979908,38341241,0.0145426599014106,0.7331100733020092,0.2530230568175923,,,,3242.0,469.6834185719583,473.9404582111191,0.0,15
16_289,2019,-1.148189759216195,-0.04039530509525602,2019-20,0.4497753854384745,84948188,0.050688403147575,0.5502246145615254,0.3990869822908995,9.449876379336,12706.594368937438,43.0,158224.69285824432,338.71879135359455,346.0513064447843,0.0,16
16_290,2019,-0.9911604737260934,-0.036721760537884326,2019-20,0.3694945003361595,80986859,0.0942221132443227,0.6305054996638405,0.2752723870918367,9.530665795778162,13775.759874161124,14.0,73210.0,337.6326914595667,344.0983784057892,0.0,16
16_291,2019,-1.5048063721853897,-0.0738116250644354,2019-20,0.618642520852427,440293953,0.0685639804823756,0.381357479147573,0.5500785403700513,9.256273748453932,10470.04653495391,218.0,27378.127552012444,383.2392610044538,390.36970742544304,0.0,16
16_292,2019,-2.0940794140823726,-0.08611031351516227,2019-20,0.4180402472033311,157170374,0.030823130827442,0.5819597527966689,0.387217116375889,9.507152215293154,13455.620991267966,34.0,60501.0,416.119396012333,423.5296872174025,0.0,16
17_293,2019,-0.30921320619271797,-0.008124054424954287,2019-20,0.7623187659752395,99966811,0.7108920479617981,0.2376812340247605,0.0514267180134414,9.204475690385538,9941.52482084878,30.0,37294.0,372.251018767831,381.4133099351786,0.0,17
17_294,2019,-0.33919392978235496,-0.0034664746605973587,2019-20,0.2614840477972287,165199787,0.1699641658738942,0.7385159522027713,0.0915198819233344,9.594169160463586,14678.940997971324,5.0,10865.0,411.30842432455876,420.4488884549139,0.0,17
17_295,2019,-0.4600578483633969,-0.010482199839543363,2019-20,0.3671604416588959,56313504,0.3462143289822633,0.6328395583411042,0.0209461126766325,8.46400549799513,4741.01012248677,18.0,6779.0,370.1630280087986,379.2494504086113,0.0,17
17_296,2019,-0.44079180965230097,-0.027922193987639145,2019-20,0.5597223961604302,25967076,0.4640740066382522,0.4402776038395697,0.095648389522178,9.040472501380556,8437.762968908415,9.0,10751.0,431.7214298394448,440.6693867014813,0.0,17
17_297,2019,-1.5886265060511644,-0.0337191341175144,2019-20,0.3845970993136234,23528776,0.3699606388364613,0.6154029006863766,0.0449159148791646,9.65925389454099,15666.091749980567,6.0,9871.0,,,,17
17_298,2019,-0.4825324180155372,-0.016325890639643563,2019-20,0.2352165495171165,141057022,0.1547545218982434,0.8574563141346119,0.0804620276188731,9.30889900341889,11035.791069327535,5.0,53822.0,458.8949077213221,467.57779225714046,0.0,17
17_299,2019,-0.641428499757773,-0.023662782967050877,2019-20,0.0850832917151716,42635633,0.0636418837736031,0.9497488165164132,0.0222577111474181,,,,10813.0,502.8773041410276,511.31215097844154,0.0,17
18_300,2019,-0.7662937711721347,-0.029044991678521693,2019-20,0.7075054978738036,79571670,0.0399291885338591,0.2924945021261964,0.6697826500310977,9.546812608597396,14000.0,1.0,42495.0,462.7843729026204,471.88195362060446,0.0,18
18_301,2019,-0.5497708741268952,-0.021761622031247013,2019-20,0.4638972892162916,196715547,0.1268381332346038,0.5361027107837084,0.3433968236379405,10.457659980805484,34810.0,3.0,98682.0,413.93170877153904,423.0506018722106,0.0,18
18_302,2019,-0.7200536757014044,-0.026539681118450894,2019-20,0.6353195246559563,211179337,0.2564289137814652,0.4323115756680504,0.378890610874491,9.632801911288292,15257.125385212528,7.0,57347.0,439.21806988489107,448.379003066074,0.0,18
18_303,2019,-1.1680187378229692,-0.0799721789921761,2019-20,0.619569613452123,262554721,0.1504324883192635,0.3804303865478771,0.4691371251328594,9.475237533867634,13032.96940294293,38.0,94130.0,486.55359984449973,495.7011673562355,0.0,18
18_304,2019,-0.6099093664925047,-0.020509330237022703,2019-20,0.6783893730044417,17302802,0.6278855297540826,0.3216106269955583,0.0505038432503591,,,,34379.0,,,,18
18_305,2019,-0.7360794146549373,-0.023181164124242915,2019-20,0.4659346157847113,276914358,0.2211839625881732,0.5340653842152887,0.2447506531965381,9.652737142828968,15564.331652522034,38.0,138675.0,596.333809216815,605.0265311119763,0.0,18
18_306,2019,-0.7357182647498456,-0.024715692222634277,2019-20,0.3266434582885207,250481958,0.1513162197494479,0.6929257483049283,0.1753272385390727,9.159047077588632,9500.0,2.0,79601.0,644.4623521151922,653.3167155499981,0.0,18
18_307,2019,-0.48049984791639905,-0.014731537103861091,2019-20,0.5905472361065393,155378746,0.2609637549784319,0.4782105829152991,0.3295834811281074,9.223341146271718,10130.856517872022,16.0,56588.0,758.4791400774795,767.1583874098545,0.0,18
18_308,2019,-0.40959502782892776,-0.011225890273579434,2019-20,0.4904799747595196,268346715,0.2119111240098467,0.5095200252404803,0.2785688507496728,9.342143831631352,11408.840674826615,17.0,25672.0,835.6386704724376,844.2946776607322,0.0,18
18_309,2019,-1.054759750783423,-0.15340014877414468,2019-20,0.4831969395881367,97278410,0.182399804848784,0.5168030604118632,0.3007971347393527,9.563398769239672,14234.142645044163,6.0,76088.0,901.0851951719893,909.5540438936837,0.0,18
18_310,2019,-0.7267951606172913,-0.014982286884110227,2019-20,0.6346587782677979,116574565,0.3360711918590475,0.365341221732202,0.2985875864087505,,,,91629.0,842.777985302337,851.3024992340215,0.0,18
18_311,2019,-0.8219717471368133,-0.025735273985801114,2019-20,0.6837963963246673,44436467,0.4794373954166968,0.3162036036753327,0.2043590009079704,,,,83878.0,801.1265605299404,809.5765007248865,0.0,18
18_312,2019,-0.6607902016065204,-0.0188742314547648,2019-20,0.6283331725335884,141625432,0.3878898459423587,0.4043403890223815,0.2404433265912297,9.052336118553782,8538.461501924168,4.0,68430.0,743.089072576657,751.6011876173263,0.0,18
18_313,2019,-0.6888387516449552,-0.020099083787101728,2019-20,0.7303288485097402,129170298,0.5383343468016153,0.3535121625943702,0.1919945017081248,8.831173177009623,6844.311696528736,6.0,54225.0,688.0500357129712,696.5410164356992,0.0,18
18_314,2019,-0.6677431250361174,-0.021865920409426746,2019-20,0.8138677200248378,318724130,0.1246792422023396,0.1861322799751622,0.6891884778224981,9.94883590116766,20927.846115113585,15.0,32744.0,608.7709217441347,617.2977803953027,0.0,18
18_315,2019,-0.2859492755176852,-0.009456114618469453,2019-20,0.6220378078856766,241024163,0.2057961549689107,0.3779621921143234,0.4162416529167658,9.250542379293227,10410.21046822025,23.0,13030.0,556.7200330464592,564.8966678103188,0.0,18
18_316,2019,-0.7792886422550888,-0.025508417615292617,2019-20,0.5389350065096864,191809548,0.1399413234632094,0.4610649934903136,0.3989936830464769,9.350697737163408,11506.84940128129,12.0,110654.62145423962,510.82929919572894,518.6372052987739,0.0,18
18_317,2019,-1.0630459130903587,-0.03837342998004042,2019-20,0.7221234651632198,348559050,0.0305343585254779,0.2778765348367801,0.6915891066377419,9.90359599209977,20002.16890886848,8.0,65425.0,457.11840103131567,464.92772366885185,0.0,18
18_318,2019,-0.640429857260341,-0.02218855657335943,2019-20,0.6752766369281679,193294783,0.469788887163085,0.3247233630718321,0.2054877497650829,9.990982141370198,21828.72716967468,37.0,29163.0,471.6706257678822,479.29074811575845,0.0,18
18_319,2019,-0.021405929443455228,-0.033968875169236676,2019-20,0.5872880505606641,153570293,0.0696565773954732,0.4127119494393358,0.5176314731651909,9.092155097139871,8885.314148510286,10.0,40304.0,469.3012449984785,478.46358331266293,0.0,18
18_320,2019,-0.924107213125133,-0.035738148798990545,2019-20,0.4267213127275733,133539360,0.3278434088646224,0.5732786872724267,0.0988779038629509,9.79982048616716,18030.50791170931,6.0,16851.0,495.5391447229379,504.6937598311184,0.0,18
18_321,2019,-0.6327314030041892,-0.030935658448819594,2019-20,0.6381973951236154,269311820,0.0185862187982492,0.3618026048763845,0.6221233438621446,8.816314374868728,6743.365252134603,11.0,60278.0,489.80096384973484,498.8604044645443,0.0,18
18_322,2019,-0.7879143652072191,-0.11395865167230404,2019-20,1.0,1482249,0.3333333333333333,,0.6666666666666666,,,,217703.0,514.1596265903361,523.110649499156,0.0,18
18_323,2019,-0.7825035495401387,-0.022333728247249104,2019-20,0.9698840526480909,251098792,0.5378812654741884,0.0301159473519092,0.4320027871739024,10.002518377064488,22082.006648127277,56.0,51366.0,510.2053851940201,519.3080900027074,0.0,18
18_324,2019,-0.6679193131409278,-0.019443623254133808,2019-20,0.4946077060406971,95216990,0.1204984950689997,0.5053922939593029,0.3741092109716973,,,,32774.0,534.1863445936216,543.3249444582246,0.0,18
18_325,2019,-0.6493332191715017,-0.021951097456469285,2019-20,0.5123165572625531,375269558,0.3454146978796505,0.4876834427374469,0.1669018593829025,8.921754455666898,7493.224233647399,36.0,39292.0,557.2969680455438,566.2843113354927,0.0,18
18_326,2019,-0.6080038206017684,-0.019315264678700192,2019-20,0.5652966277673249,163483144,0.2126076235790335,0.4494791629113445,0.3596780839986782,10.134003858179751,25185.0,1.0,30561.0,580.4667359548814,589.5105556182345,0.0,18
19_327,2019,-0.4974474113171352,-0.013944279343169655,2019-20,0.5160935130743383,467059738,0.3341722638486128,0.4839064869256617,0.1819212492257254,8.732654083331985,6202.167354989127,11.0,112918.0,471.6294570731199,479.70326238144077,1.0,19
19_328,2019,-0.8811957143548569,-0.03335062102983436,2019-20,0.4281210155762106,421957186,0.1212361862703293,0.5718789844237894,0.3068848293058813,9.29953686395805,10932.954590136434,9.0,386211.0,449.88277368646396,458.5124703802415,1.0,19
19_329,2019,-1.1550792500250648,-0.04574595155282515,2019-20,0.6588512835451598,1120333390,0.2440225636763356,0.3411487164548403,0.414828719868824,9.252832239188216,10434.075705266368,66.0,218369.0,415.530659950036,424.36810693842546,1.0,19
19_330,2019,-0.8639620228260664,-0.040491482572811766,2019-20,0.4284445602515789,1023095669,0.181994544246282,0.571555439748421,0.2464500160052969,9.055836742191644,8568.403819904823,13.0,147623.38559176674,359.8831249494692,367.680200519232,1.0,19
19_331,2019,-0.8167702043337954,-0.05937571034302724,2019-20,0.6275900929431644,241797018,0.4619013953265544,0.3724099070568356,0.1656886976166099,8.990498064088719,8026.453588256413,28.0,166087.0,304.0129113292183,312.36320295703445,1.0,19
19_332,2019,-0.6595531501425981,-0.05711874668832981,2019-20,0.8674284926569571,2415358831,0.5671316602812462,0.1325715073430429,0.3002968323757108,9.254860004743998,10455.255030684068,211.0,336754.0,279.7849672478559,287.3963308542243,1.0,19
19_333,2019,-0.450042142730962,-0.02943463988325055,2019-20,0.7098697375098681,1192554279,0.3548405564858989,0.2901302624901319,0.3550291810239691,9.248264219113691,10386.521335336134,69.0,753822.0,173.00885635413798,180.7433184805186,1.0,19
19_334,2019,-1.0087546598016717,-0.12118417521451608,2019-20,0.3888596856327974,590818821,0.2032884121678987,0.6111403143672026,0.1855712734648986,8.85366542803745,7000.0,2.0,236722.40755218008,165.48234207590613,171.062483502026,1.0,19
19_335,2019,-1.6850173539532034,-0.15990248096437001,2019-20,0.5181917552139578,744518071,0.2859570805501644,0.4818082447860423,0.2322346746637933,8.829945696683216,6835.915592653832,31.0,724934.7285338315,110.51385551266597,115.16438996177133,1.0,19
19_336,2019,-0.872347790477199,-0.04989749936460982,2019-20,0.3986124777302661,242062277,0.2138909649271786,0.6013875222697339,0.1847215128030874,9.546812635700796,14000.0003794476,6.0,459013.0,100.03668900431425,108.70411601139507,1.0,19
19_337,2019,-1.3810430931731679,-0.06149678362204507,2019-20,0.3819227338738936,328007463,0.0680733383191345,0.6180772661261064,0.313849395554759,8.606827228821494,5468.869650534671,5.0,1051646.0,,,,19
19_338,2019,-1.4835560077296408,-0.07852394085999709,2019-20,0.7670429631438391,1802665915,0.2072845483407279,0.2329570368561609,0.5597584148031112,8.772576754796686,6454.783448167927,186.0,496548.9061325168,44.380681963908074,48.42887832765939,1.0,19
19_339,2019,-1.6313924399532105,-0.07276602766607242,2019-20,0.8040289393514927,417303477,0.5240694004569725,0.1959710606485073,0.2799595388945202,9.191316924740944,9811.56356569199,45.0,258114.0,138.24630087000986,138.2168730687631,1.0,19
19_340,2019,-1.1730388040825352,-0.06668165827268654,2019-20,0.7677280559985213,1393558225,0.5059539596919246,0.2322719440014786,0.2617740963065967,8.927511443650772,7536.487047783643,95.0,208165.5,210.15623747624397,209.2221235895277,1.0,19
19_341,2019,-2.401621393578831,-0.13508271562447188,2019-20,0.646460793437977,395155701,0.3197487716367275,0.353539206562023,0.3267120218012494,9.228226858650723,10180.474078838928,18.0,531098.0,30.332800628781982,25.66642939691887,1.0,19
19_342,2019,-1.3746220511068061,-0.0548661918615573,2019-20,0.6543187291904673,1709230175,0.1422030552438614,0.3456812708095327,0.5121156739466058,9.189892343923145,9797.596151660884,73.0,1281951.0,2.0525785017758627,7.122503606970725,1.0,19
19_343,2019,-1.2099438082483396,-0.04327002335366223,2019-20,0.4737092828078181,974340822,0.1545959469201014,0.5262907171921819,0.3191133358877167,9.405188465448504,12151.263868390257,46.0,763056.0,,,,19
19_344,2019,-1.9894391422252846,-0.09256703703460771,2019-20,0.9433850989680952,1357388101,0.8582961241090178,0.0566149010319046,0.0850889748590775,9.019545091991112,8263.01731339882,123.0,399245.57102709654,,,,19
19_345,2019,-1.2451559016113898,-0.057752758965685595,2019-20,0.9573519390283144,1450708651,0.7583738300875411,0.0426480609716857,0.1989781089407731,9.471093145725394,12979.067491463937,126.0,468526.6828235408,84.56238255023587,75.80132940890282,1.0,19
20_346,2019,-1.4969500100300372,0.13525630970520808,2019-20,0.2139490746572131,133695320,0.0467072594612885,0.8493400467282246,0.1672418151959246,8.517193191416238,5000.0,1.0,18131.0,496.2817278090215,462.38370123442587,1.0,20
20_347,2019,-0.8921281576395812,-0.04066566168554247,2019-20,0.1345584762597259,186202547,0.0267199889591198,0.865441523740274,0.1113258639850025,,,,15862.0,389.49490648578177,389.342083028974,1.0,20
20_348,2019,-0.926926847478952,-0.05023953750860516,2019-20,0.1345614158127076,255459552,0.0822422212656193,0.9294890263274068,0.0523191945470882,9.047821442478408,8500.0,5.0,21900.0,343.3156482354491,344.687749125447,1.0,20
20_349,2019,-0.8721584691896186,-0.07535845817115835,2019-20,0.4339279094839875,141787333,0.2413313395209994,0.5660720905160125,0.1925965699629881,7.996948414866479,2971.875205453819,2.0,46334.0,293.3019940148693,295.22926001447337,1.0,20
20_350,2019,-1.5150438542774283,-0.06375401580004515,2019-20,0.3517745947010595,208493945,0.1233005927342398,0.6482254052989405,0.2284740019668197,9.299464848760056,10932.167279596491,9.0,43130.0,250.54558049822873,253.9769854216635,1.0,20
20_351,2019,-0.9804444973192036,-0.04915909790521474,2019-20,0.7608914793146027,250690326,0.0109883697705989,0.416618819924146,0.7499031095440037,,,,27505.0,269.7117775666645,275.4990603770756,1.0,20
20_352,2019,-1.2741386628364928,-0.07632434345086399,2019-20,0.2177940426338741,218602747,0.0243701329151184,0.7822059573661259,0.1934239097187557,,,,28145.0,273.19422576253305,279.9439010826382,1.0,20
20_353,2019,-1.3525965084458016,-0.04699292064676593,2019-20,0.3762024638794388,287384516,0.2073344376006674,0.6237975361205612,0.1688680262787714,9.291117758453067,10841.295278080848,11.0,20137.0,227.24879197291216,233.6330697715582,1.0,20
20_354,2019,-1.2625766520395694,-0.19225240699870663,2019-20,0.6403755217361438,274228174,0.3983323974581838,0.3596244782638563,0.2420431242779598,9.069105425434646,8682.852871058982,5.0,88912.0,233.87250742393567,235.2030488503426,1.0,20
20_355,2019,-1.215467794631379,-0.37662621043504907,2019-20,0.0183940974972455,444375159,0.0040963618803672,0.9816059025027544,0.0145788999875215,,,,74037.44106208932,267.7733564211746,267.71051030250123,1.0,20
20_356,2019,-1.045399880560476,-0.05299492963531641,2019-20,0.4372720931002665,487368143,0.3332923095878263,0.5627279068997335,0.1039797835124402,9.809048741853822,18197.66816135248,16.0,14562.0,384.0369737568514,382.03326877903214,1.0,20
20_357,2019,-2.1670551142714225,-0.1271657672095001,2019-20,0.5202809723323735,761550001,0.1815913634277574,0.4797190276676265,0.3386896089046161,9.229533785456349,10193.787911513857,21.0,113780.0,192.7509345728185,188.6024153964192,1.0,20
20_358,2019,-1.0576261782008116,-0.04640285170564308,2019-20,0.268130932593765,386999467,0.0999138869615032,0.7318690674062349,0.1682170456322618,,,,26858.0,456.35104414491303,455.61592787425593,1.0,20
20_359,2019,-1.3172624612575536,-0.06254575507834334,2019-20,0.1487123972585959,247684468,0.1149700271072306,0.851287602741404,0.0337423701513653,9.169518377455928,9600.0,5.0,15124.0,412.9444624664155,411.37015035273953,1.0,20
20_360,2019,-1.3449091901555812,-0.13743315959725189,2019-20,0.6202450263024433,243972012,0.3402902214865531,0.3797549736975567,0.2799548048158901,9.013032174399129,8209.375833458664,26.0,45312.0,333.65829092146555,333.66027705975483,1.0,20
20_361,2019,-1.2074564249897268,-0.44686573218594283,2019-20,0.0712407038627853,204785596,0.0279077166640925,0.9287592961372146,0.0442049351947585,8.699514748210191,6000.0,1.0,30495.0,304.16071001035186,303.32736313063407,1.0,20
20_362,2019,-2.097222918365668,-0.11174889352214157,2019-20,0.2388031819650538,207512147,0.1754548999967698,0.7611968180349462,0.063348281968284,9.025215250683123,8310.003015148004,9.0,36808.0,219.27453114797325,224.17028772570953,1.0,20
20_363,2019,-2.98915869023122,-0.12617441119420764,2019-20,0.0123441290886586,51328692,,0.9876558709113412,0.0123441290886586,,,,21955.0,210.53822437462657,213.52818448880313,1.0,20
20_364,2019,-1.984455926637431,-0.09576595805877311,2019-20,0.2660920230928117,203059552,0.0552816692907901,0.7789037289483842,0.2108103538020216,,,,114784.0,312.0818289395872,310.1605791961991,1.0,20
20_365,2019,-2.1797652975404413,-0.08258387824794546,2019-20,0.6256287518166928,629668956,0.2450958071371077,0.3743712481833073,0.3805329446795849,9.753945569893244,17222.045718221434,27.0,10858.0,314.529810654195,311.5487367037796,1.0,20
20_366,2019,-1.8195354879149375,-0.08862799542068223,2019-20,0.7954170119973503,354855522,0.5765854786388247,0.2045829880026497,0.2188315333585255,9.43526742964913,12522.313721901864,42.0,22126.0,368.68948936696864,368.68948936696864,1.0,20
20_367,2019,-2.694960031645551,-0.08855016620290264,2019-20,0.1511831801675586,224823072,0.0883480232847276,0.8940523558563057,0.0628351568828309,,,,12686.0,321.98409392534677,321.98409392534677,1.0,20
20_368,2019,-1.0371301309548295,-0.04734285905327012,2019-20,0.4651656862158604,119871559,0.2315839489498923,0.5348343137841395,0.2374824914826317,,,,43603.0,253.99454532325183,253.99454532325183,1.0,20
20_369,2019,-3.6509746923973876,-0.26119248937095185,2019-20,0.4607804826569707,183868224,0.0650668763733748,0.5392195173430293,0.3957136062835958,8.785054652549709,6535.8301708469435,11.0,37433.0,,,,20
21_370,2019,-0.9196312985238259,-0.05644280055345869,2019-20,1.0,7189418,0.4090909723151443,1.0,0.5909090276848558,10.005949054254655,22157.892980974753,3.0,141299.0,347.11752218422566,252.1438542166224,1.0,21
21_371,2019,-0.9231607983002463,-0.07300852924584383,2019-20,0.4734576644097947,184028756,0.2597691525991731,0.5381420732628036,0.2136885118106216,9.280721168737982,10729.166666666666,12.0,58205.0,315.4893654394358,315.4893654394358,1.0,21
21_372,2019,-0.6323140105795371,-0.04914815790370465,2019-20,0.2427629320828646,425059815,0.1107503328678576,0.7572370679171354,0.1320125992150069,9.838676721931057,18744.89489260046,9.0,126224.0,267.89197846408905,267.89197846408905,1.0,21
21_373,2019,-0.34780853379627447,-0.014840692021001927,2019-20,0.2625673174882919,422996137,0.212593534867199,0.7374326825117081,0.0499737826210928,9.498721899075528,13342.6626576401,17.0,40806.0,222.71225857325382,222.71225857325382,1.0,21
21_374,2019,-1.4145839031253746,-0.10567237513175064,2019-20,0.1614500836126376,131813806,0.0668548634427565,0.896779762445212,0.0945952201698811,,,,169597.0,287.1322750318957,287.1322750318957,1.0,21
21_375,2019,-2.610473278660316,-0.14854746835136065,2019-20,0.405577593221865,276756719,0.1247304062742556,0.594422406778135,0.2808471869476094,8.945702978682487,7674.841944420395,13.0,136451.0,161.5265128932558,161.5265128932558,1.0,21
21_376,2019,-4.893451262097054,-0.2167171356389272,2019-20,0.2694609755886682,32500439,,0.7305390244113318,0.2694609755886682,,,,326095.2193784278,172.7249788479643,172.7249788479643,1.0,21
21_377,2019,-1.6699298507559315,-0.06733040466274788,2019-20,0.6126346343893788,360735472,0.1735419132832049,0.3873653656106212,0.4390927211061738,9.390493272411096,11974.004321726312,17.0,168227.0,131.35472086345192,131.35472086345192,1.0,21
21_378,2019,-0.49796079027149437,-0.021664781425300123,2019-20,0.3620941037557546,479389198,0.2976777545162792,0.7487545116161265,0.0756099487383164,9.41603779421185,12283.814668404651,8.0,80903.0,72.78660717890564,72.78660717890564,1.0,21
21_379,2019,-0.7665879658091085,-0.028262371243296145,2019-20,0.7930444747558364,256600262,0.3101348275318596,0.2069555252441636,0.4829096472239767,9.300117444492118,10939.30389371401,11.0,78948.0,25.711095318517717,25.711095318517717,1.0,21
21_380,2019,-0.8689294502276077,-0.0341091857436547,2019-20,0.629112648708228,402003731,0.5365315452756333,0.3708873512917719,0.0925811034325947,9.256174899538056,10469.011633355049,28.0,87830.0,29.059713091870787,29.059713091870787,1.0,21
21_381,2019,-0.7853416090804715,-0.03717114130101874,2019-20,0.3169984186119586,535189326,0.3169984186119586,0.6830015813880413,,9.535930682690672,13848.478952920375,3.0,234544.0,93.68365624314218,93.68365624314218,1.0,21
21_382,2019,-0.9478165956282656,-0.12133130829388618,2019-20,0.6164247988651662,271725434,0.5180441371564798,0.3835752011348338,0.1032278788110103,9.774500296083565,17579.703337267598,2.0,107124.70441408303,74.94696569829884,74.94696569829884,1.0,21
21_383,2019,-1.1492078496108855,-0.0749864013794325,2019-20,0.6334933998619977,185943309,0.4771027711462314,0.3665066001380023,0.1563906287157662,9.160905991673728,9517.676107901316,16.0,72324.0,123.89440663288055,123.89440663288055,1.0,21
21_384,2019,-0.9877779076126408,-0.03968286988988045,2019-20,0.3444699960295765,126132640,0.0134486521490392,0.6555300039704235,0.3310213438805371,,,,92310.0,188.592067586993,188.592067586993,1.0,21
21_385,2019,-2.2823089267141468,-0.11025120669648175,2019-20,0.5265548704258269,189051139,0.2122413819469239,0.473445129574173,0.314313488478903,8.659906704771647,5766.996604138997,10.0,69921.0,165.50620081427007,165.50620081427007,1.0,21
21_386,2019,-0.6522443954201954,-0.02487741846841253,2019-20,0.4703995384840321,781937842,0.2052781197920332,0.529600461515968,0.2651214186919988,8.745408869027914,6281.781320660259,44.0,197576.0,115.37280368743421,115.37280368743421,1.0,21
21_387,2019,-0.7382870947146034,-0.031809275029460314,2019-20,0.1820571691733103,394642789,0.0632781054058484,0.8179428308266897,0.1187790637674618,9.553696254157485,14096.70349226963,8.0,126239.0,103.06020745176511,103.06020745176511,1.0,21
21_388,2019,-1.2398950318888304,-0.07144294458661758,2019-20,0.561033069856988,100946823,0.5054794938915512,0.438966930143012,0.0555535759654367,9.92842955506559,20505.113131306585,6.0,269474.0,212.98197436406917,212.98197436406917,1.0,21
21_389,2019,-0.6801413525617545,-0.03005694186687914,2019-20,0.3532462321479082,163984144,0.275055611474241,0.6866314949292305,0.0830117201186256,9.998797732340453,22000.0,1.0,42431.0,189.39590693842428,179.0893513658311,1.0,21
21_390,2019,-2.369804946988612,-0.10914640831242889,2019-20,0.5277394226137598,119284242,0.0678362696055024,0.4989088624659059,0.4599031530082573,9.472704636443671,13000.0,1.0,58940.0,263.80357882407196,263.80357882407196,1.0,21
21_391,2019,-0.94556971102353,-0.04509176210853528,2019-20,0.7402080937816721,230335667,0.2957721393621597,0.2597919062183279,0.4444359544195124,8.790137265934948,6569.133831879293,20.0,27058.0,,,,21
21_392,2019,-0.7423970540208997,-0.04731779320656234,2019-20,0.4196656652473128,262510072,0.2707810388319119,0.5803343347526871,0.1488846264154009,9.101710314663658,8970.622177285752,17.0,64261.0,292.69036026638935,292.69036026638935,1.0,21
21_393,2019,-0.665748253518845,-0.033003148476740955,2019-20,0.3113456373990676,237028155,0.0615898014309734,0.6886543626009324,0.2497558359680941,,,,167042.0,316.32641729338667,228.30824946956045,1.0,21
21_394,2019,-1.1268692198410246,-0.051706312189949685,2019-20,0.0055610694313386,95502494,,0.9944389305686614,0.0055610694313386,,,,34607.0,309.84279784843017,169.09332665821225,1.0,21
21_395,2019,-1.0353680138457313,-0.04751316390561618,2019-20,0.7722778920105531,189870590,0.6376267698962751,0.4161437463647469,0.1346511221142779,9.399754832392174,12085.417414100277,22.0,87379.22554323121,237.91662144607787,234.92271321137062,1.0,21
21_396,2019,-0.927957931896873,-0.0639403340523108,2019-20,0.1185336177735058,228551870,0.0296188694496352,0.9190171687754864,0.0889147483238706,9.102046922470445,8973.642267006719,4.0,54064.0,185.21352628122295,179.39926251503496,1.0,21
21_397,2019,-1.4170352194039504,-0.08108393879598963,2019-20,0.2036063862463735,196005905,0.0057701884032524,0.7963936137536265,0.1978361978431211,,,,63686.0,226.49252440570268,187.3645408798201,1.0,21
21_398,2019,-1.074034482922137,-0.043656522995327754,2019-20,0.4373028937444949,146618888,0.1626136940828524,0.5626971062555051,0.2746891996616425,8.699514748210191,6000.0,2.0,89222.0,133.65184028610255,133.65184028610255,1.0,21
21_399,2019,-0.6672036834373595,-0.02905837160115866,2019-20,0.3983826483863448,91373081,0.0432165574016268,0.6073629026652652,0.3551660909847179,,,,21142.0,145.83369263002882,141.8511728464762,1.0,21
22_400,2019,-1.2071461199801308,-0.05479254598395253,2019-20,0.5620138226345197,743809437,0.1492776556423281,0.4379861773654802,0.4127361669921915,9.83890476102029,18749.169948780953,37.0,18349.75138121547,559.9947189757535,327.9021859440546,0.0,22
22_401,2019,-1.032534336947786,-0.04651036180356391,2019-20,0.3834684351231688,33247524,0.0533287203786133,0.6165315648768311,0.3447191435969788,,,,56981.0,476.7814229116026,369.2460114433162,0.0,22
22_402,2019,-0.993284200496868,-0.04323662849964815,2019-20,0.1858612522560487,318896587,0.0537129768654438,0.8141387477439512,0.1321482753906049,8.612503371220562,5500.0,1.0,32687.0,387.97426735343606,374.0512103948532,0.0,22
22_403,2019,-0.5981272755670465,-0.03239913197286795,2019-20,0.0643975894963283,465568094,0.0009347256572332788,0.950102324754933,0.0634771290835063,8.656955133791396,5750.0,2.0,132916.98984771574,387.608576099068,283.4088737988432,0.0,22
22_404,2019,-0.5948602259852508,-0.17068230412170826,2019-20,0.6952880466216045,397285340,0.2550496728623311,0.3047119533783954,0.4402383737592734,9.826674141674609,18521.25261430545,27.0,123930.0,472.54672283234004,261.31526248103455,0.0,22
22_405,2019,-0.9348660308533427,-0.029536412449751324,2019-20,0.3215260887052927,207484846,0.0823848841471535,0.6784739112947072,0.2391412045581391,10.17592108358694,26263.12343801434,8.0,58340.0,,,,22
22_406,2019,-0.9471125688811932,-0.07204135312210608,2019-20,0.1319076957549662,279230668,0.0035619286202637,0.8680923042450337,0.128930723325849,8.911484998926277,7416.666666666667,6.0,108700.0,522.2038833334123,206.95532648742622,0.0,22
22_407,2019,-0.8834564744907234,-0.03118165950425069,2019-20,0.2283860626046684,571001411,0.0425805602781601,0.7716139373953316,0.1858055023265082,9.723730875882056,16709.469537649635,18.0,6505.452444653515,521.5266628034781,153.72932438514928,0.0,22
22_408,2019,-1.0284477167792934,-0.04922457507988372,2019-20,0.1872224119453366,97457814,0.0100998981980039,0.8127775880546633,0.1771225137473327,10.561810341941891,38631.0,2.0,33867.36611053694,441.2496546432947,38.962838891723806,0.0,22
22_409,2019,-1.884795087596594,-0.49648500528999245,2019-20,0.164986763262206,277747815,0.0192779446347759,0.8350132367377939,0.14570881862743,8.762428558424093,6389.610292509594,3.0,209702.0,427.3546267374403,67.49736467193237,0.0,22
22_410,2019,-1.039686203135454,-0.05210614366209467,2019-20,0.1274468953543356,260681101,0.0234125181172991,0.8725531046456644,0.1040343772370364,10.30580069507105,29905.589899658495,2.0,237701.37873708562,383.7916251310067,131.7250374746967,0.0,22
22_411,2019,-1.1370082828489174,-0.0509827963375766,2019-20,0.0742487604840685,445082218,0.0780116929838693,0.9257512395159314,0.0724460643359155,9.761226552325171,17347.896734080656,5.0,44847.59935198455,388.44540363884283,178.86113860788456,0.0,22
22_412,2019,-0.9914395284758459,-0.09468742484224482,2019-20,0.2290190311223184,391417851,0.0197841590009649,0.7709809688776815,0.2092348721213535,9.663296397603371,15729.550152830509,12.0,45830.0,344.8356978194694,89.90265541584138,0.0,22
22_414,2019,-0.6040986088982787,-0.025900094259170305,2019-20,0.3318093934429286,301707438,0.0755852661477971,0.6681906065570714,0.2562241272951315,9.162599016875212,9533.803421533568,19.0,87216.08756755521,241.63620112786197,162.99428818183387,0.0,22
22_415,2019,-4.18370405226302,-5.353954092252348,2019-20,0.1741102212237336,305040598,0.0161752236598649,0.8258897787762663,0.172451845245858,8.998949016034818,8094.572189932346,9.0,5905.0,304.92975306049254,120.05829979313548,0.0,22
22_416,2019,-0.4616457289867594,-0.019522234016211566,2019-20,0.436235712212119,270627268,0.0622081955170903,0.563764287787881,0.3740275166950286,9.94280309604881,20801.972565003645,13.0,15492.9324023002,211.34592669211037,188.16796215340906,0.0,22
22_417,2019,-0.49431065418553105,-0.018869564500070497,2019-20,0.0512743681880318,378676904,0.0283416915228608,0.948725631811968,0.022932676665171,,,,4933.0,283.98022547874996,202.93864997134028,0.0,22
23_418,2019,-1.8032612128055507,-0.06760284292732716,2019-20,0.2735965488516823,197588958,0.0768748879175728,0.7264034511483177,0.1967216609341094,9.068590455331044,8678.382612539946,2.0,13741.0,738.4858975303474,173.94966070554008,1.0,23
23_419,2019,-0.9025349441229322,-0.02941695226532646,2019-20,0.3447041596054653,205831949,0.1431526647984079,0.6552958403945347,0.2015514948070574,9.058434871913372,8590.694589153049,10.0,53538.0,844.3961268555114,210.42318125564657,1.0,23
23_420,2019,-2.4054455628549496,-0.09777989780463042,2019-20,0.2156367235856079,467718468,0.0317958446207321,0.7843632764143921,0.1934600752177269,8.869388463633179,7110.93105029812,9.0,51875.013935701325,921.6169866188627,264.016642773145,1.0,23
23_421,2019,-0.8707407854892447,-0.03260456677260538,2019-20,0.2445062436269634,655507772,0.0915836219864072,0.7554937563730366,0.1529226216405562,9.437954258132194,12556.00427117965,7.0,140800.0,859.4488765673054,257.4300322221346,1.0,23
23_422,2019,-1.0089258264038488,-0.03400283309331544,2019-20,0.3684227392272629,506189391,0.0556918902316544,0.6315772607727371,0.3127308489956084,9.014268502299691,8219.531590477089,5.0,28778.0,885.8153004829348,295.84290173331027,1.0,23
23_423,2019,-0.8388223143823466,-0.028155240031467844,2019-20,0.1501226676469841,284054931,0.0614099214493129,0.8498773323530159,0.0887127461976711,8.926454741273943,7528.527430221367,4.0,44119.67458432304,798.6214323727054,260.5423389840508,1.0,23
23_424,2019,-1.7723139750790398,-0.07416950440865722,2019-20,0.3002420548325297,354434568,0.1115919906548167,0.6997579451674703,0.188650064177713,9.391354919856,11984.32613820016,12.0,47861.0,894.7865112043021,374.3657342930625,1.0,23
23_425,2019,-1.293236101614612,-0.054281141318052006,2019-20,0.630127469971724,571732456,0.2013702244673687,0.369872530028276,0.4287572455043553,9.539240239784757,13894.387210778084,9.0,87107.0,852.7986356669454,400.7541369747435,1.0,23
23_426,2019,-1.834604419897752,-0.07815653563449557,2019-20,0.6018014163025244,82158577,0.4236482333426977,0.3981985836974757,0.2381714937490448,9.276472596367498,10683.679721319266,11.0,38663.0,786.6614942509561,372.59797968143675,1.0,23
23_427,2019,-0.596231599099487,-0.021115391134699107,2019-20,0.0524704046537466,413010880,0.1666667195334862,0.9930083126263348,0.0448372473868,,,,216281.0,796.06915807583,295.3589939603197,1.0,23
23_428,2019,-0.7468973305305027,-0.03249412537217902,2019-20,0.3343958267668941,754604193,0.1016871092313159,0.6656041732331058,0.2327087175355782,9.631094464277606,15231.096879552588,16.0,117764.0,765.8002765252564,293.01132086523114,1.0,23
23_429,2019,-1.2051308565386933,-0.06532713393746749,2019-20,0.0477624633802467,210515482,0.0366779009631225,0.9522375366197532,0.0110845624171242,,,,130675.0,741.4323444243237,407.6526582567796,1.0,23
23_430,2019,-1.6238852647690438,-0.06992924449875008,2019-20,0.4436453871498923,309581889,0.2356616281257977,0.7513270459981164,0.2079837590240945,8.699514748210191,6000.0,2.0,85297.0,699.178501920875,445.2502339368597,1.0,23
23_431,2019,-1.1948699288377689,-0.05435758054453948,2019-20,0.122574324465437,85996044,0.0310710688040487,0.9776744673471898,0.0915032556613883,10.089149663462823,24080.307360046412,3.0,20820.0,671.4237285638956,311.168270286054,1.0,23
23_432,2019,-1.2724483231810217,-0.048734262186202526,2019-20,0.6007160317395671,282440273,0.094056179445769,0.3992839682604329,0.5066598522937981,9.549217918391683,14033.714868216568,13.0,36403.0,521.9603520817745,216.88801818771822,1.0,23
23_433,2019,-0.92253711668954,-0.04269379958931064,2019-20,0.7824697630934448,711999505,0.3059087365517199,0.2175302369065551,0.4765610265417249,9.686801799635017,16103.659119214835,15.0,64023.431012817295,535.2350107629783,168.2217427922334,1.0,23
23_434,2019,-1.0587068471368002,-0.049584296551493115,2019-20,0.4568115105638292,649505768,0.1029234031375068,0.5431884894361708,0.3538881074263224,9.301836662950524,10958.127122875369,34.0,71847.74300137418,491.67405387856905,114.68557071139026,1.0,23
23_435,2019,-1.4544309665378203,-0.05035003356727806,2019-20,0.0303243721289615,163859485,,0.9696756278710384,0.0303243721289615,,,,146569.86819618678,548.2717565875937,69.14404460541583,1.0,23
23_436,2019,-1.837988640259158,-0.09624541516143548,2019-20,0.1774459550059407,367199365,0.0149585743428505,0.8225540449940593,0.1624873806630902,9.238099173396291,10281.47666754732,11.0,54713.0,611.174060528475,105.50236527847778,1.0,23
23_437,2019,-2.211175147390053,-0.09140156384491031,2019-20,0.2901232204735334,49891222,0.2327673970413931,0.7098767795264666,0.0628326562135519,8.473610031298112,4786.764685985959,6.0,94983.07495741057,547.0228709673953,60.428163771743726,1.0,23
23_438,2019,-1.6537575793457646,-0.05905777958606203,2019-20,0.6063559052505046,321244814,0.1294228737339243,0.3936440947494953,0.4769330315165804,9.585190569128178,14547.734690853089,23.0,89930.0,444.61298261497285,69.92679912996181,1.0,23
23_439,2019,-1.434783402596747,-0.04874158825744612,2019-20,0.8225182849291098,1006015932,0.2281776656793542,0.1774817150708901,0.5943406192497556,9.586056661504138,14560.339830776147,60.0,266576.0,501.6558547642343,7.633678006840862,1.0,23
23_440,2019,-0.8197518628092072,-0.036512576616769044,2019-20,0.9805061080784416,143836234,0.4651912952615263,0.0369051460611964,0.5153148128169152,8.716574255070311,6103.23510750349,22.0,72070.0,434.28991555693176,75.67581466678692,1.0,23
23_441,2019,-1.0747516780121942,-0.07797176583798175,2019-20,0.2561330881987066,258124284,0.1075682557631811,0.7438669118012934,0.1485648324355255,9.175692528512062,9659.455203974148,5.0,38633.0,375.1360321363367,118.64549101237344,1.0,23
23_442,2019,-1.1797814662512762,-0.04962680924882115,2019-20,0.670761230121409,135987065,0.1691258429616081,0.329238769878591,0.5016353871598008,9.733588515740731,16875.0,4.0,47912.62264489503,658.7277347861284,152.0261146028155,1.0,23
23_443,2019,-0.9689921000130902,-0.03665111089746885,2019-20,0.2395792077800478,157226386,0.1620054537156378,0.7723891045924154,0.078794692431754,,,,57680.0,730.9119221230544,233.9145253490377,1.0,23
23_444,2019,-1.126875244712082,-0.034817295136023954,2019-20,0.1185979235901874,369878044,0.0282291127288431,0.8814020764098125,0.0903688108613443,9.337345809335163,11354.2319146819,6.0,146168.39309791333,669.4855426883298,175.11452479893916,1.0,23
23_445,2019,-1.03078928201613,-0.03794022069645523,2019-20,0.5876552558907273,479637759,0.1241969046060862,0.4123447441092727,0.463458351284641,9.706364631352256,16421.79395583019,8.0,45857.17836555685,612.9350828702079,131.29836239514245,1.0,23
23_446,2019,-1.9030639249581125,-0.042890501561361316,2019-20,0.3221292030451967,160725639,0.0912703728619178,0.6778707969548032,0.2308588301832789,9.135664475951833,9280.442204127768,2.0,43236.81589401015,702.7597741711535,233.64902371049206,1.0,23
23_447,2019,-0.9255408522547229,-0.04530637333883506,2019-20,0.3803027749622632,413007202,0.0223427798723955,0.6863525518278076,0.3579599950898677,,,,68175.13113481361,597.1933572982515,147.1320368000022,1.0,23
23_448,2019,-1.4144373551125147,-0.06197344961596343,2019-20,0.1534708716390804,270408401,,0.8465291283609195,0.1534708716390804,9.073561986584702,8721.63488886548,6.0,25070.0,557.2782307082638,138.01634476863086,1.0,23
23_449,2019,-1.3965541260378787,-0.06260857387923481,2019-20,0.4565012851501191,451636343,0.0801188778556733,0.5434987148498809,0.3763824072944457,8.684288534090813,5909.334711460416,15.0,55443.0,650.127252326072,192.3787479377993,1.0,23
23_450,2019,-1.32014406524428,-0.08998673909996482,2019-20,0.2478416285800592,758755993,0.0290016503368824,0.7521583714199408,0.2188399782431768,9.156827197737789,9478.934531472183,35.0,49702.0,720.1822737058008,312.8295465792877,1.0,23
23_451,2019,-0.8439797138894563,-0.0325254540886781,2019-20,0.3976086138638961,509138019,0.1531455913529019,0.6023913861361039,0.2444630225109942,9.220073790472307,10097.80942278408,18.0,237664.21021574773,688.8165466577572,243.85493381192234,1.0,23
23_452,2019,-1.7292784734815732,-0.24637283941449908,2019-20,0.2783791757310417,316662756,0.0357201463881657,0.7216208242689582,0.242659029342876,7.46737106691756,1750.0,2.0,51326.0,711.1419775164692,194.34549704923728,1.0,23
23_453,2019,-0.8550944605691877,-0.05634937933433216,2019-20,0.2757545834021464,177776240,0.0805246653087191,0.7242454165978536,0.1987541248481799,9.95227771670556,21000.0,1.0,16281.0,607.9655114802829,238.07700301467898,1.0,23
23_454,2019,-1.4171931486383202,-0.07871408729030843,2019-20,0.3541756171978046,332331302,0.1115351391124751,0.6458243828021953,0.2426404780853294,8.973558167285706,7891.631453335739,6.0,36307.0,606.428347965178,215.3392831585278,1.0,23
23_455,2019,-1.4503104146944386,-0.06711294637565421,2019-20,0.460684067269118,253194222,0.2341210377225749,0.539315932730882,0.2265630295465431,8.431161208977874,4587.824423942486,10.0,84231.0,659.2134296008163,108.55189208202844,1.0,23
23_456,2019,-1.189717579668997,-0.05200648246764885,2019-20,0.2346079820120986,251813700,0.1364645767883161,0.7653920179879014,0.0981434052237825,,,,56919.0,620.8235170369253,140.95618568229648,1.0,23
23_457,2019,-1.4620958477036665,-0.0791137665274978,2019-20,0.519218027192961,445754989,0.0696403804018893,0.480781972807039,0.4495776467910716,9.684869591125764,16072.57353362242,34.0,85177.0,543.2453084385568,141.49993451201777,1.0,23
23_458,2019,-1.1257478638216378,-0.040294437508300036,2019-20,0.4283079578990075,556730438,0.0895531312767921,0.5716920421009926,0.3387548266222153,9.084018460182316,8813.310902413268,21.0,46760.0,717.6976237077965,240.3168370524989,1.0,23
23_459,2019,-0.8389543180730091,-0.028241023845219888,2019-20,0.4070558977058793,350456583,0.1210568071994241,0.5929441022941206,0.2859990905064551,9.496134533343636,13308.18493198466,22.0,28245.491577335375,784.5036474828918,287.82624168053934,1.0,23
23_460,2019,-1.5049490243944488,-0.06786333457954548,2019-20,0.2258055478610078,389951442,0.0601972078359438,0.7741944521389922,0.1656083400250639,9.183311699588264,9733.333333333334,3.0,35847.0,632.5998642099526,322.56524493900406,1.0,23
23_461,2019,-1.1178281790598685,-0.04634436667552689,2019-20,0.4420061779215353,276099978,0.1066102366730358,0.5579938220784646,0.3353959412484995,8.858813516769082,7036.129540366724,7.0,31908.0,581.9987581823731,266.74946825230745,1.0,23
23_462,2019,-1.611548788388305,-0.07516616564294482,2019-20,0.5264439659423249,131059445,0.2002350841635259,0.4735560340576751,0.3262088817787989,8.647001691301853,5693.051592196712,13.0,33205.80800385728,642.366165053574,392.7255257492918,1.0,23
23_463,2019,-1.590675249742297,-0.0649158523554714,2019-20,0.1596369264262876,372925847,0.0246309288398559,0.9004945783546607,0.1350059975864317,9.210340371976184,10000.0,1.0,26834.0,598.953771220345,409.9659055968412,1.0,23
23_464,2019,-0.6255050027771224,-0.02609471435844572,2019-20,0.3281879730701995,264401959,0.210141226676766,0.6718120269298005,0.1180467463934334,8.911845786759356,7419.3429925258815,11.0,20060.0,447.9841575540325,116.0120666242533,1.0,23
23_465,2019,-1.1577465139299152,-0.051903161570759054,2019-20,0.2072232007703945,93317384,0.074764547621695,0.7927767992296055,0.1324586531486995,9.176358042815965,9665.885849186116,3.0,13343.0,393.7500240586371,147.13216070833815,1.0,23
23_466,2019,-0.8658936743198533,-0.057531204135340054,2019-20,0.4169969070182308,259047437,0.0426835143711535,0.5830030929817692,0.3743133926470772,9.42675147891314,12416.127096912109,18.0,48001.0,493.77666074651256,108.58061593535511,1.0,23
23_467,2019,-0.4342554004608379,-0.016538988811885705,2019-20,0.0930581222957197,47991050,0.0422820296701155,0.9069418777042804,0.0507760926256041,8.74878578140208,6303.030203348545,3.0,47272.0,439.7220273974452,147.6448681441295,1.0,23
24_468,2019,-0.7772124313143453,-0.027566675724961753,2019-20,0.5797464328524984,87716726,,0.4202535671475016,0.5797464328524984,,,,128778.0,72.8027733217326,72.8027733217326,1.0,24
24_469,2019,-1.242457610316833,-0.05302592394888488,2019-20,0.4908851826798791,427825305,0.240643350911653,0.5091148173201209,0.250241831768226,9.457100336707288,12798.718615177437,15.0,114716.0,228.53376889362778,228.53376889362778,1.0,24
24_470,2019,-0.7128266702458645,-0.025584706015181632,2019-20,0.1016307245289586,733824002,0.0290841348076341,0.8983692754710414,0.0751261158666761,9.910062371932703,20131.92961938493,6.0,73744.31328320802,174.74716450192736,174.74716450192736,1.0,24
24_471,2019,-1.5828225511287508,-0.03095593747617117,2019-20,0.2947687371925742,168975701,0.2326210437318085,0.7052312628074258,0.2490017544001785,9.366275173596945,11687.5,4.0,148948.0,234.31024789815916,206.97870745263376,1.0,24
24_472,2019,-0.40687406957684275,-0.011064582241398504,2019-20,0.0609816327399098,351256092,,0.93901836726009,0.0609816327399098,,,,105759.0,303.7519709709147,220.90668934557783,1.0,24
24_473,2019,-1.3889847551492385,-0.03153856140277032,2019-20,0.6329693906460675,259425371,0.0681340530876604,0.3670306093539324,0.5648353375584071,9.529177166670433,13755.26813311663,22.0,88293.90021196804,249.8940956930157,168.920879824263,1.0,24
24_474,2019,-1.8984435620372728,-0.07254968633669057,2019-20,0.6408940658293137,220006395,0.0753132289631853,0.3591059341706862,0.5655808368661284,10.21569074378202,27328.646238150963,6.0,556289.9502647419,201.46757510655982,114.94871522851703,1.0,24
24_476,2019,-2.244103035133495,-0.09174103288550925,2019-20,0.6385280688265463,1100020211,0.1880386323192747,0.3614719311734536,0.4504894365072716,9.426122880400952,12408.324790407873,49.0,301943.0,98.11767419220972,75.88884002562182,1.0,24
24_477,2019,-0.8932831993820834,-0.10701349557640277,2019-20,0.5624281502964616,1716192711,0.1546089249181061,0.4375718497035383,0.4078192253783555,9.917371906693027,20279.62378896434,55.0,126371.60621803718,87.25059775621835,27.885090381182884,1.0,24
24_478,2019,-1.1224749943512535,-0.048155749235651614,2019-20,0.2259939560013022,832913151,0.1142968450327102,0.7740060439986978,0.1948627342540302,9.730314386802249,16819.83942485716,22.0,42010.0,153.282175914867,93.19424072357646,1.0,24
24_479,2019,-0.6343894169297911,-0.02502569919270231,2019-20,0.6514285535791814,800347475,0.1519373944423327,0.3485714464208186,0.4994911591368486,9.345238151424292,11444.197951490103,23.0,155212.0,196.56655427570837,144.79547816622912,1.0,24
24_480,2019,-3.4336889799066976,-0.15128678786465669,2019-20,0.456273061973935,1058452057,0.2645899614893941,0.543726938026065,0.1916831004845408,9.503655403039298,13408.65138071817,19.0,101305.0,202.86747477645366,140.48889277240482,1.0,24
24_481,2019,-3.7279258713194694,-0.15584410862388134,2019-20,0.8759316205991567,101893142,0.319316976210234,0.1240683794008432,0.5566146443889227,9.774159295176394,17573.709664463848,6.0,206968.0,219.03106171421706,72.58472707029456,1.0,24
24_482,2019,-1.0592654174190732,-0.04286601302957119,2019-20,0.2977797381505382,226201878,0.2250948155258021,0.7022202618494617,0.0726849226247361,8.751291094090327,6318.841062194172,6.0,107732.0,264.67363933048495,83.7923923288193,1.0,24
24_483,2019,-0.41538691772975805,-0.008750326459802817,2019-20,0.2057958917341178,624789552,0.0281740706829233,0.7942041082658822,0.1776218210511945,9.615805480084347,15000.0,4.0,119454.0,281.67721956214996,135.50834670202957,1.0,24
24_484,2019,-1.2758841931292877,-0.044081509983077825,2019-20,0.2142881663311042,408667569,0.0483155075121706,0.8731234189225563,0.1659726588189335,9.433483923290392,12500.0,2.0,91549.0,346.60958120779344,171.7881839396959,1.0,24
24_485,2019,-0.5990603621372123,-0.02467946433203738,2019-20,0.8805245515856014,2377000612,0.4525068489969745,0.1194754484143986,0.4280177025886268,9.911014146936534,20151.099808181614,100.0,47156.0,392.29092223444127,170.15801047826758,1.0,24
24_486,2019,-2.131728602970452,-0.044930129998505194,2019-20,0.9108016305244524,2312984141,0.6460327589422932,0.0891983694755475,0.2647688715821593,9.697044391884,16269.449947784062,113.0,297652.66869882913,344.34183864224224,114.44597562782047,1.0,24
24_487,2019,-0.896243196599166,-0.013408444741513778,2019-20,0.688172020295481,798098850,0.1898923147176568,0.311827979704519,0.4982797055778241,9.796958628709122,17978.98093476977,11.0,24497.0,311.56042536618247,100.80822091750505,1.0,24
24_488,2019,-2.259738233322516,-0.04139743331316303,2019-20,0.327072600182141,412637243,0.0706574539613236,0.6729273998178589,0.2564151462208175,9.942035780299436,20786.017006095044,5.0,148824.0,303.6373536660073,38.65601246973148,1.0,24
24_489,2019,-0.6796427077203844,-0.024943921491139966,2019-20,0.7420870321547748,542318803,0.7154798521710116,0.4531105535045711,0.0266071799837631,9.842968278945351,18825.51254164667,11.0,8673.0,216.42966313308438,99.1491144503402,1.0,24
24_490,2019,-2.6403751599616663,-0.09851410798421886,2019-20,0.5515649936812778,323908049,0.0407294231826884,0.4484350063187222,0.5108355704985893,9.39794770361662,12063.597230405816,26.0,103374.0,203.64578836322335,50.35614239637566,1.0,24
24_491,2019,-3.205124589804219,-0.06816827118763508,2019-20,0.753424671510059,7841336,0.753424671510059,0.9668721183703988,,9.210340371976184,10000.0,1.0,140357.0,160.9152420227983,90.7616136734688,1.0,24
24_492,2019,-3.0726984152554837,-0.1092460517228474,2019-20,0.4908837787186653,158396550,0.2635731649458274,0.5091162212813347,0.2273106137728378,10.94156061149674,56475.41058380866,2.0,824466.0,252.43665480655807,25.29180821897655,1.0,24
24_493,2019,-1.840909246709907,-0.08163177331504809,2019-20,0.9959248758089227,428063764,0.9959248758089227,0.0074086134444546,,9.649600731172024,15515.591975095396,10.0,39468.0,254.00069121284858,81.51861739803631,1.0,24
25_494,2019,-0.3158092038751426,-0.012760006850685363,2019-20,0.9538869999659452,45837703,0.9262118348295072,0.1548225320849755,0.027675165136438,9.667724394543953,15799.354986522792,3.0,6152.0,258.5567263591695,196.29274564024874,0.0,25
25_495,2019,-6.889319526327962,-0.2551584271266605,2019-20,0.6009599874774789,16558966,0.1293706351957229,0.399040012522521,0.5118580471751678,8.411832675758411,4500.0,1.0,53693.0,159.75487400063938,86.51210188593433,0.0,25
26_496,2019,-4.799559334348663,-0.21819570845105032,2019-20,0.6638335996418349,49711143,0.5362456260561138,0.3361664003581652,0.127587973585721,9.467720231907618,12935.363960934084,10.0,51726.0,,,,26
27_497,2019,-0.35823149218382605,-0.016305690372140292,2019-20,0.5676280910504813,1179017909,0.4272972667796855,0.4323719089495188,0.1403308242707957,9.356086667665082,11569.026396279236,55.0,53308.0,311.67587806507254,145.97047829609335,1.0,27
27_498,2019,-0.5969044091193585,-0.02328722205895668,2019-20,0.7497783246920979,1207371730,0.4687473542220505,0.250221675307902,0.2810309704700474,9.035884799347487,8399.141685789476,62.0,102321.0,290.33723121539043,154.23759068225965,1.0,27
27_499,2019,-0.699611307180431,-0.02552777572586703,2019-20,0.5971358608032521,462249880,0.4114681587370017,0.4028641391967478,0.1856677020662504,9.32025553259478,11161.833701351154,27.0,208658.0,339.57123897611933,116.1703097662981,1.0,27
27_500,2019,-0.5564464752267972,-0.01576639680899654,2019-20,0.6089296407808424,785766054,0.2882804759086729,0.3910703592191576,0.3206491648721694,9.38089576449534,11859.633436116294,56.0,124569.0,395.3572705611326,129.278200777912,1.0,27
27_501,2019,-0.6084619146875359,-0.016153556067290176,2019-20,0.2107957666988053,465490904,0.1343057736741511,0.7892042333011946,0.0764899930246542,9.725027950782822,16731.15703330458,16.0,135773.0,466.23371155624966,199.48556963888842,1.0,27
27_502,2019,-0.42008606864478887,-0.015145198769757659,2019-20,0.2037587718756721,123109360,0.2037587718756721,0.7962412281243278,,,,,54286.0,462.7359698489901,196.76341938302852,1.0,27
27_503,2019,-0.6707205937251804,-0.024929489156620546,2019-20,0.5164563050621163,704845435,0.2794336974034598,0.4835436949378838,0.2370226076586564,9.4163283174114,12287.38391999488,66.0,172314.3853656538,534.5293544383818,154.5686461438923,1.0,27
27_504,2019,-0.6956550728855045,-0.024400978932833942,2019-20,0.3588356963021771,131468654,0.2472263696676878,0.7108353122420531,0.135840692489329,,,,112245.0,586.5173499564204,63.682176024732954,1.0,27
27_505,2019,-1.1161036919713996,-0.043823424580320625,2019-20,0.2866859802676629,547264421,0.1569438953167394,0.713314019732337,0.1297420849509235,8.872182598564715,7130.8277352078985,12.0,471334.0,571.3081101711949,3.285574203867141,1.0,27
27_506,2019,-1.0438089040167184,-0.041980003880077124,2019-20,0.3762950948113505,243839001,0.0709126018770065,0.6237049051886494,0.305382492934344,9.822782614800396,18449.316723022836,11.0,100261.0,518.4682229003405,67.6146691606184,1.0,27
27_507,2019,-0.9289612465798611,-0.03532225924024613,2019-20,0.1219155768595835,253754621,0.0400238965640406,0.8780844231404165,0.0860862549573038,,,,100950.0,488.86718763358874,90.01080889994383,1.0,27
27_508,2019,-0.5789403135280576,-0.020271447019835066,2019-20,0.3236929108283708,230833486,0.300178090279328,0.6951793375426729,0.024170998106409,10.819778284410283,50000.0,2.0,60122.0,,,,27
27_509,2019,-0.6477773566466025,-0.032685971243775036,2019-20,0.6616354980059483,214811390,0.3746225560944417,0.3383645019940516,0.2870129419115066,8.773026912130717,6457.689770378757,18.0,144019.0,472.6345392857073,117.60898396221675,1.0,27
27_510,2019,-0.4352541333890137,-0.01187636600347581,2019-20,0.5393995468455046,1156596272,0.481780611341967,0.4606004531544954,0.0576189355035375,9.00507222046482,8144.288967883758,22.0,160581.13958728654,552.5899914059488,149.41796617874758,1.0,27
27_511,2019,-0.4864805542984316,-0.014413620586275997,2019-20,0.3899025955455192,1061523013,0.2438324085584379,0.6100974044544807,0.1460701869870813,9.56894149677174,14313.257673354628,22.0,146177.0,485.0241059056837,249.50536118566367,1.0,27
27_512,2019,-0.7650636926909046,-0.029139610940116686,2019-20,0.214259848072553,182775664,0.1467410234657935,0.9264169357687332,0.0675188246067594,,,,36461.0,437.75554806680714,185.19260311661986,1.0,27
27_514,2019,-0.9171269951819377,-0.04087923805561302,2019-20,0.3460097781061446,550706642,0.0753109275191927,0.6539902218938555,0.2706988505869518,9.55926148126252,14175.373553970638,16.0,149978.0,327.8450090570638,66.09366462510283,1.0,27
27_515,2019,-1.7938089248800302,-0.05300461884635534,2019-20,0.2621430778958484,610226321,0.1107519155995239,0.7378569221041515,0.1513911622963245,9.156274540711063,9473.69737900538,9.0,233743.0,267.2933281051117,17.3280251518965,1.0,27
27_516,2019,-1.3724403159232175,-0.05958300414013429,2019-20,0.8003066787614499,3010394315,0.4731036970484047,0.1996933212385501,0.3272029817130451,9.999017188987583,22004.828576049076,123.0,383465.0,183.96357179912962,137.27799530773794,1.0,27
27_517,2019,-1.983895388868276,-0.05939608442672736,2019-20,0.3913134829938057,733096176,0.3052008622126546,0.6086865170061942,0.086112620781151,9.352477469967416,11527.346753125914,16.0,1028230.9025899771,73.91903387051401,62.86663341726272,1.0,27
27_520,2019,-1.7768949698065493,-0.04715806793017088,2019-20,0.820667837328743,2471170282,0.6514470187368496,0.1793321626712569,0.1692208185918934,10.580129019136184,39345.19035814502,96.0,229338.0,54.92422038374899,54.92422038374899,1.0,27
27_521,2019,-2.114654068296501,-0.07920892481268414,2019-20,0.6221874278344026,477365618,0.3203441916087052,0.3778125721655974,0.3018432362256973,10.017043803355794,22405.098047531523,8.0,940837.0,123.9660375187954,119.17662332255172,1.0,27
27_522,2019,-1.4271512505771895,-0.07784398528423131,2019-20,0.3133823763012133,377435695,0.1695365405224855,0.6866176236987866,0.1438458357787278,9.502198294452564,13389.127747136206,16.0,316577.0,181.67568953057352,100.46200934436611,1.0,27
27_523,2019,-0.699955442734154,-0.02693299784523769,2019-20,0.0441478907429522,189563643,0.0180259618665378,0.9558521092570478,0.0261219288764143,,,,140624.0,303.34253623463525,116.45078663051528,1.0,27
27_524,2019,-0.8351477997050193,-0.024571375148348878,2019-20,0.1800123955476682,180419620,0.0563585878298601,0.8199876044523318,0.123653807717808,,,,150092.0,403.11307150707927,221.88713474548672,1.0,27
27_525,2019,-0.5980979291394681,-0.02084176834518385,2019-20,0.9388865931037828,2797379997,0.5625569624747696,0.0611134068962172,0.3763296306290132,10.632827271366292,41474.21846522319,175.0,119523.0,332.33320422441494,197.5021570620469,1.0,27
27_526,2019,-0.7549979300681086,-0.04592096394175338,2019-20,0.6161884568277592,749554249,0.3654043044454811,0.3838115431722407,0.2507841523822781,9.72089887588518,16662.21526360569,30.0,310773.0,293.04701490845815,227.886281889795,1.0,27
27_527,2019,-0.7664205702930585,-0.028974051708250393,2019-20,0.4157196213267929,404750157,0.3646295830837688,0.584280378673207,0.051090038243024,9.417443160184565,12301.090059835082,19.0,220239.0,189.49884942074942,189.49884942074942,1.0,27
27_528,2019,-0.9729757266345281,-0.019789264407768337,2019-20,0.4707447523753058,1111176597,0.3261466718957544,0.5292552476246941,0.1445980804795513,10.085243671968176,23986.43333922412,13.0,161039.60583941606,190.61438690425285,190.61438690425285,1.0,27
27_529,2019,-0.8101681148396426,-0.02425556698205134,2019-20,0.2338368044152599,250437621,0.0801154911146516,0.76616319558474,0.1537213133006083,9.115647146371336,9096.519495953333,8.0,74544.0,79.96979503794675,318.5604152113884,1.0,27
27_530,2019,-1.5068562094801328,-0.05917061310669673,2019-20,0.3539398917500954,863757805,0.2356863472857417,0.6460601082499046,0.1182535444643536,9.275151229728277,10669.571986149387,34.0,385152.0,122.36451796364415,299.1762960856116,1.0,27
27_531,2019,-0.6970809702496208,-0.023839190591368905,2019-20,0.3303527990564378,611602316,0.243216139161906,0.6696472009435621,0.0871366598945318,9.538345124301715,13881.95569430986,3.0,195320.0,212.92019901760355,276.53261825240895,1.0,27
28_532,2019,-0.9825496696798571,-0.04290024873892245,2019-20,0.4588932107647938,606952488,0.1409735979202378,0.5411067892352062,0.3179196128445559,9.774173567129074,17573.960477406355,5.0,145997.21215754125,473.73780519395194,205.82071550265306,1.0,28
28_534,2019,-0.6420740547902872,-0.02430838576769539,2019-20,0.7292846161633656,1041560365,0.6164128106007567,0.2707153838366343,0.1128718055626089,9.679409245464369,15985.0508958483,29.0,303455.0,425.4211407708935,282.98487522917355,1.0,28
28_535,2019,-1.8877636845563157,-0.03141903216408841,2019-20,0.5378019032660695,764140665,0.4787803054559333,0.4621980967339305,0.0590215978101361,9.362109691649502,11638.917185405518,15.0,272955.0,523.6035602573689,365.96796508937086,1.0,28
28_536,2019,-0.6698971339282581,-0.02102434173614167,2019-20,0.7497021272707626,848630053,0.2470770098923187,0.2502978727292374,0.5026251173784438,9.651058114808963,15538.220630268026,28.0,1128844.0,498.49247559728013,385.13504853607594,1.0,28
28_538,2019,-0.890937373986228,-0.029661599770935305,2019-20,0.5055368210707486,1212490419,0.4546940003490452,0.4944631789292514,0.0508428207217033,9.569069337334057,14315.087605231409,28.0,282458.0,430.4410322501007,322.60100669705923,1.0,28
28_539,2019,-1.2435503662277163,-0.045409752802024105,2019-20,0.6228062830198892,1074177023,0.2908070991200116,0.3771937169801108,0.3319991838998775,9.399808800675869,12086.069660936002,16.0,305243.0271976688,417.6573732509604,311.2196225791132,1.0,28
28_541,2019,-0.5401111431576744,-0.013280585560318761,2019-20,0.5308076441751297,642159228,0.4749670559900449,0.4691923558248703,0.0558405881850848,9.855809293917185,19068.809979936053,9.0,233161.0,265.19395920850224,176.70339605001337,1.0,28
28_545,2019,-0.6814512045046379,-0.02777468815313562,2019-20,0.4485931680745501,820306697,0.057125266892707,0.5514068319254499,0.391467901181843,9.6458117302382,15456.91461709528,25.0,495531.8316326531,137.75134663099604,32.88257551955727,1.0,28
28_547,2019,-0.7530626983374589,-0.028684203159172215,2019-20,0.6099002631361609,594089765,0.5168696720435841,0.3900997368638391,0.0930305910925767,9.788458257210715,17826.800628561454,11.0,504040.0,282.1487663333613,159.32387565123494,1.0,28
28_548,2019,-0.39288545771298133,-0.012882186770756702,2019-20,0.5675492924426674,560982597,0.093641748034476,0.4324507075573326,0.4739075444081913,9.87249385420196,19389.633648127387,7.0,398604.342665248,341.0491232062589,224.84761524033797,1.0,28
28_552,2019,-0.7528559161650703,-0.02851784964893513,2019-20,0.5965621011799638,889519314,0.3780889045428866,0.4034378988200361,0.2184731966370771,8.618245962489699,5531.675113548764,23.0,330794.41824357107,357.2354233781174,264.3909913869147,1.0,28
28_553,2019,-0.6286588854740867,-0.01502576400777041,2019-20,0.6675814488248445,315380732,0.2550108609678793,0.3324185511751555,0.4125705878569652,10.182605972407544,26439.2776278726,15.0,482626.0,327.6463586738591,228.04752258685613,1.0,28
28_554,2019,-0.8818366122581062,-0.018072645453300017,2019-20,0.5942574968172124,881017779,0.1168581525299729,0.4057425031827876,0.4773993442872394,9.79153171693465,17881.67486598336,37.0,412579.0,142.31439748715255,105.61593552751559,1.0,28
29_555,2019,-1.3751259586034048,-0.0826978033192767,2019-20,0.4878821382858724,267895985,0.3226996627067778,0.5121178617141275,0.1651824755790946,8.804152409937478,6661.849381769483,7.0,341973.2119235437,133.39647903986338,352.3294101120863,1.0,29
29_556,2019,-0.7335699847716263,-0.030656862867430985,2019-20,0.6550418102522085,1075224320,0.6546543022761985,0.3449581897477914,0.0008726147972832544,10.046649084570031,23078.323620803283,58.0,136958.0,213.01173555218006,356.70810790076746,1.0,29
29_557,2019,-0.8215072098813915,-0.03174915947230946,2019-20,0.3220571117922114,247025447,0.3220571117922114,0.6779428882077886,,8.369273050731701,4312.499954253375,4.0,105077.0,273.6732840051357,342.2066754812153,1.0,29
29_558,2019,-0.7493898426434821,-0.02718380787047673,2019-20,0.5613098391030601,225143561,0.5587814168045427,0.4386901608969399,0.0092819168185952,9.45885136864544,12821.149212855296,14.0,89882.0,455.8640044250549,286.44714436889035,1.0,29
29_559,2019,-0.6195806632536419,-0.02833477162058654,2019-20,0.4492715015888378,190596229,0.4336401744863483,0.5507284984111621,0.0156313271024895,9.379197970823713,11839.515308568,13.0,95545.0,336.4248467561015,349.6194260812389,1.0,29
29_560,2019,-0.7911767037792398,-0.03438757602292544,2019-20,0.8328115723854265,585564458,0.8127759164645201,0.1671884276145736,0.0200356559209063,9.125766467761382,9189.0374200779,59.0,78314.0,257.83779188888826,281.3971451921689,1.0,29
29_561,2019,-0.961378551079568,-0.04250949269730932,2019-20,0.494699009301143,88751995,0.494699009301143,0.5053009906988569,,9.52601423340509,13711.829870341395,7.0,86026.0,198.30552688665932,270.5153705967246,1.0,29
29_562,2019,-1.3034998241205613,-0.07872330278993728,2019-20,0.5029854536818192,441364744,0.2745045308829651,0.4970145463181807,0.2284809227988541,9.68059773978717,16004.060332153682,6.0,148301.0,143.78587688978374,274.42730695819336,1.0,29
29_563,2019,-1.1023230484390898,-0.045924776827554456,2019-20,0.8222033896743133,460093524,0.4622447956907126,0.1777966103256867,0.3599585939836006,9.47817189252115,13071.268974349425,6.0,102190.0,110.42503506890469,208.3392574067511,1.0,29
29_564,2019,-0.7551899026458866,-0.020525417409448243,2019-20,0.9614864682637791,2496106113,0.7283649631444975,0.0385135317362207,0.2331215051192817,10.037679468097764,22872.245511552588,100.0,91504.0,187.29297538275196,203.8795200440561,1.0,29
29_565,2019,-0.5527540421458341,-0.026503441456396853,2019-20,0.0966518276238732,357828112,0.0966518276238732,0.9033481723761267,,9.564262280419507,14246.439294736689,2.0,177488.0,292.617050979756,236.26013238982023,1.0,29
29_566,2019,-0.5960139360586407,-0.02231914129065909,2019-20,0.3111915125864796,567601801,0.3030163552987035,0.6888084874135204,0.0081751572877761,9.149842801824164,9412.960562219489,25.0,120203.0,231.4029726080631,135.818937273233,1.0,29
29_567,2019,-0.8201166752143353,-0.023764363334811286,2019-20,0.409098522599885,518486287,0.3962977616802428,0.5909014774001149,0.0128007609196422,9.430008437158376,12456.63182974066,15.0,106653.0,206.31221295745286,154.9991093076851,1.0,29
29_568,2019,-0.9454017860609518,-0.022778037139884032,2019-20,0.1412591694895146,273184510,0.0754902904267888,0.8587408305104853,0.0736476964516373,9.433483923290392,12500.0,1.0,180951.0,132.0160695423178,130.92123417054017,1.0,29
29_569,2019,-0.8268427849731629,-0.02409996069314304,2019-20,0.5203422399484529,86746273,0.1745212846204931,0.5291977446243951,0.3815380149040907,8.517193191416238,5000.0,1.0,160877.0,60.77130924125416,61.05979023574643,1.0,29
29_570,2019,-0.864263112628682,-0.023618968817781343,2019-20,0.3829594393505176,551433453,0.3664555186135941,0.6170405606494824,0.0865278918914149,9.481192458969442,13110.811300897634,9.0,116827.0,113.91522877179005,65.52908834455647,1.0,29
29_571,2019,-0.9292248109841875,-0.03209501279403397,2019-20,0.4918803971396753,538478861,0.3549152730807013,0.5081196028603248,0.1369651240589739,9.273964185678103,10656.914248337816,10.0,223121.0,242.56591956557403,108.48805420673118,1.0,29
29_572,2019,-1.6246487416168007,-0.04412994797563555,2019-20,0.8850477962913798,347218885,0.8850477962913798,0.1149522037086202,,9.403619409269972,12132.212802745258,29.0,964145.5150305673,289.9867756047284,163.235893906426,1.0,29
29_573,2019,-1.001383974660463,-0.023911309210128812,2019-20,0.6149039705600343,62299801,0.4646054487397159,0.5310383109624144,0.1502985218203185,,,,116646.0,220.8695366489399,88.45961660533177,1.0,29
29_574,2019,-0.5616584348770594,-0.014571526645309063,2019-20,0.5377866664228603,502147273,0.4493513599146838,0.5304714708205461,0.0884353065081765,9.785521554103305,17774.525403737345,11.0,150910.0,143.36970700489485,2.4500514373290714,1.0,29
29_575,2019,-0.5250331565632035,-0.017333132080897495,2019-20,0.5405899066336975,398056890,0.5405899066336975,0.4594100933663025,,9.053538735165676,8548.736174574042,19.0,310886.9378717779,52.82608561207873,46.4335207257872,1.0,29
29_576,2019,-0.5200101599233574,-0.007833756778737107,2019-20,0.754875485111575,257782707,0.7016883331898598,0.245124514888425,0.0531871519217152,10.26788734924266,28792.993326271895,3.0,35118.0,128.7257492344972,81.68976845021722,1.0,29
29_577,2019,-0.5294831193854965,-0.022563456534597917,2019-20,0.6532523614456294,1136806398,0.6040378530663407,0.3467476385543706,0.0492145083792886,9.6388331493628,15349.422794786022,48.0,374394.0,196.40096315579765,96.24254187057059,1.0,29
29_578,2019,-0.9120927455598782,-0.03836058274561796,2019-20,0.6520393708417868,576253973,0.6265325358546379,0.3479606291582132,0.0255068349871489,9.167043364097816,9576.269250836658,46.0,47510.0,,,,29
29_579,2019,-0.7959176262991811,-0.030259409078585556,2019-20,0.5727132753802667,228267932,0.2777335144912076,0.4272867246197332,0.2949797608890591,,,,103933.0,382.37439203702286,326.3727218031852,1.0,29
29_580,2019,-0.9796184805479969,-0.043707032945945155,2019-20,0.830172767467735,132680882,0.7886219131404327,0.2738851988849299,0.0415508543273024,9.691284857320593,16176.014818198815,8.0,45072.11650485437,355.57394617037147,390.4007763872305,1.0,29
29_581,2019,-0.7424873793292788,-0.02723122514812915,2019-20,0.0928047372386287,572512768,0.0730392962468758,0.9071952627613712,0.0214692399663652,,,,94368.0,222.2573863297476,187.24909593240173,1.0,29
29_582,2019,-0.4662579942777083,-0.015144244636440747,2019-20,0.5301706740690882,339954337,0.5206874004375476,0.4698293259309117,0.0094832736315406,9.782723323433649,17724.857704861748,16.0,72321.0,268.63061081433057,198.9401020251411,1.0,29
29_583,2019,-1.4409332497801657,-0.05593392397102251,2019-20,0.4489718231856857,468668028,0.4455617463199345,0.5510281768143143,0.0048679941657196,9.46168538330536,12857.536073776331,18.0,82104.0,292.0115189341059,162.4995870767339,1.0,29
29_584,2019,-1.621803826378737,-0.06080246816727573,2019-20,0.2882212246017464,567415735,0.2091312765586241,0.7117787753982536,0.0790899480431222,9.5116894344706,13516.810803696266,7.0,81667.0,277.81322749713024,139.9857748534425,1.0,29
30_585,2019,-1.581085761843419,-0.06073215393949225,2019-20,0.9714472805211674,219879336,0.3064114173966761,0.0285527194788327,0.6650358631244911,10.00191915013029,22068.778478716104,48.0,111189.0,24.7830695167309,304.81309390094873,0.0,30
30_586,2019,-0.9297009599365468,-0.03547892344091845,2019-20,0.7193247687063712,141660733,0.2271704749685292,0.2806752312936288,0.4921542937378419,10.2017675165293,26950.779949464504,24.0,75999.0,40.78063161978387,263.11944282504754,0.0,30
31_587,2019,-0.6205597099917758,-0.018067137309490222,2019-20,0.515002647818307,2012978,0.467877443270617,0.484997352181693,0.04712520454769,,,,8373.0,302.6181341703414,306.6445474541107,0.0,31
32_588,2019,-0.6425698162963702,-0.015534187836629397,2019-20,0.7433343862676922,405014168,0.6813084499305713,0.2566656137323077,0.0620259363371209,9.50046532657604,13365.944912211698,55.0,110925.0,64.64670274713392,60.089966142262526,0.0,32
32_589,2019,-1.0080291333437914,-0.027347803741570326,2019-20,0.8599986838569765,548709363,0.8095916580887649,0.1400013161430234,0.0504070257682116,9.572937222308449,14370.563936357627,107.0,222924.0,129.94050522951346,125.2795242003749,0.0,32
32_590,2019,-0.6554000613520502,-0.014658274627144642,2019-20,0.7588187146800344,736644793,0.6632831666537009,0.2411812853199656,0.0955355480263335,9.24607226013049,10363.779440347063,66.0,61236.730595675166,195.4822064327977,143.43501772727024,0.0,32
32_591,2019,-0.9736413662830132,-0.03227895950510576,2019-20,0.7555205192156366,778092437,0.674116121758423,0.2444794807843634,0.0814043974572136,9.559041096966096,14172.249868461666,54.0,320920.90174746007,176.0233983698115,170.85366980016818,0.0,32
32_592,2019,-0.8424502681822096,-0.024897830683933628,2019-20,0.6363669864806494,139398116,0.5548567672177148,0.3636330135193505,0.0815102192629346,,,,290325.0,130.8417833730087,134.31063647166903,0.0,32
32_593,2019,-0.8525875580921476,-0.024866378292103867,2019-20,0.6614039986700762,523112675,0.5715096847920957,0.3385960013299238,0.0898943138779805,9.57001641059942,14328.65146396381,13.0,141472.15323977958,98.1405016948104,101.43942900548547,0.0,32
32_594,2019,-1.4313902324114045,-0.051823090839857006,2019-20,0.6441011998406176,718686705,0.568114967425201,0.3558988001593823,0.0759862324154166,9.766335382097278,17436.750962704496,47.0,304634.69821211486,56.98763411459274,60.45663125383095,0.0,32
32_595,2019,-1.4470782028701283,-0.03877894822853921,2019-20,0.7518965483393075,583485655,0.6939136232920756,0.2481034516606925,0.0579829250472318,9.437883054311463,12555.11026753106,83.0,469511.57756559027,25.08523361284546,26.749362194802675,0.0,32
32_596,2019,-0.7712426293142296,-0.01983667295863172,2019-20,0.3995062776659104,73852847,0.3350388915947953,0.6004937223340896,0.0644673860711151,,,,79529.7728722344,84.68169803331459,84.39011962888942,0.0,32
32_597,2019,-1.1866353794384492,-0.04237337678492564,2019-20,0.7152991229284871,838055950,0.6562013419271112,0.2847008770715129,0.0590977810013758,9.64134456857346,15388.020076756286,121.0,204431.99606377466,55.94661386146639,53.75157941116052,0.0,32
32_598,2019,-1.3237340152000312,-0.02567978214009352,2019-20,0.8108421785286531,105531116,0.6645384665504722,0.1891578214713469,0.1463037119781809,9.468769580652186,12948.944793135424,21.0,275262.4372419245,63.59926538826678,60.307704023086565,0.0,32
32_599,2019,-0.5739815693998067,-0.016955951266027763,2019-20,0.7581839726556057,480061538,0.668896940458496,0.2418160273443943,0.0892870321971096,9.439624385448226,12576.991918035814,55.0,113346.96432392823,105.56334267842631,103.09459863817825,0.0,32
32_600,2019,-0.9058842752841655,-0.017834784271949275,2019-20,0.9344836736634766,237614666,0.8063512754721966,0.0655163263365233,0.12813239819128,9.79116661525338,17875.147428087657,21.0,362534.2792809571,130.8039729609851,127.83649218055487,0.0,32
32_601,2019,-0.7294630031926169,-0.019792753754922243,2019-20,0.5672896807495784,159166493,0.464210359902822,0.4327103192504216,0.1030793208467563,8.752995212848342,6329.61829801393,10.0,390791.9256148946,126.28923310504517,169.89648367856444,0.0,32
33_602,2019,-2.060450356928792,-0.06415559888091459,2019-20,0.8344371395471615,201570406,0.7684430322574237,0.1655628604528385,0.0659941072897377,9.513251381362576,13537.939841242158,12.0,262169.50473262323,39.938714286821174,39.938714286821174,1.0,33
33_603,2019,-0.5897582710671763,-0.017413234359152905,2019-20,0.9774331110500812,845915582,0.8375344952565255,0.0225668889499188,0.1398986157935556,9.813436101172035,18277.68326949475,34.0,879072.0,2.814717598175505,2.814717598175505,1.0,33
33_604,2019,-1.2946233058712733,-0.0466701831212873,2019-20,0.6759675559711782,305057675,0.6143668406310381,0.3240324440288217,0.0616007153401401,9.25111669373989,10416.19091965039,8.0,320394.0,55.3404703976831,7.474206143656266,1.0,33
33_605,2019,-1.6785983211721311,-0.059000293151099774,2019-20,0.7646994682812132,217573091,0.7646994682812132,0.2718253876810831,,9.494151963868536,13281.826667947977,7.0,341423.0,139.86261597699783,96.64392590303119,1.0,33
33_606,2019,-0.4907240931780753,-0.015602602867629056,2019-20,0.4378750991045878,184305292,0.3962515303141702,0.5621249008954121,0.0416235687904175,,,,162356.0,139.73193540106263,86.42952469836438,1.0,33
33_607,2019,-0.6133289454222888,-0.024367916291870118,2019-20,0.8189599187661641,884973106,0.5774759736032024,0.1810400812338358,0.2414839451629618,9.989512154552312,21796.662801357314,43.0,168521.0,162.42733569719903,107.54423598280202,1.0,33
33_608,2019,-1.1274605856667428,-0.04483562263778784,2019-20,0.3714816770409762,244858704,0.1252299530262971,0.6285183229590238,0.2462517240146791,8.823579819341619,6792.537209696197,4.0,394452.0690902137,271.9261285352483,217.34197982386132,1.0,33
33_609,2019,-0.5631353882154589,-0.01644094910737469,2019-20,0.4889184708099988,60743557,0.388025548125211,0.5206940727030578,0.1027905408808592,,,,269561.0,255.14840727875614,248.63263647139277,1.0,33
33_610,2019,-0.6300924100994598,-0.020201496614107937,2019-20,0.7593960437651388,1163562721,0.7193157746414256,0.2406039562348612,0.0400802691237131,10.006480064487333,22169.66217338648,34.0,259204.0,214.0461463698021,216.8768606590276,1.0,33
33_611,2019,-1.0030791091441387,-0.02605281725993332,2019-20,0.5281599688189471,188304097,0.3634568875046834,0.4718400311810528,0.1647030813142637,10.126631103850338,25000.0,3.0,60569.0,171.30385969506148,174.68828350989506,1.0,33
33_612,2019,-1.12625901936063,-0.04323076086160061,2019-20,0.3079898155589323,626650786,0.2123560234391854,0.6920101844410677,0.0956337921197469,9.39784060476406,12062.305302167915,9.0,199407.0,178.09981384179935,179.08198438836172,1.0,33
33_613,2019,-1.1114448593226989,-0.01997698555854143,2019-20,0.8291538052491906,106912788,0.4617574185793378,0.1708461947508094,0.3673963866698528,9.54377058379064,13957.476364475016,9.0,113256.0,228.07980568829075,229.621111549995,1.0,33
33_614,2019,-1.5487323059790212,-0.047267493393945745,2019-20,0.7950396643695691,352761815,0.5519100246153343,0.2049603356304309,0.2431296397542347,9.43421196411584,12509.10382389371,18.0,248385.0,242.1503410028748,251.43427839105732,1.0,33
33_615,2019,-0.6173682190174872,-0.019954710607574325,2019-20,0.1121146630419747,138115645,0.0883398980615121,0.8878853369580253,0.0237747649804625,,,,26629.0,250.3529996160049,196.08530144323188,1.0,33
33_616,2019,-0.049543137488152963,-6.319802143461954e-05,2019-20,0.9414705233322368,631566368,0.812225970208724,0.0585294766677632,0.1292445531235127,9.811125351590716,18235.496880394177,15.0,47.0,240.52766951083777,189.11816958684219,1.0,33
33_617,2019,-0.7323004889886825,-0.02748713283148574,2019-20,0.4880852893478065,914978787,0.1649318105994516,0.5119147106521935,0.3231534787483548,9.521120723087082,13644.894796700206,23.0,189268.8632072671,193.16644584817948,142.15517117927263,1.0,33
33_618,2019,-0.6416697237439241,-0.007069252565414963,2019-20,0.6097155447731492,614288765,0.4841180320138201,0.3902844552268508,0.125597512759329,9.280820180197914,10730.229029714375,8.0,86404.0,,,,33
33_619,2019,-0.7064973048976164,0.010143070208843656,2019-20,0.6740250403240967,469288255,0.34332786998899,0.3259749596759032,0.3306971703351067,9.959667138790769,21155.752615979585,11.0,83403.0,264.51061555701716,232.04037903285894,1.0,33
33_620,2019,-0.738090540629307,-0.010754318357344896,2019-20,0.3698336983897436,577334518,0.2981175118304636,0.6301663016102564,0.07171618655928,9.087153542302262,8840.984713008798,9.0,178994.0,245.89761278759875,240.56422403445444,1.0,33
33_621,2019,-1.5069647051546424,-0.04990085766080403,2019-20,0.410500513686326,429388498,0.3214032901272544,0.5894994863136739,0.0890972235590716,9.513021430848832,13534.827142917624,10.0,119740.0,196.60660633680777,286.86799462780067,1.0,33
33_622,2019,-0.9362705274406292,-0.028880787740180058,2019-20,0.484638193012502,480297468,0.1438845124205401,0.515361806987498,0.3407536805919618,10.021556130760068,22506.42562512112,11.0,77995.0,138.733666871003,258.1251244766917,1.0,33
33_623,2019,-1.3804946982392445,-0.04694290599312989,2019-20,0.504521308155272,166268030,0.3846865870726922,0.495478691844728,0.1198347210825797,9.760386708895457,17333.333333333332,3.0,310342.0,130.26941288911854,192.4982440757554,1.0,33
33_624,2019,-0.6224904190215271,-0.022283529160987376,2019-20,0.9409172742994548,564516525,0.5947438615725199,0.0590827257005452,0.3461734127269348,9.566505515387302,14278.433277122766,29.0,81473.0,130.00181327284088,129.84594652462997,1.0,33
33_625,2019,-4.459665064881966,-0.03505621339589728,2019-20,0.8704935807333378,312959035,0.5703306344870344,0.1295064192666621,0.3001629462463034,10.0928464116578,24169.49093586078,13.0,282917.0,,,,33
33_626,2019,-0.48230741688056644,-0.018540430418620846,2019-20,0.616620117499616,556574585,0.164668857454208,0.383379882500384,0.4519512600454079,9.204353767574908,9940.312796088916,19.0,77147.0,96.55341250815934,272.39197058536917,1.0,33
33_627,2019,-3.6633645662406917,-0.02431750830348075,2019-20,0.6074426499027502,87180105,0.213035141446549,0.3925573500972498,0.3944075084562011,9.081055246005596,8787.233829660363,4.0,237770.0,20.279938969899117,225.46707876267493,1.0,33
33_628,2019,-0.8017349881271025,-0.02386398727586307,2019-20,0.8788378534526848,972395747,0.4524537024738755,0.1211621465473151,0.4263841509788093,9.290022667984132,10829.429577144709,41.0,350264.0,66.24137801807656,190.24633851724252,1.0,33
33_629,2019,-1.1612475632762247,-0.005228854288964832,2019-20,0.7044964011431474,633029485,0.5203153372863825,0.2955035988568526,0.1841810638567649,9.805472617893818,18132.707267559068,21.0,159504.0,100.5870589290631,219.03656505735174,1.0,33
33_630,2019,-0.6831808162699372,-0.0219950649325288,2019-20,0.4966309584949779,568225116,0.2074431993252477,0.5033690415050222,0.2891877591697301,9.643480790857204,15420.927444358716,13.0,76450.0,250.33013052066738,198.2856283970831,1.0,33
33_631,2019,-1.7733479673813193,-0.09216102983087963,2019-20,0.5504210564426454,372405773,0.3721311242938224,0.4495789435573545,0.178289932148823,9.654430213645366,15590.70548830547,8.0,133907.0,251.43730191215536,204.40454398961717,1.0,33
33_632,2019,-1.9031455662074974,-0.07837851688455132,2019-20,0.9095730531972752,846698951,0.7568976898378135,0.0904269468027249,0.1526753633594616,10.507088218820517,36573.82936022929,21.0,485881.0,128.12415892260233,130.90740715391465,1.0,33
33_633,2019,-0.9796994951755256,-0.03120159652958486,2019-20,0.8714681030628896,226763058,0.5320442715144545,0.1285318969371104,0.339423831548435,9.389579352958153,11963.066045360143,12.0,377605.0,158.98936104881386,161.16086659618034,1.0,33
34_634,2019,-1.6495380532120545,-0.04845850102137884,2019-20,0.978019477107148,60114266,0.7951396927977129,0.021980522892852,0.1828797843094349,9.936307415864627,20667.28751310572,14.0,5229.0,145.7876229441855,28.705889123062278,0.0,34
34_635,2019,-1.241872230823594,-0.02631307953264712,2019-20,1.0,1879836,0.391304347826087,,0.8043478260869565,8.987196820661973,8000.0,1.0,81301.0,142.07220898807,93.46749613431727,0.0,34
34_636,2019,-0.5363009507871584,-0.034231354931611085,2019-20,0.8947010975344829,266653672,0.691735435767785,0.1052989024655171,0.2029656617666979,9.813446642034,18277.875933046536,55.0,2149.0,155.83945059803304,151.6901885428344,0.0,34
34_637,2019,-0.3573307056036362,-0.01081394797716469,2019-20,0.586929757744193,10647010,0.2059769832093705,0.413070242255807,0.3809527745348224,9.42268715638432,12365.766362290116,5.0,13169.0,243.47567496310657,200.56255183366142,0.0,34
35_640,2019,-0.6070115361397636,-0.014588229665707471,2019-20,0.7637359384005414,39772947,0.2501449289136155,0.2362640615994585,0.5135910094869258,11.039722646515902,62300.370171523995,31.0,16996.0,1158.132747561048,1158.132747561048,0.0,35
01_001,2020,0.2027049451957588,-0.02790088582454424,2020-21,0.8200529158375355,100521890,0.0822768453716897,0.1799470841624645,0.7377760704658458,9.91154820695682,20161.86457921499,39.0,25709.0,1318.002257254863,720.5152395484214,0.0,01
01_002,2020,3.365427074237662,-0.10031538105747967,2020-21,0.6538731270044544,102891462,0.0320247174639233,0.3461268729955455,0.6218484095405312,9.14669431091194,9383.370547821729,36.0,50539.0,1263.1006716993331,640.8128623824553,0.0,01
01_003,2020,-0.28646979916057946,-0.06643394468908831,2020-21,0.4618165889113336,82931289,0.0246660461288621,0.5381834110886664,0.4371505427824714,9.819666761389604,18391.92082162805,8.0,13289.0,,,,01
01_004,2020,0.022143530585153157,-0.04793009478687101,2020-21,0.6512926376203558,81612200,0.0598533552581599,0.3487073623796442,0.5914392823621959,8.862612217472138,7062.908521062911,16.0,8520.605527797103,1340.2330500797034,601.5695327154986,0.0,01
01_005,2020,0.04393359899363029,-0.039990024474339,2020-21,0.5698983356423939,77479563,,0.4301016643576061,0.5698983356423939,9.085042583773964,8822.34144543575,26.0,17067.0,1229.0339315122046,641.2138692594557,0.0,01
01_006,2020,-0.08491995887025035,-0.028945570090600333,2020-21,0.6461623523798805,87331507,0.2186335682951171,0.3538376476201195,0.4275287840847633,9.54527854802366,13978.539616940105,9.0,24300.0,1194.6326026262507,594.4726637333914,0.0,01
01_007,2020,0.005246065715376399,-0.07490135783538045,2020-21,0.8342052854166857,58259891,0.0637476132593519,0.1657947145833142,0.7704576721573337,8.708464254505486,6053.938037165921,8.0,33078.0,1165.1306771261966,472.872576623659,0.0,01
01_008,2020,1.3829190185482487,-0.04925059477707021,2020-21,0.082191947433155,1315506,,0.9178080525668452,0.082191947433155,,,,46719.0,1285.1191578842765,675.8370374117372,0.0,01
01_009,2020,3.7644634336973732,-0.08476468477440711,2020-21,0.4917971078950343,10828376,0.0179363923085049,0.5082028921049657,0.4738607155865293,,,,17413.0,1332.0219947236108,697.7862933357843,0.0,01
01_010,2020,0.9758746530917989,-0.07455948162014185,2020-21,0.6936914033597094,377611240,0.3955602804619905,0.3063085966402907,0.2981311228977188,10.609487506528694,40517.4290132571,91.0,94972.98626226584,1300.8844736171752,661.0268621506079,0.0,01
01_011,2020,0.2851486586284538,-0.034125928283074966,2020-21,0.3696201762193302,127363326,0.1853604231409597,0.7160416794479858,0.1842597530783704,9.448560412287838,12689.88390707367,4.0,9319.0,1322.811224777645,664.5189965017952,0.0,01
01_012,2020,1.0313700169725155,-0.065582123822384,2020-21,0.6336379745895454,172934883,0.0422767105928536,0.3663620254104546,0.5913612639966919,9.81120357371186,18236.923355430463,25.0,33031.0,1280.131602638251,631.9384384153428,0.0,01
01_013,2020,0.14173170515526234,-0.04592501614991553,2020-21,0.5120071125924918,38263404,0.1334601856123412,0.4879928874075082,0.4490320022972889,9.903487552536127,20000.0,1.0,11735.0,1251.8878518468075,618.9135758408435,0.0,01
01_014,2020,1.2196309082864634,-0.03817477509905657,2020-21,0.803863945654832,24155671,0.0046860631609032,0.196136054345168,0.7991778824939286,9.210340371976184,10000.0,1.0,40940.0,1279.6818940443893,609.6621872399876,0.0,01
01_015,2020,1.8497795623919562,-0.05626405365912793,2020-21,0.8267482474428655,65619544,0.0098756553382937,0.1732517525571345,0.8168725921045717,9.12398847912962,9172.713931796674,12.0,32180.0,1238.7455306823542,602.9676389839384,0.0,01
01_016,2020,0.155746111121102,-0.04950753333301185,2020-21,0.3654557730406833,46075641,0.2719384848058869,0.6475091256784892,0.0954280174148027,,,,13054.0,1219.9006581720805,526.3894078365239,0.0,01
01_017,2020,0.051916749293615304,-0.04817003068449053,2020-21,0.2742124244961587,24396772,0.0381023768226386,0.7257875755038412,0.2361100476735201,,,,7288.0,1223.641615316836,564.2840331741197,0.0,01
01_018,2020,0.18244998820849315,-0.04367914779953528,2020-21,0.8986737079636906,298784347,0.0785728410330679,0.1013262920363093,0.8201008669306227,9.463676709021067,12883.165125426434,338.0,6465.0,1277.3327910171195,562.4565166825015,0.0,01
01_019,2020,0.32981434557607997,-0.08773909228326264,2020-21,0.5479007261890498,119407887,0.2405505509028896,0.4520992738109503,0.3073501752861601,10.596634733096073,40000.0,3.0,24822.0,1186.2907382504748,515.5929496790396,0.0,01
01_020,2020,-0.20737351175412444,-0.05236529088647228,2020-21,0.4441357811031042,21047023,0.0569186910661902,0.6242741770110845,0.387217090036914,,,,12116.0,1198.5696969180742,566.3384967794141,0.0,01
01_021,2020,-0.050562154797675306,-0.06317419951478784,2020-21,0.499589081854129,134521925,0.3296649969884091,0.500410918145871,0.1699240848657198,9.817025442502814,18343.405993568947,11.0,99204.0,1152.273855215733,524.2028048219834,0.0,01
01_022,2020,0.13226183403775454,-0.0948491171583181,2020-21,0.604345744772016,79876343,0.1634028613453172,0.3956542552279841,0.4409428834266987,9.951002150181104,20973.23017995929,23.0,18197.0,1145.8719177543987,492.12678453998825,0.0,01
02_023,2020,-0.015086384236717043,-0.028583335400118117,2020-21,0.2833685777796835,373785604,0.1318395852398852,0.7166314222203164,0.1515289925397983,9.208818650427045,9984.794356820272,18.0,29008.0,1210.2820923480904,463.89688943886586,0.0,02
02_024,2020,-0.07834189666002161,-0.052676729764245867,2020-21,0.1196246794756894,142486852,,0.8857920501895248,0.1196246794756894,,,,100773.0,1155.1338067900313,403.9690560324081,0.0,02
02_025,2020,0.26479347412683196,-0.02149264951688336,2020-21,0.3466828187424657,148899747,0.177711913775112,0.6533171812575344,0.1689709049673536,11.855580172755223,140868.22709189414,10.0,4562.0,,,,02
02_026,2020,0.05367480410839843,-0.027837423104211473,2020-21,0.4060767338306543,113166747,0.2084406915045459,0.5939232661693457,0.1976360423261084,10.644287532199792,41952.25782252908,3.0,33011.0,1194.228285915483,368.4421614695813,0.0,02
02_027,2020,-0.12550476118788773,-0.04653289661527482,2020-21,0.2134115106069786,135669266,0.1424373077982157,0.7865884893930214,0.0709742028087628,,,,68054.0,1147.9695333430807,341.3324465577584,0.0,02
02_028,2020,-0.09379234336218677,-0.04627318805083726,2020-21,0.1169423381088051,13334110,0.044209924771882,0.8830576618911948,0.0727324133369231,,,,36087.0,1125.2674428758999,352.2382660071437,0.0,02
02_030,2020,-0.11790207303528757,-0.05028062523180821,2020-21,0.31668020907337,94937581,0.0578880664760143,0.68331979092663,0.2587921425973556,9.216009270200644,10056.849968340848,3.0,31970.0,1106.616214294765,317.53362130041984,0.0,02
02_031,2020,-0.12190569168158075,-0.23198735893279585,2020-21,0.342213073395835,263838091,0.1654178774360522,0.6577869266041649,0.1767951959597827,10.07313547032869,23697.752000590288,13.0,83294.0,1091.2290705902424,277.7847036334681,0.0,02
02_032,2020,0.44720108537968517,-0.1734988474412762,2020-21,0.3331710170065212,70531003,0.1879212606688721,0.6668289829934788,0.1598195295211764,10.2903646072223,29447.5091696396,5.0,39785.0,1091.2137981175215,232.8999924399477,0.0,02
02_033,2020,-0.10910156073986471,-0.025637080490784444,2020-21,0.4089324325701233,180977196,0.1825977511553444,0.5910675674298767,0.2263346814147789,10.389397905876274,32513.08510409572,8.0,70561.0,1147.4216563380933,291.7719943394529,0.0,02
02_034,2020,1.17132373025069,-0.049257166312544134,2020-21,0.1682952713590058,303349652,0.0808262506264553,0.8317047286409941,0.0874690207325505,9.598228690322582,14738.65171396667,13.0,9779.0,1228.7959295737614,348.50504804964356,0.0,02
03_035,2020,-0.14023072583324706,-0.05810703513870047,2020-21,0.8067195143263794,786481752,0.2888419488720699,0.1932804856736205,0.5178775654543095,9.94648849594033,20878.77759412944,96.0,138217.0,1103.395078075214,426.4078038627572,1.0,03
03_036,2020,0.1538282583830986,-0.17481401494628324,2020-21,0.530420421856966,269122402,0.1032896510785452,0.4695795781430339,0.4271307707784207,9.747494500265086,17111.302691700595,12.0,82876.0,1039.9032627420806,361.5340237021696,1.0,03
03_037,2020,1.5070208278051211,-0.15770869810858518,2020-21,0.6511921758540099,165769504,0.0597978141986839,0.3488078241459901,0.591394361655326,9.398996883594029,12076.260757073098,13.0,259495.0,1034.4156365509295,340.2614216056361,1.0,03
03_038,2020,0.38391962548397346,-0.10122459845202951,2020-21,0.5570786916303009,104160315,0.0958701209764966,0.4429213083696992,0.4612085706538041,10.101678078147618,24383.893190053746,3.0,137481.0,1087.4364368096783,367.92232845409507,1.0,03
03_039,2020,-0.45274007963965296,-0.12977996492310007,2020-21,0.3893942813543591,364179131,0.0703847003248519,0.610605718645641,0.3190095810295071,9.258942811262896,10498.029073733192,27.0,52848.0,1055.0603392622754,304.849443049838,1.0,03
03_040,2020,-0.15420682302135158,-0.3523968894039979,2020-21,0.2756199837208272,109380251,0.1043605211694019,0.7243800162791727,0.1712594625514253,8.582905533166075,5339.597385649706,6.0,66533.0,1024.2247814254295,249.0504688053809,1.0,03
03_041,2020,2.1527330358930064,-0.25306213008445294,2020-21,0.6639035650764604,169526883,0.1418523279284265,0.3360964349235395,0.5220512371480339,9.663489665713524,15732.590467050495,31.0,496130.0,1010.9883745679975,289.15931020586174,1.0,03
03_042,2020,-0.17510801203272108,-0.07103043214435026,2020-21,0.5901511793585549,213364247,0.1145031107296997,0.4098488206414451,0.4756480686288551,9.553536702992872,14094.454526227615,25.0,67556.0,973.4864994358509,323.337616880248,1.0,03
03_043,2020,-0.3315197447492501,-0.04788756479294509,2020-21,0.7408979942325672,46111677,0.2761417026754416,0.2591020057674328,0.4647562915571255,10.023158710265967,22542.52287821238,13.0,121108.0,918.1466817567224,361.20679169969026,1.0,03
03_044,2020,-0.1990597609406105,-0.0929642441353483,2020-21,0.7640902791750228,458774817,0.2987557640941743,0.2359097208249772,0.4653345150808485,10.07023799155623,23629.187647061637,64.0,46989.0,898.8100800772172,333.30677110325735,1.0,03
03_045,2020,-0.19576741134516676,-0.06991594003206134,2020-21,0.4786440832684611,358792652,0.1521812687512898,0.5213559167315389,0.3264628145171713,9.172132082718845,9625.12439009631,18.0,42997.0,940.0318185138631,336.9466501096963,1.0,03
03_046,2020,-0.1052556903899384,-0.0676788069833095,2020-21,0.8320799937538935,659213869,0.3967814320969633,0.1679200062461064,0.4352985616569302,9.540530495793638,13912.32609775624,82.0,76081.0,912.3521327779342,287.8514377902318,1.0,03
03_047,2020,-0.23189542994834703,-0.11033959076285804,2020-21,0.6294521670306512,200799744,0.0681867751783587,0.3705478329693488,0.5612653918522924,9.528030548889117,13739.505136881287,45.0,37990.0,908.3991499097582,239.53739545025698,1.0,03
03_048,2020,-0.10319875454956913,-0.07742181316293159,2020-21,0.7452670013120375,459282612,0.1568630471035555,0.2547329986879625,0.588403954208482,9.67949337203783,15986.3957199737,59.0,157937.0,993.1944149247596,214.86801128780968,1.0,03
03_049,2020,0.4642567670475017,-0.09337509109777925,2020-21,0.7164837222067667,216283310,0.2269210231709511,0.2835162777932333,0.4895626990358155,9.376649026270274,11809.375469215049,22.0,218677.0,1051.3620196873505,419.6228313303092,1.0,03
03_050,2020,-0.05957284259273926,-0.05399223860513532,2020-21,0.7325906388174425,56590158,0.0608615017473533,0.2674093611825576,0.6717291370700891,9.637827839692454,15333.999625445806,8.0,50927.0,1013.0530018138962,390.5421151470247,1.0,03
03_051,2020,-0.25513518260148477,-0.14897841826856736,2020-21,0.5186859201090362,94270311,0.0667992492355308,0.4813140798909638,0.4518866708735054,9.128102236318984,9210.525971129504,4.0,52830.0,1068.5907552136866,288.9174810521986,1.0,03
03_052,2020,0.8247982403878951,-0.2047779629782858,2020-21,0.4487687545636832,62338627,0.1943208181341562,0.5512312454363167,0.254447936429527,8.517193191416238,5000.0,2.0,90074.0263425477,1050.061074045667,242.47137671839172,1.0,03
03_053,2020,-0.01827441554899317,-0.10723927423042996,2020-21,0.8868448146619289,366562194,0.5273926694142386,0.1131551853380711,0.3594521452476902,10.299159094988358,29707.627054025947,31.0,119822.0,959.3390986729692,233.96422272476244,1.0,03
03_054,2020,1.0620311038098096,-0.0888707535396201,2020-21,0.5582939081135632,164714364,0.319671835056231,0.4417060918864368,0.2386220730573321,9.428627091008307,12439.436788206203,17.0,51340.0,955.9881413128353,271.6641167526568,1.0,03
04_055,2020,0.008272087891649911,-0.08727851046825705,2020-21,0.9502749792491898,195479114,0.7525815468961047,0.0497250207508102,0.197693432353085,10.420392379632167,33536.59063960514,50.0,186187.84309056573,1056.843037289645,246.66397521762707,0.0,04
05_056,2020,-0.005037175948140012,-0.018189781627899526,2020-21,0.6617421493573293,335025661,0.1631532666388799,0.3382578506426706,0.4985888827184494,9.908898480920715,20108.511877939913,58.0,18005.0,1191.6077428880349,290.35104937759127,0.0,05
05_057,2020,0.8951459194680096,-0.07047361581137715,2020-21,0.3104401408610894,32971490,0.1260528717385838,0.6895598591389106,0.1843872691225055,,,,25321.0,1216.9376773560386,299.07062918538884,0.0,05
05_058,2020,-0.048312662793444365,-0.02810519907354069,2020-21,0.5269259239176748,63755491,0.1592370451668233,0.4730740760823251,0.3676888787508514,9.693105658643072,16205.494957966343,9.0,11816.0,1189.5979410799662,269.852798924154,0.0,05
05_059,2020,-0.10579481490882557,-0.029337816016026676,2020-21,0.6107400270223712,266564320,0.2022067356951598,0.3892599729776287,0.4085332913272114,9.624915589283225,15137.275988181167,69.0,28321.78901098901,1146.2371070030686,234.7606911034044,0.0,05
05_060,2020,-0.09615957593126254,-0.056205355444833134,2020-21,0.7594135143706998,287133651,0.294630492474043,0.2405864856293002,0.4647830218966567,9.743747139882307,17047.300468490863,42.0,104493.76383763837,1109.9979640919328,217.74207070034834,0.0,05
05_061,2020,-0.2529738147910695,-0.11892886819986041,2020-21,0.6068991090794339,164321159,0.431975695838416,0.3931008909205661,0.1749234132410178,10.062698609976676,23451.708068801556,13.0,36622.0,1123.1922046735494,198.41322445357054,0.0,05
05_062,2020,0.9880060411662811,-0.06822438489641879,2020-21,0.1577033782391095,155968948,0.0089291524996544,0.8422966217608905,0.1490754749464617,9.104979856318357,9000.0,2.0,28451.0,1135.2870910052952,331.038690072134,0.0,05
05_063,2020,0.3850868101458577,-0.056775124045593844,2020-21,0.2205550802971881,86091184,0.0419742281625491,0.7794449197028118,0.178580852134639,8.987196820661973,8000.0,2.0,10785.08888888889,1159.9002581989282,284.6973121795091,0.0,05
05_064,2020,0.25102339056400524,-0.05952269772379365,2020-21,0.0479697418697786,94026960,0.026630957759349,0.9713144958106198,0.0217710205662376,,,,37341.0,1163.873092188296,238.2750065405873,0.0,05
05_065,2020,0.07091294421073535,-0.06371709347587425,2020-21,0.4294393988886871,75202045,0.3156302863838344,0.6420709283471643,0.1138091125048527,9.733210179433303,16868.616782389832,2.0,15476.0,1094.9316635208818,270.2354363811043,0.0,05
05_066,2020,0.03573419738380243,-0.07296269923066329,2020-21,0.1965821931945055,56807775,0.0735491400604934,0.8034178068054945,0.123033053134012,,,,65199.0,1136.2567448068003,215.46400590427916,0.0,05
05_067,2020,-0.03884121132962137,-0.09398035102714702,2020-21,0.6781297227461,475871178,0.1360126941749769,0.3218702772539,0.5421170285711231,9.344850387501156,11439.761164663834,42.0,93688.0,1117.2764367384125,211.86229488269345,0.0,05
05_068,2020,0.2090042365011149,-0.19657086244752967,2020-21,0.1845197715923927,215253426,0.0166515863027425,0.8524609937286988,0.1678681852896501,9.305650551780507,11000.0,1.0,138165.0,1066.8415566098251,157.11037444187355,0.0,05
06_069,2020,-0.06434724551466504,-0.1449738122274708,2020-21,0.5320748994388651,120911026,0.455610929974244,0.6930896089720107,0.076463969464621,9.982684600885944,21648.351793149333,6.0,25881.897819692953,1064.8093404535416,238.17175511145558,1.0,06
06_070,2020,-0.0319698353237204,-0.07501503061669368,2020-21,0.9985804789964275,162330814,0.789706266119013,0.0055384990482988,0.2088742128774146,10.051723844939229,23195.738256488235,13.0,88975.15917545625,1032.7797697488043,200.42253685474026,1.0,06
06_071,2020,0.1803238317845128,-0.25518087242687104,2020-21,0.5900433066359687,133762641,0.5159240688138028,0.4099566933640313,0.0741192378221659,9.833646465462332,18650.840022197724,21.0,100708.16732380484,1048.234164657495,185.87987457632843,1.0,06
06_072,2020,-0.15661721415798813,-0.06021509791858703,2020-21,0.3989452520487697,224258127,0.1351369219274715,0.6010547479512304,0.2638083301212981,9.679974537965744,15994.08967979153,21.0,92140.0,999.6865243053666,174.65295847086213,1.0,06
06_073,2020,-0.13017926260253065,-0.0706775402208929,2020-21,0.282145196978602,363090200,0.1690619741320476,0.717854803021398,0.1130832228465543,9.317235065391092,11128.170613442682,14.0,78263.0,957.6530932792492,167.7662457477414,1.0,06
06_074,2020,-0.5550452164996825,-0.08750776892210019,2020-21,0.5116821267302987,141360134,0.0291183651537851,0.4883178732697013,0.4825637615765135,9.666459094303551,15779.376700790463,6.0,90057.0,977.0843131841033,134.74115957050233,1.0,06
06_075,2020,3.449029477084669,-0.13616131729280734,2020-21,0.5364020774641896,118536243,0.4317754612823354,0.4635979225358105,0.1046266161818541,9.362862118367763,11647.677913156973,10.0,119797.0,952.0718234997601,97.71913937035711,1.0,06
06_076,2020,0.7508805125300685,-0.19634925937086897,2020-21,0.9745039340451078,323888635,0.8317856876947843,0.0715277125379867,0.1427182463503234,10.170193227162136,26113.122041035025,46.0,119254.0,928.1970917811869,75.54565523464879,1.0,06
06_077,2020,-0.05759443477292103,-0.07760226504013144,2020-21,0.623725041948789,380523500,0.3185005499003346,0.376274958051211,0.3052244920484543,9.325806133316371,11223.96084552675,31.0,75382.0,919.156915250426,143.40377028750976,1.0,06
06_078,2020,-0.016065018876538984,-0.11769665108843029,2020-21,0.6223641591274048,164094978,0.2926254818109058,0.3776358408725951,0.329738677316499,8.93164873940819,7567.732314557801,6.0,62395.0,887.1046531679262,207.54431492159117,1.0,06
06_079,2020,0.004494576548059382,-0.08131061561974796,2020-21,0.3444066364122915,123838177,0.1710544075596332,0.7017109762592739,0.1733522288526582,9.195987855945177,9857.499903331376,5.0,87232.0,853.0027560842256,266.0832835268279,1.0,06
06_080,2020,-0.04379627207346697,-0.0918441861201201,2020-21,0.6762177817085796,514588818,0.3250227466077586,0.3237822182914204,0.351195035100821,9.517772251284695,13599.281660995195,36.0,105667.0,870.5490698711827,168.44056945674456,1.0,06
06_081,2020,0.14338720062161234,-0.11062458433779901,2020-21,0.7744596314749234,161423262,0.4294676562786843,0.2255403685250766,0.3449919751962391,9.289743344819954,10826.405089033417,13.0,82612.0,839.8772325099314,138.36085408948264,1.0,06
06_082,2020,-0.03747051088636716,-0.08144462524536442,2020-21,0.9312242688041232,193963245,0.6836763583739796,0.0687757311958768,0.2475479104301436,10.297282394369596,29651.927014449106,32.0,78305.15320204683,892.9244079571947,92.57689810171485,1.0,06
06_083,2020,-0.45092302106686694,-0.218767344966833,2020-21,0.7130246401268425,495167662,0.4051804578466192,0.2869753598731575,0.3078441822802233,9.4324638912842,12487.25610062017,41.0,83882.0,877.9371880395923,71.7816989482941,1.0,06
06_084,2020,-0.16306495165234075,-0.0570743489992516,2020-21,0.5774013141318411,301337345,0.1717314825349642,0.4225986858681588,0.4056698315968769,9.601726420862615,14790.293808601707,15.0,45962.0,810.1530016836425,126.63662184190821,1.0,06
06_085,2020,-0.15919494165793788,-0.24155427620009984,2020-21,0.6683890369685569,166307249,0.3446616148403729,0.3316109630314431,0.3237274221281839,9.63861861140295,15346.130114149895,10.0,69589.0,843.4968590757062,87.98651661733973,1.0,06
06_086,2020,0.25793531483671883,-0.22470556180129544,2020-21,0.6562996694513412,130288836,0.3573890168149173,0.3437003305486588,0.2989106526364239,10.000676481212531,22041.371326182893,10.0,141993.7881744579,881.9960450710128,47.05357494386657,1.0,06
06_087,2020,-0.28867740944018244,-0.05425796900914531,2020-21,0.4284843989450677,451992223,0.1578586364305653,0.5715156010549323,0.2706257625145024,8.978523215025692,7930.9112124949515,20.0,37316.0,863.6282351684222,68.9078553994396,1.0,06
06_088,2020,0.6819249926418908,-0.3438504813773722,2020-21,0.8167380322351735,197998376,0.2959279272068373,0.1832619677648265,0.5208101050283362,9.687863039959822,16120.758043078073,2.0,204649.0,910.5794518019031,22.377175293383694,1.0,06
06_089,2020,-0.24513532405710073,-0.07516793977060994,2020-21,0.5833165157876218,189335990,0.3483285454603744,0.4166834842123782,0.2349879703272473,9.990053507394384,21808.46568118551,18.0,49605.0,888.9328856726188,53.64189326424226,1.0,06
07_090,2020,-0.04559017110293562,-0.1719843479992088,2020-21,0.919726190609986,671956064,0.2989818185493746,0.0802738093900139,0.6207443720606114,10.091889273362101,24511.33931205499,165.0,7701442.080917814,921.162116577303,38.764171569456444,1.0,07
08_099,2020,-0.2854478749871856,-0.0826876057238329,2020-21,0.6389322152607888,806730241,0.1610510482896351,0.3610677847392112,0.4778811669711536,9.706437159721778,16422.985044963814,87.0,117882.10852090032,768.6176517476222,345.4675699398352,1.0,08
08_100,2020,0.06547848472314481,-0.07429662538945309,2020-21,0.2257551805624637,316779406,0.0031154487359572,0.7742448194375363,0.2226397318265064,,,,91250.0,803.2258577949607,283.46732637144754,1.0,08
08_101,2020,-0.03551261051439671,-0.08235200214766153,2020-21,0.496118281878435,168080726,0.0164278871267355,0.7332551803338487,0.4848292897068995,9.381380845110368,11865.387709928002,9.0,117807.4416172751,633.4713900758419,211.52633339013,1.0,08
08_102,2020,-0.28768731255034385,-0.07969105749943804,2020-21,0.283562056451851,444029302,0.1348839203409148,0.7164379435481489,0.1486781361109362,9.998918153821904,22002.64943211299,8.0,91329.96387839496,729.1068006120845,188.4413314615973,1.0,08
08_103,2020,-0.267359404476575,-0.061736067932036454,2020-21,0.5763393180432352,561512987,0.1337923391609818,0.4236606819567647,0.4425469788822533,9.79946539585671,18024.106589648374,38.0,94767.0,762.9952216477676,130.4068893807528,1.0,08
08_104,2020,0.3795873306384047,-0.2301704212661133,2020-21,0.4936374357100949,419073958,0.0037230087665367,0.5063625642899051,0.4911105309006101,9.476485216572868,13049.240561975872,25.0,185648.0357142857,803.9360743457227,108.6151331558119,1.0,08
08_105,2020,0.033250574932149744,-0.05448059461560191,2020-21,0.3625904965231299,1047828930,0.0193799821885047,0.63740950347687,0.3432105143346252,9.894614855706696,19823.330987721016,21.0,115812.0,836.5127482100032,140.94138005176825,1.0,08
08_106,2020,0.13047350518878864,-0.04811036819694203,2020-21,0.3429253715301059,831834608,0.3341677123392779,0.6570746284698941,0.0109649230709302,9.468368136114172,12943.747553246763,41.0,39581.0,842.398111810306,188.6843042249142,1.0,08
08_107,2020,0.25091641244275154,-0.12513052391154214,2020-21,0.2830148407931606,285057069,0.1896863992522143,0.7169851592068394,0.0933284415409463,9.042813439530358,8457.538387626602,9.0,43766.0,770.263012531242,122.56983475322319,1.0,08
08_108,2020,0.3841667571259129,-0.0615703433043695,2020-21,0.70033562688221,480807136,0.654038999121677,0.29966437311779,0.046296627760533,9.86925324362786,19326.90109708261,22.0,56413.35743931089,711.82576048039,100.76146678592418,1.0,08
08_109,2020,0.6521408090448109,-0.07892610232241963,2020-21,0.7686075064268828,2579938112,0.6599216590045087,0.2313924935731171,0.1086858474223741,9.75505051336794,17241.085622330404,134.0,73071.0,750.8454274198258,71.10760273005909,1.0,08
08_110,2020,0.0787391464993338,-0.12320875684974082,2020-21,0.39521650644773,623271207,0.1574619233132648,0.6047834935522699,0.2377545831344652,9.823792395998376,18467.95590532945,17.0,483693.58800970495,695.3904832055781,9.639812297754286,1.0,08
08_111,2020,-0.6594855871121964,-0.10381248893513653,2020-21,0.2943991562706546,284785164,0.288278163254319,0.7056008437293454,0.0087941064924903,9.466271612079469,12916.639102091343,24.0,137014.0,709.9060146676604,92.58874021789806,1.0,08
08_112,2020,-0.5657392143397573,-0.08691343737390263,2020-21,0.569533231679295,399739489,0.3772236422706789,0.7318843482431691,0.192309589408616,9.641591336993123,15391.817822714997,8.0,130496.0,590.6843793768988,144.863343797914,1.0,08
08_113,2020,-0.19863613244710698,-0.172876168631171,2020-21,0.3728791742685221,432270017,0.3434132652323189,0.6271208257314779,0.034921175985443,9.953835173844396,21032.732082707014,10.0,180367.0,480.1761671959897,60.18191444814743,1.0,08
08_114,2020,-0.2897859511309754,-0.06167194494064723,2020-21,0.3855928474850043,576587788,0.059710543158434,0.6144071525149957,0.3258823043265703,8.966880242484358,7839.107303283879,4.0,23363.0,447.8160523332288,226.478007599293,1.0,08
08_115,2020,-0.33875703732049434,-0.09834129446071922,2020-21,0.4659273997615165,584218136,0.3325157009504408,0.5340726002384836,0.1334116988110756,9.245498330441697,10357.83306620171,28.0,73146.3348051822,321.92070018857066,161.91981287768598,1.0,08
08_116,2020,-0.8612767601360761,-0.1473751544070946,2020-21,0.5191451744423833,24628791,0.0805877560128712,0.6008947307060035,0.438557418429512,,,,89693.0,301.95039832168857,147.6481785699451,1.0,08
08_117,2020,-0.04521634373767279,-0.08281383714518085,2020-21,0.4511382255559857,302239392,0.4054432818604929,0.5488617744440142,0.0456949436954928,9.957665064871035,21113.439606434873,14.0,64420.0,318.47401009030733,162.7260838773112,1.0,08
08_118,2020,-0.35728286368304446,-0.1276309937132899,2020-21,0.1872670554675931,545996127,0.0933870287325316,0.812732944532407,0.0938800267350614,9.635624134328616,15300.24521427077,12.0,119987.0,440.50448426867854,75.52906373532387,1.0,08
08_119,2020,0.11135233875813763,-0.07247521150408133,2020-21,0.5505196218827034,610504312,0.1836127195117992,0.4494803781172966,0.3669069023709041,9.260331239289563,10512.614954903913,31.0,199455.27730375426,572.2015367052002,123.73290593474538,1.0,08
08_120,2020,0.47791079455844543,-0.08871164374737264,2020-21,0.2503617818564139,793044192,0.0757802321815629,0.7496382181435861,0.1745815496748509,9.903274999656986,19995.749394172413,13.0,72960.0,640.1276238181887,84.13433493429022,1.0,08
08_121,2020,0.2875361112461402,-0.07193928878776722,2020-21,0.3489310312566787,209852207,0.1970389046230045,0.6510689687433213,0.1518921266336741,8.976760418979733,7916.942948785868,8.0,60594.0,614.8692195577302,156.8214982288024,1.0,08
08_122,2020,-0.0633456418780826,-0.06701783633823682,2020-21,0.2628651020228462,626494235,0.0085443052799999,0.7371348979771538,0.2543207967428463,10.285523946238548,29305.30821191831,5.0,148761.0,523.4822060271559,186.84460546393936,1.0,08
08_123,2020,-0.17299412967504169,-0.09826182092553136,2020-21,0.2640621559740493,673200487,0.1052031161112335,0.7359378440259507,0.1588590398628158,,,,83762.0,437.9040631441492,140.20030633281928,1.0,08
08_124,2020,-0.2281427088677641,-0.04952079862617289,2020-21,0.2975239864181336,1034279060,0.0312476006233752,0.7024760135818664,0.2662763857947583,9.571427836176245,14348.889568050605,23.0,42170.0,373.00251399772964,228.54035171157597,1.0,08
08_125,2020,3.2931958593274104,-0.09646928532754008,2020-21,0.5024876734736167,589140020,0.0881363398127324,0.4975123265263833,0.4143513336608842,9.166342521709526,9569.560146710885,38.0,67040.11611678732,419.06510414101643,170.54995868860811,1.0,08
08_126,2020,-0.13952360030984198,-0.06819865064099526,2020-21,0.5210798668990213,230046092,0.4557678510791654,0.4789201331009787,0.0653120158198558,9.471295290783177,12981.691411009186,8.0,90715.0,496.5406668285611,231.11743680561835,1.0,08
08_127,2020,-0.1890828690684864,-0.1290962752170832,2020-21,0.2824695850868824,853263575,0.0729038691239105,0.7175304149131175,0.2095657159629719,9.113560743747156,9077.560278963676,4.0,126947.63283914982,632.6295567149957,197.32443403568965,1.0,08
08_128,2020,-0.16138544737149046,-0.046393927950872764,2020-21,0.5426696618829737,542213038,0.5256936315131544,0.4573303381170262,0.0169760303698193,8.890747748191771,7264.449131827201,12.0,36843.0,687.0795824955745,229.15810516944757,1.0,08
08_129,2020,-0.16064197566634092,-0.07355918232466778,2020-21,0.4650869925697073,295858199,0.1468808305697825,0.5349130074302927,0.3182061619999248,10.218731009374531,27411.859011368208,10.0,61417.57518056467,614.8908139245414,178.02264016513607,1.0,08
08_130,2020,-0.15158764029371397,-0.09627947764625758,2020-21,0.2959541103950813,226143590,0.045378213019436,0.7466000780965363,0.2505758973756453,8.735882458418196,6222.222633119932,6.0,150802.0,380.5955249711168,210.08976542972403,1.0,08
08_131,2020,-0.029928515214686053,-0.06162075705970729,2020-21,0.0730968258110828,1134000746,0.0494038281699684,0.9274160840155948,0.0237061083647066,,,,27681.0,460.4695450541665,184.76866130697078,1.0,08
09_132,2020,-0.10157547031730096,-0.07513266958740035,2020-21,0.3696908154026468,569310281,0.005461944222293,0.6303091845973532,0.3642288711803537,9.41876311040264,12317.33760695984,18.0,195180.0,1041.6165768661713,155.05460595319056,1.0,09
09_133,2020,-0.135721322348496,-0.08247614608470813,2020-21,0.3346777156064586,622890292,0.1798954879200461,0.6653222843935414,0.1547822276864125,8.976823888982684,7917.445453124996,9.0,186703.0,1006.1258138542657,100.4605710476946,1.0,09
09_134,2020,-0.14085670833101224,-0.07815458278194919,2020-21,0.6627492097419498,910677531,0.3766335704180232,0.3372507902580502,0.2861156393239266,9.474241671822297,13019.996823898126,66.0,150832.0,1060.6855626005733,134.0738552265797,1.0,09
09_135,2020,-0.5784099900197931,-0.3768624196113824,2020-21,0.3534577321072703,528405583,0.2509677873710127,0.6465422678927296,0.1024899447362576,9.40379870295303,12134.388226876366,18.0,198460.0,1043.9305217869182,129.36278183922045,1.0,09
09_136,2020,1.5122702546490083,-0.07187201959984094,2020-21,0.1824955523306959,835516817,0.0050854756858317,0.8175044476693041,0.1777339043075179,10.380028439439116,32209.877509270726,6.0,86682.0,1076.6010024452996,167.29265815185227,1.0,09
09_137,2020,0.04085434565079814,-0.04037955746788702,2020-21,0.2986366104923397,252145552,0.2420186099495421,0.7013633895076602,0.0566180005427976,8.160518247477505,3500.0,1.0,62607.0,1016.927609509191,95.18852803562291,1.0,09
09_138,2020,1.014755462371356,-0.07827122109428149,2020-21,0.3262418231076374,416925202,0.0289736239067649,0.6737581768923626,0.2972681992008725,9.0750614679008,8734.722627384604,9.0,193107.0,991.6215559048018,66.89489231417801,1.0,09
09_139,2020,-0.08632054153972676,-0.07494666400333809,2020-21,0.7335770398484102,938986797,0.6162013426052465,0.2664229601515898,0.1173756972431636,9.394102972722164,12017.304993057463,42.0,66340.0,958.1444130407592,57.173869267611785,1.0,09
09_140,2020,-0.11838563687590666,-0.16606349011317684,2020-21,0.1898525808778753,215123449,0.1426236430413497,0.8101474191221246,0.0472289378365256,9.65598716552504,15614.998373039829,12.0,244280.0,964.6482475747904,37.617949034414046,1.0,09
09_141,2020,-1.1699506230840362,-0.32394737830798215,2020-21,0.3232107786959695,581297628,0.195316897112816,0.6767892213040305,0.1278938815831534,8.849567285463806,6971.3717034720285,6.0,258178.0,929.5744955398716,21.256262352857174,1.0,09
09_142,2020,0.3956119232788896,-0.06324307610178993,2020-21,0.1994365547166752,337750986,0.0861788809108021,0.8005634452833248,0.113257673805873,9.440066820289294,12582.55764860199,6.0,112981.0,962.9685380757252,62.92870451535103,1.0,09
09_143,2020,0.12035284115520059,-0.12746821495048546,2020-21,0.4312412699351157,891871235,0.2500617905902078,0.5687587300648843,0.1811794793449079,8.838337158958206,6893.520276202075,51.0,167076.0,941.8686811767196,93.85545716301334,1.0,09
09_144,2020,0.14481573252466762,-0.14634627749258314,2020-21,0.2441903704710312,227776271,0.0260650670006188,0.7769036245261637,0.2188330056557998,9.104979856318357,9000.0,1.0,56901.0,928.5272065207964,128.19144317052664,1.0,09
09_145,2020,-0.07782258053292387,-0.07931569959880569,2020-21,0.1260833648042377,327643905,0.0252655638443816,0.8764518122005589,0.1011102670377107,,,,85791.0,885.6062104522023,104.80412732953852,1.0,09
09_146,2020,-0.6507174226174127,-0.09164834319301492,2020-21,0.6561712501875758,1027857607,0.3090643867755118,0.3438287498124242,0.347106863412064,9.07017627571054,8692.155886630902,56.0,185006.0,892.8668919944917,176.20717607416856,1.0,09
09_147,2020,0.31221343786960876,-0.15084635790822354,2020-21,0.797735534298052,1748749825,0.3128822654778536,0.2022644657019479,0.4848532688201984,9.310102475382845,11049.080329501572,86.0,105415.0,939.791452560217,184.77915695471236,1.0,09
09_148,2020,-0.14503826016867616,-0.03145206856300565,2020-21,0.1192217475480612,229423344,0.0524246216200213,0.9292226643076208,0.0667971259280398,8.987196820661973,8000.0,1.0,39990.0,985.0546824310263,218.73788377891745,1.0,09
09_149,2020,0.6463391038791687,-0.06061790281432964,2020-21,0.6778227961390282,538839151,0.2027168586344981,0.3221772038609719,0.47510593750453,9.565059834004442,14257.806125694606,17.0,122626.0,1023.769295425067,156.77240908642452,1.0,09
09_150,2020,3.575242191632323,-0.10815928572796885,2020-21,0.491754387176406,227499343,0.2388494590070091,0.5082456128235939,0.2529049281693969,8.772516274201323,6454.393070827283,8.0,185294.0,1081.922835917354,195.83737633960223,1.0,09
09_151,2020,0.6980254510704655,-0.049167990748204014,2020-21,0.6018908569730901,832390933,0.3648521096997581,0.3981091430269099,0.2370387472733319,9.134938414943214,9273.70648246896,39.0,74952.0,1051.8806623185578,247.47078700265268,1.0,09
09_152,2020,1.1748256337543406,-0.061870860558596745,2020-21,0.199462389682201,705328725,0.0593804512924097,0.800537610317799,0.1400819383897912,9.226142013582274,10159.271477410575,10.0,87243.0,1025.9897737504648,244.45179108879836,1.0,09
09_153,2020,-0.10298794362274384,-0.0550847916382199,2020-21,0.3216022582484696,315253175,0.1003010009336147,0.6783977417515303,0.2213012573148549,8.612503371220562,5500.0,4.0,79600.0,970.0284664643274,319.0934357364897,1.0,09
09_154,2020,1.1602665552671805,-0.07400113964509845,2020-21,0.4740058639615964,153083199,0.1900213164476658,0.5259941360384035,0.2839845475139306,9.64859530290734,15500.0,1.0,126256.0,916.68241481317,352.9354355928114,1.0,09
09_155,2020,0.716008942587576,-0.04080764790633217,2020-21,0.6930374416341835,1147185184,0.4433913042935533,0.3069625583658165,0.2496461373406301,9.274365343819944,10661.19021386727,59.0,92586.0,962.4763633318155,298.6205212298105,1.0,09
09_156,2020,0.2581010435205753,-0.06841296674129324,2020-21,0.3355187029242854,251708606,0.2342018889890479,0.6644812970757146,0.1013168139352374,8.928900281265202,7546.961276293926,10.0,81609.0,890.3496478533604,372.1401650908529,1.0,09
09_157,2020,0.8460910146374843,-0.062310124666014384,2020-21,0.6229580361064249,504656389,0.1647773729066967,0.3770419638935751,0.4581806631997281,9.050448700607928,8522.361055370942,13.0,331071.0,873.1094304254434,387.48212610176245,1.0,09
09_158,2020,-0.09523211617535036,-0.0325206863328761,2020-21,0.430967012491244,397456810,0.2733613596908806,0.6215068286473883,0.1576056528003634,,,,75512.0,812.8989174859779,449.72804687020306,1.0,09
09_159,2020,1.162707531546173,-0.06929465420203426,2020-21,0.2681267531308299,577865458,0.1574739080528326,0.73187324686917,0.1106528450779973,9.339711671094308,11381.126259379473,6.0,51965.0,1027.0555944048367,233.61215954793857,1.0,09
09_160,2020,-0.5039653613130807,-0.09350365742362243,2020-21,0.3301241648043923,272556061,0.1649186073319426,0.6698758351956077,0.1652055574724496,9.047821442478408,8500.0,6.0,31484.0,986.0612753043162,277.53047444923163,1.0,09
09_161,2020,-0.023036702959884137,-0.04575760485447544,2020-21,0.2328491262427594,830225967,0.1033234594070459,0.7671508737572406,0.1295256668357134,8.484693178551034,4840.1121868875,18.0,58038.0,969.4792111245739,254.46502699855964,1.0,09
09_162,2020,-0.33010511195554826,-0.05872644127804393,2020-21,0.4596062273826432,326358041,0.036051886339151,0.5403937726173568,0.4235543410434921,8.830201346713947,6837.663418091452,8.0,42366.0,987.1526705833174,287.8006467676645,1.0,09
09_163,2020,0.1404163531603241,-0.04986149253921988,2020-21,0.2527165533341515,276609791,0.2118108104134318,0.7472834466658484,0.0409057429207196,8.517193191416238,5000.0,2.0,65689.0,944.060130259822,330.3308836050551,1.0,09
09_164,2020,-0.5127817876733456,-0.15083171627892167,2020-21,0.2963773521999095,272005686,0.2098914064612605,0.7036226478000904,0.086485945738649,10.07179274363192,23665.95374928354,5.0,340004.0,909.2605840868083,360.95575762598355,1.0,09
09_165,2020,0.1790699329670132,-0.05486373511858366,2020-21,0.230444186883931,232250059,0.1440949946109594,0.769555813116069,0.0863491922729716,9.807343691983226,18166.666666666668,3.0,65109.0,958.4677844814913,329.31174084114286,1.0,09
09_166,2020,0.31423344438941936,-0.04274404795123214,2020-21,0.3182480991604414,672624759,0.1815303709330152,0.6817519008395586,0.1367177282274261,9.160554270490378,9514.32912823423,10.0,66256.0,911.03037353057,346.1508333728669,1.0,09
09_167,2020,0.008475577756856608,-0.10718829383810125,2020-21,0.2259389064468921,1015486264,0.0574297822309096,0.7740610935531079,0.1685091242159825,8.76533779890229,6408.226271462258,13.0,36078.0,842.1143899350931,342.41043246207107,1.0,09
09_168,2020,-0.25172379949900137,-0.05429093326131827,2020-21,0.2135663866900061,376395065,0.1568009957835127,0.8186383413837268,0.059089953269041,9.903487552536127,20000.0,2.0,32690.0,896.3445029619643,389.5522094329866,1.0,09
09_169,2020,-0.07033096549224806,-0.06785100807120067,2020-21,0.3254582288943199,476256414,0.0210987638521707,0.67454177110568,0.3068524406266579,9.055738089836506,8567.558568381926,8.0,30369.0,884.4479443295602,413.62232890671953,1.0,09
09_170,2020,-0.04697404307881362,-0.043780249739689116,2020-21,0.362567175050373,566455474,0.0931957292728007,0.637432824949627,0.2693714457775722,8.997709696757902,8084.546644288157,42.0,45280.0,826.3327626164322,455.0894281230441,1.0,09
09_171,2020,-0.0968825043735253,-0.049903966071057605,2020-21,0.3722226647645258,1287158804,0.0641326623750459,0.6277773352354742,0.3080900023894798,8.80952240832158,6697.719727835891,51.0,21483.0,768.7062559967131,484.5600293239424,1.0,09
09_172,2020,0.376530154262322,-0.07154544741286924,2020-21,0.3685995604331978,750259115,0.0145729196993301,0.6314004395668023,0.3592974048705826,8.569942511240557,5270.826768191877,15.0,85774.0,833.5213737054088,440.9259212949399,1.0,09
09_173,2020,-0.13593081124000922,-0.08418655349331207,2020-21,0.4182133100066862,199046752,0.22996012514688,0.6453918052146352,0.1882531848598062,9.259130536145614,10500.0,2.0,76020.0,742.7524062445405,520.1944678122669,1.0,09
09_174,2020,0.021866192249049978,-0.051257965710701466,2020-21,0.1966589971521677,688144819,0.024853750992918,0.8033410028478323,0.1727657241869026,9.392661928770137,12000.0,1.0,25411.0,758.4614448494204,516.3411820553204,1.0,09
09_175,2020,0.21352658224952495,-0.04660393064886706,2020-21,0.527079442460839,514513455,0.0462676160723532,0.4729205575391609,0.4808118263884858,9.31969089306124,11155.533067737377,12.0,206005.0,703.3320531104346,510.07453049984565,1.0,09
09_176,2020,0.3227845369067632,-0.06560730752458034,2020-21,0.393636089650551,960627046,0.2547144170246483,0.606363910349449,0.1389216726259027,9.137669097354276,9299.064636421284,47.0,90723.0,843.7163860962604,419.1629104332349,1.0,09
09_177,2020,-0.1263691624686171,-0.07064463494413856,2020-21,0.2116973215366428,950991692,0.0846578005646762,0.7883026784633572,0.1270395209719666,9.090584254208974,8871.367672320837,8.0,76148.0,772.7644627643286,490.83934242247597,1.0,09
09_178,2020,-0.03726655732559116,-0.02465088539643405,2020-21,0.5112503744078926,747837467,0.0578557439406817,0.4887496255921074,0.4533946304672108,9.370693946324115,11739.258676945852,20.0,62722.0,703.5554229082979,561.7173621075456,1.0,09
09_179,2020,1.1389823062649036,-0.06485541696169014,2020-21,0.3880959627687938,269191816,0.0788506475248861,0.6119040372312061,0.3092453152439077,9.235032984566557,10250.0,1.0,104878.0,748.0344305824129,512.5938869597736,1.0,09
09_180,2020,-0.12523185496912073,-0.05247221221322879,2020-21,0.604114398493221,122008600,0.604114398493221,0.395885601506779,,,,,64195.0,884.1046277278532,401.7867441847457,1.0,09
09_181,2020,-0.0660130174409023,-0.04946287682639347,2020-21,0.3127915592837268,309503307,0.1022076639717455,0.7351260883868929,0.2105838953119812,,,,18304.0,845.9281039451735,444.52742814468036,1.0,09
09_182,2020,-0.06144064235118295,-0.043389225765591156,2020-21,0.76579591130906,526496483,0.6964792412487967,0.23420408869094,0.0693166700602632,9.471791058663385,12988.128912262882,17.0,42991.0,797.393427967468,495.4563902399856,1.0,09
09_183,2020,-0.10932966465820068,-0.035992623540051026,2020-21,0.7529829089927934,265682762,0.3145489017462111,0.4267914246638206,0.4384340072465823,9.277022131027229,10689.552387088484,23.0,68081.0,796.8040135431934,475.77112206472896,1.0,09
09_184,2020,-0.023565007180269368,-0.031879778753292835,2020-21,0.8504411374660541,1022188852,0.2707810660020777,0.1495588625339459,0.5796600714639764,9.324993161889312,11214.839794140333,42.0,42561.0,,,,09
09_185,2020,-0.1234769209144766,-0.048847786371234984,2020-21,0.736632932029522,604998158,0.2841563692826979,0.263367067970478,0.4524765627468241,9.202704985100487,9923.936886426707,30.0,54056.0,732.313165416418,541.2255077656353,1.0,09
09_186,2020,0.28162872259175703,-0.05905393716145016,2020-21,0.4391396009247812,563010554,0.0135282401828652,0.5608603990752188,0.425611360741916,10.152198999098724,25647.43893688522,2.0,47632.0,699.682875683502,579.1617725023593,1.0,09
09_187,2020,-0.08306865232440257,-0.03822998592121458,2020-21,0.2892373150821051,424211378,0.1905606100928297,0.7107626849178948,0.0986767049892754,8.991538380217923,8034.807982236532,6.0,43761.0,,,,09
09_188,2020,-0.07922673847926587,-0.04467835748954148,2020-21,0.2523174157919855,248327254,0.047504193800653,0.7476825842080145,0.2048132219913324,8.871708914135887,7127.450773015426,3.0,171208.0,666.0270854795533,614.0956245199884,1.0,09
09_189,2020,-0.11285059404670746,-0.032712011303656745,2020-21,0.612926432793026,995295377,0.1863192628895331,0.3870735672069739,0.4266071699034929,9.229744972019756,10195.940929887258,43.0,60285.0,640.4467619022303,643.448150184961,1.0,09
09_190,2020,-0.14758281882816635,-0.03623240289815818,2020-21,0.3024536001092086,574547904,0.1207235054154857,0.6975463998907914,0.1817300946937228,8.999696723231684,8100.626823078627,12.0,103829.0,614.2658022058437,616.6980543904881,1.0,09
09_191,2020,-0.037562120866943924,-0.04105484943150555,2020-21,0.4609641739478237,510434555,0.032436023718779,0.5390358260521763,0.4380007717149949,9.38782322240524,11942.07577579273,16.0,130269.0,648.0932288038032,614.9399834342911,1.0,09
09_192,2020,-0.017231300786225503,-0.026814428617074275,2020-21,0.169330669423373,705846179,0.1430900145171714,0.911115416431715,0.0262406549062015,9.364491166650614,11666.668006550424,6.0,123740.0,608.6082726956816,610.3284173306974,1.0,09
09_193,2020,-0.00529234422057778,-0.03168192906338168,2020-21,0.9339801462721994,985650866,0.8048023325127378,0.0660198537278006,0.1291778137594615,9.815166669094904,18309.34142726047,37.0,101417.0,555.4608192364648,557.4763448582066,1.0,09
09_194,2020,0.6179418576757483,-0.07074423111033545,2020-21,0.4625351823418822,1110118682,0.2723801255693128,0.5374648176581177,0.1901550567725694,9.24558738451583,10358.755514508735,39.0,143029.0,671.8327435510733,572.0278366152966,1.0,09
09_195,2020,0.07502802131020077,-0.05156912942210323,2020-21,0.4240309382895423,121910812,0.0912406440209749,0.5759690617104577,0.3327902942685674,9.110279038323958,9047.819227543236,4.0,117964.0,582.5964283419589,583.7490333628247,1.0,09
09_196,2020,-0.0720305461614839,-0.028984830188887097,2020-21,0.4057716864565367,905164104,0.1027046240446141,0.5942283135434633,0.3030670624119226,9.328607970850843,11255.4526571775,17.0,49179.0,580.7877012036481,535.2912223329962,1.0,09
09_197,2020,0.42027076384922535,-0.05950589296599432,2020-21,0.1959448214821165,349481877,0.0931110370567226,0.8040551785178834,0.1028337844253938,9.078372539248402,8763.69185032114,27.0,254498.0,623.5352255142589,546.4336507263064,1.0,09
09_198,2020,7.268031528489778,-0.16847539745302087,2020-21,0.3679740910665813,727452871,0.0641304747837059,0.6320259089334187,0.3038436162828753,9.739458918351296,16974.354383844428,9.0,58992.0,,,,09
09_199,2020,2.253709330439217,-0.10573142869938627,2020-21,0.3368639799803358,601034658,0.0392142860420538,0.6631360200196642,0.297649693938282,9.251359072121552,10418.715885134732,6.0,69865.0,631.0713606395623,495.03280304962647,1.0,09
09_200,2020,0.42944753985800155,-0.48204700050298843,2020-21,0.5697151007431478,431875328,0.1843824845673981,0.4302848992568522,0.3853326161757497,9.71253680078948,16523.465494801247,12.0,49102.0,567.7629596214728,454.85591391120437,1.0,09
09_201,2020,0.1228804980432781,-0.05708995081036813,2020-21,0.1543276757799792,393449287,0.0568688868916415,0.8456723242200208,0.0974587888883377,9.210340371976184,10000.0,1.0,56745.0,971.5543092925888,169.58772650873885,1.0,09
09_202,2020,0.08555356447711182,-0.059952873473249804,2020-21,0.2226816666746032,996236984,0.1386303311542186,0.7773183333253968,0.0840513355203845,8.784195523786428,6530.217462520055,13.0,47138.0,,,,09
10_203,2020,-0.17454113633919036,-0.03682771431812977,2020-21,0.1831521184399493,66845959,0.0650086267742826,0.8168478815600506,0.1181434916656667,,,,90546.0,631.4273499353968,635.0361621789013,1.0,10
10_204,2020,0.05446979971549455,-0.051541174216474764,2020-21,0.6220347578056462,308196326,0.0953636481701602,0.3779652421943537,0.526671109635486,9.21879859057024,10084.9409039079,13.0,83654.69115555976,556.6036942388041,560.3934945463603,1.0,10
10_205,2020,0.04353406563785575,-0.03522489498741004,2020-21,0.5705902589301856,583774463,0.2070983002214675,0.4294097410698145,0.363491958708718,9.471291651731269,12981.64417004625,36.0,9688.0,527.0589927149257,531.19239248167,1.0,10
10_206,2020,-0.13439783351586823,-0.04775733492748143,2020-21,0.7815856877502889,296340777,0.1365887152276718,0.218414312249711,0.6449969725226171,9.166707091204522,9573.0495524477,16.0,47400.0,517.5167433975106,522.0074716810329,1.0,10
10_207,2020,-0.1305240179413107,-0.10110926533320835,2020-21,0.8078875642065024,238192191,0.0308040325301848,0.1921124357934975,0.7770835316763176,8.900185443672344,7333.333333333333,3.0,71949.0,467.83921969943185,473.08539270126704,1.0,10
10_208,2020,-0.0820507868862072,-0.1176784662772047,2020-21,0.6227227942454364,169666871,0.1965870402596155,0.3772772057545636,0.4261357539858208,9.310757291105276,11056.317810369268,7.0,31438.0,428.4485554872256,434.4176208433777,1.0,10
10_209,2020,0.47628938949171584,-0.04663752160781246,2020-21,0.3708023389138178,527588657,0.0681281705417711,0.6291976610861821,0.3026741683720467,9.2961186596712,10895.647316155637,9.0,46501.0,406.57672434483237,413.33181480508546,1.0,10
10_210,2020,0.17301676082283332,-0.0708731625442469,2020-21,0.2959309561279034,629182673,0.1872731291823098,0.7040690438720966,0.1086578269455935,9.344538903882878,11436.198421360912,16.0,26844.0,406.6759725834202,414.2354017552333,1.0,10
10_211,2020,-0.06291132610184327,-0.06230853431616417,2020-21,0.6871416881260995,1209683258,0.0936403709408037,0.3128583118739004,0.5935013171852958,9.327538691080758,11243.423861568015,73.0,53763.0,364.99100718755227,371.65927868861485,1.0,10
10_212,2020,0.02607498615280357,-0.047455444608243795,2020-21,0.3631403608815799,352711934,0.045075906498252,0.63685963911842,0.3216077741219836,,,,52390.91107677936,330.7653185928469,337.7116503532057,1.0,10
10_213,2020,-0.017784776512536456,-0.057720261060329785,2020-21,0.5204268284780915,389681590,0.0666354291974635,0.4795731715219083,0.453791399280628,9.392661928770137,12000.0,2.0,23692.54515050167,382.393379562679,388.22234594813733,1.0,10
10_214,2020,-0.07751370023660072,-0.033155083797715146,2020-21,0.476387815475612,246196725,0.0972568826819284,0.523612184524388,0.3791309327936836,9.220538973823595,10102.507848342007,6.0,34636.0,394.1890327579183,399.49953127233965,1.0,10
10_215,2020,-0.056061812755911065,-0.044373018066217115,2020-21,0.5146958855220684,639974875,0.0510071461789808,0.4853041144779316,0.4636887393430875,9.782870181458785,17727.460933607923,26.0,77768.53767729327,449.5575960557239,454.2712967408712,1.0,10
10_216,2020,-0.07019380543680263,-0.064478213753259,2020-21,0.5372115920451572,340366652,0.0774686616478514,0.4627884079548428,0.4597429303973058,9.546842166810936,14000.413821105438,15.0,87954.0,492.0976484430063,495.8878038331609,1.0,10
10_217,2020,-0.045496385416616526,-0.04978157279338535,2020-21,0.436776457802342,335726618,0.0801085125755503,0.563223542197658,0.3566679452267916,9.299630399716635,10933.977260164984,9.0,50198.0,577.6448861795963,580.6424498389194,1.0,10
10_218,2020,-0.019677287434297173,-0.034558401485798154,2020-21,0.8348216451800909,119805425,,0.165178354819909,0.8348216451800909,9.210340371976184,10000.0,1.0,69497.0,555.1836300754221,557.8629290466973,1.0,10
10_219,2020,0.029212599608779945,-0.05162136067557457,2020-21,0.5725107455755606,536319806,0.0536088051911325,0.4274892544244394,0.518901940384428,8.999182627086066,8096.463392345339,12.0,75241.0,,,,10
10_220,2020,0.06568428328861346,-0.05623560124138508,2020-21,1.0,6017582,,1.0,1.0,9.392661928770137,12000.0,1.0,82421.0,457.16977190745865,460.5378516344709,1.0,10
10_221,2020,-0.028746422047995063,-0.03846252587320291,2020-21,0.5181008554877637,108028430,,0.4818991445122362,0.5181008554877637,,,,108490.55419222904,425.7098729313515,429.87627942209735,1.0,10
10_222,2020,-0.005095253870096999,-0.05170962964126318,2020-21,0.77984831801796,535590707,0.0356793251829143,0.22015168198204,0.7441689928350456,8.651452515108573,5718.446834708182,5.0,46580.01922666127,387.77748044484366,391.9593817530954,1.0,10
10_223,2020,-0.006162298877391913,-0.04555040661592159,2020-21,0.4377561781379553,289843722,0.0187354342627438,0.5622438218620447,0.4190207438752115,10.308952660644293,30000.0,2.0,32882.0,364.3809846927255,369.4119518986174,1.0,10
10_224,2020,-0.03244004762618818,-0.04196852862231626,2020-21,0.3751134647033879,370546952,0.0312641891600284,0.624886535296612,0.3438492755433595,9.205568018691888,9952.390162998932,8.0,69958.0,319.65784537849527,325.3620139040465,1.0,10
10_225,2020,-0.07750637059519139,-0.05226009463551386,2020-21,0.4677129587945156,366116871,0.2122510874403272,0.5322870412054844,0.2554618713541884,8.987196820661973,8000.0,3.0,27812.0,290.8019000163498,295.47393621750024,1.0,10
10_226,2020,-0.03483201241226233,-0.04364992433596366,2020-21,0.3986591514868993,243082941,0.0024219527484334,0.6013408485131008,0.3966437982170044,,,,41060.0,340.1058572156159,344.6274043712818,1.0,10
10_227,2020,-0.06006802173971351,-0.061382521658494706,2020-21,0.5069783724319341,683889051,0.2753441186471049,0.4930216275680658,0.2316342537848292,9.207448707163064,9971.125120226045,12.0,24743.0,358.35106523598625,362.0479088355011,1.0,10
10_228,2020,-0.006126668234617463,-0.044117065242930714,2020-21,0.6046796189011424,141991819,0.1438618234759004,0.3953203810988575,0.4608177954252421,8.802193906597177,6648.814895711353,8.0,17893.0,375.9933817255015,379.12627703592864,1.0,10
10_229,2020,-0.10870125741990433,-0.04167294206053859,2020-21,0.3384348225760633,383312710,0.167463510406425,0.6615651774239367,0.1709713121696382,10.17639560936141,26275.588924367148,5.0,74627.0,408.6950021492522,411.3870859310678,1.0,10
10_230,2020,0.025719270263978296,-0.05098826514564879,2020-21,0.2366801467247823,108497554,0.0379536298117835,0.9203768059631924,0.1987265169129988,,,,205077.28195293044,443.1054756914754,445.83700783286497,1.0,10
10_231,2020,0.31776433913278335,-0.05752498649336348,2020-21,0.2180718003554035,848683125,0.07000216011129,0.7819281996445965,0.1480696402441134,9.438986625603434,12568.97337484648,8.0,50316.0,494.13495962545255,496.0381577450074,1.0,10
10_232,2020,-0.0022348373141526066,-0.03398989947705329,2020-21,0.3794637680305117,331145344,0.0302788856363929,0.6205362319694883,0.3491848823941187,9.050874677192278,8525.992154950698,8.0,25736.0,530.2929903394368,531.7610613472746,1.0,10
10_233,2020,0.07932700158397141,-0.049277910776413775,2020-21,0.6297232299228173,668812799,0.3505432317541518,0.3702767700771827,0.2791799981686654,9.358523569405024,11597.253356028612,23.0,40206.0,,,,10
10_234,2020,0.06173915926891414,-0.06329194673461161,2020-21,0.562842881148766,415809532,0.1502378762206923,0.437157118851234,0.4126050049280736,9.57417579022861,14388.373882981354,39.0,73456.0,506.0893029403672,506.67176178567007,1.0,10
10_235,2020,0.06882591831341796,-0.06550546523523157,2020-21,0.2446448482818743,17676530,,0.7553551517181257,0.2446448482818743,,,,48439.0,462.97208565311354,463.5965570187295,1.0,10
10_236,2020,-0.05223307279596826,-0.08809398192493322,2020-21,0.3029484648256636,776785458,0.0161917590892902,0.6970515351743364,0.2867567057363733,9.338735390088123,11370.02050403458,18.0,75352.0,413.48138504078617,414.5080587858931,1.0,10
10_237,2020,0.2725923452089071,-0.06687967388029777,2020-21,0.4490979198462567,333255752,0.0355629150551015,0.5509020801537433,0.4135350047911551,9.17847212774317,9686.341968135554,23.0,36058.0,368.54821369447785,370.7149545015947,1.0,10
10_238,2020,0.07393000107851326,-0.13074700433988964,2020-21,0.1735852933231512,404037218,0.0249093191211904,0.8264147066768488,0.1486759742019607,9.903487552536127,20000.0,1.0,22366.0,316.9633565429193,320.3359220821691,1.0,10
10_239,2020,-0.07202894099492517,-0.05290152018474728,2020-21,0.7149772320260444,654783119,0.1237097134142824,0.2850227679739556,0.5912675186117619,8.964951157662169,7823.999577093369,5.0,24556.0,435.43910466852395,437.4294309783235,1.0,10
10_240,2020,-0.45794649086472355,-0.07912404453100952,2020-21,0.3331542197120322,709062023,0.0347369598159962,0.6668457802879678,0.2984172598960359,9.50647339311605,13446.490116803065,11.0,10205.70176796382,462.22404589463173,463.80361948063086,1.0,10
11_241,2020,-0.05602459723600321,-0.012466918347765086,2020-21,0.2167626461229566,43209073,0.1972446388748029,0.7832373538770434,0.0202273363076507,9.740968623038354,17000.0,1.0,493.0,,,,11
11_242,2020,-0.10201403318784509,-0.03591081945684371,2020-21,0.5938392361519562,110308432,0.5801298218072758,0.4061607638480438,0.0137094143446803,9.85729601438107,19097.181054658053,31.0,729.0,,,,11
11_243,2020,-0.16991607709783288,-0.01725476563375868,2020-21,0.3427202988659123,49248574,0.3072226822242609,0.6572797011340876,0.0354976166416513,9.652887154988878,15566.666666666666,3.0,2351.432621359223,,,,11
11_244,2020,-0.01929929063527286,-0.025706382010323863,2020-21,0.4708108180307462,12278316,0.4708108180307462,0.5291891819692538,,9.080354655233648,8781.079730732503,11.0,15668.429897528633,,,,11
12_245,2020,0.2999934306081868,-0.010234730339217669,2020-21,0.4213349148517895,18480130,0.1056354040799496,0.6811463313451661,0.3156995107718398,10.066881099444563,23550.0,2.0,1031.0987066031314,657.1950693890848,666.3446372758485,0.0,12
12_246,2020,0.15439395614132967,-0.021605359404424575,2020-21,0.4871234167170786,24177454,0.1400673950201704,0.5128765832829214,0.3470560216969082,9.26918497439176,10606.10411637486,4.0,8235.204527674297,651.7602310875525,660.828953704449,0.0,12
12_247,2020,-0.13744268267792756,-0.014883144883938677,2020-21,0.606794003782722,21710821,0.1994529824551545,0.393205996217278,0.4073410213275675,9.66176816237914,15705.530059077206,8.0,1080.0,698.2233615532848,707.2210633955294,0.0,12
12_248,2020,-0.04791729754533801,-0.03266235105272546,2020-21,0.1533877093368554,24415672,0.0417063679426886,0.8466122906631446,0.1116813413941668,8.93455328264608,7589.745073307336,3.0,17251.338927914043,728.8169331576814,737.654073108453,0.0,12
12_249,2020,0.0494810701164431,-0.057162689981144064,2020-21,0.3417153322058892,14144677,0.1010261315970665,0.7470159192956606,0.2406892006088226,9.392661928770137,12000.0,3.0,1576.0,829.7490568223386,838.7291795888216,0.0,12
12_250,2020,0.02208975304462847,-0.02800089561984455,2020-21,0.0395481359998498,10711453,,0.96045186400015,0.0395481359998498,,,,7079.383346359542,870.6519599439752,879.5432209821407,0.0,12
12_251,2020,-0.003680563600892081,-0.033810827703975255,2020-21,0.2013471364261396,22938434,0.0448840143141419,0.7986528635738603,0.1564631221119977,,,,6113.0,902.4703605737077,911.1976027944269,0.0,12
12_253,2020,-0.059442279945386076,-0.010824753467701165,2020-21,0.7877415286424236,13301528,0.2091989732307446,0.2122584713575763,0.578542555411679,9.917109824903266,20274.309565277075,4.0,4274.783276494452,946.1240994278495,954.3565251633235,0.0,12
12_254,2020,0.11186625364066206,-0.017645445721585495,2020-21,0.2216721895355681,15797647,0.0662080245241585,0.7783278104644318,0.1554641650114096,,,,2482.0,847.5489195376741,855.8202797417633,0.0,12
12_255,2020,-0.05276907030543536,-0.019330245165672465,2020-21,0.132389260718119,43084892,0.0690367519083023,0.867610739281881,0.0633525088098166,8.683938104208558,5907.264266787307,4.0,5432.0,778.152152857276,787.0004138740929,0.0,12
12_256,2020,-0.025370084884462085,-0.0020119670318565278,2020-21,0.5625172056092541,20069763,0.1022133146265852,0.4374827943907459,0.4603038909826688,9.234506085281003,10244.6007048904,14.0,2317.786039981207,771.0885462219916,780.1074515899389,0.0,12
12_257,2020,0.0380645717946168,-0.00597961946705603,2020-21,0.6722163308589607,5026190,0.1788471983749122,0.3277836691410392,0.4933691324840485,,,,575.5528967491168,1015.3896452625582,1024.1761337984346,0.0,12
12_258,2020,-0.06972180059466965,-0.02046478822100077,2020-21,0.4171034420543597,8424620,0.0629549036345114,0.5828965579456403,0.3765532451315311,,,,4330.0466738325595,972.9955174339447,981.6506832417897,0.0,12
12_259,2020,-0.043499127085319216,-0.04049480439716041,2020-21,0.2734628590973811,28557922,0.0600514981447179,0.7265371409026189,0.2134113609526631,9.397784849572153,12061.63278476928,6.0,7112.0,962.5323729589329,970.9684262335477,0.0,12
12_260,2020,0.0169206842514749,-0.005304012948583645,2020-21,0.6228037191944229,6470541,0.2895906231024577,0.5129860507856745,0.3332130960919651,9.825526011066415,18500.0,3.0,684.0,1026.9965103165812,1035.3800266692956,0.0,12
13_261,2020,0.4243771527701331,-0.020244569833665602,2020-21,0.2348827316320783,20326837,0.0126356190239269,0.7651172683679217,0.2234031787631297,,,,10789.0,800.441599699235,808.7250562943533,0.0,13
13_262,2020,0.019224527473041066,-0.011876492704593813,2020-21,0.8501551271267972,74890190,0.089577873951181,0.1498448728732027,0.7605772531756162,9.469815817687284,12962.499548250404,33.0,10042.0,744.9240698176426,753.2214599424225,0.0,13
13_263,2020,0.1011984766365359,-0.012896292330976828,2020-21,0.360316050357351,36035017,,0.639683949642649,0.360316050357351,,,,8212.0,719.1468086219421,727.2191373455408,0.0,13
13_264,2020,0.22427865677192219,-0.011949922929844866,2020-21,0.479872984905747,60746166,0.0340879949526361,0.5201270150942531,0.4457849899531108,9.182764687002884,9728.010533454286,18.0,8328.0,700.0360937964704,708.2910088291693,0.0,13
13_265,2020,-0.008762729023034314,-0.07471883419477789,2020-21,0.4235720612275562,70812560,0.0677002780297732,0.5764279387724438,0.355871783197783,9.09439267554146,8905.21799544483,12.0,24250.0,642.5983453446128,650.7582308727058,0.0,13
13_266,2020,0.13336067684630523,-0.032464329257765816,2020-21,0.1928284451507957,25420150,,0.8071715548492042,0.1928284451507957,,,,8334.0,699.7503028489056,707.5985936993729,0.0,13
13_267,2020,0.0605617266825427,-0.007095884982427093,2020-21,0.790251658229129,9210428,,0.209748341770871,0.790251658229129,9.814113942106546,18290.07683136009,9.0,7818.0,760.6464887786772,768.7015052318833,0.0,13
13_268,2020,-0.019806629665043658,-0.0029832899327495266,2020-21,0.3041215317616144,37418564,0.0377714387970634,0.6958784682383856,0.266350092964551,9.210340371976184,10000.0,5.0,2020.0,771.9022798247335,780.1646035167258,0.0,13
13_269,2020,-0.006714843607173166,-0.002119866924208874,2020-21,0.5014238470861102,61230592,0.0520113859738501,0.4985761529138898,0.471647162908371,9.449016240974617,12695.669638741456,5.0,3380.0,735.1390224196712,743.013472414693,0.0,13
13_270,2020,0.06871048726378007,-0.008784404388831334,2020-21,0.1416651273166536,24447548,,0.8583348726833464,0.1416651273166536,,,,26504.0,671.7789204845539,679.8273520822025,0.0,13
13_271,2020,0.062088727700575295,-0.006357106773716382,2020-21,0.4501663780201942,50147850,0.0107090533293052,0.5498336219798057,0.439457324690889,9.34653687518273,11459.070458814858,13.0,3624.0,613.3579216933474,621.3976672362425,0.0,13
14_272,2020,-0.06288025575490795,-0.02402254819287593,2020-21,0.7945793674848738,152408118,0.1224707925335053,0.2054206325151262,0.6721085749513684,9.38443523209355,11901.684599855014,285.0,6185.0,634.3377654126348,642.0147604426747,0.0,14
14_273,2020,-0.10867335612155994,-0.03351992500178317,2020-21,0.7544913930647444,74359279,0.0709221911632575,0.2455086069352555,0.683569201901487,9.07267844458096,8713.93236135422,62.0,5510.0,576.8721133610234,584.5299499302398,0.0,14
14_274,2020,-0.10508573028423461,-0.021490845837480992,2020-21,0.2493034743436644,47020881,0.095581386490823,0.7506965256563355,0.1537220878528414,9.641367133260212,15388.367306526625,20.0,11647.0,540.5144604104701,547.5709325903379,0.0,14
14_275,2020,0.16236860515227447,-0.055423071851547726,2020-21,0.2117424543601176,72166378,0.0263913852012958,0.7882575456398824,0.1863543435697992,9.472704636443671,13000.0,1.0,26235.0,584.5393499060536,591.7212932052548,0.0,14
14_276,2020,-0.07738308014420485,-0.058881131135977934,2020-21,0.3562387469530287,45224418,0.0167036090989606,0.6437612530469712,0.3395351378540681,9.612522054928332,14950.829390842498,23.0,30856.0,600.2967704653419,607.4181495941019,0.0,14
14_277,2020,-0.014732964183446662,-0.06036696814887339,2020-21,0.614427023886353,140753049,0.0378719824392578,0.3855729761136471,0.576555041447095,9.320644586078448,11166.177096488507,159.0,25738.0,531.206491880321,538.7702230337535,0.0,14
14_278,2020,0.09274932316863542,-0.0625725306553414,2020-21,0.6275063808534673,69935002,0.08280711852986,0.3724936191465327,0.5446992623236073,9.271219318640446,10627.702545155804,102.0,92684.76702103742,608.7108166713931,616.107714437413,0.0,14
14_279,2020,-0.037559036098223204,-0.009549572160743496,2020-21,0.5445879608135593,28476891,0.0678612703893834,0.4554120391864407,0.4767266904241758,9.725896977880511,16745.703181725323,8.0,8069.0,662.1684062108765,669.5787600153055,0.0,14
14_280,2020,-0.1106604939462933,-0.03594344389884099,2020-21,0.4655906757997833,30361596,0.0168009613196882,0.5344093242002166,0.4487897144800952,9.706595403559875,16425.58408678608,41.0,5777.0,601.900990882729,608.6843379653691,0.0,14
15_281,2020,-0.09666915480785061,-0.018801693708497026,2020-21,0.4198730572955848,69709717,0.0908757096230931,0.5801269427044152,0.3289973476724916,9.59213406649165,14649.098350227916,77.0,3266.0,431.5256127897306,438.26826207443526,0.0,15
15_282,2020,-0.10125966885549591,-0.03280223432768997,2020-21,0.7238304321838755,136911193,0.105138160617737,0.2761695678161244,0.6186922715661385,9.676803245820151,15943.448090892905,309.0,3844.0,471.6188333660193,478.84426916460154,0.0,15
15_283,2020,-0.08568453334871463,-0.011392530640988455,2020-21,0.401515487287395,24773286,0.1003544619512559,0.598484512712605,0.3401349744236594,9.4227181970499,12366.150209865837,16.0,2030.0,473.7220005536688,480.3823659643395,0.0,15
15_284,2020,-0.09268839908695428,-0.021140691860616755,2020-21,0.705417421338479,33109867,0.0560275279873519,0.294582578661521,0.6493898933511271,9.320868474708906,11168.677356465538,43.0,6297.0,500.9176629151088,507.07129923337925,0.0,15
15_285,2020,-0.22442222177714927,-0.025313275987982442,2020-21,0.3078547359330754,19333508,0.0666068982411262,0.6921452640669247,0.2412478376919491,9.591185686898092,14635.212030080716,22.0,2890.0,468.3872404492037,474.2107432306711,0.0,15
15_286,2020,-0.07439874536300373,-0.01831989987654519,2020-21,0.4528663693529731,37186537,0.0963352408964566,0.5471336306470269,0.3565311284565164,9.33041951647629,11275.86090285397,33.0,10186.0,441.13164013883846,446.4982810009247,0.0,15
15_287,2020,-0.09493599728510047,-0.007573296888617695,2020-21,0.3696154971726345,56777944,0.0725465684350951,0.6303845028273655,0.2970689287375394,9.431178118578362,12471.210645170086,78.0,4417.0,,,,15
15_288,2020,-0.07985472521189618,-0.008001100216478214,2020-21,0.2736667049352182,34527916,0.0921329280342317,0.7263332950647818,0.1815337769009864,9.757957291842382,17291.274547598532,5.0,3242.0,469.6834185719583,473.9404582111191,0.0,15
16_289,2020,-0.16367431036087127,-0.07874717992629883,2020-21,0.745572424954285,79294534,0.0838378721035172,0.254427575045715,0.6617345528507678,9.386811128780716,11929.995391307746,46.0,158224.69285824432,338.71879135359455,346.0513064447843,0.0,16
16_290,2020,-0.030293819407343332,-0.061469386203085605,2020-21,0.3630633484349776,116705614,0.0577178489459812,0.6369366515650224,0.3053454994889963,8.966779503109695,7838.317636292182,14.0,73210.0,337.6326914595667,344.0983784057892,0.0,16
16_291,2020,-0.18780588374435042,-0.1148717285086343,2020-21,0.6011578485260404,433519056,0.0837844184639486,0.3988421514739597,0.5173734300620917,9.373114691461089,11767.710854140329,215.0,27378.127552012444,383.2392610044538,390.36970742544304,0.0,16
16_292,2020,0.10368717682650155,-0.13376199094992297,2020-21,0.4251305997012911,171137834,0.0805578443864142,0.5748694002987089,0.3445727553148768,9.666090327300852,15773.55886011976,54.0,60501.0,416.119396012333,423.5296872174025,0.0,16
17_293,2020,-0.03581892156333681,-0.016943617051053513,2020-21,0.7389673575397311,185987084,0.7120660056157448,0.2610326424602689,0.0269013519239862,9.367717231024445,11704.36620427868,53.0,37294.0,372.251018767831,381.4133099351786,0.0,17
17_294,2020,-0.11140225301351706,-0.012348967859060403,2020-21,0.3879784363780272,181201470,0.2392274632209109,0.724491234151943,0.1487509731571162,9.688502136651636,16131.06405913257,6.0,10865.0,411.30842432455876,420.4488884549139,0.0,17
17_295,2020,-0.11833696993550599,-0.025124893968002722,2020-21,0.3531743851161576,30390862,0.336468244961265,0.6468256148838424,0.0171631307039975,7.696756134299641,2201.1960138814284,3.0,6779.0,370.1630280087986,379.2494504086113,0.0,17
17_296,2020,-0.009424616042061027,-0.03127075689181314,2020-21,0.8211812629940396,33827048,0.6477834542346113,0.2017062690200771,0.1733978087594282,8.207038263112398,3666.6666666666665,3.0,10751.0,431.7214298394448,440.6693867014813,0.0,17
17_297,2020,-0.03992471092076533,-0.402490966288296,2020-21,0.2061593198659428,64595736,0.1791403228225467,0.8074973619468729,0.0270189970433961,9.268609280100158,10600.0,2.0,9871.0,,,,17
17_298,2020,-0.09856341990301128,-0.03078950879285776,2020-21,0.4626043604399927,73289026,0.2702493412861019,0.7295973645489606,0.1923550191538907,9.687243714548211,16110.777139000375,9.0,53822.0,458.8949077213221,467.57779225714046,0.0,17
17_299,2020,-0.023047404575375775,-0.03804082209245749,2020-21,0.1438240126628053,44150722,0.0877572058730998,0.8707625500297942,0.0570220099305404,,,,10813.0,502.8773041410276,511.31215097844154,0.0,17
18_300,2020,0.011118341851194868,-0.04682855205238807,2020-21,0.8349592693717479,123671429,0.0397749831127123,0.165040730628252,0.7951842862590356,8.515030537616267,4989.1984152542755,15.0,42495.0,462.7843729026204,471.88195362060446,0.0,18
18_301,2020,-0.017833483122629317,-0.037589875927113554,2020-21,0.3478814065280861,221989993,0.2015213092610851,0.6521185934719138,0.1542383624472658,9.882616497531428,19586.904761904763,2.0,98682.0,413.93170877153904,423.0506018722106,0.0,18
18_302,2020,-0.02434029677093432,-0.045046617100985516,2020-21,0.6620417227515404,244625525,0.3807088446718714,0.4755941790506942,0.2813328780796689,9.800835210849003,18048.813198956235,19.0,57347.0,439.21806988489107,448.379003066074,0.0,18
18_303,2020,-0.08501694967977338,-0.10909114442839922,2020-21,0.6139367884772456,405216310,0.1830150321441898,0.3860632115227543,0.4309217563330558,9.73815172851772,16952.180176469123,39.0,94130.0,486.55359984449973,495.7011673562355,0.0,18
18_304,2020,-0.08218745295335139,-0.037525247564641165,2020-21,0.5897023337292638,89645360,0.166300587113488,0.4102976662707361,0.4234017466157758,,,,34379.0,,,,18
18_305,2020,-0.063056380693899,-0.04367589311950654,2020-21,0.5999796340165636,312776450,0.22301265968074,0.4000203659834364,0.3769669743358235,9.990079771501504,21809.038468586165,12.0,138675.0,596.333809216815,605.0265311119763,0.0,18
18_306,2020,-0.09626952459564547,-0.045549381828182654,2020-21,0.2932288331265474,174807182,0.0963390851984559,0.721367037122436,0.1968897479280914,9.104979856318357,9000.0,1.0,79601.0,644.4623521151922,653.3167155499981,0.0,18
18_307,2020,-0.017377649801963154,-0.0276548621879058,2020-21,0.8225398880778225,96735609,0.2133352259145854,0.2906607116483078,0.6092046621632371,9.445915694662338,12656.367088236084,14.0,56588.0,758.4791400774795,767.1583874098545,0.0,18
18_308,2020,-0.025881749984381246,-0.02269891892783029,2020-21,0.4995269945970108,255789890,0.3045714121070226,0.5004730054029892,0.1949555824899881,9.413416582881531,12251.658356871876,12.0,25672.0,835.6386704724376,844.2946776607322,0.0,18
18_309,2020,-0.10469670256050967,-0.11919680809435862,2020-21,0.420768032916848,210879972,0.2112177205713969,0.5792319670831519,0.2095503123454511,9.3154391406718,11108.2031921171,12.0,76088.0,901.0851951719893,909.5540438936837,0.0,18
18_310,2020,-0.10186317905291829,-0.033517671360046644,2020-21,0.6551679257628233,152889435,0.3726996963524654,0.3448320742371767,0.2824682294103579,9.396526071674996,12046.459419967872,13.0,91629.0,842.777985302337,851.3024992340215,0.0,18
18_311,2020,-0.0345230326696683,-0.04584520973209897,2020-21,0.516807554470283,93037152,0.2630886315178693,0.5271733040183887,0.2768127774807788,9.472704636443671,13000.0,1.0,83878.0,801.1265605299404,809.5765007248865,0.0,18
18_312,2020,-0.09577760907542357,-0.036485835692373056,2020-21,0.5283944757767179,128304517,0.3357218826520348,0.471605524223282,0.1926725931246832,9.259130536145614,10500.0,4.0,68430.0,743.089072576657,751.6011876173263,0.0,18
18_313,2020,-0.02182534578657848,-0.039991115909583964,2020-21,0.966394135664025,142052707,0.7059526574175035,0.0634228164513636,0.2604414782465215,9.02695028831822,8324.433698396204,13.0,54225.0,688.0500357129712,696.5410164356992,0.0,18
18_314,2020,-0.052702938753216376,-0.037638738419188855,2020-21,0.8154445374930244,393335754,0.1477283349125693,0.2622882203787159,0.6677162025804549,9.351123321554669,11511.747578999108,25.0,32744.0,608.7709217441347,617.2977803953027,0.0,18
18_315,2020,-0.011621558607800283,-0.016425762828312738,2020-21,0.6049383147269293,227319493,0.2412722783962922,0.3950616852730707,0.3636660363306371,9.929609682732556,20529.326066994672,20.0,13030.0,556.7200330464592,564.8966678103188,0.0,18
18_316,2020,-0.06771967904366072,-0.04500670003176331,2020-21,0.4963662234504973,384270051,0.26448737999621,0.5036337765495026,0.2318788434542873,9.853801282105891,19030.558002333484,7.0,110654.62145423962,510.82929919572894,518.6372052987739,0.0,18
18_317,2020,-0.006687571006204378,-0.064443784803345,2020-21,0.6581162556863738,431810121,0.0343233154555911,0.3418837443136262,0.6237929402307826,8.294049640102028,4000.0,1.0,65425.0,457.11840103131567,464.92772366885185,0.0,18
18_318,2020,-0.05829354397671484,-0.038387652948579466,2020-21,0.7818512840255328,119388358,0.6279570240843751,0.2181487159744671,0.1538942599411577,9.212629667547692,10022.919180094132,12.0,29163.0,471.6706257678822,479.29074811575845,0.0,18
18_319,2020,-2.380081977212417,-0.1094862613220201,2020-21,0.4396126727430561,225458339,0.3184124096647407,0.560387327256944,0.1212002630783153,9.641104603538544,15384.327932991711,25.0,40304.0,469.3012449984785,478.46358331266293,0.0,18
18_320,2020,0.05045707872216339,-0.05755201722368526,2020-21,0.2245862401909455,127553834,0.1519382004620888,0.7754137598090545,0.0726480397288567,9.348975608569916,11487.05018020199,13.0,16851.0,495.5391447229379,504.6937598311184,0.0,18
18_321,2020,-0.07000859445676835,-0.049384597457344206,2020-21,0.649786892420535,250422346,0.0208762519939015,0.350213107579465,0.6289106404266335,9.433525980590147,12500.525727302223,13.0,60278.0,489.80096384973484,498.8604044645443,0.0,18
18_322,2020,-0.016341775177329043,-0.07846291907276103,2020-21,0.6717382617106112,90685211,0.0272183189825736,0.3432216166786846,0.6445199427280376,8.790486526415918,6571.428571428572,7.0,217703.0,514.1596265903361,523.110649499156,0.0,18
18_323,2020,-0.06537126494301489,-0.04291333767860296,2020-21,0.8962949626189215,446573659,0.528377577236368,0.1037050373810784,0.3679173853825534,9.685387017477474,16080.89205863495,66.0,51366.0,510.2053851940201,519.3080900027074,0.0,18
18_324,2020,-0.04430733131379296,-0.035332218832621824,2020-21,0.414202161446989,133527309,0.1390731015181321,0.5857978385530109,0.2751290599288569,,,,32774.0,534.1863445936216,543.3249444582246,0.0,18
18_325,2020,0.007813778481834194,-0.03814486748837871,2020-21,0.4531415120519393,497211637,0.279476803556792,0.5468584879480607,0.1736647084951473,9.489303117740334,13217.58101864248,45.0,39292.0,557.2969680455438,566.2843113354927,0.0,18
18_326,2020,-0.023206992863458526,-0.035442121306733076,2020-21,0.4215756511489262,113270593,0.2445153272238302,0.5945714053656967,0.1837007421687992,9.93037288131751,20545.0,1.0,30561.0,580.4667359548814,589.5105556182345,0.0,18
19_327,2020,0.004924265978196571,-0.03001410826943113,2020-21,0.3956656648860552,237830849,0.1250239450644184,0.6043343351139447,0.2706417198216367,8.967782821642734,7846.185912177982,11.0,112918.0,471.6294570731199,479.70326238144077,1.0,19
19_328,2020,-0.14346933422289776,-0.05845301880835037,2020-21,0.5213030750020547,255959081,0.0792088365093012,0.4786969249979452,0.4420942384927535,8.991151427869552,8031.699495875925,11.0,386211.0,449.88277368646396,458.5124703802415,1.0,19
19_329,2020,-0.018883376103038325,-0.078023387383408,2020-21,0.5409671024585271,752791634,0.1061596680815398,0.4590328975414729,0.4348074343769872,9.124780085448442,9179.977984861653,45.0,218369.0,415.530659950036,424.36810693842546,1.0,19
19_330,2020,-0.021470983275945214,-0.058072496056662024,2020-21,0.6612848559411255,731244780,0.3141343901285695,0.3387151440588745,0.3471504658125559,9.254451368553816,10450.983507909765,24.0,147623.38559176674,359.8831249494692,367.680200519232,1.0,19
19_331,2020,-0.018130377342388527,-0.06021660393105925,2020-21,0.6558582738790616,568603102,0.2526533824643116,0.3441417261209384,0.4032048914147499,9.06606194747813,8656.466972563627,21.0,166087.0,304.0129113292183,312.36320295703445,1.0,19
19_332,2020,-0.07457295873331357,-0.05014516612486661,2020-21,0.8615483417339603,2568177149,0.3502509230526605,0.1384516582660396,0.5112974186812999,9.566378044915274,14276.61331449135,182.0,336754.0,279.7849672478559,287.3963308542243,1.0,19
19_333,2020,0.026614212124567525,-0.0326137202082827,2020-21,0.6158213183300383,1253844919,0.2693147436999742,0.3841786816699618,0.3465065746300639,9.103398129397874,8985.775710152342,64.0,753822.0,173.00885635413798,180.7433184805186,1.0,19
19_334,2020,-0.11444274511719672,-0.09755046988509572,2020-21,0.3604155288761059,496457435,0.1470513962591778,0.639584471123894,0.2381064313272436,8.445526567643949,4654.205822031168,4.0,236722.40755218008,165.48234207590613,171.062483502026,1.0,19
19_335,2020,-0.041201244534005005,-0.2153980831778027,2020-21,0.5969934706399379,573800949,0.2006371707830689,0.403006529360062,0.396356299856869,8.42982794136375,4581.711702071296,20.0,724934.7285338315,110.51385551266597,115.16438996177133,1.0,19
19_336,2020,-0.03087978005181177,-0.06692553741969921,2020-21,0.3790082336832568,509756675,0.0416952298517252,0.6872090890143083,0.3413306260285851,8.922658299524402,7500.0,3.0,459013.0,100.03668900431425,108.70411601139507,1.0,19
19_337,2020,0.14000298589622376,-0.09907969779363439,2020-21,0.4248523503290261,420153493,0.048444238448828,0.575147649670974,0.376408111880198,8.883369113678791,7211.044684989463,13.0,1051646.0,,,,19
19_338,2020,1.1837097519588975,-0.11922619180887922,2020-21,0.7740838126362712,1751786849,0.0645896457463358,0.2259161873637287,0.7094941668899354,8.600191193433156,5432.698188291284,106.0,496548.9061325168,44.380681963908074,48.42887832765939,1.0,19
19_339,2020,0.27019546130809335,-0.13010954662486302,2020-21,0.8165109459748712,377319156,0.5596508569525158,0.1834890540251288,0.2568600890223554,9.160014051162278,9509.19069181155,37.0,258114.0,138.24630087000986,138.2168730687631,1.0,19
19_340,2020,0.31796931912039017,-0.09953773693825387,2020-21,0.740089426343081,1403843383,0.2268299946105882,0.2599105736569191,0.5132594317324927,8.784572405212192,6532.679044020909,74.0,208165.5,210.15623747624397,209.2221235895277,1.0,19
19_341,2020,3.5071020681527645,-0.24700249422822762,2020-21,0.5350740688228997,834345985,0.2945533992112397,0.4649259311771003,0.2405206696116599,8.322626977151591,4115.958347104294,39.0,531098.0,30.332800628781982,25.66642939691887,1.0,19
19_342,2020,-0.1599111917028656,-0.11557159401834954,2020-21,0.6154946040158611,1162570504,0.1600455734596892,0.3845053959841389,0.4554490305561717,8.98138972147321,7953.677835366711,56.0,1281951.0,2.0525785017758627,7.122503606970725,1.0,19
19_343,2020,1.588120844503582,-0.10497320402396697,2020-21,0.4291005840179878,956124660,0.1438580383440795,0.6756029402240014,0.2852425456739083,9.676641160898374,15940.864107774232,17.0,763056.0,,,,19
19_344,2020,0.9410445726090689,-0.1566158407092784,2020-21,0.816502279476671,1755852144,0.2517850318494699,0.183497720523329,0.5647172476272011,9.037058350531952,8409.004294469441,115.0,399245.57102709654,,,,19
19_345,2020,0.1346156686660056,-0.10130451413565167,2020-21,0.9460107354296128,1239556355,0.5351712952171505,0.0539892645703873,0.4108394402124621,9.811137082883528,18235.71080760244,96.0,468526.6828235408,84.56238255023587,75.80132940890282,1.0,19
20_346,2020,0.028843494956236355,-0.18582237179849462,2020-21,0.2454276718176905,247774428,0.1244203982180114,0.7567772635029549,0.1213608688769637,7.293075855414678,1470.0855206811725,4.0,18131.0,496.2817278090215,462.38370123442587,1.0,20
20_347,2020,-0.08515665493074927,-0.06681652769290213,2020-21,0.2506816672590511,238369964,0.0537647855666916,0.7493183327409488,0.1969168816923595,8.88875674784872,7250.0,4.0,15862.0,389.49490648578177,389.342083028974,1.0,20
20_348,2020,-0.04603042129767873,-0.07564951593208208,2020-21,0.1014317283164069,342347563,0.0521542138157414,0.8985682716835931,0.0492775145006655,8.955448122347393,7750.0,6.0,21900.0,343.3156482354491,344.687749125447,1.0,20
20_349,2020,-0.03814419693378809,-0.09511352362643602,2020-21,0.3477360529805505,264864745,0.1769317694584079,0.8733734125967236,0.1708042835221425,8.87234062390086,7131.954675697965,17.0,46334.0,293.3019940148693,295.22926001447337,1.0,20
20_350,2020,0.8914580608110335,-0.1225888768869894,2020-21,0.6044483999367197,50625529,0.1529955765993082,0.3955516000632803,0.4514528233374114,9.256015360654038,10467.341552147276,6.0,43130.0,250.54558049822873,253.9769854216635,1.0,20
20_351,2020,0.19930295594597772,-0.06698823470244201,2020-21,0.0939587805219449,255246512,0.0071087235556747,0.917842508887874,0.0869414583812216,,,,27505.0,269.7117775666645,275.4990603770756,1.0,20
20_352,2020,0.08566661020392499,-0.09316279104853724,2020-21,0.315451631421147,240727571,0.0369434542252744,0.6845483685788529,0.2785081771958725,,,,28145.0,273.19422576253305,279.9439010826382,1.0,20
20_353,2020,-0.11617068463450847,-0.08597629720841923,2020-21,0.5877246726664886,348969464,0.3283376794251545,0.4122753273335113,0.2593869932413341,8.995855712817509,8069.571910391703,35.0,20137.0,227.24879197291216,233.6330697715582,1.0,20
20_354,2020,-0.12287243109507841,-0.1421290714688506,2020-21,0.5961182868340882,294528975,0.2212780321528637,0.4038817131659118,0.3748402546812245,8.72380517981489,6147.527084251288,7.0,88912.0,233.87250742393567,235.2030488503426,1.0,20
20_355,2020,-0.14472799821500357,-0.18314773046221094,2020-21,0.1946157027583031,576808980,0.0441465925166421,0.8499334053745974,0.1504691102416609,9.005492885696672,8147.715707795333,3.0,74037.44106208932,267.7733564211746,267.71051030250123,1.0,20
20_356,2020,-0.03687572894313083,-0.11249332257250355,2020-21,0.319599646636129,452648426,0.2314414079062764,0.680400353363871,0.0881582387298525,9.312029823309642,11070.396286602048,21.0,14562.0,384.0369737568514,382.03326877903214,1.0,20
20_357,2020,0.04576550553279388,-0.22901850752364628,2020-21,0.4864582494080476,682427426,0.245687319430799,0.5135417505919523,0.2407709299772486,9.541657212287337,13928.01017913366,31.0,113780.0,192.7509345728185,188.6024153964192,1.0,20
20_358,2020,0.015896451494457602,-0.07807856117229539,2020-21,0.0924377620444616,485529485,0.0721625834937707,0.9075622379555384,0.3346456456024638,9.25230441642164,10428.569815755694,3.0,26858.0,456.35104414491303,455.61592787425593,1.0,20
20_359,2020,0.07577477915569836,-0.10060740421953507,2020-21,0.1025258116707239,209312003,0.0662958110433829,0.9304758933480703,0.0375622414974211,9.210340371976184,10000.0,2.0,15124.0,412.9444624664155,411.37015035273953,1.0,20
20_360,2020,0.038031902058866474,-0.12869339039773678,2020-21,0.5339332663503072,275797234,0.2142138089753286,0.4660667336496928,0.3197194573749786,9.083520748205656,8808.925503446435,20.0,45312.0,333.65829092146555,333.66027705975483,1.0,20
20_361,2020,-0.1614702672279954,-0.2222638687619987,2020-21,0.0608364957916193,12447068,0.0608364957916193,0.9391635042083808,,,,,30495.0,304.16071001035186,303.32736313063407,1.0,20
20_362,2020,0.09799164496112917,-0.1462771943748605,2020-21,0.4051685177300321,258862109,0.2957165237342635,0.594831482269968,0.1094519939957686,8.306619234194628,4050.5956938853715,5.0,36808.0,219.27453114797325,224.17028772570953,1.0,20
20_363,2020,0.16454178885340337,-0.20787971020997975,2020-21,0.4513936427730925,52927480,0.2113441637500973,0.6721919888168759,0.2400494790229952,9.814893898766517,18304.347863265768,2.0,21955.0,210.53822437462657,213.52818448880313,1.0,20
20_364,2020,-0.13124316620569512,-0.15033796940698568,2020-21,0.3652027060028936,516452515,0.116899033786291,0.6347972939971064,0.2483036722166025,9.917199090929785,20276.11945311192,5.0,114784.0,312.0818289395872,310.1605791961991,1.0,20
20_365,2020,0.12230494632771617,-0.14768598103693303,2020-21,0.692923376630073,591137352,0.2387094158786975,0.3070766233699271,0.4542139607513754,9.530552939889482,13774.205286262122,82.0,10858.0,314.529810654195,311.5487367037796,1.0,20
20_366,2020,0.06789286235228507,-0.13610018112537095,2020-21,0.6914664247210269,430333580,0.3971403091527275,0.3085335752789731,0.2943261155682993,9.737852648501097,16947.1108762411,42.0,22126.0,368.68948936696864,368.68948936696864,1.0,20
20_367,2020,-0.4624165635714306,-0.16391856998026494,2020-21,0.4668948658797163,122372318,0.1312938601032302,0.6400972356020116,0.3356010057764861,,,,12686.0,321.98409392534677,321.98409392534677,1.0,20
20_368,2020,-0.1319922843199903,-0.09857729856246779,2020-21,0.252589909325129,66233786,0.0669965778492565,0.7637954554171945,0.189662067592653,8.699514748210191,6000.0,3.0,43603.0,253.99454532325183,253.99454532325183,1.0,20
20_369,2020,-0.5252497392822869,-0.5226088973395059,2020-21,0.3037863511102418,217799400,0.037440621966819,0.6962136488897582,0.2663457291434228,9.444061228233291,12632.918029823268,4.0,37433.0,,,,20
21_370,2020,-0.0824417181110179,-0.07829547825869658,2020-21,0.257539997953072,78146374,0.0946060146053609,0.742460002046928,0.162933983347711,,,,141299.0,347.11752218422566,252.1438542166224,1.0,21
21_371,2020,-0.06229412563429278,-0.09409563058709512,2020-21,0.4869480960912198,138235273,0.2900168251557618,0.5291285612940293,0.1969312709354579,9.269656956542708,10611.111189740555,2.0,58205.0,315.4893654394358,315.4893654394358,1.0,21
21_372,2020,-0.07194881819468263,-0.07080700578892067,2020-21,0.1348121195872165,404148649,0.0467316123578084,0.8651878804127835,0.088080507229408,,,,126224.0,267.89197846408905,267.89197846408905,1.0,21
21_373,2020,0.0285815200199753,-0.027944698119035608,2020-21,0.3012219422345469,503485257,0.2728637335253691,0.6987780577654531,0.0283582087091777,9.257523058931913,10483.135047900798,13.0,40806.0,222.71225857325382,222.71225857325382,1.0,21
21_374,2020,-0.7372331459764988,-0.4319283343586155,2020-21,0.1786495860090843,259485404,0.0754367878762133,0.8216429511670316,0.1032396565935554,,,,169597.0,287.1322750318957,287.1322750318957,1.0,21
21_375,2020,0.09304541571218196,-0.22554592863282086,2020-21,0.4751365839837937,232314940,0.2127020414614746,0.5745102198136866,0.262434542522319,9.396578594349522,12047.092148851356,9.0,136451.0,161.5265128932558,161.5265128932558,1.0,21
21_376,2020,4.102838231866721,-0.3672923003315697,2020-21,0.5049504733287169,27349809,0.1841583975961221,0.4950495266712831,0.3207920757325947,8.411832675758411,4500.0,2.0,326095.2193784278,172.7249788479643,172.7249788479643,1.0,21
21_377,2020,0.6314976730734521,-0.11805222527977756,2020-21,0.5493271764977701,150589047,0.218439631934187,0.4506728235022298,0.330887544563583,10.100920957325188,24365.43862383739,9.0,168227.0,131.35472086345192,131.35472086345192,1.0,21
21_378,2020,-0.017192616883157614,-0.03401925459886948,2020-21,0.3900417270993475,374349050,0.344665998217439,0.6099582729006525,0.0550347045145153,10.067847120748844,23572.760793651567,17.0,80903.0,72.78660717890564,72.78660717890564,1.0,21
21_379,2020,-0.02748523157789803,-0.0493268523655748,2020-21,0.769667574580545,278207004,0.3289653591898786,0.2303324254194549,0.4407022153906664,9.689670711212504,16149.925428543656,9.0,78948.0,25.711095318517717,25.711095318517717,1.0,21
21_380,2020,0.0015522429274413623,-0.05412715380229663,2020-21,0.6886081339771166,585766659,0.5557245500379359,0.3113918660228834,0.1328835839391808,9.829200072529355,18568.09515335393,33.0,87830.0,29.059713091870787,29.059713091870787,1.0,21
21_381,2020,-0.05386028925835664,-0.061396500508065256,2020-21,0.4730220076472054,651364222,0.4291487167374692,0.5269779923527946,0.0438732909097362,10.529776039568661,37413.09439236243,13.0,234544.0,93.68365624314218,93.68365624314218,1.0,21
21_382,2020,-0.22410302978659669,-0.12080380268499805,2020-21,0.3843590502347677,166767149,0.1960585639899994,0.6156409497652322,0.1932578759861152,,,,107124.70441408303,74.94696569829884,74.94696569829884,1.0,21
21_383,2020,-0.042095956882990324,-0.11220323495283353,2020-21,0.4764795696992759,250632532,0.3904020009660996,0.523520430300724,0.0860775687331762,10.039059347519652,22903.82823763203,13.0,72324.0,123.89440663288055,123.89440663288055,1.0,21
21_384,2020,0.01711102649054737,-0.06508377444645666,2020-21,0.3585537704406247,307890540,0.048797158414903,0.6724302058455651,0.3120050684246421,,,,92310.0,188.592067586993,188.592067586993,1.0,21
21_385,2020,0.17718867954091322,-0.1626600420084407,2020-21,0.3067464547249505,366487926,0.0971148446511168,0.6932535452750496,0.2096316100738336,9.883965613958306,19613.34761010042,10.0,69921.0,165.50620081427007,165.50620081427007,1.0,21
21_386,2020,-0.06972704940870983,-0.05083616976274384,2020-21,0.4531646277128732,962300048,0.1982247911100592,0.5468353722871268,0.2549398366028139,9.151884380787791,9432.197494665388,66.0,197576.0,115.37280368743421,115.37280368743421,1.0,21
21_387,2020,0.15268626366523355,-0.050899758010951576,2020-21,0.1128024397883763,358804890,0.042821659983508,0.8871975602116237,0.0699807798048683,8.817297783866575,6750.0,2.0,126239.0,103.06020745176511,103.06020745176511,1.0,21
21_388,2020,-0.04445030624886909,-0.10704327179679299,2020-21,0.5506342225131942,256747193,0.4135935577687114,0.4493657774868058,0.1370406647444827,9.503490651331814,13406.442464474509,9.0,269474.0,212.98197436406917,212.98197436406917,1.0,21
21_389,2020,-0.006858952414357775,-0.050210003308012216,2020-21,0.3559916872767846,170947590,0.27935340299328,0.6440083127232153,0.0917128294761731,9.901314379680942,19956.58373550679,3.0,42431.0,189.39590693842428,179.0893513658311,1.0,21
21_390,2020,0.1675514075674642,-0.16261908486000404,2020-21,0.4402996651488212,222574698,0.0374706203128263,0.5597003348511789,0.4028290448359948,9.619204078063929,15051.06569642737,4.0,58940.0,263.80357882407196,263.80357882407196,1.0,21
21_391,2020,0.041127960710747716,-0.06722302422875591,2020-21,0.8226789962521799,220404922,0.3384656718328641,0.1773210037478201,0.4842133244193158,8.94081853968897,7637.446050487687,6.0,27058.0,,,,21
21_392,2020,-0.029628431726953747,-0.06838830625263068,2020-21,0.3988030930389629,312344077,0.246089155069843,0.6011969069610371,0.1527139379691198,9.257852770746922,10486.59203125723,18.0,64261.0,292.69036026638935,292.69036026638935,1.0,21
21_393,2020,0.19200999755661458,-0.05402133536746088,2020-21,0.647327600517211,172693137,0.1913143543162343,0.3526723994827889,0.4560132462009767,8.733690966119072,6208.601610770205,8.0,167042.0,316.32641729338667,228.30824946956045,1.0,21
21_394,2020,-0.07496001224156815,-0.07951146917046148,2020-21,0.1260205320880336,158061664,0.0591543247324031,0.8877041789224279,0.0668662073556305,9.243130194799171,10333.333333333334,3.0,34607.0,309.84279784843017,169.09332665821225,1.0,21
21_395,2020,0.022431457870813687,-0.07315074636634773,2020-21,0.5937818100882043,180222897,0.5466167875439267,0.6060095017491955,0.0471650225442774,9.434675380013136,12514.902084866007,12.0,87379.22554323121,237.91662144607787,234.92271321137062,1.0,21
21_396,2020,-0.04829393627037718,-0.0697371509805969,2020-21,0.2586808982573022,249128395,0.0840443137764364,0.7413191017426978,0.1746365844808657,8.739696652213524,6246.000714358192,7.0,54064.0,185.21352628122295,179.39926251503496,1.0,21
21_397,2020,0.16380368601358328,-0.11286093181370388,2020-21,0.3588726260099976,145998614,0.1225200740604291,0.681879196860298,0.2363525519495685,9.854028495380769,19034.882489011707,7.0,63686.0,226.49252440570268,187.3645408798201,1.0,21
21_398,2020,0.07713943101953374,-0.07005272454161306,2020-21,0.0287768867843413,134097758,0.0287768867843413,0.9712231132156588,,,,,89222.0,133.65184028610255,133.65184028610255,1.0,21
21_399,2020,-0.0158474279122403,-0.04489766231367702,2020-21,0.3818018999886854,169127744,0.2198674689351973,0.6181981000113145,0.1619344310534881,10.405586570079135,33043.712002860964,10.0,21142.0,145.83369263002882,141.8511728464762,1.0,21
22_400,2020,0.3190440213226121,-0.11216953774220524,2020-21,0.6154430808711849,403042518,0.1489849837629289,0.384556919128815,0.466458097108256,9.779223119622165,17662.925541192606,24.0,18349.75138121547,559.9947189757535,327.9021859440546,0.0,22
22_401,2020,0.06442822948277788,-0.07353711748693038,2020-21,0.1433736659744263,32446342,1.0,0.9305210771073542,0.0694789228926458,,,,56981.0,476.7814229116026,369.2460114433162,0.0,22
22_402,2020,-0.18862295927053785,-0.1428508056784224,2020-21,0.1362277723148674,280653213,0.061404445777715,0.8637722276851325,0.0748233265371524,9.566894635054108,14283.9903774405,8.0,32687.0,387.97426735343606,374.0512103948532,0.0,22
22_403,2020,-0.11835868986994905,-0.0773878419228337,2020-21,0.1718226584828268,370137580,0.0046473827380618,0.8281773415171731,0.1671752757447649,9.181073642381174,9711.57393498935,7.0,132916.98984771574,387.608576099068,283.4088737988432,0.0,22
22_404,2020,-0.39879411636483836,-0.19451632840686586,2020-21,0.774794013761671,424244118,0.4440944706274042,0.2252059862383289,0.3306995431342668,9.608260088437625,14887.24505038197,36.0,123930.0,472.54672283234004,261.31526248103455,0.0,22
22_405,2020,0.4368133507034121,-0.06903616905927053,2020-21,0.3353764853120173,367354464,0.1207117221801339,0.6646235146879826,0.2146647631318834,10.047159542922053,23090.107151090982,17.0,58340.0,,,,22
22_406,2020,-0.11285782893899576,-0.08561472714035752,2020-21,0.108107594401122,455196920,0.0265158164954191,0.891892405598878,0.0815917779057028,,,,108700.0,522.2038833334123,206.95532648742622,0.0,22
22_407,2020,-0.09734043012138957,-0.05374809138522015,2020-21,0.3750909089361444,321896298,0.204946814890055,0.6249090910638556,0.1701440940460893,9.656687978899232,15625.94540820394,15.0,6505.452444653515,521.5266628034781,153.72932438514928,0.0,22
22_408,2020,0.059671716477749506,-0.0749619505848004,2020-21,0.326754649652735,110286247,,0.673245350347265,0.326754649652735,,,,33867.36611053694,441.2496546432947,38.962838891723806,0.0,22
22_409,2020,-0.29570374196368876,-0.3066537705992695,2020-21,0.3180397836660383,301601466,0.1248133422534491,0.6819602163339618,0.1932264414125891,9.78550585217058,17774.246311526425,10.0,209702.0,427.3546267374403,67.49736467193237,0.0,22
22_410,2020,-0.1204716113637116,-0.14167425023039384,2020-21,0.3316349563081405,54457284,,0.7712167238086715,0.3316349563081405,9.662164540461887,15711.756620925344,3.0,237701.37873708562,383.7916251310067,131.7250374746967,0.0,22
22_411,2020,0.6585009828739441,-0.097182853896471,2020-21,0.1375261567799188,330186381,0.0212598623200028,0.8624738432200812,0.1162662944599159,9.314830655139282,11101.446067197294,9.0,44847.59935198455,388.44540363884283,178.86113860788456,0.0,22
22_412,2020,-0.12883228584262002,-0.08926051888140234,2020-21,0.2908802491086947,163536002,0.0599682325608033,0.7091197508913053,0.2309120165478914,9.392661928770137,12000.0,1.0,45830.0,344.8356978194694,89.90265541584138,0.0,22
22_413,2020,0.5806300416914424,-0.11485968469570072,2020-21,0.0234216552209134,135494651,,0.9765783447790866,0.0234216552209134,,,,32970.0,344.7668687287167,62.931359801945604,0.0,22
22_414,2020,0.21802315525073956,-0.05560388069038755,2020-21,0.5175108778280584,125868647,0.1677145381565911,0.9133094300813488,0.3497963396714671,9.028018815182229,8333.333333333334,3.0,87216.08756755521,241.63620112786197,162.99428818183387,0.0,22
22_415,2020,-1.312834838385329,-1.838687651501947,2020-21,0.31509653590309,187323570,0.0322211775058525,0.6849034640969099,0.2828753583972375,9.256831874968949,10475.89177657894,3.0,5905.0,304.92975306049254,120.05829979313548,0.0,22
22_416,2020,0.27466697865048273,-0.035956597970216345,2020-21,0.1159537372367112,485585953,0.0249845736373679,0.9265012771235296,0.0909691635993432,9.826244249909497,18513.292191509703,8.0,15492.9324023002,211.34592669211037,188.16796215340906,0.0,22
22_417,2020,0.22020955836713355,-0.0331281904858718,2020-21,0.080415007490554,405785736,0.0247830347590138,0.9324725586536138,0.0556319727315402,8.699514748210191,6000.0,1.0,4933.0,283.98022547874996,202.93864997134028,0.0,22
23_418,2020,0.3462654845302632,-0.12327452826560131,2020-21,0.3952622416821671,276041434,0.2906693311845351,0.6047377583178328,0.104592910497632,9.198366850551135,9880.97875939219,14.0,13741.0,738.4858975303474,173.94966070554008,1.0,23
23_419,2020,-0.24253066339807675,-0.06250190776577003,2020-21,0.2305983063504446,98415519,0.0170293772468953,0.8034018496082851,0.2135689291035492,,,,53538.0,844.3961268555114,210.42318125564657,1.0,23
23_420,2020,0.058979334566752195,-0.17209209446497967,2020-21,0.2140722043290741,593367109,0.0846728058194408,0.7859277956709259,0.1293993985096332,9.056915951415498,8577.655911914484,21.0,51875.013935701325,921.6169866188627,264.016642773145,1.0,23
23_421,2020,0.06364407910203577,-0.06187516437042219,2020-21,0.1906209844675498,545230465,0.0178899706200386,0.8093790155324501,0.1727310138475112,9.186234849493694,9761.826951014731,5.0,140800.0,859.4488765673054,257.4300322221346,1.0,23
23_422,2020,0.06435357747790457,-0.06585879058265826,2020-21,0.5481084036295928,237363270,0.3058150319550282,0.4518915963704072,0.2422933716745644,8.922658299524402,7500.0,4.0,28778.0,885.8153004829348,295.84290173331027,1.0,23
23_423,2020,-0.13075061609182176,-0.05302216318756954,2020-21,0.2311325490566011,593854585,0.1629444656051615,0.7688674509433989,0.0721779883997364,,,,44119.67458432304,798.6214323727054,260.5423389840508,1.0,23
23_424,2020,0.010577803208722517,-0.1202904963102163,2020-21,0.2533578500402232,182356193,0.2155811017616495,0.7466421499597768,0.0377767482785736,8.696859680932205,5984.090725774665,4.0,47861.0,894.7865112043021,374.3657342930625,1.0,23
23_425,2020,-0.027363887262896687,-0.0865729820772908,2020-21,0.7495396826413144,811675343,0.1945224459035957,0.2504603173586856,0.5550172367377186,9.316973560224929,11125.260919803864,28.0,87107.0,852.7986356669454,400.7541369747435,1.0,23
23_426,2020,0.018023832602343314,-0.12428436765854721,2020-21,0.5840379890732107,193176600,0.5748928907538491,0.4159620109267892,0.0239071242166224,9.196495434541044,9862.504629329527,10.0,38663.0,786.6614942509561,372.59797968143675,1.0,23
23_427,2020,-0.04019011375568281,-0.03949972435730458,2020-21,0.2010309214752265,64029513,0.1219931190168508,0.7989690785247734,0.0790378024583757,,,,216281.0,796.06915807583,295.3589939603197,1.0,23
23_428,2020,0.004695584440105281,-0.05037071710697665,2020-21,0.5282781008227881,679535681,0.3201078693614618,0.4717218991772118,0.2081702314613263,9.89323374507714,19795.971672050448,22.0,117764.0,765.8002765252564,293.01132086523114,1.0,23
23_429,2020,-0.06543847531443901,-0.0993441288922406,2020-21,0.1496541427197314,402589617,0.019124425637692,0.8503458572802686,0.1324962039445741,8.251490025683232,3833.3333333333335,3.0,130675.0,741.4323444243237,407.6526582567796,1.0,23
23_430,2020,-0.011032593349675674,-0.10989687193940706,2020-21,0.3411742914537058,301285289,0.1450711255935234,0.67867353342864,0.2020109822133948,,,,85297.0,699.178501920875,445.2502339368597,1.0,23
23_431,2020,-0.11547236411267103,-0.0827923069296853,2020-21,0.0189641411110645,253302745,0.0189641411110645,0.9810358588889354,,9.299362193989031,10931.045098067225,6.0,20820.0,671.4237285638956,311.168270286054,1.0,23
23_432,2020,-0.12739998531801033,-0.08643562365602313,2020-21,0.3146393861789051,420936071,0.0731871277432054,0.6853606138210949,0.2414522584356996,9.089078312235952,8858.017961852585,25.0,36403.0,521.9603520817745,216.88801818771822,1.0,23
23_433,2020,0.048588743574094685,-0.0669530050255133,2020-21,0.6294246818162147,579188455,0.1128621840364549,0.3705753181837852,0.5165624977797598,8.869794107482132,7113.816140859066,39.0,64023.431012817295,535.2350107629783,168.2217427922334,1.0,23
23_434,2020,-0.11722596131194844,-0.07639411249970977,2020-21,0.5977539846203765,448799153,0.2249596268734491,0.4022460153796235,0.3727943577469274,9.500605940469343,13367.824481907172,58.0,71847.74300137418,491.67405387856905,114.68557071139026,1.0,23
23_435,2020,-0.026682440388090874,-0.13108654996734265,2020-21,0.3167109059482652,218133063,0.2082283876424547,0.8314392823727039,0.1084825183058104,9.459801231607766,12833.333333333334,3.0,146569.86819618678,548.2717565875937,69.14404460541583,1.0,23
23_436,2020,0.025980134577907116,-0.13648006364789636,2020-21,0.105096534759361,226661517,0.0205198620934773,0.965419226555566,0.0860754761471044,8.886553309336453,7234.042657753553,5.0,54713.0,611.174060528475,105.50236527847778,1.0,23
23_437,2020,0.008733935738961595,-0.17925226647237544,2020-21,0.3860946593431003,132048962,0.1780664432636736,0.6139053406568997,0.2080282160794266,8.85366542803745,7000.0,4.0,94983.07495741057,547.0228709673953,60.428163771743726,1.0,23
23_438,2020,0.4507835917894266,-0.1237676062759664,2020-21,0.7075573886961776,137244972,0.329875006277097,0.2924426113038225,0.3776823824190805,9.076471577187286,8747.048229056689,19.0,89930.0,444.61298261497285,69.92679912996181,1.0,23
23_439,2020,0.0023657584747735667,-0.11424718723843798,2020-21,0.726000787422649,1253913640,0.195569218786072,0.273999212577351,0.5304315686365769,9.272086647521956,10636.924257067763,74.0,266576.0,501.6558547642343,7.633678006840862,1.0,23
23_440,2020,-0.2429944205266646,-0.060632155204107765,2020-21,0.2723757211332164,309206392,0.2371575326295324,0.7276242788667836,0.0352181885036839,9.391372552746471,11984.537458373445,15.0,72070.0,434.28991555693176,75.67581466678692,1.0,23
23_441,2020,-0.0013193501662466585,-0.10948250078189005,2020-21,0.2253342914457806,320176754,0.1787177372658353,0.7746657085542193,0.0466165541799452,9.373254346438108,11769.354388290443,10.0,38633.0,375.1360321363367,118.64549101237344,1.0,23
23_442,2020,-0.13093844920870618,-0.08087754922298464,2020-21,0.2077726886510907,381962064,0.0763136388329915,0.7922273113489092,0.134220958622535,7.892953953487747,2678.343950225508,3.0,47912.62264489503,658.7277347861284,152.0261146028155,1.0,23
23_443,2020,-0.027880418994646973,-0.0657597130970249,2020-21,0.6617520880054026,94106677,0.6617520880054026,0.6018720487124896,,8.10787456202215,3320.5129799972815,6.0,57680.0,730.9119221230544,233.9145253490377,1.0,23
23_444,2020,-0.20033473818633568,-0.07072166689407657,2020-21,0.2879433701489047,460838789,0.0897899460455356,0.7120566298510953,0.198153424103369,9.119094937238206,9127.936521336502,9.0,146168.39309791333,669.4855426883298,175.11452479893916,1.0,23
23_445,2020,0.025196540023754446,-0.06858798304107262,2020-21,0.4657888778959228,338945021,0.1273630362606801,0.5342111221040772,0.3384258416352426,9.07025114744821,8692.806707809978,15.0,45857.17836555685,612.9350828702079,131.29836239514245,1.0,23
23_446,2020,0.37334212532360644,-0.1460578923543674,2020-21,0.6337055250831306,135604385,0.2188037650847352,0.3662944749168694,0.4149017599983953,8.650766360592272,5714.524442423795,9.0,43236.81589401015,702.7597741711535,233.64902371049206,1.0,23
23_447,2020,-0.0730241816327048,-0.059869649924880274,2020-21,0.185761483411783,360866272,0.1123700554647567,0.9403941648219072,0.0733914279470263,8.111728083308073,3333.3333333333335,3.0,68175.13113481361,597.1933572982515,147.1320368000022,1.0,23
23_448,2020,-0.0817187197038804,-0.1016327929444429,2020-21,0.408580532773174,552108654,0.0994103399799272,0.5914194672268259,0.3091701927932468,9.15952543121287,9504.545446509,23.0,25070.0,557.2782307082638,138.01634476863086,1.0,23
23_449,2020,-0.07131904520795265,-0.09592588045493546,2020-21,0.2716913282056498,407732259,0.054424776333432,0.7283086717943502,0.2172665518722177,8.884244139237982,7217.357294841992,14.0,55443.0,650.127252326072,192.3787479377993,1.0,23
23_450,2020,-0.0024148261215204813,-0.10760403249462015,2020-21,0.1801394375171578,560783221,0.0699289146527442,0.8198605624828422,0.1102105228644135,9.41983230809259,12330.51431887522,20.0,49702.0,720.1822737058008,312.8295465792877,1.0,23
23_451,2020,-0.07900451123302181,-0.06398444174429756,2020-21,0.1738189344970142,340586169,0.1483613387718043,0.8261810655029859,0.0254575957252098,8.41198373340917,4500.67981077243,11.0,237664.21021574773,688.8165466577572,243.85493381192234,1.0,23
23_452,2020,0.03011196040140253,-0.1694601633542147,2020-21,0.3401211594978322,231854543,0.0435719174154806,0.6598788405021678,0.2965492420823516,9.13323452561148,9257.918567177763,9.0,51326.0,711.1419775164692,194.34549704923728,1.0,23
23_453,2020,-0.8449394694371264,-0.08146016955396711,2020-21,0.4706736530471997,318686334,0.2093236793768508,0.5293263469528003,0.2613499736703488,9.231585303828396,10214.722120810378,13.0,16281.0,607.9655114802829,238.07700301467898,1.0,23
23_454,2020,-0.08177918085875688,-0.11101792293083243,2020-21,0.5868381033542628,412326912,0.0542893426272403,0.4131618966457372,0.5325487607270224,9.257219777305911,10479.95618772721,18.0,36307.0,606.428347965178,215.3392831585278,1.0,23
23_455,2020,0.08240490085425678,-0.10300133645498197,2020-21,0.474542059186899,253719087,0.2124128603694683,0.6034120357199667,0.2621291988174307,9.515630940903044,13570.192533531765,2.0,84231.0,659.2134296008163,108.55189208202844,1.0,23
23_456,2020,-0.06049191440050967,-0.08631235056444143,2020-21,0.2704957516669128,425772406,0.0842386225470891,0.7295042483330871,0.1862571291198237,8.84138289118716,6914.548099382279,13.0,56919.0,620.8235170369253,140.95618568229648,1.0,23
23_457,2020,-0.034357558889073554,-0.10479543721941646,2020-21,0.8227420359012012,455420361,0.5313582674886158,0.1772579640987988,0.2913837684125853,9.602999595892742,14809.136433801712,37.0,85177.0,543.2453084385568,141.49993451201777,1.0,23
23_458,2020,-0.15837715432225988,-0.11213867659335285,2020-21,0.3869648460970558,624021493,0.0866137138003995,0.6130351539029442,0.3003511322966563,8.932260463619324,7572.363095874109,23.0,46760.0,717.6976237077965,240.3168370524989,1.0,23
23_459,2020,-0.2646476935160821,-0.06385801431145757,2020-21,0.2676025319477962,475567309,0.1836395465946546,0.7323974680522037,0.0839629853531416,8.93256715041727,7574.685795817358,18.0,28245.491577335375,784.5036474828918,287.82624168053934,1.0,23
23_460,2020,-0.11212618902730312,-0.1063332290893751,2020-21,0.2786560429381124,539063472,0.0736947596404751,0.7213439570618875,0.2049612832976373,9.00730433012612,8162.488217777953,14.0,35847.0,632.5998642099526,322.56524493900406,1.0,23
23_461,2020,-0.24565802356279923,-0.08591255618212701,2020-21,0.2558585235236089,380171470,0.188035041135517,0.7441414764763911,0.0678234823880918,9.15664997574773,9477.254804677556,8.0,31908.0,581.9987581823731,266.74946825230745,1.0,23
23_462,2020,-0.002448768052321729,-0.11403814005549645,2020-21,0.6206320989255781,188593328,0.2674456065593158,0.3793679010744218,0.3531864923662622,8.562720710073938,5232.89902344539,3.0,33205.80800385728,642.366165053574,392.7255257492918,1.0,23
23_463,2020,0.011229065169412127,-0.10104346571634269,2020-21,0.1345752798089627,280117010,0.0595386870650946,0.8911376956817159,0.075036592743868,9.210340371976184,10000.0,2.0,26834.0,598.953771220345,409.9659055968412,1.0,23
23_464,2020,-0.03320461621206365,-0.04485469653941857,2020-21,0.6408148672638687,211364191,0.6398896017348559,0.5799195791175871,0.0014938803064306,9.070056842432738,8691.117815953516,13.0,20060.0,447.9841575540325,116.0120666242533,1.0,23
23_465,2020,0.08085406335816445,-0.08023664773363469,2020-21,0.0858131280259409,337371713,0.045906960788974,0.9141868719740592,0.0399061672369669,8.4636088569586,4739.130016205895,2.0,13343.0,393.7500240586371,147.13216070833815,1.0,23
23_466,2020,-0.1806660494985473,-0.08266054707636401,2020-21,0.1931589674700828,446094619,0.1041931846301871,0.8068410325299171,0.0889657828398956,8.876380416053689,7160.824565144756,10.0,48001.0,493.77666074651256,108.58061593535511,1.0,23
23_467,2020,0.015352948237748508,-0.032872475105860804,2020-21,0.1489816433638586,162945813,0.055602281722943,0.8510183566361413,0.0933793616409155,8.756667786382241,6352.9070252604315,6.0,47272.0,439.7220273974452,147.6448681441295,1.0,23
24_468,2020,-0.04542377864860116,-0.09062040738811081,2020-21,0.1462781005951685,86938728,0.0250602240235214,0.8537218994048315,0.1212178765716471,,,,128778.0,72.8027733217326,72.8027733217326,1.0,24
24_469,2020,-0.011531153490599364,-0.08838454030498075,2020-21,0.6442619525321422,391327540,0.4325070681199692,0.3557380474678577,0.211754884412173,9.470493008993296,12971.280613143505,7.0,114716.0,228.53376889362778,228.53376889362778,1.0,24
24_470,2020,-0.12083602085079122,-0.047557283033164414,2020-21,0.1246916801559413,582785226,0.3193682533580592,0.8753083198440587,0.0575951731487441,9.737251013080227,16936.917960573595,5.0,73744.31328320802,174.74716450192736,174.74716450192736,1.0,24
24_471,2020,0.19997607042457194,-0.1425376746357309,2020-21,0.2299060496443525,410013243,0.0892586023129989,0.7700939503556474,0.1406474473313536,9.41825765361141,12311.113298208636,16.0,148948.0,234.31024789815916,206.97870745263376,1.0,24
24_472,2020,-0.15003827201673228,-0.03124211530412753,2020-21,0.1868538971313035,364800462,,0.8131461028686965,0.1868538971313035,9.933046354777671,20600.0,3.0,105759.0,303.7519709709147,220.90668934557783,1.0,24
24_473,2020,0.05158598561421913,-0.11809922128014266,2020-21,0.5347780686399073,283584911,0.0714841171503656,0.4652219313600927,0.4632939514895417,10.159134390804914,25825.932217125897,15.0,88293.90021196804,249.8940956930157,168.920879824263,1.0,24
24_474,2020,0.26971941198733757,-0.1583278444151913,2020-21,0.6803973931379147,290693092,0.2284728011355701,0.3196026068620853,0.4519245920023445,10.159133644252083,25825.91293671034,16.0,556289.9502647419,201.46757510655982,114.94871522851703,1.0,24
24_475,2020,0.17303648338619798,-0.0787214501816911,2020-21,0.0669358042645771,101568616,0.0669358042645771,0.9330641957354228,,,,,84993.0,134.7388509000252,134.7388509000252,1.0,24
24_476,2020,0.1881874406862237,-0.15933151979744348,2020-21,0.6961020654410678,1298608487,0.2794304562403495,0.3038979345589322,0.4166716092007182,9.908737543646962,20105.275929258383,58.0,301943.0,98.11767419220972,75.88884002562182,1.0,24
24_477,2020,-0.1291542559157471,-0.13332735266412354,2020-21,0.5583649440836872,1276705695,0.1243690042441613,0.4416350559163128,0.4339959398395258,9.752068914367843,17189.75617861362,46.0,126371.60621803718,87.25059775621835,27.885090381182884,1.0,24
24_478,2020,-0.0997698112239277,-0.1455376740595671,2020-21,0.1697233702734129,823151448,0.0473556598785209,0.8302766297265871,0.122367710394892,9.865965869432411,19263.47065805574,5.0,42010.0,153.282175914867,93.19424072357646,1.0,24
24_479,2020,0.02973868641299725,-0.04449362395509617,2020-21,0.4521836632922902,557684765,0.0940020783963858,0.5478163367077098,0.3581815848959044,9.426513569276809,12413.17353198451,3.0,155212.0,196.56655427570837,144.79547816622912,1.0,24
24_480,2020,0.44156482466663166,-0.22828327856264044,2020-21,0.3166295818377639,829145437,0.1850661441920231,0.6833704181622361,0.1315634376457408,8.964389425608212,7819.6058199134395,12.0,101305.0,202.86747477645366,140.48889277240482,1.0,24
24_481,2020,0.3234555514513358,-0.2599351032226008,2020-21,0.916367529132044,233700473,0.8203849506115463,0.1871079243293525,0.0959825785204979,9.392661928770137,12000.0,1.0,206968.0,219.03106171421706,72.58472707029456,1.0,24
24_482,2020,-0.10304442003889557,-0.07789718419811205,2020-21,0.3001535674209701,362005819,0.1178593347417987,0.6998464325790299,0.1822942326791714,8.931979181518654,7570.233425208635,15.0,107732.0,264.67363933048495,83.7923923288193,1.0,24
24_483,2020,-0.11950491706300204,-0.04429157110577876,2020-21,0.4040961771235456,523955907,0.1073297509364657,0.5959038228764544,0.2967664261870799,9.63745038767958,15328.21286860198,23.0,119454.0,281.67721956214996,135.50834670202957,1.0,24
24_484,2020,-0.03594237192148079,-0.14249029432183602,2020-21,0.3379411193029888,385291261,0.1057268802159517,0.6620588806970112,0.232214239087037,9.466516797504426,12919.806462017988,14.0,91549.0,346.60958120779344,171.7881839396959,1.0,24
24_485,2020,0.1291478105333821,-0.042094646325244074,2020-21,0.952680556675508,2752113103,0.6962850218296425,0.0473194433244918,0.2563955348458657,9.999831531054925,22022.75533190819,128.0,47156.0,392.29092223444127,170.15801047826758,1.0,24
24_486,2020,0.015426015660112752,-0.2141549834130707,2020-21,0.8772874979220218,1455459191,0.5989844280010459,0.1227125020779782,0.2783030699209758,9.576759716523537,14425.600455245802,68.0,297652.66869882913,344.34183864224224,114.44597562782047,1.0,24
24_487,2020,1.7608988010543964,-0.08088436912463154,2020-21,0.825424455504757,1365112523,0.1518871188320349,0.174575544495243,0.6735373366727221,9.758777095406762,17305.455808235092,46.0,24497.0,311.56042536618247,100.80822091750505,1.0,24
24_488,2020,0.02319883843480564,-0.35667599364193114,2020-21,0.3215502325992243,609595541,0.0795947455921433,0.6784497674007757,0.2419554870070809,9.348165136005624,11477.744012892308,7.0,148824.0,303.6373536660073,38.65601246973148,1.0,24
24_489,2020,0.37742688312111855,-0.05275930331482006,2020-21,0.7651251498753949,260323751,0.7404033103379799,0.234874850124605,0.053352907201885,10.12469161697472,24951.55981784277,5.0,8673.0,216.42966313308438,99.1491144503402,1.0,24
24_490,2020,0.18115858851838973,-0.18789449094059033,2020-21,0.4046216289111432,478343035,0.0389624801372931,0.5953783710888567,0.3656591487738501,9.38389550400869,11895.262659625978,14.0,103374.0,203.64578836322335,50.35614239637566,1.0,24
24_491,2020,0.3624556559990458,-0.3116288129119002,2020-21,0.2401176815106757,37856754,0.1616193242558514,0.7598823184893243,0.0784983572548243,,,,140357.0,160.9152420227983,90.7616136734688,1.0,24
24_492,2020,1.0608740149266969,-0.23948475826514826,2020-21,0.7159395460041568,290806319,0.2179300340444115,0.2840604539958432,0.4980095119597453,9.139814197395532,9319.03347027254,25.0,824466.0,252.43665480655807,25.29180821897655,1.0,24
24_493,2020,0.10967731771803675,-0.12215405402564682,2020-21,1.0,128005175,0.9176531573821136,,0.0823468426178863,,,,39468.0,254.00069121284858,81.51861739803631,1.0,24
25_494,2020,0.01809160325624291,-0.020800504231689217,2020-21,1.0,28593784,0.9047851798838517,,0.0952148201161483,8.50665709584693,4947.5960733194,2.0,6152.0,258.5567263591695,196.29274564024874,0.0,25
25_495,2020,0.8331674221120705,-0.6411639184119156,2020-21,0.4860084001252719,36822308,0.1240241106016494,0.5139915998747281,0.3951355196173619,9.20424495660731,9939.23123987901,11.0,53693.0,159.75487400063938,86.51210188593433,0.0,25
26_496,2020,2.2912133255951157,-0.7043030717728401,2020-21,0.5247798163122028,54301593,0.466297056883764,0.4752201836877971,0.0584827594284388,9.405228188836473,12151.746567346338,11.0,51726.0,,,,26
27_497,2020,-0.09423661313123839,-0.028815072644951218,2020-21,0.6291824128898961,1422082278,0.4577072150251492,0.3708175871101039,0.1714751978647468,9.727055772573948,16765.119261162414,69.0,53308.0,311.67587806507254,145.97047829609335,1.0,27
27_498,2020,0.07803306145567757,-0.041724837868338596,2020-21,0.7569016453883105,1008967117,0.3958924599918353,0.2430983546116895,0.3610091853964751,9.522609718810628,13665.227120315609,61.0,102321.0,290.33723121539043,154.23759068225965,1.0,27
27_499,2020,-0.008406866366378603,-0.050440449791202366,2020-21,0.3910247807943518,319696370,0.2362163980779638,0.6089752192056481,0.154808382716388,9.277125229053103,10690.654515649772,14.0,208658.0,339.57123897611933,116.1703097662981,1.0,27
27_500,2020,-0.3197133904765508,-0.045162435950548724,2020-21,0.60831975987874,737704608,0.1865922721740678,0.39168024012126,0.4217274877046721,9.446852125320325,12668.224449327963,42.0,124569.0,395.3572705611326,129.278200777912,1.0,27
27_501,2020,-0.07888521521171447,-0.0358976452335309,2020-21,0.3485585512621378,344263578,0.1405316161560373,0.6514414487378621,0.2080269351061006,9.973894344760778,21458.89115989076,20.0,135773.0,466.23371155624966,199.48556963888842,1.0,27
27_502,2020,-0.10924159027025056,-0.027137176455655526,2020-21,0.4073984105066344,343542170,0.2140065861492346,0.691923670470219,0.1933918243573998,8.883818466208139,7214.285714285715,5.0,54286.0,462.7359698489901,196.76341938302852,1.0,27
27_503,2020,-0.13956361260413616,-0.0515614530506779,2020-21,0.4221489689298038,1026172761,0.2191555530872252,0.5778510310701962,0.2029934158425785,9.452979280504197,12746.082908283071,35.0,172314.3853656538,534.5293544383818,154.5686461438923,1.0,27
27_504,2020,-0.06499792233524021,-0.08609317505992864,2020-21,0.6545897107666628,391822468,0.2850167719325375,0.3454102892333371,0.3695729388341252,9.810686117195276,18227.488981747367,14.0,112245.0,586.5173499564204,63.682176024732954,1.0,27
27_505,2020,-0.024804819097194793,-0.09278312070247213,2020-21,0.3423354892480785,515732051,0.1825235329421091,0.6576645107519214,0.1598119563059694,10.239391346286816,27984.08812255038,9.0,471334.0,571.3081101711949,3.285574203867141,1.0,27
27_506,2020,-0.09331270239856344,-0.0721098961298895,2020-21,0.6140664851100641,356064899,0.3423668756520703,0.3859335148899358,0.2716996094579937,9.929407627380437,20525.178425828097,30.0,100261.0,518.4682229003405,67.6146691606184,1.0,27
27_507,2020,-0.0889422194606058,-0.06621884320390377,2020-21,0.2243274631638041,421754259,0.0886605699932007,0.7756725368361959,0.1356668931706034,9.3273870624016,11241.719165302353,3.0,100950.0,488.86718763358874,90.01080889994383,1.0,27
27_508,2020,-0.10124428849419366,-0.03569057465970736,2020-21,0.4209793244815723,281095781,0.3163080487501162,0.5790206755184276,0.1046712757314561,9.345453846841618,11446.666678780237,9.0,60122.0,,,,27
27_509,2020,0.06825213314714412,-0.048053536677644004,2020-21,0.7134812177430707,279747451,0.3896029780089042,0.2865187822569293,0.3238782397341665,8.814333186479173,6730.018600671595,11.0,144019.0,472.6345392857073,117.60898396221675,1.0,27
27_510,2020,0.032511026976583715,-0.028300132202780843,2020-21,0.4480112541896361,1165490224,0.2276435173256331,0.5519887458103638,0.220367736864003,9.886845378329186,19669.910835031525,48.0,160581.13958728654,552.5899914059488,149.41796617874758,1.0,27
27_511,2020,-0.11950930797283614,-0.03602597113183385,2020-21,0.4042768601038508,848951874,0.2377442964452423,0.5957231398961491,0.1665325636586085,9.48789164887352,13198.937974673276,17.0,146177.0,485.0241059056837,249.50536118566367,1.0,27
27_512,2020,-0.24676423191597602,-0.05012800865278141,2020-21,0.1894390979880566,378531928,0.1170639164683619,0.8105609020119433,0.0723751815196946,,,,36461.0,437.75554806680714,185.19260311661986,1.0,27
27_514,2020,-0.3549127807476728,-0.18033123316642635,2020-21,0.5213751834267144,644625977,0.1045647808263861,0.4786248165732855,0.4168104026003283,9.331550390546877,11288.619694506104,9.0,149978.0,327.8450090570638,66.09366462510283,1.0,27
27_515,2020,-0.2857343375016797,-0.1371845224481511,2020-21,0.2243568531689376,482061887,0.1191778888755003,0.7756431468310624,0.1051789642934372,9.620538492689729,15071.163465022455,9.0,233743.0,267.2933281051117,17.3280251518965,1.0,27
27_516,2020,0.054206219975478864,-0.12067643475082027,2020-21,0.8465681321736045,2137081342,0.3873857385443403,0.1534318678263955,0.4591823936292641,9.881157231081142,19558.343093531366,105.0,383465.0,183.96357179912962,137.27799530773794,1.0,27
27_517,2020,0.06981745851949789,-0.1917011143871397,2020-21,0.5224386418717876,805479387,0.4858328087792518,0.4775613581282124,0.0366058330925357,9.63450308968356,15283.10256693707,30.0,1028230.9025899771,73.91903387051401,62.86663341726272,1.0,27
27_520,2020,-0.16659769442188505,-0.24219667474488868,2020-21,0.6896895450267635,2170749861,0.5118477342608937,0.3103104549732365,0.1778418107658697,9.96696441744461,21310.696685408057,68.0,229338.0,54.92422038374899,54.92422038374899,1.0,27
27_521,2020,0.2346289379609192,-0.1571243438069596,2020-21,0.6505632816993726,459204427,0.3110328768672781,0.3494367183006273,0.3395304048320945,10.207933788125898,27117.47920662148,15.0,940837.0,123.9660375187954,119.17662332255172,1.0,27
27_522,2020,-0.20395861707597915,-0.20573951577948332,2020-21,0.3752889230726113,189038641,0.0852322991467125,0.6247110769273886,0.2900566239258988,9.088705411558774,8854.71541675507,12.0,316577.0,181.67568953057352,100.46200934436611,1.0,27
27_523,2020,-0.165466207275479,-0.04929636779275098,2020-21,0.1942297501438046,147041501,0.088674849694305,0.8057702498561954,0.1055549004494996,,,,140624.0,303.34253623463525,116.45078663051528,1.0,27
27_524,2020,-0.10744641999720314,-0.05365457467544437,2020-21,0.1063025882763983,288654759,0.050145260206848,0.8936974117236016,0.0561573280695503,,,,150092.0,403.11307150707927,221.88713474548672,1.0,27
27_525,2020,-0.14572385022724108,-0.04343870094552511,2020-21,0.8799827808803605,2466068004,0.5099767447451137,0.1200172191196394,0.3700060361352468,10.452435510985424,34628.6104502646,76.0,119523.0,332.33320422441494,197.5021570620469,1.0,27
27_526,2020,0.05709209230162197,-0.07961663780017175,2020-21,0.4657505084908738,1037156274,0.2764899564209742,0.5342494915091263,0.1892605520698995,9.291110669676051,10841.218426828444,31.0,310773.0,293.04701490845815,227.886281889795,1.0,27
27_527,2020,-0.0033712511301628107,-0.05359357843029234,2020-21,0.3595695121265502,373865026,0.2885358418093914,0.6404304878734498,0.0710336703171587,8.837246317204674,6886.004636388084,9.0,220239.0,189.49884942074942,189.49884942074942,1.0,27
27_528,2020,0.024911088257005776,-0.10573192857114994,2020-21,0.4659553251081905,1123640147,0.2970271789336484,0.5340446748918095,0.1689281461745421,9.793987480246289,17925.641991400324,24.0,161039.60583941606,190.61438690425285,190.61438690425285,1.0,27
27_529,2020,-0.13483851548628126,-0.04660990731679611,2020-21,0.3839515891715725,166379801,0.225039540707228,0.6160484108284274,0.1589120484643445,8.816726857366197,6746.1473460182215,8.0,74544.0,79.96979503794675,318.5604152113884,1.0,27
27_530,2020,-0.10564822637761694,-0.10751437712600595,2020-21,0.2752995073091471,744252705,0.151013477337647,0.7247004926908529,0.1242860299715,9.450042156579098,12708.701007732629,6.0,385152.0,122.36451796364415,299.1762960856116,1.0,27
27_531,2020,-0.06775636415327776,-0.04693291454368781,2020-21,0.2901453577098356,571669436,0.2148878972077842,0.7098546422901644,0.0752574605020514,10.028494964118057,22663.13703041092,11.0,195320.0,212.92019901760355,276.53261825240895,1.0,27
28_532,2020,0.06148166767331399,-0.06426423447614008,2020-21,0.5120640231483979,266349663,0.0698914569304335,0.487935976851602,0.4421725662179644,8.699514748210191,6000.0,1.0,145997.21215754125,473.73780519395194,205.82071550265306,1.0,28
28_534,2020,0.0023697675836644922,-0.04023999479589687,2020-21,0.6189993690145793,1010010658,0.5732907454131043,0.3810006309854207,0.0457086236014749,9.474828808879172,13027.6435911444,18.0,303455.0,425.4211407708935,282.98487522917355,1.0,28
28_535,2020,0.3407480365439177,-0.18945023086261295,2020-21,0.6554135759003974,957525764,0.5143846991045559,0.3445864240996026,0.1410288767958415,9.055786214823982,8567.970891952176,47.0,272955.0,523.6035602573689,365.96796508937086,1.0,28
28_536,2020,-0.07406234186245222,-0.049325009337103105,2020-21,0.6429220993569693,1284384828,0.1324393159212871,0.3570779006430306,0.5104827834356822,9.716419841242457,16587.751511567345,30.0,1128844.0,498.49247559728013,385.13504853607594,1.0,28
28_538,2020,-0.007600243295700965,-0.06927011247248477,2020-21,0.6410792140669606,1005203243,0.6058673837764369,0.3589207859330394,0.0352118302905236,9.263410560049635,10545.03656102054,43.0,282458.0,430.4410322501007,322.60100669705923,1.0,28
28_539,2020,0.03268135785415983,-0.09254052850969992,2020-21,0.5987097401226126,1414404053,0.472706133429045,0.4012902598773873,0.1260036066935676,9.422326701519236,12361.309864875666,26.0,305243.0271976688,417.6573732509604,311.2196225791132,1.0,28
28_541,2020,-0.09207667867297178,-0.04450180805136713,2020-21,0.5812406565375461,740035483,0.5569297398135705,0.4187593434624539,0.0243109167239755,9.991321240038005,21836.13051713954,6.0,233161.0,265.19395920850224,176.70339605001337,1.0,28
28_545,2020,0.0006187712407162955,-0.047091498853969765,2020-21,0.6682406626177877,1059637838,0.146285990780182,0.3317593373822123,0.5219546718376057,9.476103806708831,13044.264401945946,33.0,495531.8316326531,137.75134663099604,32.88257551955727,1.0,28
28_547,2020,-0.15129452146871036,-0.055059024128652684,2020-21,0.7635669596317765,625364229,0.6817616250321219,0.2364330403682235,0.0818053345996545,9.422904413186814,12368.453201006778,19.0,504040.0,282.1487663333613,159.32387565123494,1.0,28
28_548,2020,-0.11645301801671382,-0.028820774854852512,2020-21,0.6423738924304291,703031232,0.1720441631816436,0.357626107569571,0.4703297292487853,9.381374970683211,11865.318007776956,6.0,398604.342665248,341.0491232062589,224.84761524033797,1.0,28
28_552,2020,-0.07934368174266022,-0.05998133183828863,2020-21,0.496902043250186,833687236,0.4002236733296946,0.5030979567498141,0.0966783699204913,9.41547854997668,12276.946936414206,17.0,330794.41824357107,357.2354233781174,264.3909913869147,1.0,28
28_553,2020,-0.06255839203283559,-0.0504462583892165,2020-21,0.3630844073491434,533325172,0.0432581532078894,0.6369155926508565,0.319826254141254,9.798127036878302,18000.0,1.0,482626.0,327.6463586738591,228.04752258685613,1.0,28
28_554,2020,-0.10476519673024166,-0.05594279220194844,2020-21,0.6239601588518132,1493944294,0.0932822291699184,0.3760398411481867,0.5306779296818949,9.556872724526182,14141.552446185397,33.0,412579.0,142.31439748715255,105.61593552751559,1.0,28
29_555,2020,-0.010309196414491779,-0.11595202155091013,2020-21,0.3395531270397419,480279809,0.1623273673784608,0.6604468729602581,0.1772257596612811,10.32293596755359,30422.445919266916,9.0,341973.2119235437,133.39647903986338,352.3294101120863,1.0,29
29_556,2020,-0.07187760779906634,-0.05155005684784288,2020-21,0.4939644871739888,971770199,0.4939644871739888,0.5060355128260112,,10.411307527199758,33233.29544462774,32.0,136958.0,213.01173555218006,356.70810790076746,1.0,29
29_557,2020,-0.1799285011409054,-0.06345622511694159,2020-21,0.5262104053419111,402008491,0.5262104053419111,0.4737895946580889,,9.410693895087697,12218.346285972366,19.0,105077.0,273.6732840051357,342.2066754812153,1.0,29
29_558,2020,-0.20122187913153447,-0.07017323115739706,2020-21,0.4518385635226473,168874448,0.4353586221640825,0.5481614364773527,0.0604335013814486,9.14058698801524,9326.237915328344,5.0,89882.0,455.8640044250549,286.44714436889035,1.0,29
29_559,2020,-0.016761092429079145,-0.05816045315924199,2020-21,0.4620921662358405,347347743,0.3738309852786347,0.5379078337641595,0.0882611809572057,9.646336380442593,15465.026218198967,26.0,95545.0,336.4248467561015,349.6194260812389,1.0,29
29_560,2020,-0.2211718182373208,-0.1006893844885904,2020-21,0.7689359936634316,555596616,0.7151078364379383,0.2310640063365684,0.0538281572254932,8.952209386181606,7724.940397340898,39.0,78314.0,257.83779188888826,281.3971451921689,1.0,29
29_561,2020,0.8229154121628915,-0.0929767901080385,2020-21,0.7550984347271251,150205120,0.7402191350068493,0.2449015652728748,0.0173358156741627,9.784140794903562,17750.0,2.0,86026.0,198.30552688665932,270.5153705967246,1.0,29
29_562,2020,0.017732577720205037,-0.09758549252594483,2020-21,0.5626232466357484,716411036,0.2863488817053901,0.4373767533642516,0.2762743649303582,9.272499456101375,10641.316177108469,18.0,148301.0,143.78587688978374,274.42730695819336,1.0,29
29_563,2020,0.038797356096051144,-0.07307123105496399,2020-21,0.8498879814622098,129285744,0.7816930998981605,0.1501120185377902,0.1240335328195648,9.423796215361202,12379.488334311842,4.0,102190.0,110.42503506890469,208.3392574067511,1.0,29
29_564,2020,-0.08080654910698692,-0.06130972515523102,2020-21,0.9741163324147026,2307761209,0.8190657463295632,0.0258836675852973,0.1550505860851394,9.984581610590602,21689.457903608796,88.0,91504.0,187.29297538275196,203.8795200440561,1.0,29
29_565,2020,-0.10241435979517462,-0.06817669902641349,2020-21,0.2753478909013751,435337916,0.2662236224790491,0.7246521090986249,0.010617807001712,8.605308315562567,5460.569217325981,14.0,177488.0,292.617050979756,236.26013238982023,1.0,29
29_566,2020,0.6677046172079032,-0.060295513596467794,2020-21,0.3560703246372076,597169380,0.3544356611184585,0.6439296753627923,0.0022681098553469,9.21743043611721,10071.152581529788,36.0,120203.0,231.4029726080631,135.818937273233,1.0,29
29_567,2020,-0.17317733412063252,-0.04589425143151539,2020-21,0.3237123329377902,581438496,0.2899137624351587,0.6762876670622098,0.0337985705026314,9.695062510622812,16237.23776071138,2.0,106653.0,206.31221295745286,154.9991093076851,1.0,29
29_568,2020,-0.20958438955092085,-0.08542696755665229,2020-21,0.2982675003786192,328852828,0.1376809567835007,0.7017324996213807,0.1605865435951184,9.713676820387697,16542.313310694204,8.0,180951.0,132.0160695423178,130.92123417054017,1.0,29
29_569,2020,-0.08693412985395736,-0.05406717039635028,2020-21,0.6802777752166039,364416240,0.4153316328602699,0.319722224783396,0.264946142356334,9.46228990081642,12865.311029293603,22.0,160877.0,60.77130924125416,61.05979023574643,1.0,29
29_570,2020,-0.11721003104166942,-0.04174220188945215,2020-21,0.4088534979706816,288613654,0.4088534979706816,0.7874406456286807,,9.711115659888671,16500.0,2.0,116827.0,113.91522877179005,65.52908834455647,1.0,29
29_571,2020,0.5736621794184311,-0.08685283766058453,2020-21,0.5770682916665509,923837112,0.5435239756854453,0.4229317083334492,0.0335443159811055,10.194078909271784,26744.36054289016,5.0,223121.0,242.56591956557403,108.48805420673118,1.0,29
29_572,2020,0.3221253229363316,-0.14432475030348904,2020-21,0.7010423129207105,343616483,0.7010423129207105,0.2989576870792895,,9.63494634812781,15289.878432823178,29.0,964145.5150305673,289.9867756047284,163.235893906426,1.0,29
29_573,2020,-0.1787105555008968,-0.07087337311869536,2020-21,1.0,37323174,0.7548988732844639,,0.2901960610150888,,,,116646.0,220.8695366489399,88.45961660533177,1.0,29
29_574,2020,-0.08217909693759354,-0.03161248580194459,2020-21,0.7957370000260128,758088440,0.7341641814245314,0.2042629999739872,0.0615728186014813,9.800583018291366,18044.261996507084,14.0,150910.0,143.36970700489485,2.4500514373290714,1.0,29
29_575,2020,-0.019808018248158768,-0.0360439320744687,2020-21,0.4117376659378896,411469693,0.4117376659378896,0.5882623340621103,,9.344426454056372,11434.912495134991,17.0,310886.9378717779,52.82608561207873,46.4335207257872,1.0,29
29_576,2020,-0.1974197180647306,-0.02574324286015881,2020-21,0.1863031364122482,288746513,0.1815845963133761,0.8416442377408357,0.0048806038986735,10.055360640619329,23280.25,4.0,35118.0,128.7257492344972,81.68976845021722,1.0,29
29_577,2020,-0.008912990656674318,-0.051397197852203605,2020-21,0.8038618998747887,823105959,0.697235331277683,0.1961381001252112,0.1066265685971057,10.16030929661857,25856.29308711965,35.0,374394.0,196.40096315579765,96.24254187057059,1.0,29
29_578,2020,0.747542683405756,-0.06956106681708532,2020-21,0.7029681650291345,458394357,0.6692564825792565,0.2970318349708655,0.0337116824498779,9.171597831448958,9619.983528546252,23.0,47510.0,,,,29
29_579,2020,-0.18906818756755275,-0.05422957934887326,2020-21,0.3975061118974371,250482770,0.1800707489780634,0.6024938881025629,0.2174353629193736,,,,103933.0,382.37439203702286,326.3727218031852,1.0,29
29_580,2020,-0.16394446318259884,-0.06920304590988287,2020-21,0.6599937612928128,179533991,0.6176544696764413,0.4972919631937316,0.0619253032773606,9.675714070966574,15926.09234159161,7.0,45072.11650485437,355.57394617037147,390.4007763872305,1.0,29
29_581,2020,-0.06701074799613248,-0.0842995315292938,2020-21,0.0777986193213008,344544752,0.0334922181603857,0.9222013806786992,0.0456769459741351,,,,94368.0,222.2573863297476,187.24909593240173,1.0,29
29_582,2020,0.0698980140275002,-0.042835750759479034,2020-21,0.3244311673660331,328678400,0.3094097969321988,0.6755688326339668,0.0592777913843166,9.938400141758994,20710.583768647004,13.0,72321.0,268.63061081433057,198.9401020251411,1.0,29
29_583,2020,-0.054949225897507455,-0.1306827600593128,2020-21,0.7279305001663462,380642983,0.7279305001663462,0.2720694998336538,,9.745614753924183,17079.16799507922,22.0,82104.0,292.0115189341059,162.4995870767339,1.0,29
29_584,2020,0.0699736608504521,-0.11309516186105391,2020-21,0.3434877847627159,630454638,0.1663806080208422,0.6565122152372841,0.1771071767418737,9.234243856437317,10241.9146272924,25.0,81667.0,277.81322749713024,139.9857748534425,1.0,29
30_585,2020,0.10607226374379107,-0.15043910757718976,2020-21,0.8866137724585275,215997688,0.3557888869625308,0.1133862275414725,0.5308248854959966,9.84789158854715,18918.424898776735,54.0,111189.0,24.7830695167309,304.81309390094873,0.0,30
30_586,2020,-0.05118912114282199,-0.07157341660265615,2020-21,0.8187724877823394,142930390,0.2805153823480087,0.1812275122176606,0.5382571054343307,10.05226255977646,23208.237511312214,32.0,75999.0,40.78063161978387,263.11944282504754,0.0,30
31_587,2020,0.5300449203474065,-0.03989383129155173,2020-21,0.3777734396857725,2376877,0.3768625806047179,0.6222265603142274,0.000910859081054678,,,,8373.0,302.6181341703414,306.6445474541107,0.0,31
32_588,2020,-0.13333818715768733,-0.0400165339934309,2020-21,0.6997081050670645,489696750,0.6389319430851849,0.3002918949329355,0.0607761619818796,9.460902649240918,12847.475980009263,68.0,110925.0,64.64670274713392,60.089966142262526,0.0,32
32_589,2020,-0.17928750296365667,-0.06138845399160784,2020-21,0.8834571952405053,362430234,0.8078097507726135,0.1165428047594947,0.0756474444678917,9.31310468153417,11082.30179031757,56.0,222924.0,129.94050522951346,125.2795242003749,0.0,32
32_590,2020,-0.1479736536629141,-0.04829888444808648,2020-21,0.7234643079811469,693862628,0.6689668895094318,0.276535692018853,0.0544974184717151,9.193703176113273,9835.00437942924,41.0,61236.730595675166,195.4822064327977,143.43501772727024,0.0,32
32_591,2020,-0.044987658981936525,-0.0665162826196489,2020-21,0.6852943319536197,737385127,0.6294530931053075,0.3147056680463803,0.0558412388483121,9.352638972719776,11529.20860169674,51.0,320920.90174746007,176.0233983698115,170.85366980016818,0.0,32
32_592,2020,-0.19018318770850207,-0.05214984377080807,2020-21,0.4091106496726087,173237964,0.3261448166176786,0.6053521783824848,0.0829658330549301,,,,290325.0,130.8417833730087,134.31063647166903,0.0,32
32_593,2020,-0.1766138634877915,-0.06155514016797261,2020-21,0.5670610921226316,509149947,0.4764612496365437,0.4329389078773684,0.0905998424860878,9.217285929538676,10069.69733887694,14.0,141472.15323977958,98.1405016948104,101.43942900548547,0.0,32
32_594,2020,-0.019851707048372514,-0.09642752118617111,2020-21,0.7635344360981864,590860930,0.6265885188922544,0.2364655639018135,0.136945917205932,9.292290227666609,10854.013817620324,36.0,304634.69821211486,56.98763411459274,60.45663125383095,0.0,32
32_595,2020,-0.1596222023475221,-0.12120234518597638,2020-21,0.7833466870240697,473097672,0.70479363085938,0.2166533129759302,0.0785530561646898,9.400099836847978,12089.587656293092,73.0,469511.57756559027,25.08523361284546,26.749362194802675,0.0,32
32_596,2020,-0.20454293994725398,-0.0490009840235527,2020-21,0.4314515230171972,75453974,0.4314515230171972,0.572316378131662,,,,,79529.7728722344,84.68169803331459,84.39011962888942,0.0,32
32_597,2020,-0.11100233344626909,-0.08438412086874955,2020-21,0.7102250075582516,873637897,0.5877748524455322,0.2897749924417484,0.1224501551127194,9.554981828712055,14114.837509400628,105.0,204431.99606377466,55.94661386146639,53.75157941116052,0.0,32
32_598,2020,2.490090956017702,-0.09840488594555673,2020-21,0.8601505043326381,227579362,0.4899396018167939,0.1398494956673619,0.3702109025158441,9.088894624374367,8856.39100090636,20.0,275262.4372419245,63.59926538826678,60.307704023086565,0.0,32
32_599,2020,-0.11008692606905687,-0.037452222865252696,2020-21,0.7226766938640665,559860259,0.5935350967642087,0.2773233061359335,0.1291415970998577,9.50892833830541,13479.54106556373,56.0,113346.96432392823,105.56334267842631,103.09459863817825,0.0,32
32_600,2020,0.15223299262638149,-0.06585505270269705,2020-21,0.7625752716630002,483610944,0.7040156498195376,0.2374247283369997,0.0585596218434626,9.715687190629824,16575.602936134237,55.0,362534.2792809571,130.8039729609851,127.83649218055487,0.0,32
32_601,2020,-0.01838363864684869,-0.05105706488158292,2020-21,0.749012867432014,179861607,0.4141503917509199,0.250987132567986,0.334862475681094,9.080972309067617,8786.505073614031,8.0,390791.9256148946,126.28923310504517,169.89648367856444,0.0,32
33_602,2020,0.06960556604192338,-0.2057291799497227,2020-21,0.7776059586123234,170826888,0.7384721601906136,0.2223940413876766,0.0391337984217098,9.290107529012854,10830.348612673686,6.0,262169.50473262323,39.938714286821174,39.938714286821174,1.0,33
33_603,2020,-0.05770947522369494,-0.04071843168426769,2020-21,0.9859818331637898,970337146,0.8873973232392363,0.0140181668362101,0.0985845099245535,9.956895053918434,21097.188284341788,68.0,879072.0,2.814717598175505,2.814717598175505,1.0,33
33_604,2020,0.2890809970006548,-0.11940482802190636,2020-21,0.6223376210841169,154281899,0.4650130149098048,0.377662378915883,0.1573246061743121,9.59333262423229,14666.666666666666,3.0,320394.0,55.3404703976831,7.474206143656266,1.0,33
33_605,2020,-0.6797741985132708,-0.20714127791088288,2020-21,0.4035339702317997,388933893,0.3699082378505902,0.5964660297682002,0.0336257323812095,9.82057307095098,18408.597151137696,6.0,341423.0,139.86261597699783,96.64392590303119,1.0,33
33_606,2020,-0.0696972091501508,-0.03179641622112833,2020-21,0.3022880449667364,358500734,0.2836337763258247,0.741260972836361,0.0198186102739972,9.166040113079603,9566.666666666666,3.0,162356.0,139.73193540106263,86.42952469836438,1.0,33
33_607,2020,-0.19352585892446447,-0.04400547552681233,2020-21,0.8674643642291916,1121395345,0.8075939988853797,0.1325356357708083,0.0598703653438119,9.974198830005951,21465.42607046818,31.0,168521.0,162.42733569719903,107.54423598280202,1.0,33
33_608,2020,0.4781887648826696,-0.09021077815182947,2020-21,0.4540588982012198,387404259,0.0377725971257326,0.5459411017987802,0.4162863010754871,9.9855719466233,21710.94839494793,8.0,394452.0690902137,271.9261285352483,217.34197982386132,1.0,33
33_609,2020,0.24347616325115937,-0.04307018403498605,2020-21,0.3403889871836102,139277288,0.2754907749208902,0.6596110128163897,0.1673748600371397,8.749062740428766,6304.7761262222275,9.0,269561.0,255.14840727875614,248.63263647139277,1.0,33
33_610,2020,0.31537429300971503,-0.053337203178536324,2020-21,0.631140737410672,922387817,0.4442393291064034,0.368859262589328,0.1869014083042686,9.360431809814497,11619.404831970409,48.0,259204.0,214.0461463698021,216.8768606590276,1.0,33
33_611,2020,0.24492089851246646,-0.057791601251749265,2020-21,0.257044258973072,351336281,0.0663336246790863,0.742955741026928,0.1907106342939857,,,,60569.0,171.30385969506148,174.68828350989506,1.0,33
33_612,2020,0.11322031686357642,-0.0775675426084443,2020-21,0.3893577666588239,439882706,0.3340239500118016,0.6106422333411762,0.0553338166470222,9.80173627062392,18065.083587710335,8.0,199407.0,178.09981384179935,179.08198438836172,1.0,33
33_613,2020,0.48327591301086137,-0.06624337607936445,2020-21,0.2974022721090221,253964398,0.2852149811959076,0.7025977278909779,0.0201797558582691,7.495541943884256,1800.0,1.0,113256.0,228.07980568829075,229.621111549995,1.0,33
33_614,2020,0.2830987417821183,-0.11266519835580145,2020-21,0.8454241403059594,241938690,0.4992177646328497,0.1545758596940406,0.3462063756731096,9.549054818255168,14031.426154055604,9.0,248385.0,242.1503410028748,251.43427839105732,1.0,33
33_615,2020,-0.046280982421659435,-0.03904495310361773,2020-21,0.1239320990584893,155091281,0.0700335049782714,0.8760679009415107,0.0538985940802178,9.210340371976184,10000.0,3.0,26629.0,250.3529996160049,196.08530144323188,1.0,33
33_616,2020,-0.09378500121472645,-0.002663900495431707,2020-21,0.955488382877926,825490723,0.7828308774343428,0.0445116171220739,0.1726575054435832,9.310810407770292,11056.905100696036,23.0,47.0,240.52766951083777,189.11816958684219,1.0,33
33_617,2020,-0.04557816202460714,-0.06256282873281925,2020-21,0.6710165080964483,839181855,0.2661619643813676,0.3289834919035517,0.4048545437150807,9.1259922472746,9191.112350703152,24.0,189268.8632072671,193.16644584817948,142.15517117927263,1.0,33
33_618,2020,-0.018775343172347494,-0.0425461362856935,2020-21,0.5912930243552756,500067139,0.4407493190629348,0.4087069756447243,0.1505437052923407,9.38954397093319,11962.642775346823,19.0,86404.0,,,,33
33_619,2020,-0.02087102508012565,-0.05684490145529692,2020-21,0.7122129336011269,229487238,0.1341881155064492,0.2877870663988731,0.5780248180946777,9.564685532722669,14252.47040923154,20.0,83403.0,264.51061555701716,232.04037903285894,1.0,33
33_620,2020,0.44026887090679895,-0.05596231024848762,2020-21,0.3644257145093095,294435142,0.3211647236049018,0.6355742854906905,0.0432609909044077,9.372824640316292,11764.29811109441,9.0,178994.0,245.89761278759875,240.56422403445444,1.0,33
33_621,2020,-0.03917922715846378,-0.11453166515672543,2020-21,0.5704579546485358,313918508,0.3816730232420702,0.4295420453514643,0.1887849314064655,9.511161278643652,13509.673706224316,14.0,119740.0,196.60660633680777,286.86799462780067,1.0,33
33_622,2020,-0.09102649279282339,-0.0806929257605056,2020-21,0.4710305350357028,448386638,0.1138213244436601,0.5289694649642972,0.3572092105920427,9.19725299263349,9869.978880255449,22.0,77995.0,138.733666871003,258.1251244766917,1.0,33
33_623,2020,-0.07911248254427364,-0.1328363344107273,2020-21,0.4287165747168597,307739091,0.2818116759823665,0.5712834252831402,0.1469048987344932,9.422900969912233,12368.410613099592,4.0,310342.0,130.26941288911854,192.4982440757554,1.0,33
33_624,2020,-0.053341840804818436,-0.04184354777203864,2020-21,0.8105312455036893,794366535,0.6739925958738934,0.1894687544963107,0.1365386496297959,9.569812794779928,14325.73422086228,29.0,81473.0,130.00181327284088,129.84594652462997,1.0,33
33_625,2020,-0.27929456532051583,-0.6991959724494542,2020-21,0.8872809579217826,548036311,0.8652248938300733,0.1127190420782173,0.0220560640917094,9.9096249866082,20123.12613421336,20.0,282917.0,,,,33
33_626,2020,0.06063904783501533,-0.03221420498111889,2020-21,0.5335620794804482,292396036,0.1978403906953102,0.4664379205195518,0.335721688785138,8.922658299524402,7500.0,1.0,77147.0,96.55341250815934,272.39197058536917,1.0,33
33_627,2020,-0.24634044298288324,-0.5691448575298436,2020-21,0.3205169419173577,345012455,0.0830302749505086,0.6794830580826423,0.237486666966849,9.93578570015165,20656.507876662876,9.0,237770.0,20.279938969899117,225.46707876267493,1.0,33
33_628,2020,-0.02131245835312536,-0.08621254738136738,2020-21,0.8567037278466029,809504178,0.3843407995356881,0.143296272153397,0.4723629283109148,8.703774007548764,6025.610057252581,29.0,350264.0,66.24137801807656,190.24633851724252,1.0,33
33_629,2020,0.3715406493340619,-0.07735230738717333,2020-21,0.7679849355943218,870363709,0.7199651370114744,0.2320150644056782,0.0480197985828473,9.557763358919726,14154.153009586713,32.0,159504.0,100.5870589290631,219.03656505735174,1.0,33
33_630,2020,0.09130379449703767,-0.07756524627464613,2020-21,0.5328423748795433,863276441,0.1725041121561198,0.4671576251204566,0.3603382627234235,9.265979093584338,10572.156655578252,29.0,76450.0,250.33013052066738,198.2856283970831,1.0,33
33_631,2020,0.02784423087385705,-0.18773444914489784,2020-21,0.7456249013091102,231524663,0.5137985018900557,0.2543750986908898,0.2318263994190545,9.750760838828928,17167.28537899217,6.0,133907.0,251.43730191215536,204.40454398961717,1.0,33
33_632,2020,0.020181878468313607,-0.1381450600683094,2020-21,0.932722057704899,837790531,0.7671378837772994,0.0672779422951009,0.1655841739275995,9.784985860982617,17765.00626265201,27.0,485881.0,128.12415892260233,130.90740715391465,1.0,33
33_633,2020,5.073847465918205,-0.12385464800250282,2020-21,0.8649036165091599,397344604,0.5555684833208405,0.1350963834908401,0.3093351331883193,9.524681295558086,13693.565029008969,24.0,377605.0,158.98936104881386,161.16086659618034,1.0,33
34_634,2020,0.5364255987823249,-0.1545878611035349,2020-21,0.8068026272355399,37473610,0.572761071057739,0.1931973727644601,0.2340415561778008,9.8110314892285,18233.785333906937,7.0,5229.0,145.7876229441855,28.705889123062278,0.0,34
34_635,2020,0.15296272272672723,-0.1364794907386904,2020-21,1.0,2869095,0.4997701365761677,,0.5002298634238322,9.035986984831403,8400.0,2.0,81301.0,142.07220898807,93.46749613431727,0.0,34
34_636,2020,0.5396717231347282,-0.04394089697919909,2020-21,0.8102439879157649,212872059,0.5471256892385299,0.189756012084235,0.263118298677235,9.83892021001862,18749.459606913653,69.0,2149.0,155.83945059803304,151.6901885428344,0.0,34
34_637,2020,0.4544307237298952,-0.028656972969640475,2020-21,0.5557037067816933,37879463,0.2197262933743279,0.4442962932183067,0.3359774134073653,9.32012099027598,11160.332063382111,10.0,13169.0,243.47567496310657,200.56255183366142,0.0,34
35_640,2020,-0.1368973976327274,-0.03269484224113561,2020-21,0.7036390029263632,46015819,0.1609174662304717,0.2963609970736368,0.5427215366958915,9.92790467871351,20494.3533063631,40.0,16996.0,1158.132747561048,1158.132747561048,0.0,35
01_001,2021,0.2736194703935272,0.06991724827368441,2021-22,0.6787484185285667,64720581,0.0422592158126639,0.3212515814714333,0.6364892027159027,9.854318576798462,19040.40495565352,18.0,25709.0,1318.002257254863,720.5152395484214,0.0,01
01_002,2021,-1.4110804725380905,0.17545346190205635,2021-22,0.5984003377411025,88759111,0.0409966476568247,0.4015996622588976,0.5574036900842777,9.196792449860704,9865.434379363462,26.0,50539.0,1263.1006716993331,640.8128623824553,0.0,01
01_003,2021,1.2536163957825213,0.23192227102695176,2021-22,0.8121162313099812,41036275,0.1119229023589494,0.1878837686900187,0.7001933289510317,10.211213451827646,27206.561418858553,10.0,13289.0,,,,01
01_004,2021,1.1468809838751544,0.15728379269704545,2021-22,0.7800732061047491,88563379,0.0369995706690459,0.219926793895251,0.743073635435703,9.896778909723936,19866.276197897565,26.0,8520.605527797103,1340.2330500797034,601.5695327154986,0.0,01
01_005,2021,0.8852642164641003,0.11903521405515115,2021-22,0.7363874774434342,50166657,0.091783522491659,0.2636125225565657,0.6472604901697955,9.574983485564092,14400.0,2.0,17067.0,1229.0339315122046,641.2138692594557,0.0,01
01_006,2021,0.5985423149706334,0.09897050897765103,2021-22,0.44525547939074,41387585,0.0652337526769149,0.55474452060926,0.3953708823551797,9.825526011066415,18500.0,2.0,24300.0,1194.6326026262507,594.4726637333914,0.0,01
01_007,2021,1.483277935884029,0.21868922367325067,2021-22,0.7484826097529123,87358707,0.0175512670992257,0.2515173902470878,0.7309313426536865,9.1743883020563,9646.86529877723,42.0,33078.0,1165.1306771261966,472.872576623659,0.0,01
01_010,2021,0.5343366820867874,0.18184528687205087,2021-22,0.7439923525253188,409319956,0.192654963052913,0.2560076474746811,0.5513373894724057,10.107657032041974,24530.12006947881,117.0,94972.98626226584,1300.8844736171752,661.0268621506079,0.0,01
01_011,2021,0.22569055365620339,0.07175389895599076,2021-22,0.305267142598379,187252914,0.0417194308655725,0.7130697323792247,0.2635477117328064,10.250925025422964,28308.716094659303,2.0,9319.0,1322.811224777645,664.5189965017952,0.0,01
01_012,2021,1.4788096606556733,0.16607863424121114,2021-22,0.7707327927078511,172926366,0.0851996450327303,0.2292672072921488,0.6855331476751209,10.107106322652925,24516.614821116826,38.0,33031.0,1280.131602638251,631.9384384153428,0.0,01
01_013,2021,0.7062584337420724,0.14497397893247282,2021-22,0.3868280680182879,103489344,0.0959348819526771,0.613171931981712,0.2908931860656107,9.37948861542988,11842.956899947829,10.0,11735.0,1251.8878518468075,618.9135758408435,0.0,01
01_014,2021,-0.45247677595093116,0.06715368376807117,2021-22,0.5362061661318098,76835821,,0.4670589382025867,0.5362061661318098,,,,40940.0,1279.6818940443893,609.6621872399876,0.0,01
01_015,2021,-0.7547847328423546,0.09657855237628639,2021-22,0.5638522755224467,82500153,0.0648825463390352,0.4361477244775534,0.4989697291834113,9.732231298296252,16852.112490801104,14.0,32180.0,1238.7455306823542,602.9676389839384,0.0,01
01_016,2021,0.9711258641529437,0.16091086302252802,2021-22,0.3565650823569677,65073304,0.0268728325213055,0.7114794233865116,0.3296922498356622,10.373491181781864,32000.0,1.0,13054.0,1219.9006581720805,526.3894078365239,0.0,01
01_017,2021,1.0842492156942616,0.16154384480049913,2021-22,0.2970233544857524,36441222,0.1223256453913647,0.7029766455142475,0.1746977090943876,,,,7288.0,1223.641615316836,564.2840331741197,0.0,01
01_018,2021,0.8280965295227947,0.1409921986282116,2021-22,0.8980504862438424,256875438,0.0732978876711443,0.1019495137561575,0.8247525985726981,9.485587293603007,13168.557949015576,245.0,6465.0,1277.3327910171195,562.4565166825015,0.0,01
01_019,2021,1.2009009694081518,0.3402213026896025,2021-22,0.680623509669547,59730461,0.2302390456517323,0.319376490330453,0.4962909460886297,,,,24822.0,1186.2907382504748,515.5929496790396,0.0,01
01_020,2021,0.9582472194117497,0.2427112887943544,2021-22,0.4398320244865135,23397696,,0.5601679755134864,0.4398320244865135,,,,12116.0,1198.5696969180742,566.3384967794141,0.0,01
01_021,2021,0.9864298957839717,0.16479908350126427,2021-22,0.4466582350654928,154728223,0.1133005644354876,0.5533417649345072,0.3333576706300052,10.037358964266463,22864.91604385968,38.0,99204.0,1152.273855215733,524.2028048219834,0.0,01
01_022,2021,2.15556800408356,0.40323611260779674,2021-22,0.3950347684193006,94980303,0.0922634032868899,0.6049652315806994,0.3027713651324106,10.515297967343844,36875.327219202896,21.0,18197.0,1145.8719177543987,492.12678453998825,0.0,01
02_023,2021,0.5506422437863026,0.07830305202763735,2021-22,0.2837072876017008,388364021,0.1736450684240907,0.7162927123982992,0.1100622191776101,9.261494908790176,10524.855284766623,13.0,29008.0,1210.2820923480904,463.89688943886586,0.0,02
02_024,2021,0.9449973039875994,0.13268541932738043,2021-22,0.2026929067446108,204456913,0.052757325940845,0.8290996647087621,0.1499355808037657,9.680344001221918,16000.0,1.0,100773.0,1155.1338067900313,403.9690560324081,0.0,02
02_025,2021,0.17459591783944917,0.05657482159071721,2021-22,0.3767748602794308,161783087,0.2832403364883252,0.6232251397205691,0.0935345237911055,9.235998468951484,10259.900993803878,20.0,4562.0,,,,02
02_026,2021,0.48206365262275686,0.07635545674183611,2021-22,0.291140005337133,89868474,0.1101926243901726,0.708859994662867,0.1809473809469603,9.598690631910031,14745.46168291915,3.0,33011.0,1194.228285915483,368.4421614695813,0.0,02
02_027,2021,1.0176949721659565,0.13200845475340914,2021-22,0.2856306414641985,105914547,0.2503130660606989,0.7143693585358015,0.0372032869423692,,,,68054.0,1147.9695333430807,341.3324465577584,0.0,02
02_030,2021,0.9941488927894714,0.15176765112142943,2021-22,0.247856231649716,169602280,0.1010443255833589,0.792443511392766,0.1468119060663571,9.602785766749308,14805.970147377271,8.0,31970.0,1106.616214294765,317.53362130041984,0.0,02
02_031,2021,4.847027395271927,0.9277699128630809,2021-22,0.4262722697437783,273067073,0.314804374088706,0.5737277302562217,0.1114678956550722,10.564687500300485,38742.3075524942,28.0,83294.0,1091.2290705902424,277.7847036334681,0.0,02
02_032,2021,3.2841901816282437,0.6837361439316992,2021-22,0.2917384339927545,150730733,0.1205289965650203,0.7650507430743283,0.1712094374277341,9.547756802729428,14013.2249603309,10.0,39785.0,1091.2137981175215,232.8999924399477,0.0,02
02_033,2021,0.4051308094891244,0.052846354166053176,2021-22,0.5239606537458353,137121363,0.23981527954911,0.4760393462541646,0.2841453741967252,9.315188911284997,11105.42394098348,10.0,70561.0,1147.4216563380933,291.7719943394529,0.0,02
02_034,2021,-0.12583796495680774,0.10808790485653455,2021-22,0.1136603669302458,358098580,0.0499574893594942,0.8937942611912137,0.0637028775707516,9.532913176242792,13806.754062609349,3.0,9779.0,1228.7959295737614,348.50504804964356,0.0,02
03_035,2021,1.299013015432741,0.1661682058857739,2021-22,0.7462719951595675,897942906,0.2765188681160982,0.2537280048404324,0.4697531270434693,9.631387514707916,15235.561013123443,74.0,138217.0,1103.395078075214,426.4078038627572,1.0,03
03_036,2021,3.841027368568866,0.5972087072778021,2021-22,0.6797560708846634,154389278,0.0976667045492628,0.3202439291153366,0.5820893663354005,10.050909585003378,23176.858583667195,19.0,82876.0,1039.9032627420806,361.5340237021696,1.0,03
03_037,2021,8.337982350254148,0.5129731769192515,2021-22,0.6608967828300584,138210697,0.0945188732505744,0.3391032171699416,0.6171722511463783,9.554568098395208,14108.998981076997,21.0,259495.0,1034.4156365509295,340.2614216056361,1.0,03
03_038,2021,1.415000424910642,0.25955223992055537,2021-22,0.6187625081036724,157971588,0.0592513699362191,0.3812374918963276,0.5595111381674532,9.87262286659378,19392.13531251024,10.0,137481.0,1087.4364368096783,367.92232845409507,1.0,03
03_039,2021,1.8006946951549834,0.29594233481474136,2021-22,0.5229242100945835,442593876,0.0777067914062145,0.4770757899054166,0.4452174186883688,9.599676270742943,14760.002547406197,52.0,52848.0,1055.0603392622754,304.849443049838,1.0,03
03_040,2021,2.9275311074216206,0.361528839747119,2021-22,0.3844292300761619,88023226,0.1221648590793525,0.6183321871901536,0.263440874816995,,,,66533.0,1024.2247814254295,249.0504688053809,1.0,03
03_041,2021,2.8785647238188217,0.598587790094288,2021-22,0.8551384304237301,93181684,0.1093146696082461,0.1448615695762699,0.7458237608154838,9.4586198442392,12818.181147499516,13.0,496130.0,1010.9883745679975,289.15931020586174,1.0,03
03_042,2021,1.5416866561824258,0.22081752441875185,2021-22,0.2349052173983662,205141974,0.1247501839872126,0.7650947826016338,0.1101550334111535,10.010028914062906,22248.47874093208,16.0,67556.0,973.4864994358509,323.337616880248,1.0,03
03_043,2021,0.9506950709045103,0.12486186360450498,2021-22,0.5592819195118924,125265512,0.215111690119464,0.4407180804881075,0.3441702293924285,9.867658201934544,19296.09845630885,11.0,121108.0,918.1466817567224,361.20679169969026,1.0,03
03_044,2021,1.8091427474285422,0.31058956718503106,2021-22,0.7049294963700055,344389218,0.187050853026415,0.2950705036299946,0.5178786433435904,10.192330391442097,26697.638410781543,44.0,46989.0,898.8100800772172,333.30677110325735,1.0,03
03_045,2021,1.511847759687426,0.20826253334801825,2021-22,0.5566226547013988,355207648,0.2276374156223122,0.4433773452986012,0.3289852390790865,9.12131337760764,9148.208782291991,19.0,42997.0,940.0318185138631,336.9466501096963,1.0,03
03_046,2021,1.3159116359016036,0.19694045770843677,2021-22,0.8572377480425257,691052268,0.4942459055788816,0.1427622519574742,0.3629918424636441,9.812536249273135,18261.243459303765,71.0,76081.0,912.3521327779342,287.8514377902318,1.0,03
03_047,2021,2.31674419123585,0.3397443764375363,2021-22,0.3749337515819352,381007211,0.1181217171241412,0.6250662484180647,0.256812034457794,9.81170727994408,18246.111721305435,27.0,37990.0,908.3991499097582,239.53739545025698,1.0,03
03_048,2021,1.4502541294691302,0.24636632708748457,2021-22,0.8343002240479714,547580499,0.2658636881077096,0.1656997759520285,0.5684365359402618,9.43242481323019,12486.768132486333,58.0,157937.0,993.1944149247596,214.86801128780968,1.0,03
03_049,2021,1.552951953568269,0.2817069453667998,2021-22,0.648651337192964,290823509,0.1604533834298794,0.351348662807036,0.4881979537630845,9.648467368745251,15498.017147327671,16.0,218677.0,1051.3620196873505,419.6228313303092,1.0,03
03_050,2021,0.7878765118059807,0.11295334616086085,2021-22,0.8408092749572242,87923640,0.1066766230333503,0.1591907250427757,0.7341326519238739,8.987196820661973,8000.0,1.0,50927.0,1013.0530018138962,390.5421151470247,1.0,03
03_051,2021,1.7186545848741919,0.6033607915346346,2021-22,0.7788330151945009,161456241,0.3358034639243211,0.2211669848054991,0.4430295512701798,8.770927656996442,6444.147651127608,12.0,52830.0,1068.5907552136866,288.9174810521986,1.0,03
03_052,2021,3.1601232768653764,0.5971810348839384,2021-22,0.7556689837735961,115797562,0.2466116773684751,0.2443310162264038,0.509057306405121,10.131008578219404,25109.676737642596,9.0,90074.0263425477,1050.061074045667,242.47137671839172,1.0,03
03_053,2021,1.9579397352237307,0.2989248619626042,2021-22,0.7751039702638273,355536272,0.1602680752640619,0.2248960297361727,0.6148358949997653,10.098977557245687,24318.13281042823,50.0,119822.0,959.3390986729692,233.96422272476244,1.0,03
03_054,2021,1.0033567867190432,0.26373376958796285,2021-22,0.7306717150273627,102948270,0.3415119943249168,0.2693282849726372,0.389159720702446,9.329982766662503,11270.937247985295,18.0,51340.0,955.9881413128353,271.6641167526568,1.0,03
04_055,2021,1.5149853625441114,0.2400912346539799,2021-22,0.9195551824588956,193064059,0.4478955246662456,0.0804448175411043,0.47165965779265,10.034702507362184,22804.256984529075,50.0,186187.84309056573,1056.843037289645,246.66397521762707,0.0,04
05_056,2021,0.3455416313483684,0.050099258914649336,2021-22,0.63091585389671,370707600,0.2177744103438936,0.36908414610329,0.4131414435528163,9.863115580408868,19208.642374430656,73.0,18005.0,1191.6077428880349,290.35104937759127,0.0,05
05_057,2021,0.8003873568942059,0.21587145734074029,2021-22,0.2185554177875335,81714657,0.1921223630663958,0.7814445822124665,0.0264330547211377,,,,25321.0,1216.9376773560386,299.07062918538884,0.0,05
05_058,2021,0.6491496751088804,0.0888605551783094,2021-22,0.4070051042580476,44926412,0.063782725404379,0.5929948957419524,0.3432223788536685,9.626233243966825,15157.234837331733,7.0,11816.0,1189.5979410799662,269.852798924154,0.0,05
05_059,2021,0.6256146140248157,0.0716876673331682,2021-22,0.6620715607781339,218028708,0.1296566138437145,0.3379284392218661,0.5324149469344193,9.536377028443775,13854.66154237155,31.0,28321.78901098901,1146.2371070030686,234.7606911034044,0.0,05
05_060,2021,1.190701282026189,0.18632299291227586,2021-22,0.7789236863649728,331142567,0.3549384999482715,0.2210763136350271,0.4239851864167013,9.915787437484012,20247.51679249113,65.0,104493.76383763837,1109.9979640919328,217.74207070034834,0.0,05
05_061,2021,0.8782162321816045,0.1282086647517847,2021-22,0.4043898965173111,115324313,0.1336018190717511,0.5956101034826888,0.27078807744556,10.051013314236643,23179.262826130536,18.0,36622.0,1123.1922046735494,198.41322445357054,0.0,05
05_062,2021,0.5450977027579044,0.18893261346339654,2021-22,0.0541356137551821,184250705,0.0033321012258813,0.945864386244818,0.0508035125293007,,,,28451.0,1135.2870910052952,331.038690072134,0.0,05
05_063,2021,0.7868191131401001,0.16621550982250344,2021-22,0.5068836480637579,72465137,0.2616901145167227,0.4931163519362421,0.2451935335470352,9.159848249972647,9507.6141873792,3.0,10785.08888888889,1159.9002581989282,284.6973121795091,0.0,05
05_064,2021,1.25429299285889,0.22685835952522004,2021-22,0.2705090519520288,66161420,0.1340593203712979,0.7294909480479712,0.1402728958548205,,,,37341.0,1163.873092188296,238.2750065405873,0.0,05
05_065,2021,1.4608725037023027,0.1624752000196471,2021-22,0.402535479344114,151554380,0.2062768624700915,0.5974645206558861,0.1962586168740224,9.256947708262013,10477.105303903294,6.0,15476.0,1094.9316635208818,270.2354363811043,0.0,05
05_066,2021,1.4919023154438493,0.2585318253491279,2021-22,0.1046875218623889,33233445,,0.8953124781376111,0.1046875218623889,,,,65199.0,1136.2567448068003,215.46400590427916,0.0,05
05_067,2021,1.759643778164202,0.2969021657687462,2021-22,0.6508118709915556,291121191,0.0622157697891528,0.3491881290084445,0.5885961012024027,9.53448023097476,13828.40696310533,37.0,93688.0,1117.2764367384125,211.86229488269345,0.0,05
05_068,2021,3.5178452695547193,0.6644810016825403,2021-22,0.272381122085395,135350162,0.0052309239097375,0.7276188779146049,0.2713810863410714,,,,138165.0,1066.8415566098251,157.11037444187355,0.0,05
06_069,2021,3.1737095947460996,0.5795810012960955,2021-22,0.4382017652253239,176011411,0.2434948947713395,0.561798234774676,0.1947068704539843,10.2049354003456,27036.292264128795,8.0,25881.897819692953,1064.8093404535416,238.17175511145558,1.0,06
06_070,2021,1.5210015480277548,0.22286798012429967,2021-22,0.8793320168965226,81078458,0.6003024255838709,0.1206679831034773,0.2790295913126517,10.575854326147605,39177.3607144499,6.0,88975.15917545625,1032.7797697488043,200.42253685474026,1.0,06
06_071,2021,4.884118950068133,0.7603886961171862,2021-22,0.4620699237965141,96221320,0.1105023605995012,0.5379300762034859,0.3515675631970129,9.388201917127171,11946.599033270735,8.0,100708.16732380484,1048.234164657495,185.87987457632843,1.0,06
06_072,2021,1.16144668062623,0.17532201424747093,2021-22,0.7845927737549527,141347324,0.175078843374495,0.2154072262450472,0.6095139303804578,9.697998368028358,16284.978020443847,18.0,92140.0,999.6865243053666,174.65295847086213,1.0,06
06_073,2021,1.4101333731620598,0.2067616857440604,2021-22,0.3318192781729659,394630052,0.0259395044754472,0.668180721827034,0.3058797736975186,9.648606363813306,15500.171444990669,9.0,78263.0,957.6530932792492,167.7662457477414,1.0,06
06_074,2021,1.682384684428799,0.20767390189455062,2021-22,0.2868402574817935,216572672,0.0755064470922721,0.7131597425182066,0.2113338103895213,9.72913416539135,16800.0,6.0,90057.0,977.0843131841033,134.74115957050233,1.0,06
06_075,2021,-1.061581564166529,0.2612094681622661,2021-22,0.690433246003069,154765744,0.5637144224887388,0.309566753996931,0.1267188235143301,9.871832715747413,19376.818652413014,22.0,119797.0,952.0718234997601,97.71913937035711,1.0,06
06_076,2021,3.916727294127909,0.5417772632970967,2021-22,0.9612534820393076,366138888,0.3312412064790014,0.0387465179606925,0.6300122755603059,10.16434801435608,25960.930514924275,44.0,119254.0,928.1970917811869,75.54565523464879,1.0,06
06_077,2021,1.4858512078835628,0.23717449720211614,2021-22,0.6404041445386291,458303558,0.3397429351835841,0.3595958554613708,0.300661209355045,10.034104709146792,22790.628714284067,19.0,75382.0,919.156915250426,143.40377028750976,1.0,06
06_078,2021,2.347576628471213,0.3549380366513519,2021-22,0.604533330955089,137131969,0.3082499092534724,0.395466669044911,0.2962834217016165,9.374685793952043,11786.213665076344,26.0,62395.0,887.1046531679262,207.54431492159117,1.0,06
06_079,2021,1.7120420077463503,0.2470816431334236,2021-22,0.3793865797051737,145056694,0.0783935534703589,0.6206134202948262,0.3055749085250764,9.782896117477556,17727.92071932997,9.0,87232.0,853.0027560842256,266.0832835268279,1.0,06
06_080,2021,0.9632966753716934,0.14899687367033246,2021-22,0.5365908075588659,345381336,0.1347728500303212,0.4634091924411341,0.4018179575285446,9.830512990165293,18592.48954335479,22.0,105667.0,870.5490698711827,168.44056945674456,1.0,06
06_081,2021,1.9530466400667983,0.3190361898437692,2021-22,0.687540883100762,216400538,0.1801829069389836,0.312459116899238,0.5073579761617784,9.754678798679942,17234.678048535974,23.0,82612.0,839.8772325099314,138.36085408948264,1.0,06
06_082,2021,1.5153767487527032,0.26557494561975337,2021-22,0.8798499945068043,345427350,0.3158000256783372,0.1201500054931956,0.5640499688284671,10.443289646375929,34313.34574917917,17.0,78305.15320204683,892.9244079571947,92.57689810171485,1.0,06
06_083,2021,3.9439060588839596,0.6138421179111798,2021-22,0.7986032668700943,332033221,0.1815904529625365,0.2013967331299057,0.6170128139075578,9.745456023837932,17076.457232415716,33.0,83882.0,877.9371880395923,71.7816989482941,1.0,06
06_084,2021,1.0133574219206796,0.12067341586266819,2021-22,0.6056702200465951,313851982,0.1226832908769077,0.3943297799534048,0.4829869291696874,9.544654825336542,13969.8236031186,17.0,45962.0,810.1530016836425,126.63662184190821,1.0,06
06_085,2021,3.8635490259167797,0.6306973434354216,2021-22,0.516405480303915,82977150,0.3862901654250598,0.483594519696085,0.1301153148788552,9.768385321220553,17472.531902529896,11.0,69589.0,843.4968590757062,87.98651661733973,1.0,06
06_086,2021,4.403637420618837,0.6805682749462598,2021-22,0.4744825466320803,224794121,0.0340440486875544,0.5255174533679197,0.4404384979445259,10.356684063465485,31466.666666666668,3.0,141993.7881744579,881.9960450710128,47.05357494386657,1.0,06
06_087,2021,0.8518705999410021,0.08519348657512718,2021-22,0.5065978588841349,294348293,0.195794948945058,0.493402141115865,0.3108029099390768,9.959639089741891,21155.159225562536,13.0,37316.0,863.6282351684222,68.9078553994396,1.0,06
06_088,2021,6.6962837493160015,1.150490388547236,2021-22,0.7715929559409853,426590066,0.2243128488603858,0.2284070440590147,0.5472801070805995,9.636766137949731,15317.728130586263,58.0,204649.0,910.5794518019031,22.377175293383694,1.0,06
06_089,2021,1.0591691698499213,0.14110004382511898,2021-22,0.5828973651502916,177158188,0.3925721175247062,0.4171026348497084,0.1903252476255853,9.83708453247632,18715.073215801953,12.0,49605.0,888.9328856726188,53.64189326424226,1.0,06
07_090,2021,3.064070290867448,0.4913652493238658,2021-22,0.8607929772297834,782245614,0.193635866138586,0.1392070227702165,0.6671571110911975,10.271297908096509,29717.12356426016,123.0,7701442.080917814,921.162116577303,38.764171569456444,1.0,07
08_099,2021,1.4536379424924968,0.26552067248780775,2021-22,0.6528063480129582,925004539,0.1269162647860261,0.3471936519870418,0.5258900832269321,9.954179767428236,21039.98107613994,75.0,117882.10852090032,768.6176517476222,345.4675699398352,1.0,08
08_100,2021,1.302185437830745,0.189656645633376,2021-22,0.5362901258948003,227766198,0.0793065424292174,0.6368748008021972,0.5147268428302957,9.893224913384207,19795.796840879342,13.0,91250.0,803.2258577949607,283.46732637144754,1.0,08
08_101,2021,1.548755895880158,0.2456885769422693,2021-22,0.2484807195031346,228370930,,0.801760487366782,0.2484807195031346,,,,117807.4416172751,633.4713900758419,211.52633339013,1.0,08
08_102,2021,1.872856455521779,0.23130701850313595,2021-22,0.4382723292432483,352223569,0.1269721703376414,0.5617276707567517,0.3113001589056069,9.878782314013948,19511.948763861445,12.0,91329.96387839496,729.1068006120845,188.4413314615973,1.0,08
08_103,2021,1.4302077525061212,0.16528085782898086,2021-22,0.5265495804829017,592969991,0.0726181031984129,0.4734504195170983,0.4539314772844887,9.532879853088552,13806.29398567982,27.0,94767.0,762.9952216477676,130.4068893807528,1.0,08
08_104,2021,2.805051430557423,0.8447856357225374,2021-22,0.66826484794998,423739372,0.0868119755461383,0.33173515205002,0.5814528724038417,10.199109098443662,26879.228657388107,17.0,185648.0357142857,803.9360743457227,108.6151331558119,1.0,08
08_105,2021,1.2476560450852152,0.14184306564344568,2021-22,0.3417457097048579,903769874,0.0160555196819937,0.6582542902951422,0.3256901900228641,9.721134792689131,16666.146623896137,12.0,115812.0,836.5127482100032,140.94138005176825,1.0,08
08_106,2021,1.1010077610565805,0.1026400066512698,2021-22,0.3345769087498621,852840114,0.1357802407497919,0.6654230912501379,0.1987966680000701,9.725703322179486,16742.46059481936,32.0,39581.0,842.398111810306,188.6843042249142,1.0,08
08_107,2021,2.3028948805630804,0.37448508833440236,2021-22,0.2007629575855227,202852954,0.0741192607922288,0.8528978838828248,0.1266436967932939,9.178953316279552,9691.004046429462,5.0,43766.0,770.263012531242,122.56983475322319,1.0,08
08_108,2021,0.9883452249155589,0.13405952333092888,2021-22,0.8156002854326085,406480537,0.7078117666430853,0.1843997145673914,0.1077885187895232,9.671455609964696,15858.41589946052,29.0,56413.35743931089,711.82576048039,100.76146678592418,1.0,08
08_109,2021,0.7201686589087416,0.17832721659942796,2021-22,0.6439383664558492,2337366932,0.4102826517612425,0.3560616335441507,0.2336557146946066,9.757985357717027,17291.75984915265,132.0,73071.0,750.8454274198258,71.10760273005909,1.0,08
08_110,2021,1.7983692425061655,0.3334478896473768,2021-22,0.3524678184028179,703110690,0.1530123400627005,0.6475321815971821,0.1994554783401174,10.154837758021,25715.20571598797,2.0,483693.58800970495,695.3904832055781,9.639812297754286,1.0,08
08_111,2021,1.3341392759783337,0.21233079338234453,2021-22,0.5071704135372628,283255490,0.4692823605996127,0.4928295864627372,0.03788805293765,9.512976843546925,13534.223674947129,28.0,137014.0,709.9060146676604,92.58874021789806,1.0,08
08_112,2021,1.5133500712946775,0.15827192827224706,2021-22,0.2214355224897746,267936478,0.1433649359233571,0.9003828475502801,0.0780705865664174,9.86672580717584,19278.11526026646,8.0,130496.0,590.6843793768988,144.863343797914,1.0,08
08_113,2021,3.287283333216991,0.44824951725897333,2021-22,0.2214810357614449,515409067,0.1372137386166704,0.778518964238555,0.0842672971447745,8.874401410854789,7146.667269403414,4.0,180367.0,480.1761671959897,60.18191444814743,1.0,08
08_114,2021,1.0665380693359499,0.1374988156069345,2021-22,0.4902689330127057,510981633,0.2564806688462714,0.5097310669872942,0.2337882641664343,,,,23363.0,447.8160523332288,226.478007599293,1.0,08
08_115,2021,1.7073157866719917,0.24814943978401038,2021-22,0.4642536811490194,390915511,0.3305238430408559,0.5357463188509806,0.1337298381081634,9.28536104767956,10779.064371280012,21.0,73146.3348051822,321.92070018857066,161.91981287768598,1.0,08
08_116,2021,2.4197950027913793,0.27437370582010606,2021-22,0.2397850860240356,258087636,0.044781087459765,0.7602149139759643,0.1950039985642706,10.139591713883062,25326.12406914904,6.0,89693.0,301.95039832168857,147.6481785699451,1.0,08
08_117,2021,1.3342828165839702,0.2004945760397738,2021-22,0.3198267393679852,229621695,0.2375685494351916,0.6801732606320148,0.0822581899327935,10.033316351969251,22772.6686389638,5.0,64420.0,318.47401009030733,162.7260838773112,1.0,08
08_118,2021,1.9351711861041536,0.2534667510901604,2021-22,0.2329823748480983,306202978,0.0506830015219512,0.7670176251519016,0.182299373326147,9.922535765268313,20384.615746676533,4.0,119987.0,440.50448426867854,75.52906373532387,1.0,08
08_119,2021,1.0651588007073873,0.1925962144735647,2021-22,0.5452245494665593,571670051,0.158690191730894,0.4547754505334406,0.3865343577356652,9.633346533244842,15265.437013833443,28.0,199455.27730375426,572.2015367052002,123.73290593474538,1.0,08
08_120,2021,1.0881154609302135,0.2078222358900886,2021-22,0.272365330526324,1035480248,0.1510650273649642,0.7276346694736759,0.1213003031613597,10.00051854245331,22037.89041423683,25.0,72960.0,640.1276238181887,84.13433493429022,1.0,08
08_121,2021,1.040565530445617,0.19376186159225972,2021-22,0.3307887739019626,177033266,0.279095319859263,0.6692112260980374,0.0516934540426995,9.923778763359769,20409.969539238173,6.0,60594.0,614.8692195577302,156.8214982288024,1.0,08
08_122,2021,1.2624675367058902,0.20526910778502996,2021-22,0.3794935161289061,609255018,0.01453399108483,0.6205064838710939,0.364959525044076,9.59524442499842,14694.733231528116,15.0,148761.0,523.4822060271559,186.84460546393936,1.0,08
08_123,2021,1.9925289003999824,0.29195410688032636,2021-22,0.4041840391989992,517734442,0.1536593850945694,0.5958159608010007,0.2505246541044298,10.178551036931266,26332.285133484733,14.0,83762.0,437.9040631441492,140.20030633281928,1.0,08
08_124,2021,0.684788143958085,0.07873424982582322,2021-22,0.359572701094164,1155197435,0.0314417206094298,0.6404272989058359,0.3281309804847342,9.44325052622661,12622.680648119864,46.0,42170.0,373.00251399772964,228.54035171157597,1.0,08
08_125,2021,-1.4569756067884683,0.16479641855847693,2021-22,0.6384651105760143,609171622,0.0826438021434951,0.3615348894239856,0.5558213084325192,9.299383441578447,10931.277358892825,27.0,67040.11611678732,419.06510414101643,170.54995868860811,1.0,08
08_126,2021,1.3318014878486586,0.19013789989820998,2021-22,0.6535188269699093,153967474,0.5774550539161277,0.3464811730300907,0.0760637730537814,9.398686777863796,12072.51642001278,17.0,90715.0,496.5406668285611,231.11743680561835,1.0,08
08_127,2021,1.7131757413637736,0.49866047894428134,2021-22,0.2526711408126534,1304809160,0.0370661400016535,0.7473288591873466,0.2156050008109998,9.47839163198346,13074.141563564608,40.0,126947.63283914982,632.6295567149957,197.32443403568965,1.0,08
08_128,2021,1.002422106837593,0.11888743305843988,2021-22,0.3599986143647647,719265774,0.2556583374979274,0.6400013856352353,0.1043402768668372,9.42588151232128,12405.330178297689,33.0,36843.0,687.0795824955745,229.15810516944757,1.0,08
08_129,2021,1.2388557504826652,0.1638261248778727,2021-22,0.2627998001784145,422196630,0.0386389772935894,0.7372001998215855,0.224160822884825,9.178241160029309,9684.104994219811,6.0,61417.57518056467,614.8908139245414,178.02264016513607,1.0,08
08_130,2021,1.4822091097461634,0.3238388452515066,2021-22,0.1299099846198355,452532222,0.037727806264368,0.8700900153801645,0.0921821783554674,,,,150802.0,380.5955249711168,210.08976542972403,1.0,08
08_131,2021,1.1603745312191744,0.17861872968232917,2021-22,0.2054614439887558,712402985,0.0604930241834963,0.7945385560112441,0.1449684198052595,9.26697616417178,10582.70309892584,6.0,27681.0,460.4695450541665,184.76866130697078,1.0,08
09_132,2021,1.5286082978726234,0.166954350690782,2021-22,0.3796489013909736,642334473,0.0073683014051777,0.6203510986090264,0.3722805999857959,10.022049200249338,22517.525593212293,5.0,195180.0,1041.6165768661713,155.05460595319056,1.0,09
09_133,2021,1.5439439419017662,0.20971701455554012,2021-22,0.1822012272950335,541286310,0.1059298174380209,0.8177987727049665,0.0762714098570126,9.104979856318357,9000.0,1.0,186703.0,1006.1258138542657,100.4605710476946,1.0,09
09_134,2021,1.6337611613120553,0.22746362337718692,2021-22,0.6968019004374898,1172623468,0.2408802106628144,0.3031980995625102,0.4559216897746754,9.413158136853836,12248.492373572377,61.0,150832.0,1060.6855626005733,134.0738552265797,1.0,09
09_135,2021,3.1184529264602885,0.8201468663291556,2021-22,0.170624523554268,132683002,0.1436561255977612,0.829375476445732,0.0269683979565068,,,,198460.0,1043.9305217869182,129.36278183922045,1.0,09
09_136,2021,2.1093464379335685,0.2885617877595526,2021-22,0.2550361499888161,880803592,0.0094220790569575,0.7449638500111839,0.2461682547270992,9.261189428281543,10521.640637651968,9.0,86682.0,1076.6010024452996,167.29265815185227,1.0,09
09_137,2021,0.9560873018698958,0.11283543340057865,2021-22,0.3777822018290723,549466203,0.0687258994162376,0.6222177981709277,0.3090563024128346,9.382759986452465,11881.7630460147,6.0,62607.0,1016.927609509191,95.18852803562291,1.0,09
09_138,2021,4.29671606141478,0.2718325942036229,2021-22,0.2427923012740232,330505282,0.0559604867763984,0.7572076987259768,0.1916394576713603,9.292578516687067,10857.143361716771,3.0,193107.0,991.6215559048018,66.89489231417801,1.0,09
09_139,2021,1.2167055798867839,0.18515676545441437,2021-22,0.8160625896715592,741805714,0.4290566680644361,0.1839374103284408,0.3870059216071231,9.933167480189908,20602.49533461323,41.0,66340.0,958.1444130407592,57.173869267611785,1.0,09
09_140,2021,2.440866959570539,0.4598527365723804,2021-22,0.2907596715795992,209450326,0.1542703256522981,0.7092403284204007,0.1402256985381587,10.039619726860709,22916.666666666668,2.0,244280.0,964.6482475747904,37.617949034414046,1.0,09
09_141,2021,6.163742717959569,1.1059241816239092,2021-22,0.4663510053881255,482357547,0.3502698175882381,0.5336489946118745,0.1160811877998873,9.078757182881445,8767.063396973703,5.0,258178.0,929.5744955398716,21.256262352857174,1.0,09
09_142,2021,0.8347494893997817,0.16598724693025155,2021-22,0.433264101496284,311471344,0.1149659404943525,0.566735898503716,0.3182981610019315,9.197962481929649,9876.9840093625,21.0,112981.0,962.9685380757252,62.92870451535103,1.0,09
09_143,2021,2.8125927930590935,0.41558398815520375,2021-22,0.4893840513335956,1081407358,0.1847607606161673,0.5106159486664044,0.3046232907174282,9.326133125841247,11227.63159694417,35.0,167076.0,941.8686811767196,93.85545716301334,1.0,09
09_144,2021,2.7364165775713576,0.48841553182954656,2021-22,0.2965198294512475,498960202,0.0221457902969183,0.7508710248597994,0.2743740391543292,,,,56901.0,928.5272065207964,128.19144317052664,1.0,09
09_145,2021,1.376181850704211,0.21223910447410493,2021-22,0.1580862538218776,385905868,0.0310255505106753,0.8419137461781224,0.1270607033112023,8.804875263868018,6666.666666666667,3.0,85791.0,885.6062104522023,104.80412732953852,1.0,09
09_146,2021,1.5881758559077643,0.19821735464105747,2021-22,0.6718677548351775,751833310,0.2457287919312859,0.3281322451648225,0.4261389629038916,8.738833770448567,6240.613478845758,23.0,185006.0,892.8668919944917,176.20717607416856,1.0,09
09_147,2021,3.1708545848416136,0.5068812168705562,2021-22,0.6950007605268375,1555921424,0.3231920913507519,0.3049992394731625,0.3718086691760855,9.192381095169816,9822.010299066093,41.0,105415.0,939.791452560217,184.77915695471236,1.0,09
09_148,2021,0.577158470752142,0.08290914001386429,2021-22,0.2466107653720622,285873761,0.080169641732177,0.7533892346279377,0.1664411236398852,9.333485553326538,11310.48616193574,4.0,39990.0,985.0546824310263,218.73788377891745,1.0,09
09_149,2021,1.678401244616358,0.2761437728571606,2021-22,0.5679393857328618,577470514,0.1339693960547395,0.4320606142671381,0.4339699896781223,9.11888303348766,9126.002482275184,28.0,122626.0,1023.769295425067,156.77240908642452,1.0,09
09_150,2021,-1.4871090661385682,0.2610904844317196,2021-22,0.4726925584168686,379385065,0.2143238374446817,0.5273074415831314,0.2583687209721869,9.907561124160765,20081.63759790278,12.0,185294.0,1081.922835917354,195.83737633960223,1.0,09
09_151,2021,0.21034091640422553,0.11877628842860792,2021-22,0.4433125938884883,1099050473,0.2135533697186262,0.5566874061115117,0.2297592241698621,9.511918435995463,13519.906528430967,28.0,74952.0,1051.8806623185578,247.47078700265268,1.0,09
09_152,2021,-0.016911368565722108,0.1445385875337741,2021-22,0.3394843338456966,776760733,0.0869417082132549,0.6605156661543033,0.2525426256324417,9.24584241404406,10361.397639936324,27.0,87243.0,1025.9897737504648,244.45179108879836,1.0,09
09_153,2021,0.7979569239269555,0.08533996240629997,2021-22,0.4446051140121543,211939465,0.0625975393492665,0.5553948859878456,0.3820075746628878,9.528893964639895,13751.373164808221,20.0,79600.0,970.0284664643274,319.0934357364897,1.0,09
09_154,2021,-0.14971515439707375,0.12862473001554994,2021-22,0.2955146509752362,233082129,0.0628295843158373,0.7044853490247637,0.2346848007381981,9.64859530290734,15500.0,2.0,126256.0,916.68241481317,352.9354355928114,1.0,09
09_155,2021,0.02202216105491599,0.08775149554026973,2021-22,0.5170739500309731,1629130866,0.3259242336398039,0.4829260499690269,0.1911497163911693,9.656293899917465,15619.788764729868,58.0,92586.0,962.4763633318155,298.6205212298105,1.0,09
09_156,2021,0.8734474940994412,0.16326847659985902,2021-22,0.3237652604920489,499007419,0.1748063729689758,0.6762347395079511,0.148958887523073,9.557442579870855,14149.613381994392,13.0,81609.0,890.3496478533604,372.1401650908529,1.0,09
09_157,2021,0.19733148205957798,0.1638173902882105,2021-22,0.3256064025120299,581521750,0.0348078898166749,0.6743935974879701,0.2907985126953549,9.205299495861675,9949.718077798972,5.0,331071.0,873.1094304254434,387.48212610176245,1.0,09
09_158,2021,0.6317448258096043,0.07987449937496953,2021-22,0.3548367770685909,354977297,0.1841477681881159,0.6706791522075718,0.1706890088804749,,,,75512.0,812.8989174859779,449.72804687020306,1.0,09
09_159,2021,0.8914534761230871,0.18425141602319284,2021-22,0.3295889413305485,810422270,0.1261982842598834,0.6704110586694514,0.2033906570706651,9.041467184037616,8446.160040916584,26.0,51965.0,1027.0555944048367,233.61215954793857,1.0,09
09_160,2021,1.104618650981605,0.478685248820735,2021-22,0.3286572198187367,413502722,0.0643163456612022,0.6713427801812633,0.2643408741575345,9.313407523808364,11085.6584880444,11.0,31484.0,986.0612753043162,277.53047444923163,1.0,09
09_161,2021,0.9091577588763762,0.12942354642240078,2021-22,0.1915974343798385,855371981,0.1205834295383589,0.8084025656201614,0.0710140048414796,8.958124181988312,7770.767237006167,20.0,58038.0,969.4792111245739,254.46502699855964,1.0,09
09_162,2021,0.7331456269131341,0.09059954137413812,2021-22,0.866469892521773,424540870,0.0877360594281535,0.133530107478227,0.7787338330936194,9.497571167997002,13327.317671719078,19.0,42366.0,987.1526705833174,287.8006467676645,1.0,09
09_163,2021,0.9930040705064792,0.15047935792595654,2021-22,0.3378544312475831,710154125,0.1660188821687123,0.6621455687524169,0.1718355490788707,8.950656548507121,7712.954127632902,4.0,65689.0,944.060130259822,330.3308836050551,1.0,09
09_164,2021,2.2508682262672313,0.37027907522237113,2021-22,0.0896356583791151,135337077,0.0485928922493279,0.9412433902289064,0.0410427661297871,7.919356190660617,2750.0,2.0,340004.0,909.2605840868083,360.95575762598355,1.0,09
09_165,2021,0.9425083712405801,0.16763811134687806,2021-22,0.4024700364231212,353358514,0.4520482767235178,0.5975299635768787,0.3762308186523559,9.769956159911606,17500.0,2.0,65109.0,958.4677844814913,329.31174084114286,1.0,09
09_166,2021,0.44069656450887207,0.10690209265612115,2021-22,0.4702729394179982,580059638,0.0680257708259991,0.5297270605820017,0.4022471685919991,9.015589043544958,8230.392990844279,24.0,66256.0,911.03037353057,346.1508333728669,1.0,09
09_167,2021,2.2125965468413074,0.36307101556340277,2021-22,0.3334583912430539,960368416,0.075691755152431,0.666541608756946,0.257766636090623,9.170282217222152,9607.335663034675,13.0,36078.0,842.1143899350931,342.41043246207107,1.0,09
09_168,2021,1.0973569635329523,0.18288726437615513,2021-22,0.1522430045330255,665183542,0.1041812621996591,0.8477569954669745,0.0480617423333663,9.758034647631478,17292.61217952176,2.0,32690.0,896.3445029619643,389.5522094329866,1.0,09
09_169,2021,1.517847429498424,0.20580191717123325,2021-22,0.1974028500982743,581655452,0.0170925208946419,0.8025971499017257,0.1816678493026486,8.294049640102028,4000.0,1.0,30369.0,884.4479443295602,413.62232890671953,1.0,09
09_170,2021,0.970269597696329,0.13211792373180908,2021-22,0.4930663770810778,719003551,0.1363668995287062,0.5069336229189222,0.3566994775523716,9.146436656224216,9380.953189848608,42.0,45280.0,826.3327626164322,455.0894281230441,1.0,09
09_171,2021,0.8343765861035536,0.12413132680639294,2021-22,0.5911252015219364,1165093385,0.1177166051801075,0.4088747984780636,0.4734085963418288,9.542383882339246,13938.134925242892,129.0,21483.0,768.7062559967131,484.5600293239424,1.0,09
09_172,2021,1.0990905753694944,0.19451311591135736,2021-22,0.2971451361262001,987533075,0.0623009188831472,0.7028548638737999,0.2348442172430528,9.91311793314985,20193.5380389713,7.0,85774.0,833.5213737054088,440.9259212949399,1.0,09
09_173,2021,1.3722710724138876,0.24081781227656168,2021-22,0.3993909536370671,468785658,0.2154373801256522,0.6177666510785434,0.1839535735114149,9.259130536145614,10500.0,1.0,76020.0,742.7524062445405,520.1944678122669,1.0,09
09_174,2021,1.0767479069549228,0.16490148904133003,2021-22,0.2663851310364078,502257091,0.090701829434201,0.7518499218849025,0.1756833016022067,9.392661928770137,12000.0,2.0,25411.0,758.4614448494204,516.3411820553204,1.0,09
09_175,2021,0.6032301044804425,0.12119822552716975,2021-22,0.7519542738737711,436120040,0.1847353104892864,0.2480457261262289,0.5672189633844847,9.90200746573691,19970.42015978107,34.0,206005.0,703.3320531104346,510.07453049984565,1.0,09
09_176,2021,0.5315191972880939,0.22429150066760406,2021-22,0.5844579964937808,889769816,0.2003643928959712,0.4155420035062191,0.3840936035978096,9.675000031941291,15914.72454914616,31.0,90723.0,843.7163860962604,419.1629104332349,1.0,09
09_177,2021,1.3119445871088753,0.22075783455586162,2021-22,0.3320880892540877,1011742748,0.168131214516993,0.6679119107459123,0.1639568747370947,9.0126126544711,8205.932559011497,28.0,76148.0,772.7644627643286,490.83934242247597,1.0,09
09_178,2021,0.48469829463609315,0.07019936056599942,2021-22,0.5809760862950486,587621200,0.0673637693806826,0.4190239137049514,0.5136123169143659,9.302704944850255,10967.645998246677,8.0,62722.0,703.5554229082979,561.7173621075456,1.0,09
09_179,2021,0.6169465204543974,0.15659637376453053,2021-22,0.4654652742386162,128002305,0.1985910566219881,0.5345347257613837,0.266874217616628,9.305650551780507,11000.0,2.0,104878.0,748.0344305824129,512.5938869597736,1.0,09
09_180,2021,0.7552126690716775,0.10062227438914076,2021-22,0.3601764258863902,239390040,0.1765332007964909,0.6398235741136098,0.1836432250898993,,,,64195.0,884.1046277278532,401.7867441847457,1.0,09
09_181,2021,0.7895962291342787,0.10771444400863177,2021-22,0.549499873539877,435445567,0.1418705245425084,0.4505001264601231,0.4076293489973684,9.642488292644812,15405.629794137783,4.0,18304.0,845.9281039451735,444.52742814468036,1.0,09
09_182,2021,0.845369193783235,0.11790260757163885,2021-22,0.8296626263270286,357757465,0.480490837556667,0.1703373736729714,0.3491717887703615,10.252679108085934,28358.41549846021,6.0,42991.0,797.393427967468,495.4563902399856,1.0,09
09_183,2021,0.6965660565474439,0.09309631645499757,2021-22,0.3378852330627151,229046053,0.0443881388342457,0.8195518698504621,0.2934970942284694,9.551298801131832,14062.947787856576,5.0,68081.0,796.8040135431934,475.77112206472896,1.0,09
09_184,2021,0.7274418602671743,0.08288371627132089,2021-22,0.8774245301640498,879039641,0.2272979234164025,0.1225754698359502,0.6501266067476472,10.020065456696,22472.90087361361,43.0,42561.0,,,,09
09_185,2021,0.7494344017341121,0.10030741573807839,2021-22,0.699808983716511,450632786,0.2612344078311248,0.300191016283489,0.4385745758853862,9.434560123807476,12513.45974785827,14.0,54056.0,732.313165416418,541.2255077656353,1.0,09
09_186,2021,0.6175192514381168,0.12274743742173581,2021-22,0.4453109777224175,733599575,0.0604263218118685,0.5546890222775824,0.384884655910549,9.636775269520694,15317.868006146282,22.0,47632.0,699.682875683502,579.1617725023593,1.0,09
09_187,2021,0.7624244724667266,0.09715924874472243,2021-22,0.3266913079602722,780775297,0.1526299890095011,0.6733086920397278,0.174061318950771,9.178896388548784,9690.45237526307,11.0,43761.0,,,,09
09_188,2021,0.7624061929604897,0.1249901383010255,2021-22,0.2254555317446334,336471172,0.0412055193350843,0.7745444682553666,0.1928933275745834,9.740968623038354,17000.0,1.0,171208.0,666.0270854795533,614.0956245199884,1.0,09
09_189,2021,0.6566732975601169,0.07752360379810662,2021-22,0.4318493489907469,997456099,0.1551712853880699,0.5681506510092531,0.2766780636026769,9.369311630343931,11723.042522588,23.0,60285.0,640.4467619022303,643.448150184961,1.0,09
09_190,2021,0.7068542970942476,0.10973364818447977,2021-22,0.2398797659689442,325244356,0.0833456461270614,0.7601202340310557,0.1565341198418828,8.76254495257709,6390.3540490711885,9.0,103829.0,614.2658022058437,616.6980543904881,1.0,09
09_191,2021,0.9141365757120105,0.09874658257859409,2021-22,0.4528157872312052,280739589,0.0333779620898668,0.5471842127687948,0.4323904741486246,9.271978044365714,10635.769116247831,8.0,130269.0,648.0932288038032,614.9399834342911,1.0,09
09_192,2021,0.4205485303657663,0.06378787691939851,2021-22,0.4671415401424645,524740054,0.2315765283661765,0.5328584598575354,0.235565011776288,9.19781749818272,9875.552111015963,15.0,123740.0,608.6082726956816,610.3284173306974,1.0,09
09_193,2021,0.6255755999627283,0.0814591272854513,2021-22,0.7887188195278105,1252261945,0.3684343390312,0.2112811804721894,0.4202844804966104,10.1382778514995,25292.870877255693,59.0,101417.0,555.4608192364648,557.4763448582066,1.0,09
09_194,2021,0.7908596474644978,0.1709837526147253,2021-22,0.7225938830171357,654917970,0.1886756703286062,0.2774061169828642,0.5339182126885296,9.282894870181345,10752.5140376501,53.0,143029.0,671.8327435510733,572.0278366152966,1.0,09
09_195,2021,0.8905679335421803,0.1412949161438332,2021-22,0.3681443457057249,243776258,0.1101640751249861,0.631855654294275,0.2579802705807388,9.338866988195642,11371.516875673016,11.0,117964.0,582.5964283419589,583.7490333628247,1.0,09
09_196,2021,0.4569419728992826,0.0712948685469408,2021-22,0.3514862705396627,1240817234,0.0418906117482246,0.6485137294603373,0.3095956587914381,9.369571518996183,11726.08960424329,31.0,49179.0,580.7877012036481,535.2912223329962,1.0,09
09_197,2021,0.7693237378859429,0.15425892782333003,2021-22,0.4095242162789122,223932567,0.1303236835578274,0.5904757837210878,0.2792005327210847,9.36873817396697,11716.321796301869,5.0,254498.0,623.5352255142589,546.4336507263064,1.0,09
09_198,2021,-3.7561497725623325,0.2791342832896132,2021-22,0.4321110946671335,775684182,0.0309187251158874,0.5678889053328665,0.401192369551246,9.759459219004391,17317.264294975503,35.0,58992.0,,,,09
09_199,2021,-0.4623812955824304,0.19160807879263356,2021-22,0.2817430458597643,229840562,0.0655343637734404,0.7182569541402357,0.2162086820863238,9.315156879554255,11105.068220731247,9.0,69865.0,631.0713606395623,495.03280304962647,1.0,09
09_200,2021,3.8500027885251678,2.4045730874802005,2021-22,0.5637834714719436,467799938,0.1503743807678743,0.4362165285280563,0.4134090907040693,9.464713521968864,12896.529484810286,22.0,49102.0,567.7629596214728,454.85591391120437,1.0,09
09_201,2021,0.9294363986857206,0.15227001979127333,2021-22,0.1957121972420554,927457867,0.0325893154562028,0.8042878027579445,0.1631228817858526,9.006287862769069,8154.195530289336,6.0,56745.0,971.5543092925888,169.58772650873885,1.0,09
09_202,2021,0.9255429665050512,0.14150405286059883,2021-22,0.4278841744287305,508379828,0.1851133774725617,0.5721158255712695,0.2427707969561687,9.190793397896751,9806.428293125657,7.0,47138.0,,,,09
10_203,2021,0.8801028184615984,0.07954102683882878,2021-22,1.0,37756711,0.8037201121676091,,0.1962798878323909,9.623527693689248,15116.28160191052,4.0,90546.0,631.4273499353968,635.0361621789013,1.0,10
10_204,2021,1.2293199905457266,0.17664034953372365,2021-22,0.5446086356502335,287466066,0.0763333784238728,0.4553913643497663,0.4682752572263607,9.589503150019306,14610.60845013078,16.0,83654.69115555976,556.6036942388041,560.3934945463603,1.0,10
10_205,2021,0.7202426782586997,0.06509704261004147,2021-22,0.5685254327967144,342721294,0.1919577311119746,0.4314745672032856,0.3765677016847398,9.48791213420594,13199.208362074733,25.0,9688.0,527.0589927149257,531.19239248167,1.0,10
10_206,2021,0.9091805438284877,0.11674238868587421,2021-22,0.3578399169880908,196010430,0.1824664075273953,0.6421600830119091,0.1753735094606955,9.101633391589171,8969.932155987446,10.0,47400.0,517.5167433975106,522.0074716810329,1.0,10
10_207,2021,1.2639695265411752,0.15032523977711457,2021-22,0.5797630084349907,386309614,0.0257440758386095,0.4202369915650093,0.5540189325963811,8.71428685340486,6089.290511879654,6.0,71949.0,467.83921969943185,473.08539270126704,1.0,10
10_208,2021,2.1224042289731946,0.4712147747006767,2021-22,0.2943668632735399,126512871,0.0996958088161638,0.70563313672646,0.1946710544573761,9.590324061374783,14622.607388876648,11.0,31438.0,428.4485554872256,434.4176208433777,1.0,10
10_209,2021,2.050228574821005,0.12778402473336514,2021-22,0.5097915935740498,533144933,0.137829720309843,0.4902084064259502,0.3719618732642067,9.290129918692958,10830.591103429177,25.0,46501.0,406.57672434483237,413.33181480508546,1.0,10
10_210,2021,1.2277869951703677,0.19883721864494122,2021-22,0.3902297803980701,669061379,0.1459717210788219,0.6097702196019298,0.2442580593192482,10.119896677424252,24832.20497513251,12.0,26844.0,406.6759725834202,414.2354017552333,1.0,10
10_211,2021,1.3457654148685212,0.20106143010221766,2021-22,0.6875859924269039,1052829630,0.1640467043086544,0.3124140075730961,0.5235392881182495,9.7507698823705,17167.440632753198,90.0,53763.0,364.99100718755227,371.65927868861485,1.0,10
10_212,2021,0.7771177094432932,0.10506462722153932,2021-22,0.3227933767024296,609158800,0.0070770593809036,0.6772066232975703,0.315716317321526,9.680344001221918,16000.0,3.0,52390.91107677936,330.7653185928469,337.7116503532057,1.0,10
10_213,2021,0.9109695603614077,0.1021098301930034,2021-22,0.3718176132573793,366386016,,0.6638037450977841,0.3718176132573793,,,,23692.54515050167,382.393379562679,388.22234594813733,1.0,10
10_214,2021,0.6024613743921805,0.10270463783672007,2021-22,0.7067673836050442,173977621,0.077896443934016,0.2932326163949557,0.6288709396710281,9.447513803923492,12676.609516189936,4.0,34636.0,394.1890327579183,399.49953127233965,1.0,10
10_215,2021,1.0455561464254555,0.11131202501414209,2021-22,0.4612076265969063,583732175,0.0351915379685897,0.5387923734030936,0.4260160886283166,9.509381371698876,13485.649131269452,18.0,77768.53767729327,449.5575960557239,454.2712967408712,1.0,10
10_216,2021,1.2837102536239198,0.200161272897318,2021-22,0.7814924582370031,364989791,0.4602460812390229,0.2185075417629968,0.3212463769979802,9.402918822505017,12123.71611170817,20.0,87954.0,492.0976484430063,495.8878038331609,1.0,10
10_217,2021,1.0063115018709763,0.13986135932058563,2021-22,0.2687843333222626,384497090,0.0846405209464654,0.7312156666777374,0.1841438123757971,9.219579857024454,10092.823008539895,14.0,50198.0,577.6448861795963,580.6424498389194,1.0,10
10_218,2021,0.732001611877227,0.10498719750035067,2021-22,0.5484581651180018,150210248,0.2066279991761946,0.4515418348819981,0.3418301659418071,8.753581969480468,6333.333333333333,3.0,69497.0,555.1836300754221,557.8629290466973,1.0,10
10_219,2021,1.1366860464991175,0.16101759204771965,2021-22,0.4375579907245213,409590287,0.1450119885289174,0.5624420092754788,0.2925460021956038,9.542524826263522,13940.09955912468,10.0,75241.0,,,,10
10_220,2021,1.0800330468932768,0.1681396241427959,2021-22,0.2660340544283262,232195529,0.193175459463735,0.7339659455716738,0.0728585949645912,8.987196820661973,8000.0,4.0,82421.0,457.16977190745865,460.5378516344709,1.0,10
10_221,2021,0.5838143024651987,0.0924851816536568,2021-22,0.1798022993722993,109151702,,0.8201977006277007,0.1798022993722993,,,,108490.55419222904,425.7098729313515,429.87627942209735,1.0,10
10_222,2021,1.0851885067519522,0.1566105050352973,2021-22,0.6494611999840441,725119225,0.0350741203972353,0.3643325171128153,0.6143870795868086,8.584445479874411,5347.826415575132,3.0,46580.01922666127,387.77748044484366,391.9593817530954,1.0,10
10_223,2021,0.9892075464536405,0.13702343484655727,2021-22,0.3102362213029363,589724882,0.1322354863177922,0.6897637786970637,0.3046395403746929,9.874368033087958,19426.00736489688,9.0,32882.0,364.3809846927255,369.4119518986174,1.0,10
10_224,2021,0.9321278951583399,0.1297716127624243,2021-22,0.2357878970489644,388560987,0.0144525368935198,0.8212697590726661,0.2213353601554445,,,,69958.0,319.65784537849527,325.3620139040465,1.0,10
10_225,2021,1.112567620894337,0.16355521973518358,2021-22,0.4924760517543573,580293864,0.0471376378365427,0.5075239482456426,0.4453384139178146,9.188210475846232,9781.131736830836,17.0,27812.0,290.8019000163498,295.47393621750024,1.0,10
10_226,2021,0.7439794201045269,0.09692583648561096,2021-22,0.3320128811421382,226338625,0.0633949375631313,0.6679871188578618,0.2686179435790069,9.528794103094718,13750.0,2.0,41060.0,340.1058572156159,344.6274043712818,1.0,10
10_227,2021,1.3580782192621976,0.1773599800373796,2021-22,0.3823692242429447,859973152,0.088922237656089,0.6176307757570554,0.2934469865868557,9.416492052491812,12289.39596050538,11.0,24743.0,358.35106523598625,362.0479088355011,1.0,10
10_228,2021,0.8400576133159499,0.1243479177207067,2021-22,0.5208024468768041,256181594,0.2896942510241387,0.4791975531231959,0.2311081958526653,9.654645883630046,15594.068298134807,10.0,17893.0,375.9933817255015,379.12627703592864,1.0,10
10_229,2021,0.8931466498103467,0.11517374665050227,2021-22,0.7621355494590476,227010467,0.6601315304108863,0.2378644505409523,0.1020040190481613,9.022205070722544,8285.026022081542,6.0,74627.0,408.6950021492522,411.3870859310678,1.0,10
10_230,2021,0.777854688380887,0.11482519795406539,2021-22,0.3324814409010756,60416861,0.2781804238389677,0.6675185590989244,0.0566941623899461,,,,205077.28195293044,443.1054756914754,445.83700783286497,1.0,10
10_231,2021,0.8938687414557718,0.15073640852270168,2021-22,0.3563730671277715,429941831,0.0056139280738047,0.6436269328722285,0.3520620909296914,9.033222648726616,8376.81164169407,6.0,50316.0,494.13495962545255,496.0381577450074,1.0,10
10_232,2021,0.7115487089985343,0.11033256116913241,2021-22,0.2300915284114217,255924468,0.0235557352023097,0.7699084715885782,0.206535793209112,9.009814551907583,8183.003611814994,11.0,25736.0,530.2929903394368,531.7610613472746,1.0,10
10_233,2021,0.99573288073524,0.15090972953373416,2021-22,0.5415826022794042,791073194,0.1922483951592474,0.4584173977205958,0.3493342071201568,9.3056350097726,10999.829039241562,28.0,40206.0,,,,10
10_234,2021,1.657563189603582,0.15636067363730474,2021-22,0.3614879618455469,680363467,0.0695610968188566,0.6385120381544531,0.2919268650266902,10.08388118221601,23953.77432344785,19.0,73456.0,506.0893029403672,506.67176178567007,1.0,10
10_235,2021,1.3234144005671293,0.1937218222647541,2021-22,0.2562604526289636,37214322,0.1636809613245137,0.7437395473710363,0.0925794913044499,,,,48439.0,462.97208565311354,463.5965570187295,1.0,10
10_236,2021,1.5930755730297492,0.2834899629103267,2021-22,0.3206907281848584,470043075,0.0598453535348861,0.6793092718151417,0.2608453746499722,9.294259732822091,10875.411918710188,17.0,75352.0,413.48138504078617,414.5080587858931,1.0,10
10_237,2021,1.7798944297285844,0.2218993872939754,2021-22,0.832311944002023,244148820,0.2437047617105009,0.1676880559979769,0.588607182291522,9.452298522563956,12737.40886393355,7.0,36058.0,368.54821369447785,370.7149545015947,1.0,10
10_238,2021,2.682779644022437,0.3840376772377587,2021-22,0.2825512638918964,388768376,0.0458248358143204,0.7620789322982722,0.2367264280775759,9.903487552536127,20000.0,2.0,22366.0,316.9633565429193,320.3359220821691,1.0,10
10_239,2021,0.8909457954062726,0.1465483088465524,2021-22,0.606159001269761,770084303,0.0557793475761834,0.393840998730239,0.5503796536935776,8.916235205412967,7451.981173972751,6.0,24556.0,435.43910466852395,437.4294309783235,1.0,10
10_240,2021,0.8916779114141813,0.2633924834268534,2021-22,0.512767033098003,720926971,0.0543662195709418,0.4872329669019971,0.4584008135270611,9.33639767082556,11343.471632081872,5.0,10205.70176796382,462.22404589463173,463.80361948063086,1.0,10
11_241,2021,0.329472032322089,0.03336585275164007,2021-22,0.2032617797071789,37851238,0.2012937859522587,0.796738220292821,0.0020605401187086,9.680344001221918,16000.0,1.0,493.0,,,,11
11_242,2021,0.4395074911406674,0.06381216808880256,2021-22,0.6491249729001672,107731292,0.5769890887412731,0.3508750270998328,0.0721358841588941,9.783596464439274,17740.340763405755,26.0,729.0,,,,11
11_243,2021,0.38373668361663826,0.041422182276184785,2021-22,0.4018221588073914,49900700,0.3431577913736681,0.7577569353707398,0.0586643674337233,10.0565923070255,23308.941167198645,7.0,2351.432621359223,,,,11
11_244,2021,0.5522817535543544,0.0787638822887371,2021-22,0.3226429678211093,16642836,0.2823060925433622,0.6773570321788907,0.0511665246602268,9.206522890007395,9961.89795352212,5.0,15668.429897528633,,,,11
12_245,2021,-0.02498294151413939,0.012970788100311324,2021-22,0.3286306179830481,19082805,0.1092655987856836,0.671369382016952,0.2219742852269359,,,,1031.0987066031314,657.1950693890848,666.3446372758485,0.0,12
12_246,2021,0.23540758593759323,0.06587995901632221,2021-22,0.26794931400521,36778049,0.057288955159095,0.73205068599479,0.2106603588461149,9.279460982093113,10715.654429881097,16.0,8235.204527674297,651.7602310875525,660.828953704449,0.0,12
12_247,2021,0.531439350271199,0.022251289545017715,2021-22,0.5586704847267742,18266868,0.1425354362882569,0.4413295152732258,0.4161350484385172,9.40581527118677,12158.882737836226,11.0,1080.0,698.2233615532848,707.2210633955294,0.0,12
12_248,2021,0.7537378616236393,0.08135415950240112,2021-22,0.1243617103168026,23435284,0.0413641242837082,0.8756382896831973,0.0829975860330943,9.107916473162438,9026.46839634468,11.0,17251.338927914043,728.8169331576814,737.654073108453,0.0,12
12_249,2021,1.3213412207221895,0.19302916909434967,2021-22,0.1200267602056701,6134482,0.0894602021817001,0.8799732397943298,0.03056655802397,,,,1576.0,829.7490568223386,838.7291795888216,0.0,12
12_251,2021,0.7577336376333771,0.10485981769247407,2021-22,0.1898185751767674,20297002,0.025974052791427,0.8101814248232325,0.1681281304500043,9.798127036878302,18000.0,1.0,6113.0,902.4703605737077,911.1976027944269,0.0,12
12_252,2021,0.11891987452700824,0.01679454571342923,2021-22,1.0,174060,0.8181833850396415,,0.1818166149603585,,,,2449.0,937.8571478679282,946.7767798833073,0.0,12
12_253,2021,0.28052672491524705,0.0211682861650113,2021-22,0.715832148466538,20646484,0.2019164134677846,0.2841678515334621,0.5139157349987533,9.528318662866573,13743.464250665209,11.0,4274.783276494452,946.1240994278495,954.3565251633235,0.0,12
12_254,2021,0.28257700288137483,0.031301502896336174,2021-22,0.2687760240357424,11054204,0.0608154146603409,0.7312239759642576,0.2079606093754014,9.612466578818832,14950.0,2.0,2482.0,847.5489195376741,855.8202797417633,0.0,12
12_255,2021,0.5189131705037047,0.048548910156025575,2021-22,0.1061675586968061,38702915,0.0377205954641917,0.8938324413031938,0.0684469632326143,,,,5432.0,778.152152857276,787.0004138740929,0.0,12
12_256,2021,0.048367161909892716,0.0007158879858987922,2021-22,0.408772676205337,29562541,0.0492744179196233,0.591227323794663,0.3594982582857137,10.308952660644293,30000.0,2.0,2317.786039981207,771.0885462219916,780.1074515899389,0.0,12
12_257,2021,0.10991269780897663,0.019838107461772825,2021-22,0.2898779338271561,14259233,0.0196270725080374,0.7454038332019686,0.2702508613191186,,,,575.5528967491168,1015.3896452625582,1024.1761337984346,0.0,12
12_258,2021,0.4572714152165079,0.05668663504170061,2021-22,0.2005479057989765,12111206,0.0568723709265617,0.7994520942010234,0.1436755348724148,,,,4330.0466738325595,972.9955174339447,981.6506832417897,0.0,12
12_259,2021,0.958118703265469,0.13237681272968307,2021-22,0.4950213868575599,18277580,0.1024360993085517,0.5049786131424401,0.3925852875490081,9.6032216982881,14812.425943767328,14.0,7112.0,962.5323729589329,970.9684262335477,0.0,12
12_260,2021,0.07271043850676256,0.013260342503261332,2021-22,0.4277615217836223,9884559,0.058591688309008,0.5722384782163776,0.3691698334746143,,,,684.0,1026.9965103165812,1035.3800266692956,0.0,12
13_261,2021,1.2636140677511831,0.06182283139807774,2021-22,0.2194672463131478,57867455,0.0137933377407465,0.7805327536868522,0.2093146484496337,9.33816124527864,11363.494339439483,7.0,10789.0,800.441599699235,808.7250562943533,0.0,13
13_262,2021,0.3784440284153261,0.03251627027309736,2021-22,0.8827129259307588,120187933,0.0683139795739727,0.1172870740692412,0.8143989463567861,9.482721568446772,13130.874502219698,42.0,10042.0,744.9240698176426,753.2214599424225,0.0,13
13_263,2021,0.47513569264060274,0.042086059975328875,2021-22,0.0989550070144468,13409468,,0.9010449929855532,0.0989550070144468,,,,8212.0,719.1468086219421,727.2191373455408,0.0,13
13_264,2021,0.5175763609496046,0.037136838271570334,2021-22,0.6610004181617648,40976965,0.0526848681936302,0.3389995818382351,0.6083155499681345,9.200050493016048,9897.628807257111,9.0,8328.0,700.0360937964704,708.2910088291693,0.0,13
13_265,2021,1.1532464563489195,0.12695465460775648,2021-22,0.2433092860962945,59003868,0.0047401900411934,0.8402286918406372,0.2390403795222374,,,,24250.0,642.5983453446128,650.7582308727058,0.0,13
13_266,2021,0.9394560974725508,0.10896874762840043,2021-22,0.3505419610628567,13819812,0.0637293039876374,0.6494580389371433,0.2868126570752192,,,,8334.0,699.7503028489056,707.5985936993729,0.0,13
13_267,2021,0.26299410680591645,0.024325020689592306,2021-22,0.0531249254734789,27465055,,0.9468750745265212,0.0531249254734789,,,,7818.0,760.6464887786772,768.7015052318833,0.0,13
13_268,2021,0.08765632345561643,0.006971165498501569,2021-22,0.6334199096002765,33728643,0.0334481882357377,0.3665800903997234,0.5999717213645387,9.572555400041225,14365.07798245051,4.0,2020.0,771.9022798247335,780.1646035167258,0.0,13
13_269,2021,0.07951965398674567,0.011593077267522206,2021-22,0.4164102598126747,60891833,0.0249279735100107,0.5835897401873252,0.3914822863026639,9.564978484382443,14256.64630573185,8.0,3380.0,735.1390224196712,743.013472414693,0.0,13
13_270,2021,0.1987098150813449,0.02311249181520341,2021-22,0.2738169585089861,30050531,0.034506478437935,0.7261830414910141,0.239310480071051,9.5136145391878,13542.857142857143,6.0,26504.0,671.7789204845539,679.8273520822025,0.0,13
13_271,2021,0.08956470665700313,0.01502249488779076,2021-22,0.2813688077553579,67128404,0.0527218607029078,0.7186311922446421,0.2694970075558477,9.42771853947317,12428.14005142688,13.0,3624.0,613.3579216933474,621.3976672362425,0.0,13
14_272,2021,0.5562765625258674,0.06570817618168234,2021-22,0.7816891515724688,189405063,0.1135701214069446,0.2183108484275312,0.6681190301655241,9.627472283221502,15176.026885926376,332.0,6185.0,634.3377654126348,642.0147604426747,0.0,14
14_273,2021,0.949695410420213,0.08743564165491818,2021-22,0.6603955972404049,79653134,0.0394669844378,0.3396044027595951,0.6209286128026048,9.211858795115688,10015.195765276248,68.0,5510.0,576.8721133610234,584.5299499302398,0.0,14
14_274,2021,0.5737241878730166,0.04650123924848494,2021-22,0.365907839935303,40459390,0.1274546403195895,0.6340921600646969,0.2384531996157134,9.448963465162455,12694.999632145573,9.0,11647.0,540.5144604104701,547.5709325903379,0.0,14
14_275,2021,0.9656573193110001,0.1361664346717308,2021-22,0.1881794805071985,110795029,0.0360045304920674,0.8118205194928014,0.1563712391103999,9.75458108915602,17232.9941386173,5.0,26235.0,584.5393499060536,591.7212932052548,0.0,14
14_276,2021,1.4406344539517308,0.13389319842883343,2021-22,0.3708669490298971,46979913,0.085433087115338,0.6291330509701029,0.2854338619145591,9.410642655461755,12217.720238518425,20.0,30856.0,600.2967704653419,607.4181495941019,0.0,14
14_277,2021,1.1132998968365868,0.13646857019004974,2021-22,0.5679163014038003,136952739,0.0320800228756286,0.4320836985961996,0.5358362785281717,9.55605463599177,14129.98813523046,165.0,25738.0,531.206491880321,538.7702230337535,0.0,14
14_278,2021,0.9719220679165378,0.14548231218221583,2021-22,0.5763599667440853,90774830,0.0633760481842819,0.4236400332559146,0.5129839185598034,9.6365726487002,15314.764601580446,115.0,92684.76702103742,608.7108166713931,616.107714437413,0.0,14
14_279,2021,0.22369018274085997,0.015897529225114164,2021-22,0.2649313644849214,27440677,0.0234223084219095,0.7350686355150786,0.2415090560630118,9.88528751782659,19639.291714204057,16.0,8069.0,662.1684062108765,669.5787600153055,0.0,14
14_280,2021,0.9447976278658352,0.09930180395196284,2021-22,0.3119579560588945,20566483,0.0315482720113108,0.6880420439411056,0.2804096840475836,9.590590497379765,14626.5038970337,8.0,5777.0,601.900990882729,608.6843379653691,0.0,14
15_281,2021,0.5788311404423232,0.041844482307840325,2021-22,0.4863658506757441,67018556,0.0757478868986673,0.5136341493242558,0.4106179637770769,9.640701079313132,15378.121236339524,68.0,3266.0,431.5256127897306,438.26826207443526,0.0,15
15_282,2021,0.7847638462465006,0.09407714586928581,2021-22,0.706404105844568,162806163,0.0773812843927781,0.2935958941554319,0.6290228214517899,9.683764959700586,16054.829066166223,344.0,3844.0,471.6188333660193,478.84426916460154,0.0,15
15_283,2021,0.3997035126856555,0.013452778787787808,2021-22,0.2931650696178214,37172522,0.0497924709134716,0.7068349303821785,0.2843950162972531,9.773175496033849,17556.42916562828,5.0,2030.0,473.7220005536688,480.3823659643395,0.0,15
15_284,2021,0.6125720385368955,0.04543522007498948,2021-22,0.5835245484086362,47629177,0.027559892542338,0.4164754515913638,0.5559646558662981,9.421587870214475,12352.180315193527,53.0,6297.0,500.9176629151088,507.07129923337925,0.0,15
15_285,2021,0.7162542457219189,0.02186202792416572,2021-22,0.4784673607814358,8613273,0.0531098921397243,0.5215326392185642,0.4253574686417115,9.598410869694549,14741.337036877332,16.0,2890.0,468.3872404492037,474.2107432306711,0.0,15
15_286,2021,0.5404528779971693,0.041307702742447355,2021-22,0.4674798618192655,18214406,0.096579027772079,0.5325201381807345,0.4095857421867065,10.07484478000997,23738.29343657299,10.0,10186.0,441.13164013883846,446.4982810009247,0.0,15
15_287,2021,0.23812116271681896,0.01163636725493845,2021-22,0.4800358615698553,67424823,0.0723950880820258,0.5199641384301447,0.4076407734878295,9.623767687771124,15119.909855397202,104.0,4417.0,,,,15
15_288,2021,0.24549931860977647,0.014005103716228711,2021-22,0.4662714646409469,24484861,0.0604647091931622,0.5337285353590531,0.4058067554477846,9.695725460808044,16248.005809438098,10.0,3242.0,469.6834185719583,473.9404582111191,0.0,15
16_289,2021,1.4698068902724015,0.19134683614638295,2021-22,0.7633823938489084,50896462,0.0966002116217822,0.2366176061510916,0.6667821822271262,9.846311031808137,18888.546872988965,41.0,158224.69285824432,338.71879135359455,346.0513064447843,0.0,16
16_290,2021,1.3867569421325465,0.19097438812654766,2021-22,0.4084978968801494,106027481,0.0958157819480781,0.5915021031198506,0.3126821149320712,9.216141018182087,10058.17502530872,17.0,73210.0,337.6326914595667,344.0983784057892,0.0,16
16_291,2021,1.9919273007374079,0.2792997266061147,2021-22,0.8021021066982768,195880352,0.0945781790304318,0.1978978933017232,0.7075239276678449,9.551568456021007,14066.740441814693,178.0,27378.127552012444,383.2392610044538,390.36970742544304,0.0,16
16_292,2021,3.0856586497532166,0.4449577070789125,2021-22,0.5182168818243093,79434780,0.0803186211379952,0.4817831181756908,0.437898260686314,9.492088304348703,13254.445762054684,26.0,60501.0,416.119396012333,423.5296872174025,0.0,16
17_293,2021,0.4080016026583838,0.04114780921784384,2021-22,0.7808597288540171,158070791,0.6444830847971147,0.3616450006850856,0.1363766440569023,9.532188395138665,13796.7508136762,77.0,37294.0,372.251018767831,381.4133099351786,0.0,17
17_294,2021,0.3982887731094143,0.020455953733822023,2021-22,0.4059891865107997,123349640,0.2776060392231383,0.6482338549595392,0.1283831472876613,9.723187534090709,16700.39305057923,3.0,10865.0,411.30842432455876,420.4488884549139,0.0,17
17_295,2021,0.5657023432339002,0.10451053519000796,2021-22,0.2994111499577104,67533153,0.2628643001460334,0.7005888500422895,0.0409449744775323,9.892806838573811,19787.52244664688,19.0,6779.0,370.1630280087986,379.2494504086113,0.0,17
17_296,2021,0.6570243482902757,0.09123317091648887,2021-22,0.5296910496554285,54012725,0.4312065721549875,0.5339260943978035,0.0984844775004408,9.161505369889737,9523.382505601809,3.0,10751.0,431.7214298394448,440.6693867014813,0.0,17
17_297,2021,3.5884730864053838,0.7005110020501139,2021-22,0.2833898016812588,75940478,0.2621751077205492,0.7166101983187412,0.0212146939607096,8.292533357009868,3993.939463537002,12.0,9871.0,,,,17
17_298,2021,0.6564001335869241,0.08446617150726504,2021-22,0.3215752833693013,74019927,0.1786190764549119,0.7665504086143643,0.1429562069143894,9.535942769824134,13848.64634234532,8.0,53822.0,458.8949077213221,467.57779225714046,0.0,17
17_299,2021,0.9205788071734954,0.11986281065968037,2021-22,0.4617038769179235,32671597,0.3389109200875611,0.6899316278190476,0.1227929568303624,10.006344937975836,22166.666666666668,3.0,10813.0,502.8773041410276,511.31215097844154,0.0,17
18_300,2021,1.0460173155491395,0.1401256464638238,2021-22,0.5625932858110257,119736189,0.0235367525951622,0.4980487593811931,0.5419223506437139,,,,42495.0,462.7843729026204,471.88195362060446,0.0,18
18_301,2021,0.7262094189829258,0.10281279125007489,2021-22,0.4446488944103736,313371428,0.2323274603069428,0.5553511055896264,0.2123214341034307,10.444995581499343,34371.9320488996,3.0,98682.0,413.93170877153904,423.0506018722106,0.0,18
18_302,2021,0.9813574727038092,0.13210768894381095,2021-22,0.5767906198100188,315110121,0.2137858085491325,0.4232093801899813,0.3630048112608862,9.565745386935443,14267.5839577015,28.0,57347.0,439.21806988489107,448.379003066074,0.0,18
18_303,2021,1.753924750855717,0.25747593139771374,2021-22,0.3924871385160061,365676115,0.1033706945831012,0.6075128614839939,0.2891164439329049,9.55963967689463,14180.735632225642,31.0,94130.0,486.55359984449973,495.7011673562355,0.0,18
18_304,2021,0.7954610829920018,0.09362339398468761,2021-22,0.7142828378184041,83485342,0.1469815743223523,0.2857171621815959,0.5673012634960518,9.325486591357532,11220.374892054027,10.0,34379.0,,,,18
18_305,2021,0.9757176209699389,0.12069927187982323,2021-22,0.4195833375086492,253873008,0.2030926147138887,0.5804166624913508,0.2164907227947604,9.926357675014852,20462.67297710797,13.0,138675.0,596.333809216815,605.0265311119763,0.0,18
18_306,2021,0.9398063993687851,0.11784993965198964,2021-22,0.2986621633864978,108089507,0.0206935535379951,0.7013378366135021,0.2779686098485027,,,,79601.0,644.4623521151922,653.3167155499981,0.0,18
18_307,2021,0.6246417360208291,0.07812702123587165,2021-22,0.4432814188696927,278753209,0.1911632880968914,0.7333999103495258,0.2521181307728012,9.750365830234175,17160.50549286369,26.0,56588.0,758.4791400774795,767.1583874098545,0.0,18
18_308,2021,0.5387036509875559,0.060036424534391966,2021-22,0.6155261582361581,190628870,0.2108018266068513,0.384473841763842,0.4047243316293067,9.78525643896962,17769.813732654035,30.0,25672.0,835.6386704724376,844.2946776607322,0.0,18
18_309,2021,1.5449654330238312,0.27375981154105805,2021-22,0.4268883353133214,156996733,0.2196510802552815,0.5731116646866785,0.2072372550580399,9.645017406551151,15444.641698666448,8.0,76088.0,901.0851951719893,909.5540438936837,0.0,18
18_310,2021,0.8146163663924231,0.10027603573523938,2021-22,0.4539394822443526,75468496,0.1340164510499851,0.5460605177556473,0.3199230311943675,9.21333588095598,10030.0,2.0,91629.0,842.777985302337,851.3024992340215,0.0,18
18_311,2021,1.0615061569201432,0.13788148500772532,2021-22,0.7422332495450449,114088737,0.3126123396387498,0.257766750454955,0.4296209099062951,9.47458939794826,13024.525004191473,13.0,83878.0,801.1265605299404,809.5765007248865,0.0,18
18_312,2021,0.8474015508725135,0.09629316301460546,2021-22,0.6401448684226962,184768492,0.3111731950488615,0.3598551315773037,0.3289716733738347,9.210340371976184,10000.0,2.0,68430.0,743.089072576657,751.6011876173263,0.0,18
18_313,2021,0.8654259496507648,0.11612094993282356,2021-22,0.3285993319659674,29812553,0.0568979785126084,0.6714006680340325,0.271701353453359,,,,54225.0,688.0500357129712,696.5410164356992,0.0,18
18_314,2021,0.8688356981244761,0.11276674147517568,2021-22,0.7871444829393721,415319942,0.0888126917825679,0.2128555170606279,0.6983317911568041,9.407768633627176,12182.656654672355,54.0,32744.0,608.7709217441347,617.2977803953027,0.0,18
18_315,2021,0.3740217143989866,0.04815880932378234,2021-22,0.600016066246736,250114421,0.218782354816718,0.3999839337532641,0.3812337114300179,9.573708779993751,14381.6559339126,41.0,13030.0,556.7200330464592,564.8966678103188,0.0,18
18_316,2021,1.0317546354272622,0.12624507494087567,2021-22,0.4474270820405759,304162516,0.0746434152984189,0.552572917959424,0.372783666742157,9.66840372042906,15810.091543730838,12.0,110654.62145423962,510.82929919572894,518.6372052987739,0.0,18
18_317,2021,1.5211957430292014,0.20630739066276155,2021-22,0.581871893207593,317697643,0.1037471298186415,0.418128106792407,0.4838181251473748,9.164275570147655,9549.80075730446,7.0,65425.0,457.11840103131567,464.92772366885185,0.0,18
18_318,2021,0.8784396921832475,0.11793935152701639,2021-22,0.5456635443503198,196780509,0.2811760538743194,0.4543364556496802,0.2644874904760003,9.685370193788374,16080.621520982251,16.0,29163.0,471.6706257678822,479.29074811575845,0.0,18
18_319,2021,0.5860222929220823,0.2652370805422888,2021-22,0.5134304678450267,248700346,0.0801329725532428,0.4865695321549733,0.4332974952917838,9.872869600041591,19396.920591236172,13.0,40304.0,469.3012449984785,478.46358331266293,0.0,18
18_320,2021,1.3216509577264886,0.18481329993427129,2021-22,0.3949068961535378,139356004,0.2491627486677933,0.6490580977084658,0.1457441474857445,9.235032984566557,10250.0,4.0,16851.0,495.5391447229379,504.6937598311184,0.0,18
18_321,2021,0.8791581075990388,0.14661622599023316,2021-22,0.5775471233218336,195593013,0.1036984382168947,0.4224528766781664,0.4884183107297396,10.126631103850338,25000.0,2.0,60278.0,489.80096384973484,498.8604044645443,0.0,18
18_322,2021,1.237978378250239,0.14903717106545017,2021-22,0.6322685038027048,39539224,0.0990990817760823,0.7357357819304471,0.5827373344504687,9.632334858813993,15250.001170871175,9.0,217703.0,514.1596265903361,523.110649499156,0.0,18
18_323,2021,1.0498467519184358,0.11993045202805173,2021-22,0.961965703512291,468844744,0.4227731579305067,0.0380342964877089,0.5391925455817843,9.899086797491462,19912.178281775705,48.0,51366.0,510.2053851940201,519.3080900027074,0.0,18
18_324,2021,0.8472973705460475,0.10073178871825816,2021-22,0.4324580706267096,147978124,0.0848742547918772,0.645672265951214,0.3475838158348324,10.09410791214478,24200.0,3.0,32774.0,534.1863445936216,543.3249444582246,0.0,18
18_325,2021,0.860105288785013,0.11235147817268445,2021-22,0.5249488606775528,355143051,0.3146318157862534,0.4750511393224473,0.2103170448912993,9.498830639651787,13344.113625354456,35.0,39292.0,557.2969680455438,566.2843113354927,0.0,18
18_326,2021,0.7968359639217931,0.10221608230631289,2021-22,0.3637487547195027,351503136,0.1283544224197191,0.6860247249848904,0.2353943322997835,9.764991475282203,17413.333333333332,3.0,30561.0,580.4667359548814,589.5105556182345,0.0,18
19_327,2021,0.5933991219522673,0.08916042418905223,2021-22,0.4002317906250978,348903671,0.0600518101169534,0.5997682093749023,0.3401799805081443,8.990997875676147,8030.466305483533,14.0,112918.0,471.6294570731199,479.70326238144077,1.0,19
19_328,2021,1.1076646263512109,0.1466761987875009,2021-22,0.7101360600153941,557741301,0.081266497422252,0.4066544082072421,0.6288695625931421,9.331939455397736,11293.012554142206,27.0,386211.0,449.88277368646396,458.5124703802415,1.0,19
19_329,2021,1.6673945783006276,0.25741870426493035,2021-22,0.6184304937897352,864817795,0.2032261443001412,0.3815695062102648,0.4152043494895939,9.434341883122984,12510.729099817612,36.0,218369.0,415.530659950036,424.36810693842546,1.0,19
19_330,2021,1.2160235580422918,0.1730985966616561,2021-22,0.5538832322630924,605054460,0.2097924904148297,0.4461167677369075,0.3440907418482627,9.29995252188936,10937.49990400692,2.0,147623.38559176674,359.8831249494692,367.680200519232,1.0,19
19_331,2021,1.172311969949585,0.15749275835846246,2021-22,0.5578950006864287,859637696,0.1105834591041479,0.4421049993135713,0.4473115415822807,9.157340759560723,9483.803800598003,53.0,166087.0,304.0129113292183,312.36320295703445,1.0,19
19_332,2021,0.9325753426878054,0.1114599966892718,2021-22,0.8602179028425959,3014367652,0.1951966750338521,0.139782097157404,0.6650212278087437,9.511479455717184,13513.972858578092,205.0,336754.0,279.7849672478559,287.3963308542243,1.0,19
19_333,2021,0.5962033429261604,0.0810157188185071,2021-22,0.7945988549741292,1178948384,0.1269992385010131,0.2054011450258707,0.667599616473116,9.20027354688434,9899.836757886294,80.0,753822.0,173.00885635413798,180.7433184805186,1.0,19
19_334,2021,1.4941926767294635,0.20209647311579448,2021-22,0.4167271549572398,718534385,0.1034430384288429,0.5832728450427602,0.3132841165283969,9.399773230839283,12085.639769058856,10.0,236722.40755218008,165.48234207590613,171.062483502026,1.0,19
19_335,2021,2.5013675045069426,0.4016417742209952,2021-22,0.7596491931434137,433730177,0.2344619498310812,0.2403508068565863,0.5251872433123324,9.002415564325538,8122.681107633151,34.0,724934.7285338315,110.51385551266597,115.16438996177133,1.0,19
19_336,2021,1.2324216411468254,0.17304096884580633,2021-22,0.3582470599404019,407387575,0.0548160016907732,0.6828596172997023,0.3034310582496287,9.740968623038354,17000.0,2.0,459013.0,100.03668900431425,108.70411601139507,1.0,19
19_337,2021,2.010315431465626,0.3003556443891433,2021-22,0.4156390671678995,246009673,0.1597769195156104,0.5843609328321004,0.392778372580496,8.769396431620285,6434.287759501139,8.0,1051646.0,,,,19
19_338,2021,1.187009015888993,0.313337658052324,2021-22,0.7033416684902092,1717111053,0.0672863946674507,0.2966583315097908,0.6360552738227584,8.400714562256564,4450.245589355053,111.0,496548.9061325168,44.380681963908074,48.42887832765939,1.0,19
19_339,2021,2.3194583849159636,0.35452200571759124,2021-22,0.8920656959977786,329981319,0.3503584183200383,0.1079343040022214,0.5417072776777403,9.363965583169126,11660.5378096684,36.0,258114.0,138.24630087000986,138.2168730687631,1.0,19
19_340,2021,1.5082429963263977,0.2935032412400084,2021-22,0.7396506922865886,1807001494,0.0945894320328658,0.2603493077134113,0.6450612602537228,9.386576721595056,11927.19924239464,93.0,208165.5,210.15623747624397,209.2221235895277,1.0,19
19_341,2021,1.0992310585711704,0.5961979164203529,2021-22,0.459172608771367,694045888,0.0225884833712897,0.540827391228633,0.4365841254000773,8.776665561246393,6481.229838603186,57.0,531098.0,30.332800628781982,25.66642939691887,1.0,19
19_342,2021,1.8469145641756701,0.2911631012729718,2021-22,0.7673686059320547,1123793618,0.2102615588977299,0.2326313940679453,0.5571070470343248,9.19157640341369,9814.10978751441,45.0,1281951.0,2.0525785017758627,7.122503606970725,1.0,19
19_343,2021,0.4507340960872729,0.2565357614891734,2021-22,0.4925900515788518,1336159638,0.1243674694804693,0.5074099484211482,0.3682225820983825,9.12308577313308,9164.437404123517,28.0,763056.0,,,,19
19_344,2021,2.299072506003132,0.4726798908498698,2021-22,0.8548189735399007,1496327525,0.141407027181432,0.1451810264600993,0.7134119463584685,9.27458752501344,10663.559192994651,117.0,399245.57102709654,,,,19
19_345,2021,1.6521799331644027,0.2953499853515324,2021-22,0.9616070049664938,1608592191,0.2765471811245414,0.0383929950335062,0.6850598238419523,9.58630100980309,14563.898059751877,140.0,468526.6828235408,84.56238255023587,75.80132940890282,1.0,19
20_346,2021,1.2694077347767876,0.7952743360780961,2021-22,0.276836379351672,262509527,0.028651314434009,0.723163620648328,0.2481850649176629,,,,18131.0,496.2817278090215,462.38370123442587,1.0,20
20_347,2021,1.2411129346763872,0.19757779510141346,2021-22,0.2193057051766625,239966329,0.0741937132354931,0.847002342413365,0.1451119919411694,9.38158895922313,11867.857321535428,4.0,15862.0,389.49490648578177,389.342083028974,1.0,20
20_348,2021,1.3647692613353901,0.20407331425230626,2021-22,0.4056347295738424,598312369,0.1167149763537648,0.5943652704261576,0.2889197532200775,9.159047077588632,9500.0,4.0,21900.0,343.3156482354491,344.687749125447,1.0,20
20_349,2021,1.365876514874846,0.20349007976262756,2021-22,0.3484542034330257,167335829,0.0797046638469756,0.6515457965669743,0.26874953958605,,,,46334.0,293.3019940148693,295.22926001447337,1.0,20
20_350,2021,3.7145015573240627,0.3878628687763534,2021-22,0.7140116404230715,81425391,0.2443470243821119,0.2859883595769285,0.4696646160409595,9.4448843132518,12643.320275772769,16.0,43130.0,250.54558049822873,253.9769854216635,1.0,20
20_351,2021,1.3208512318644925,0.19867488334231304,2021-22,0.2328749643914019,277587452,0.0356582256463091,0.767125035608598,0.1972167387450928,,,,27505.0,269.7117775666645,275.4990603770756,1.0,20
20_352,2021,1.838365892190978,0.28404426985286607,2021-22,0.3172677265562271,132200692,0.0969899991143768,0.6827322734437729,0.2202777274418503,8.947658826812297,7689.867458706181,4.0,28145.0,273.19422576253305,279.9439010826382,1.0,20
20_353,2021,1.8941223774632094,0.3108331921105484,2021-22,0.5348637097237808,137349784,0.3007155584605797,0.4651362902762191,0.2341481512632011,9.510567080699351,13501.648670345914,16.0,20137.0,227.24879197291216,233.6330697715582,1.0,20
20_354,2021,1.9933269932437843,0.28041925723064504,2021-22,0.3895066866825606,270800129,0.1349360989410754,0.6214641258378027,0.2545705877414851,,,,88912.0,233.87250742393567,235.2030488503426,1.0,20
20_355,2021,2.027968346354375,0.2436207323435567,2021-22,0.4955212333972025,189011747,0.0327994411570003,0.6836227806884284,0.471316917672847,9.16279403776915,9535.662893711533,6.0,74037.44106208932,267.7733564211746,267.71051030250123,1.0,20
20_356,2021,1.5453110388713451,0.2370119273185649,2021-22,0.5698521363182231,459776797,0.3219447065746556,0.4301478636817769,0.2479074297435675,10.252471441992428,28352.52702853458,35.0,14562.0,384.0369737568514,382.03326877903214,1.0,20
20_357,2021,3.4280865688043893,0.5638969100709113,2021-22,0.5880739859702904,741775012,0.2729283390851133,0.4119260140297096,0.3151456468851771,9.569059149211045,14314.941762100896,31.0,113780.0,192.7509345728185,188.6024153964192,1.0,20
20_358,2021,1.5965261161476232,0.23215427999672114,2021-22,0.1364247893479392,368551106,0.0414682029211776,0.8748389027863923,0.0954904962352765,9.365510841883044,11678.570286160282,3.0,26858.0,456.35104414491303,455.61592787425593,1.0,20
20_359,2021,2.2359179263661413,0.2951625508676692,2021-22,0.1801908870650365,228496572,0.0086310835332794,0.8198091129349634,0.1715598035317571,,,,15124.0,412.9444624664155,411.37015035273953,1.0,20
20_360,2021,2.0450996939057755,0.3007081248920237,2021-22,0.6763130912757062,314076091,0.1341442860736572,0.3236869087242938,0.542168805202049,9.029156516751156,8342.819574973839,27.0,45312.0,333.65829092146555,333.66027705975483,1.0,20
20_361,2021,2.0704040478117975,0.2214243643396001,2021-22,0.179012713031505,75767373,0.0840081257667465,0.8801383023234719,0.0950045872647584,10.021270588192513,22500.0,2.0,30495.0,304.16071001035186,303.32736313063407,1.0,20
20_362,2021,3.1745570462539465,0.45135565370409175,2021-22,0.5001428695211653,222139752,0.1063343673850864,0.6629903898159244,0.3938085021360787,9.450405072215574,12713.314031066146,6.0,36808.0,219.27453114797325,224.17028772570953,1.0,20
20_363,2021,4.481310098939376,0.7188725486482939,2021-22,0.5048074605587025,42652248,0.3120523213688526,0.7824948147537816,0.1927551391898499,9.814893898766517,18304.347863265768,4.0,21955.0,210.53822437462657,213.52818448880313,1.0,20
20_364,2021,2.9364124645520224,0.45625493401593376,2021-22,0.2791063534379114,348745078,0.1305913169045499,0.818333886249661,0.1485150365333614,10.05018194558874,23160.000321965876,4.0,114784.0,312.0818289395872,310.1605791961991,1.0,20
20_365,2021,3.246601603371131,0.5079570887674686,2021-22,0.704485257795006,591850507,0.2203644424689155,0.295514742204994,0.4841208153260904,9.634883470758892,15288.917075720368,66.0,10858.0,314.529810654195,311.5487367037796,1.0,20
20_366,2021,2.7780020207360088,0.3910685470467853,2021-22,0.7760113730794398,529889203,0.157881901586887,0.2239886269205602,0.6181294714925527,9.580379193278992,14477.908186981367,59.0,22126.0,368.68948936696864,368.68948936696864,1.0,20
20_367,2021,3.7630832076733003,0.6094707127824028,2021-22,0.5985344996460726,244284622,0.0909533142859889,0.4897812980682794,0.5075811853600838,9.5514351645747,14064.865590589923,6.0,12686.0,321.98409392534677,321.98409392534677,1.0,20
20_368,2021,1.4886757264995951,0.2556342949378061,2021-22,0.2534182476308095,101738972,0.0744160752872557,0.8282045987058667,0.1790021723435538,9.603804054923764,14821.054570531118,10.0,43603.0,253.99454532325183,253.99454532325183,1.0,20
20_369,2021,6.031577248870127,1.0399893824590498,2021-22,0.5059070049140166,360129631,0.0834360613886836,0.4940929950859832,0.422470943525333,10.417080841091757,33425.71661032161,7.0,37433.0,,,,20
21_370,2021,1.3812836751571234,0.20617690868448713,2021-22,0.5240871100040655,19244816,0.1144086802388757,0.4759128899959345,0.4096784297651897,,,,141299.0,347.11752218422566,252.1438542166224,1.0,21
21_371,2021,1.3946724146917233,0.20305539272296771,2021-22,0.4731361361939463,198849132,0.2871003480166059,0.5501020923958183,0.1860357881773404,9.45437529002215,12763.888987175696,4.0,58205.0,315.4893654394358,315.4893654394358,1.0,21
21_372,2021,0.9917351497502617,0.15702714254282843,2021-22,0.098859979346676,514893391,0.0084475525924938,0.901140020653324,0.0904124267541822,,,,126224.0,267.89197846408905,267.89197846408905,1.0,21
21_373,2021,0.5982244316614449,0.08021302476224351,2021-22,0.6953078373515432,282127411,0.5214951871514534,0.3046921626484567,0.1738126502000899,9.732439626143108,16855.623620831648,35.0,40806.0,222.71225857325382,222.71225857325382,1.0,21
21_374,2021,2.384464956591016,0.40348333565489425,2021-22,0.1799686477544567,225084994,0.0413179121127906,0.8618381761976746,0.1386507356416661,,,,169597.0,287.1322750318957,287.1322750318957,1.0,21
21_375,2021,4.02821820245676,0.6079796894137762,2021-22,0.4205278266297761,259855741,0.2007507234562118,0.6409494506546016,0.2197771031735642,9.256921072867195,10476.826245783408,9.0,136451.0,161.5265128932558,161.5265128932558,1.0,21
21_376,2021,4.6707199461881865,1.1328239866429064,2021-22,0.1282766232755095,109006619,0.1675675503034812,0.8717233767244905,0.1128748154274925,8.779557455883728,6500.0,1.0,326095.2193784278,172.7249788479643,172.7249788479643,1.0,21
21_377,2021,3.473582256778686,0.38408175207825784,2021-22,0.7240918862116867,228652761,0.156944463924492,0.2759081137883133,0.5671474222871947,9.87886942010226,19513.64844741888,12.0,168227.0,131.35472086345192,131.35472086345192,1.0,21
21_378,2021,0.7428605620655837,0.09938535181658185,2021-22,0.5897874619692897,412999451,0.2384695373360193,0.4102125380307103,0.3513179246332703,9.749262726750924,17141.586116413673,11.0,80903.0,72.78660717890564,72.78660717890564,1.0,21
21_379,2021,1.073705798935058,0.16509963744866146,2021-22,0.731118963872127,371126084,0.3245739984150507,0.2688810361278729,0.4065449654570763,9.26282242613159,10538.836490766484,24.0,78948.0,25.711095318517717,25.711095318517717,1.0,21
21_380,2021,1.3158808579753092,0.16761193910392688,2021-22,0.6919544222620784,480746632,0.4946155795429472,0.3080455777379216,0.1973388427191311,9.885305173922603,19639.638470485406,47.0,87830.0,29.059713091870787,29.059713091870787,1.0,21
21_381,2021,1.1019877581354256,0.16370032802981246,2021-22,0.4344504150162266,447568524,0.125257125990388,0.5655495849837734,0.3091932890258386,9.813745462832324,18283.33855865696,12.0,234544.0,93.68365624314218,93.68365624314218,1.0,21
21_382,2021,1.4086632716612564,0.2411668323004643,2021-22,0.5722684604922694,385816770,0.4220825393359651,0.4277315395077306,0.1501859211563043,9.822350178775052,18441.340298599735,2.0,107124.70441408303,74.94696569829884,74.94696569829884,1.0,21
21_383,2021,1.8248950733788252,0.2642510958210615,2021-22,0.6792002572246136,200130148,0.3363571189684025,0.3207997427753863,0.3428431382562111,9.295023516847904,10883.721557588551,12.0,72324.0,123.89440663288055,123.89440663288055,1.0,21
21_384,2021,1.3930182420782493,0.20952899707766073,2021-22,0.5552833668798831,345001699,0.0632491262021292,0.4447166331201169,0.4920342406777538,9.906786431442516,20066.086523914848,9.0,92310.0,188.592067586993,188.592067586993,1.0,21
21_385,2021,3.416779329110519,0.5221434286257842,2021-22,0.6910343733581625,312146458,0.1380670223719149,0.3089656266418374,0.5529673509862476,9.870604333864778,19353.03113250769,17.0,69921.0,165.50620081427007,165.50620081427007,1.0,21
21_386,2021,0.9064710965857551,0.14430186425566613,2021-22,0.5745654493724928,804802888,0.1890164874756264,0.4254345506275072,0.3855489618968663,8.996291120717858,8073.086230779844,52.0,197576.0,115.37280368743421,115.37280368743421,1.0,21
21_387,2021,1.028762102017364,0.15208228438153593,2021-22,0.3024735140132952,326170499,0.0536734715545197,0.6975264859867047,0.2488000424587755,9.104979856318357,9000.0,1.0,126239.0,103.06020745176511,103.06020745176511,1.0,21
21_388,2021,1.887638899312314,0.307552307897606,2021-22,0.6106901010157333,135008771,0.4468467311653403,0.3893098989842667,0.1638433698503929,9.92380445736557,20410.493959851156,10.0,269474.0,212.98197436406917,212.98197436406917,1.0,21
21_389,2021,0.9794235166868602,0.14855172703715405,2021-22,0.5709169125992948,253188243,0.3664918319291785,0.4290830874007053,0.2044250806701162,9.15008122820392,9415.205127900326,4.0,42431.0,189.39590693842428,179.0893513658311,1.0,21
21_390,2021,3.585772776805273,0.536002489688392,2021-22,0.46917671838056,100034433,0.2355300499379048,0.5308232816194399,0.2336466684426551,10.056096686512806,23297.391640154652,10.0,58940.0,263.80357882407196,263.80357882407196,1.0,21
21_391,2021,1.3949830937603354,0.20861682067329304,2021-22,0.7696898883868565,262097537,0.1522647273102761,0.2303101116131434,0.6174251610765804,9.608990038260208,14898.11595939164,14.0,27058.0,,,,21
21_392,2021,1.1306594218076864,0.17813130494739488,2021-22,0.3167240444713465,292897810,0.070792519752879,0.6832759555286535,0.2459315247184675,9.59573528706428,14701.948089244566,10.0,64261.0,292.69036026638935,292.69036026638935,1.0,21
21_393,2021,0.9458895834346664,0.15364670730964297,2021-22,0.8532198252216354,107971373,0.3544492112738068,0.1467801747783646,0.4987706139478285,9.80380756883687,18102.540541931823,8.0,167042.0,316.32641729338667,228.30824946956045,1.0,21
21_394,2021,1.6477426680940337,0.24401795292622258,2021-22,0.2105501949298754,144005889,0.0160534823683495,0.7894498050701246,0.1944967125615258,,,,34607.0,309.84279784843017,169.09332665821225,1.0,21
21_395,2021,1.494175909913918,0.2198062354237932,2021-22,0.4971417265226927,216998480,0.2498619437334307,0.6881051473555616,0.2472797827892619,9.505933324114212,13439.2300449538,13.0,87379.22554323121,237.91662144607787,234.92271321137062,1.0,21
21_396,2021,1.3664416370858519,0.19740498867479378,2021-22,0.1273752537252717,237017679,0.0591645486495545,0.910693117241138,0.0682107050757171,10.043249494911286,23000.0,1.0,54064.0,185.21352628122295,179.39926251503496,1.0,21
21_397,2021,2.0184441248648968,0.31469232489337906,2021-22,0.3684876781471578,224153099,0.0741142312390454,0.6646366924495251,0.2980671750605598,9.243130194799171,10333.333333333334,3.0,63686.0,226.49252440570268,187.3645408798201,1.0,21
21_398,2021,1.5228933601369,0.22819363162014322,2021-22,0.0169516583813429,173526916,0.0063940858604321,0.9830483416186572,0.0105575725209108,,,,89222.0,133.65184028610255,133.65184028610255,1.0,21
21_399,2021,0.9854708645848548,0.1401186649585623,2021-22,0.3564016838197978,66471246,0.424961855165013,0.6435983161802021,0.229409299774522,10.224919337606126,27582.01855088281,8.0,21142.0,145.83369263002882,141.8511728464762,1.0,21
22_400,2021,1.6512845793719273,0.2928471523347794,2021-22,0.7344145821111229,502462225,0.1539656558261668,0.2655854178888771,0.580448926284956,9.551241920779912,14062.14790518641,32.0,18349.75138121547,559.9947189757535,327.9021859440546,0.0,22
22_401,2021,1.814781155499413,0.22515316734031465,2021-22,0.0914239167603331,144865933,,0.9372541680419336,0.0914239167603331,9.425623206747254,12402.126226182178,3.0,56981.0,476.7814229116026,369.2460114433162,0.0,22
22_402,2021,1.5546011359457725,0.271037113979443,2021-22,0.1454421205741008,323144869,0.0615072244888406,0.8545578794258992,0.0839348960852601,9.424024526378416,12382.315030556709,9.0,32687.0,387.97426735343606,374.0512103948532,0.0,22
22_403,2021,0.9340922332100114,0.13616154569296895,2021-22,0.1236518230029131,244001530,0.0132112010678297,0.8763481769970869,0.1110331808165301,8.411832675758411,4500.0,1.0,132916.98984771574,387.608576099068,283.4088737988432,0.0,22
22_404,2021,1.326789693123117,0.25608281915152614,2021-22,0.6309455366480101,457674603,0.3435756976010312,0.3690544633519898,0.287369839046979,9.447249443906776,12673.25877040748,46.0,123930.0,472.54672283234004,261.31526248103455,0.0,22
22_405,2021,0.9981554695347493,0.20254004377323861,2021-22,0.548492628230628,258623392,0.1960226049467327,0.4515073717693719,0.3524700232838954,9.73497522264099,16898.416911385713,30.0,58340.0,,,,22
22_406,2021,1.4145325823690982,0.21916635077816865,2021-22,0.0889935667157764,675483602,0.029229033749364,0.9110064332842236,0.0597645329664124,7.7406644019172415,2300.0,1.0,108700.0,522.2038833334123,206.95532648742622,0.0,22
22_407,2021,1.2535598280518072,0.16502869415536703,2021-22,0.2697874751942883,466505967,0.0974315104526841,0.7302125248057116,0.1723559647416042,9.365979811883232,11684.048469721043,19.0,6505.452444653515,521.5266628034781,153.72932438514928,0.0,22
22_408,2021,1.4212342254318144,0.22281669607934113,2021-22,0.0712696008369414,113498980,,0.9287303991630586,0.0712696008369414,,,,33867.36611053694,441.2496546432947,38.962838891723806,0.0,22
22_409,2021,3.1954664515293576,0.37572012021268625,2021-22,0.4245304675178879,360263627,0.2169697608690316,0.5754695324821121,0.2075607066488563,9.745151318993992,17071.25474583135,5.0,209702.0,427.3546267374403,67.49736467193237,0.0,22
22_410,2021,1.498356978438041,0.24609824657052495,2021-22,0.520470459804536,96806570,0.0839322269139377,0.479529540195464,0.4365382328905982,9.611113700789428,14929.788148627997,11.0,237701.37873708562,383.7916251310067,131.7250374746967,0.0,22
22_411,2021,1.0328658405798354,0.24296752433551236,2021-22,0.2348068922034697,442546192,0.0478319040648303,0.8466958632502503,0.1869749881386393,9.666159429648689,15774.64888773206,4.0,44847.59935198455,388.44540363884283,178.86113860788456,0.0,22
22_412,2021,1.4838995104849546,0.2050652796188069,2021-22,0.6137470617374774,143466163,0.3126159790026586,0.3862529382625225,0.3011310827348188,9.44213283681114,12608.58029294137,8.0,45830.0,344.8356978194694,89.90265541584138,0.0,22
22_413,2021,1.023411980428307,0.35666653177353336,2021-22,0.0127077166743199,38170744,,0.98729228332568,0.0127077166743199,,,,32970.0,344.7668687287167,62.931359801945604,0.0,22
22_414,2021,0.7500194424809252,0.12666018445184274,2021-22,0.0842866467294213,268912442,0.0402740197495212,0.9157133532705788,0.0440126269799,9.220950537805384,10106.666532421694,8.0,87216.08756755521,241.63620112786197,162.99428818183387,0.0,22
22_415,2021,9.908801739044822,0.3007360324199557,2021-22,0.1480340260997419,227286232,0.3506044319131384,0.8519659739002581,0.1144290561339412,9.07680897935166,8750.0,1.0,5905.0,304.92975306049254,120.05829979313548,0.0,22
22_416,2021,0.47633492693330004,0.1009169892725788,2021-22,0.2952379555577458,259572252,0.1787582942417127,0.830867754789559,0.1164796613160331,8.573737186280079,5290.8658398030675,7.0,15492.9324023002,211.34592669211037,188.16796215340906,0.0,22
22_417,2021,0.5600470373538907,0.10346069622995406,2021-22,0.0571641149958297,329224217,0.0341266177269092,0.9428358850041704,0.0230374972689205,8.569150691425438,5266.65487502658,3.0,4933.0,283.98022547874996,202.93864997134028,0.0,22
23_418,2021,2.101465948341034,0.42430033753556895,2021-22,0.455124046115127,369873252,0.2532770874710345,0.544875953884873,0.2018469586440925,9.341118011918688,11397.143261907884,23.0,13741.0,738.4858975303474,173.94966070554008,1.0,23
23_419,2021,1.0301731246416128,0.15516776210092495,2021-22,0.4533391164446592,184581149,0.2363880452385741,0.5466608835553407,0.2169510712060851,10.84248282225648,51148.2123835817,6.0,53538.0,844.3961268555114,210.42318125564657,1.0,23
23_420,2021,3.52527993157506,0.5966676777616223,2021-22,0.2138969317000806,275897866,0.0437349087723643,0.7861030682999194,0.1701620229277163,,,,51875.013935701325,921.6169866188627,264.016642773145,1.0,23
23_421,2021,1.111211960012486,0.18804834932864364,2021-22,0.198023960184988,180887752,0.0133838414886155,0.8325077110364294,0.1846401186963725,9.581903928408666,14500.0,1.0,140800.0,859.4488765673054,257.4300322221346,1.0,23
23_422,2021,1.5570526023161684,0.20740614876900132,2021-22,0.3578035173265401,492663044,0.1531191306486548,0.6421964826734599,0.2046843866778852,9.191484831686733,9813.211133678884,10.0,28778.0,885.8153004829348,295.84290173331027,1.0,23
23_423,2021,1.1660047066339436,0.17271895108341345,2021-22,0.3045254713703492,221000006,0.1169648113041227,0.6954745286296508,0.1875606600662264,,,,44119.67458432304,798.6214323727054,260.5423389840508,1.0,23
23_424,2021,2.514750690251649,0.4008078968850076,2021-22,0.2431637891891531,420476903,0.1158800177901804,0.7568362108108468,0.1272837713989726,8.994778320471625,8060.882497175073,16.0,47861.0,894.7865112043021,374.3657342930625,1.0,23
23_425,2021,1.9621367338968994,0.27398175288716836,2021-22,0.560361546003698,818216982,0.0374248905530538,0.4396384539963019,0.5229366554506443,8.972719588040237,7885.016468968024,39.0,87107.0,852.7986356669454,400.7541369747435,1.0,23
23_426,2021,2.724053447354507,0.40836048754740667,2021-22,0.3822336889868366,187776303,0.1757038373473568,0.6177663110131634,0.2065298516394797,9.833647410197036,18650.857642301893,10.0,38663.0,786.6614942509561,372.59797968143675,1.0,23
23_428,2021,1.1024488712100429,0.15972548596209377,2021-22,0.3951295643293733,527854544,0.1591912297718138,0.6048704356706267,0.2359383345575594,9.30653608793054,11009.745211882248,21.0,117764.0,765.8002765252564,293.01132086523114,1.0,23
23_429,2021,1.8192201331831102,0.27775108273123905,2021-22,0.1098006047337506,554582574,,0.8901993952662494,0.1098006047337506,,,,130675.0,741.4323444243237,407.6526582567796,1.0,23
23_430,2021,2.3728179679661494,0.35448826549345,2021-22,0.5400120757657205,272365337,0.1205980407117665,0.4599879242342795,0.419414035053954,9.572677252272708,14366.828505908545,16.0,85297.0,699.178501920875,445.2502339368597,1.0,23
23_431,2021,1.791845878072221,0.2364095764939994,2021-22,0.0670160313244868,307016554,0.0600000105452012,0.9329839686755133,0.0673331343526277,9.371608519572304,11750.0,2.0,20820.0,671.4237285638956,311.168270286054,1.0,23
23_432,2021,1.7823667979912141,0.23726577599766036,2021-22,0.2683353459191987,438903841,0.0388046000262731,0.7316646540808013,0.2295307458929255,8.96351861836532,7812.799414492579,12.0,36403.0,521.9603520817745,216.88801818771822,1.0,23
23_433,2021,1.2436746125715223,0.19525252156283332,2021-22,0.7955579996365726,711525786,0.1856292443630426,0.2044420003634274,0.6099287552735299,9.26941067116844,10608.49815003974,41.0,64023.431012817295,535.2350107629783,168.2217427922334,1.0,23
23_434,2021,1.574083746573134,0.21024089129692358,2021-22,0.6094458541156894,501820708,0.2302443943784002,0.3905541458843105,0.3792014597372893,9.419512764361688,12326.574809782069,34.0,71847.74300137418,491.67405387856905,114.68557071139026,1.0,23
23_435,2021,2.1479851277397133,0.5093496288092747,2021-22,0.0436789880615264,207200107,0.0085821142939853,0.9755809234074276,0.035096873767541,9.532423871145296,13800.0,1.0,146569.86819618678,548.2717565875937,69.14404460541583,1.0,23
23_436,2021,2.863237573052902,0.4335829708859645,2021-22,0.4922164716157619,169324943,0.1782346975306526,0.5077835283842381,0.3139817740851092,9.866382219027937,19271.492666136655,5.0,54713.0,611.174060528475,105.50236527847778,1.0,23
23_437,2021,3.197983197997367,0.5668050209540432,2021-22,0.1454255441983022,185789444,,0.8545744558016978,0.1454255441983022,9.272305699150298,10639.254547864495,5.0,94983.07495741057,547.0228709673953,60.428163771743726,1.0,23
23_438,2021,3.211537142718597,0.41458674871145185,2021-22,0.3385868400762868,343564484,0.1705645220301642,0.6614131599237132,0.1680223180461226,9.320113595939796,11160.249540440016,6.0,89930.0,444.61298261497285,69.92679912996181,1.0,23
23_439,2021,2.2587085032588488,0.3686265626042009,2021-22,0.8846780332854413,961102114,0.3018290281275981,0.1153219667145586,0.5828490051578432,9.696175480513467,16255.319377727654,70.0,266576.0,501.6558547642343,7.633678006840862,1.0,23
23_440,2021,1.042637969461128,0.1431153430033307,2021-22,0.3146957761832616,195287521,0.2008863638552716,0.6853042238167383,0.1138094123279899,10.088792278587771,24071.70296004205,18.0,72070.0,434.28991555693176,75.67581466678692,1.0,23
23_441,2021,1.6333240614572193,0.28730266439784086,2021-22,0.2696218408307544,243858453,0.1542055013364658,0.7303781591692456,0.1154163394942885,8.903631925882676,7358.651139833049,13.0,38633.0,375.1360321363367,118.64549101237344,1.0,23
23_442,2021,1.646275800724226,0.231825264991638,2021-22,0.3663340125595506,511816718,0.0976612413039622,0.6336659874404493,0.2686727712555884,9.154446615723105,9456.395988477398,23.0,47912.62264489503,658.7277347861284,152.0261146028155,1.0,23
23_443,2021,1.444678580168511,0.20206773047172147,2021-22,0.377321085868637,120796048,0.1520930635081704,0.8877022617437649,0.2252280223604666,9.071876529874316,8706.947331914196,9.0,57680.0,730.9119221230544,233.9145253490377,1.0,23
23_444,2021,1.5798042559046674,0.22645915563954283,2021-22,0.2266445798827201,517576485,0.0809013879368959,0.7733554201172799,0.1457431919458242,9.150425863525047,9418.450499345749,14.0,146168.39309791333,669.4855426883298,175.11452479893916,1.0,23
23_445,2021,1.9418872686939845,0.23431410786605122,2021-22,0.3563633811029467,697440296,0.1642792991129379,0.6436366188970533,0.1920840819900088,9.349497921259706,11493.051579446392,32.0,45857.17836555685,612.9350828702079,131.29836239514245,1.0,23
23_446,2021,3.5715182611661778,0.5995051724320685,2021-22,0.392748107411376,168719708,0.0362055866052115,0.607251892588624,0.3565425208061645,9.00053228311601,8107.3982104457455,9.0,43236.81589401015,702.7597741711535,233.64902371049206,1.0,23
23_447,2021,1.2928433844578122,0.17061981450940897,2021-22,0.1088037187393359,462103268,0.0446123289480826,0.891196281260664,0.0641913897912533,,,,68175.13113481361,597.1933572982515,147.1320368000022,1.0,23
23_448,2021,2.0479419643190635,0.30549168120533376,2021-22,0.4389428131743581,418383950,0.1652609953130372,0.5610571868256419,0.2736818178613209,9.436305135444885,12535.314943982412,25.0,25070.0,557.2782307082638,138.01634476863086,1.0,23
23_449,2021,2.105908374081841,0.3072786847567169,2021-22,0.5213780712837878,292481764,0.1476939909320295,0.4786219287162122,0.3736840803517582,9.20722600732268,9968.904799495052,17.0,55443.0,650.127252326072,192.3787479377993,1.0,23
23_450,2021,2.1437624136694597,0.30690539041150977,2021-22,0.1935396712969402,571724036,0.0501117553154613,0.8064603287030598,0.1434279159814788,9.466962612125966,12925.567584747196,17.0,49702.0,720.1822737058008,312.8295465792877,1.0,23
23_451,2021,1.1678458094141633,0.2065370976432241,2021-22,0.1960269419253574,437553584,0.0926343343584634,0.8039730580746426,0.103392607566894,9.673797295027676,15895.59482877734,4.0,237664.21021574773,688.8165466577572,243.85493381192234,1.0,23
23_452,2021,2.4691882882576937,0.35380314211163666,2021-22,0.3465603080821642,258041293,0.022338172828796,0.6534396919178358,0.3242221352533681,9.28538804257644,10779.355354938714,6.0,51326.0,711.1419775164692,194.34549704923728,1.0,23
23_453,2021,1.463725789990153,0.16077437559123103,2021-22,0.5241038696235126,544922857,0.2390339666005237,0.4758961303764874,0.2850699030229888,11.18642303233184,72144.2620037465,21.0,16281.0,607.9655114802829,238.07700301467898,1.0,23
23_454,2021,2.1956937542107267,0.3195553299388909,2021-22,0.4556188303805958,205013254,0.064102865271335,0.5443811696194042,0.3915159651092607,9.243789842974724,10340.151946509624,3.0,36307.0,606.428347965178,215.3392831585278,1.0,23
23_455,2021,2.121510743918592,0.327681341437431,2021-22,0.4304944284637318,371597599,0.0380608863944785,0.5695055715362682,0.3924335420692532,8.633895871093802,5618.926279100248,7.0,84231.0,659.2134296008163,108.55189208202844,1.0,23
23_456,2021,1.8034701627942025,0.27484878307670857,2021-22,0.2068143949700843,482744956,0.0382127514140199,0.7931856050299156,0.1686016435560644,8.662158961666423,5780.0,1.0,56919.0,620.8235170369253,140.95618568229648,1.0,23
23_457,2021,2.198201312933192,0.31688340286537,2021-22,0.7156373623421342,700816836,0.3635283941723112,0.2843626376578658,0.3521089681698229,9.35015045163262,11500.553592058792,63.0,85177.0,543.2453084385568,141.49993451201777,1.0,23
23_458,2021,1.7313323257604056,0.4090552323127079,2021-22,0.4641089337370288,485169732,0.1313632030120131,0.5358910662629712,0.3327457307250156,9.41827042023212,12311.270470525878,30.0,46760.0,717.6976237077965,240.3168370524989,1.0,23
23_459,2021,1.1645929239876855,0.18393372251621587,2021-22,0.197725658618785,437663496,0.0829045450023092,0.8022743413812149,0.1148211136164757,9.391378727137518,11984.611455822644,19.0,28245.491577335375,784.5036474828918,287.82624168053934,1.0,23
23_460,2021,2.2769042225312925,0.32930935503273995,2021-22,0.2984691576132547,334232645,0.0778149333677444,0.7015308423867453,0.2206542242455101,9.530651578340551,13775.564019546868,5.0,35847.0,632.5998642099526,322.56524493900406,1.0,23
23_461,2021,1.6472383329579603,0.26934534370190333,2021-22,0.2932904258252656,444225285,0.1293601376157595,0.7067095741747343,0.1639302882095061,9.064127078907166,8639.734039915855,20.0,31908.0,581.9987581823731,266.74946825230745,1.0,23
23_462,2021,2.4728092638334394,0.31463313647971664,2021-22,0.2887716529194513,244125683,0.069529800352878,0.7112283470805487,0.2192418525665732,9.553702931541796,14096.797621690655,7.0,33205.80800385728,642.366165053574,392.7255257492918,1.0,23
23_463,2021,2.181002446284236,0.29496526051976435,2021-22,0.3528945583916514,228758764,0.0509897360697402,0.6471054416083486,0.3019048223219111,,,,26834.0,598.953771220345,409.9659055968412,1.0,23
23_464,2021,0.851337776680401,0.1332511100990442,2021-22,0.2929390198979949,403874513,0.0620120735373068,0.7070609801020051,0.230926946360688,9.085901358699347,8829.921105197307,6.0,20060.0,447.9841575540325,116.0120666242533,1.0,23
23_465,2021,1.7050446842431575,0.25480827969614595,2021-22,0.4901687341862097,197743153,,0.5098312658137902,0.4901687341862097,9.045687869969932,8481.88396648571,6.0,13343.0,393.7500240586371,147.13216070833815,1.0,23
23_466,2021,1.305499931835513,0.1872329282335929,2021-22,0.4846723951758847,294461369,0.318084709441122,0.5153276048241153,0.1665876857347627,10.357717557963184,31499.204104262903,6.0,48001.0,493.77666074651256,108.58061593535511,1.0,23
23_467,2021,0.5481561734025517,0.08837327631030077,2021-22,0.1044461344724226,335907654,0.0464722694291449,0.8955538655275774,0.0579738650432776,9.013201124897265,8210.762928767033,7.0,47272.0,439.7220273974452,147.6448681441295,1.0,23
24_468,2021,0.9839535207202462,0.26764354728870854,2021-22,0.8427786754679059,212851845,0.0925288881854334,0.1572213245320941,0.781364014016416,9.654707203074633,15595.024547059696,10.0,128778.0,72.8027733217326,72.8027733217326,1.0,24
24_469,2021,1.9038623579839593,0.28409373640252195,2021-22,0.5131138079080928,732348458,0.3263906524126251,0.4868861920919071,0.1867231554954677,9.535490940867994,13842.390536308118,16.0,114716.0,228.53376889362778,228.53376889362778,1.0,24
24_470,2021,1.017384607933961,0.1479225895195451,2021-22,0.1038414462280937,614281747,,0.8961585537719062,0.1038414462280937,8.12415060330663,3375.0,8.0,73744.31328320802,174.74716450192736,174.74716450192736,1.0,24
24_471,2021,2.758657070198559,0.6004707131506298,2021-22,0.1900240010912046,358158299,0.0307459858692259,0.8099759989087953,0.1592780152219787,9.817750762091674,18356.71565155681,6.0,148948.0,234.31024789815916,206.97870745263376,1.0,24
24_472,2021,0.5605712363790993,0.0865220437765991,2021-22,0.5834737459840655,57306090,,0.9784615403534834,0.5834737459840655,9.74410096702467,17053.333333333332,3.0,105759.0,303.7519709709147,220.90668934557783,1.0,24
24_473,2021,2.082649794876949,0.41850069126505146,2021-22,0.6742486166566348,260867807,0.0309603783344565,0.3257513833433652,0.6432882383221783,9.67128301622838,15855.679072394803,11.0,88293.90021196804,249.8940956930157,168.920879824263,1.0,24
24_474,2021,2.93551541475323,0.5201535208386701,2021-22,0.7835922548759142,406399170,0.0919846514450312,0.2164077451240857,0.691607603430883,9.74741569267295,17109.9542442718,29.0,556289.9502647419,201.46757510655982,114.94871522851703,1.0,24
24_475,2021,1.9445735063448506,0.27622822622728893,2021-22,0.3600476527987802,47460801,0.1221345590016485,0.6399523472012199,0.2379130937971316,,,,84993.0,134.7388509000252,134.7388509000252,1.0,24
24_476,2021,3.453729791850154,0.5421849344714658,2021-22,0.7048420977159776,982060747,0.1797715401407852,0.2951579022840223,0.5250705575751925,9.543402007545016,13952.332918172478,47.0,301943.0,98.11767419220972,75.88884002562182,1.0,24
24_477,2021,1.4117063163553367,0.28032096608813156,2021-22,0.6746798936128784,1057112537,0.2119102112209648,0.3253201063871215,0.4627696823919136,9.976996943913138,21525.572887258902,40.0,126371.60621803718,87.25059775621835,27.885090381182884,1.0,24
24_478,2021,1.5443091389173509,0.641298045156141,2021-22,0.1934849130997379,468470221,0.0176466584841899,0.8065150869002621,0.1758382546155479,9.059605750192166,8600.75913787815,4.0,42010.0,153.282175914867,93.19424072357646,1.0,24
24_479,2021,0.9643753466917955,0.14457008260663484,2021-22,0.3915967306744413,487531869,0.0749224929129709,0.6084032693255587,0.3166742377614703,9.841926393549208,18805.908729290863,6.0,155212.0,196.56655427570837,144.79547816622912,1.0,24
24_480,2021,5.191829888141115,0.778189242305289,2021-22,0.4352146840288982,1098287242,0.2636771301036382,0.5647853159711018,0.1715375539252599,9.439321717773437,12573.185845152824,40.0,101305.0,202.86747477645366,140.48889277240482,1.0,24
24_481,2021,5.708989474395838,0.9346785243375698,2021-22,0.6460832769979452,653434746,0.4227293646242681,0.3539167230020547,0.2233539123736771,8.37385939231958,4332.323977262805,2.0,206968.0,219.03106171421706,72.58472707029456,1.0,24
24_482,2021,1.518297632833379,0.23443799880787197,2021-22,0.3466344294523659,298438938,0.1284621646790607,0.6533655705476341,0.2181722647733051,9.358024212880975,11591.463637591403,8.0,107732.0,264.67363933048495,83.7923923288193,1.0,24
24_483,2021,0.5789034079811073,0.17673899686984582,2021-22,0.5016496401771356,544142603,0.0970208428984194,0.4983503598228643,0.4046287972787163,9.931265888863967,20563.355034414304,28.0,119454.0,281.67721956214996,135.50834670202957,1.0,24
24_484,2021,1.938256697254404,0.39298500227357447,2021-22,0.1709361094958927,378249512,0.0327527058382563,0.8290638905041072,0.1381834036576364,9.210340371976184,10000.0,1.0,91549.0,346.60958120779344,171.7881839396959,1.0,24
24_485,2021,1.2924760434573739,0.13776955266675112,2021-22,0.8873788891455262,3297835807,0.5862681516454284,0.1126211108544737,0.3011107375000977,9.814405154357976,18295.403901429352,181.0,47156.0,392.29092223444127,170.15801047826758,1.0,24
24_486,2021,3.398141360405059,0.9000632768045886,2021-22,0.933465243117794,2158619250,0.7661962516085224,0.066534756882206,0.1672689915092715,9.982835952338588,21651.62855060527,103.0,297652.66869882913,344.34183864224224,114.44597562782047,1.0,24
24_487,2021,4.425620508313664,0.3337581305237406,2021-22,0.6886466293369295,1202824078,0.1133812778563283,0.3113533706630705,0.5752653514806011,9.418868758421898,12318.63897802298,35.0,24497.0,311.56042536618247,100.80822091750505,1.0,24
24_488,2021,3.9881753379162217,1.5445524483977464,2021-22,0.2754875662444401,606665819,0.1166940608532949,0.72451243375556,0.1587935053911451,9.924271983666998,20420.03863362166,17.0,148824.0,303.6373536660073,38.65601246973148,1.0,24
24_489,2021,1.7309163575810675,0.18548467526432333,2021-22,0.5613600140485573,338426210,0.5037132910007177,0.4386399859514427,0.0576467230478395,11.519403196883314,100649.87577939426,14.0,8673.0,216.42966313308438,99.1491144503402,1.0,24
24_490,2021,3.937430940248446,0.6843502658460447,2021-22,0.7210340486740439,862766079,0.1024304758277359,0.2789659513259561,0.618603572846308,9.232568012729462,10224.765153040764,71.0,103374.0,203.64578836322335,50.35614239637566,1.0,24
24_491,2021,5.352815663521785,1.3407301717197924,2021-22,0.3319399654123656,214380085,0.1446802113172032,0.6680600345876344,0.1872597540951623,,,,140357.0,160.9152420227983,90.7616136734688,1.0,24
24_492,2021,4.790314712706393,0.8156036495899575,2021-22,0.9169160860857662,173255355,0.0326913544472615,0.0830839139142337,0.8912081476500394,9.185366794246493,9753.356822709158,17.0,824466.0,252.43665480655807,25.29180821897655,1.0,24
24_493,2021,2.736024243313364,0.4085860682855731,2021-22,0.591265130958612,484201146,0.3481403098537896,0.5499773203357392,0.2431248211048224,9.367982892243491,11707.47601353225,9.0,39468.0,254.00069121284858,81.51861739803631,1.0,24
25_494,2021,0.42729952985292785,0.06466557876730372,2021-22,0.951336074145993,26032425,0.7196135972734004,0.048663925854007,0.2317224768725925,9.898529256608969,19901.07952261764,11.0,6152.0,258.5567263591695,196.29274564024874,0.0,25
25_495,2021,11.66080211494745,2.2639971966680426,2021-22,0.7094820072855464,18227322,0.433824453202725,0.2905179927144536,0.2756575540828214,10.286479804792236,29333.333333333332,3.0,53693.0,159.75487400063938,86.51210188593433,0.0,25
27_497,2021,0.49411767010346935,0.07691080163859375,2021-22,0.5997131181880107,1782832437,0.2145880095404613,0.4002868818119894,0.3851251086475492,9.884026077713816,19614.53354260766,94.0,53308.0,311.67587806507254,145.97047829609335,1.0,27
27_498,2021,0.7057405641958303,0.11097277105116234,2021-22,0.7668679189820095,1334319887,0.3832663456360521,0.2331320810179905,0.3836015733459573,9.765553588534573,17423.124350340346,71.0,102321.0,290.33723121539043,154.23759068225965,1.0,27
27_499,2021,0.9946795956670446,0.1679450367840374,2021-22,0.5159996578126178,453143535,0.2614509462217088,0.4840003421873822,0.254548711590909,9.412037380543552,12234.772488213392,24.0,208658.0,339.57123897611933,116.1703097662981,1.0,27
27_500,2021,0.8204297785001532,0.12071161464951818,2021-22,0.6391984035813641,859484329,0.2493791309137412,0.3608015964186358,0.389819272667623,9.715714144060488,16576.049711519747,41.0,124569.0,395.3572705611326,129.278200777912,1.0,27
27_501,2021,0.7650099495573177,0.09705628277488983,2021-22,0.3812343719742597,365112097,0.1214130163427589,0.6187656280257403,0.2598213556315007,9.560540012245374,14193.508799018891,7.0,135773.0,466.23371155624966,199.48556963888842,1.0,27
27_502,2021,0.6069601310149444,0.07605253067694905,2021-22,0.3891283111286315,142114571,0.3311349193039467,0.862921157647004,0.198547233812186,,,,54286.0,462.7359698489901,196.76341938302852,1.0,27
27_503,2021,0.9733989287823215,0.14461049350293062,2021-22,0.6198038203859259,460597603,0.2285419926512296,0.3801961796140741,0.3912618277346962,10.030883880326764,22717.34208569197,24.0,172314.3853656538,534.5293544383818,154.5686461438923,1.0,27
27_504,2021,1.006359466772484,0.19380031460570704,2021-22,0.6598032891813372,233640022,0.3777163785749001,0.3401967108186627,0.2820869106064371,9.353040388600876,11533.837538128117,7.0,112245.0,586.5173499564204,63.682176024732954,1.0,27
27_505,2021,1.6459367227969839,0.28678266679591163,2021-22,0.4599580898151051,422334572,0.3791398351352586,0.5400419101848948,0.0808182546798465,9.987874767821294,21761.0024377762,11.0,471334.0,571.3081101711949,3.285574203867141,1.0,27
27_506,2021,1.4713604182325157,0.2078655262148259,2021-22,0.4660142905126492,252711158,0.150570035376119,0.5339857094873508,0.3154442551365302,9.501409303718498,13378.568015719396,8.0,100261.0,518.4682229003405,67.6146691606184,1.0,27
27_507,2021,1.3744520667039846,0.22491688859911446,2021-22,0.2918739960713891,352299079,0.1829719827340224,0.7081260039286109,0.1089020133373666,9.438606925795243,12564.201843998904,27.0,100950.0,488.86718763358874,90.01080889994383,1.0,27
27_508,2021,0.8091283668511393,0.10030234482997274,2021-22,0.425028414168149,348664967,0.12058558782592,0.7173616649858535,0.3044428263422289,9.729136713883856,16800.04281472864,12.0,60122.0,,,,27
27_509,2021,1.1973780447840983,0.13920428363063478,2021-22,0.5733913659462627,384772611,0.2979811782912999,0.4266086340537373,0.2754101876549628,9.76102723345857,17344.43931554149,13.0,144019.0,472.6345392857073,117.60898396221675,1.0,27
27_510,2021,0.8149610240472108,0.07786810351510168,2021-22,0.5662142692063261,985407757,0.4907287806138104,0.4337857307936739,0.0754854885925157,9.5731699038409,14373.908090242909,54.0,160581.13958728654,552.5899914059488,149.41796617874758,1.0,27
27_511,2021,0.6487628341557583,0.1171441890321428,2021-22,0.565136130613437,1011877024,0.3706713415799428,0.4348638693865629,0.1944647890334942,9.760904129752916,17342.30428220721,19.0,146177.0,485.0241059056837,249.50536118566367,1.0,27
27_512,2021,1.0956620991930102,0.131826733658121,2021-22,0.2497806243433704,224465425,0.111471452674727,0.7502193756566296,0.1383091716686434,,,,36461.0,437.75554806680714,185.19260311661986,1.0,27
27_514,2021,1.3938099379943683,0.20454519394551274,2021-22,0.3434012844662055,586429909,0.1453693027788594,0.6565987155337946,0.198031981687346,9.59685790191578,14718.461982151886,20.0,149978.0,327.8450090570638,66.09366462510283,1.0,27
27_515,2021,2.5423661963082678,0.5671314415068323,2021-22,0.392305016271138,223096872,0.1672110131602383,0.607694983728862,0.2250940031108997,8.9456259663757,7674.250909896775,22.0,233743.0,267.2933281051117,17.3280251518965,1.0,27
27_516,2021,2.093268133254577,0.36514856972931303,2021-22,0.8142191933767191,3023138828,0.3321188209091402,0.1857808066232809,0.4821003724675789,10.125301261028087,24966.7760256719,109.0,383465.0,183.96357179912962,137.27799530773794,1.0,27
27_517,2021,3.0245530322198086,0.6664161673612595,2021-22,0.3470974307406645,623467035,0.315341084553091,0.6529025692593354,0.0317563461875734,9.854630804486291,19046.350825452428,8.0,1028230.9025899771,73.91903387051401,62.86663341726272,1.0,27
27_520,2021,2.8878329798114053,0.9601453156889287,2021-22,0.7540279209915403,2547294565,0.5076765748919188,0.2459720790084597,0.2463513460996216,9.806597298603627,18153.11224603151,103.0,229338.0,54.92422038374899,54.92422038374899,1.0,27
27_521,2021,3.360935325679407,0.5609854878580193,2021-22,0.6642479194836467,480433979,0.3318918851907433,0.3357520805163533,0.3323560342929033,10.170302636223514,26115.979209504378,10.0,940837.0,123.9660375187954,119.17662332255172,1.0,27
27_522,2021,2.370170619337147,0.39688024641099356,2021-22,0.3942205811976562,366880282,0.0903977145329385,0.6057794188023439,0.3038228666647176,9.185681729593368,9756.428983263912,5.0,316577.0,181.67568953057352,100.46200934436611,1.0,27
27_523,2021,0.8842386197784317,0.12384412827066871,2021-22,0.1724588029968598,217223507,0.0534126216827905,0.8275411970031402,0.1190461813140693,9.809961494525302,18214.285714285714,7.0,140624.0,303.34253623463525,116.45078663051528,1.0,27
27_524,2021,1.0821055532489128,0.1591384179774359,2021-22,0.5061789732934413,156099558,0.3147872782573798,0.4938210267065586,0.1913916950360615,9.370087434961889,11732.140841916227,17.0,150092.0,403.11307150707927,221.88713474548672,1.0,27
27_525,2021,0.8332705432140766,0.1319818946261581,2021-22,0.9302689264384943,3146319249,0.3519507018723388,0.0697310735615055,0.5783182245661556,9.87698725924346,19476.955164261708,109.0,119523.0,332.33320422441494,197.5021570620469,1.0,27
27_526,2021,0.9598562739240257,0.17842162961797733,2021-22,0.6205568356980388,1464427699,0.3475532464645084,0.3794431643019612,0.2730035892335303,9.167731245065704,9582.858850367886,54.0,310773.0,293.04701490845815,227.886281889795,1.0,27
27_527,2021,1.2285281150679213,0.16490504286343094,2021-22,0.4434955705911987,431674990,0.2768090155049288,0.5565044294088013,0.1666865550862699,9.41834121184344,12312.14203604928,19.0,220239.0,189.49884942074942,189.49884942074942,1.0,27
27_528,2021,1.2636610319911665,0.3734612618805928,2021-22,0.4607569738416825,1514061830,0.3442643052430692,0.5392430261583174,0.1164926685986133,9.34968154275693,11495.16214455172,27.0,161039.60583941606,190.61438690425285,190.61438690425285,1.0,27
27_529,2021,1.0533204157912845,0.12326580059962107,2021-22,0.2766613451429562,711151581,0.1412577834091885,0.7233386548570437,0.1354035617337677,9.197974153693352,9877.099291858758,11.0,74544.0,79.96979503794675,318.5604152113884,1.0,27
27_530,2021,2.088640864478216,0.35156337262627735,2021-22,0.3657803352662387,517273975,0.2723815826999609,0.6342196647337612,0.0933987525662778,9.68023397814674,15998.239727634218,17.0,385152.0,122.36451796364415,299.1762960856116,1.0,27
27_531,2021,0.9459461355213133,0.13329620654337831,2021-22,0.2938557118019708,943433627,0.2120016377156333,0.7061442881980292,0.0818540740863374,9.280522652292358,10727.036962033191,22.0,195320.0,212.92019901760355,276.53261825240895,1.0,27
28_532,2021,1.45823522503675,0.20711343475711716,2021-22,0.6031270714265741,294525284,0.1304172955147715,0.396872928573426,0.4727097759118025,10.457760183085687,34813.488216134574,8.0,145997.21215754125,473.73780519395194,205.82071550265306,1.0,28
28_534,2021,1.008444626751763,0.1298892310741458,2021-22,0.5826755249143749,1126171864,0.3379283723607572,0.4173244750856251,0.2447471525536177,9.462892485348426,12873.06580293801,26.0,303455.0,425.4211407708935,282.98487522917355,1.0,28
28_535,2021,3.536169204903565,0.7874155475955215,2021-22,0.5961953309834863,1201743747,0.3799481571173925,0.4038046690165137,0.2162471738660937,9.077994381157302,8760.37841588053,23.0,272955.0,523.6035602573689,365.96796508937086,1.0,28
28_536,2021,0.8591500759412026,0.1439891401023603,2021-22,0.6702884352011237,1279851622,0.1081900843971427,0.3297115647988763,0.562098350803981,9.59789345924466,14733.711687936842,43.0,1128844.0,498.49247559728013,385.13504853607594,1.0,28
28_538,2021,1.5206747418494335,0.23785863110735414,2021-22,0.572515638722471,750515109,0.4919008485943752,0.4274843612775289,0.0806147901280958,9.26909323956156,10605.131211839962,18.0,282458.0,430.4410322501007,322.60100669705923,1.0,28
28_539,2021,1.927427014840186,0.3149096263203076,2021-22,0.5246333824337284,1308153766,0.3938831920161287,0.4753666175662716,0.1307501904175995,9.39171274144837,11988.615156168267,35.0,305243.0271976688,417.6573732509604,311.2196225791132,1.0,28
28_541,2021,0.6459485640833799,0.14919800847069137,2021-22,0.6143383702432595,720113334,0.5406734448830522,0.3856616297567405,0.0736649253602072,9.774051659402144,17571.81820641378,3.0,233161.0,265.19395920850224,176.70339605001337,1.0,28
28_545,2021,0.997247299774166,0.15300885508627224,2021-22,0.7697561109759229,920560328,0.1344293396488839,0.230243889024077,0.635326771327039,9.673217255457596,15886.377428273658,35.0,495531.8316326531,137.75134663099604,32.88257551955727,1.0,28
28_547,2021,1.0638078064465026,0.1571674879785457,2021-22,0.6679898922077799,686359182,0.5711455259587392,0.33201010779222,0.0968443662490407,9.51061937954042,13502.354809388864,14.0,504040.0,282.1487663333613,159.32387565123494,1.0,28
28_548,2021,0.5000590587489812,0.07881376172874834,2021-22,0.558453362862926,718433208,0.1694499845558364,0.441546637137074,0.3890033783070896,10.380672936317774,32230.643365833483,7.0,398604.342665248,341.0491232062589,224.84761524033797,1.0,28
28_552,2021,1.0791707103717163,0.2183121992272178,2021-22,0.7125735055813718,926948998,0.5341810154262662,0.2874264944186282,0.1783924901551056,9.455551933928325,12778.916378582046,34.0,330794.41824357107,357.2354233781174,264.3909913869147,1.0,28
28_553,2021,0.725406603800185,0.18191578137153372,2021-22,0.3744777495531824,675493199,0.054044715852128,0.6255222504468176,0.3204330337010543,10.34344824959894,31052.923875125754,5.0,482626.0,327.6463586738591,228.04752258685613,1.0,28
28_554,2021,1.0083668362336016,0.21967419430638063,2021-22,0.6075472401964406,1385048326,0.0746845594180372,0.3924527598035593,0.5328626807784034,9.645746941246053,15455.913211615918,19.0,412579.0,142.31439748715255,105.61593552751559,1.0,28
29_555,2021,2.0463600704873244,0.30795957712653454,2021-22,0.5264556620815246,193996827,0.2694625824988364,0.689026709082873,0.2569930795826882,9.142238916396195,9341.65692447128,5.0,341973.2119235437,133.39647903986338,352.3294101120863,1.0,29
29_556,2021,1.0007890306323823,0.1452863780491067,2021-22,0.4960472719003545,1121509218,0.4841118425831788,0.5039527280996454,0.0119354293171757,10.14922767241015,25571.345122853334,28.0,136958.0,213.01173555218006,356.70810790076746,1.0,29
29_557,2021,1.0701749026124787,0.152910777531009,2021-22,0.5767874426165859,594699497,0.5353124655493025,0.4232125573834141,0.0414749770672834,9.557765371189738,14154.181491593014,35.0,105077.0,273.6732840051357,342.2066754812153,1.0,29
29_558,2021,1.2238575873066229,0.2165880337530709,2021-22,0.5111039539042136,245275694,0.5111039539042136,0.4888960460957864,,8.987196820661973,8000.0,1.0,89882.0,455.8640044250549,286.44714436889035,1.0,29
29_559,2021,0.8533942934728129,0.147633148594975,2021-22,0.3436066827052835,206989586,0.2947118267099679,0.6563933172947165,0.0488948559953156,10.004262004067623,22120.543017966593,5.0,95545.0,336.4248467561015,349.6194260812389,1.0,29
29_560,2021,1.0052331037654363,0.17948798877588767,2021-22,0.7985680587584287,463026541,0.6744469600501799,0.2014319412415713,0.1241210987082487,9.586470209958504,14566.36248205145,37.0,78314.0,257.83779188888826,281.3971451921689,1.0,29
29_561,2021,0.791089724188711,0.23131907587274922,2021-22,0.9122789863111372,200316495,0.8394198490743361,0.0877210136888627,0.0728591372368012,9.407658156808882,12181.31082786949,6.0,86026.0,198.30552688665932,270.5153705967246,1.0,29
29_562,2021,1.958777102221398,0.2792013639835953,2021-22,0.6695444363888506,329810846,0.1105837374432495,0.3304555636111494,0.5589606989456011,9.513220824282456,13537.526167650116,14.0,148301.0,143.78587688978374,274.42730695819336,1.0,29
29_563,2021,1.5683438411084434,0.21971221582710643,2021-22,0.3952527183896734,241464462,0.3500277900107718,0.7515469221015638,0.0452249283789015,9.501325148860488,13377.442191600085,7.0,102190.0,110.42503506890469,208.3392574067511,1.0,29
29_564,2021,0.9899609305147066,0.2058390738930452,2021-22,0.9607774405143013,2713361963,0.8102959317558621,0.0392225594856988,0.1504815087584391,10.125129014371169,24962.475952314777,137.0,91504.0,187.29297538275196,203.8795200440561,1.0,29
29_565,2021,0.7730538006889773,0.12439788572579397,2021-22,0.4520352050651667,415528275,0.370510057348083,0.5479647949348333,0.0815251477170837,9.322066711640662,11182.06809919199,13.0,177488.0,292.617050979756,236.26013238982023,1.0,29
29_566,2021,0.23888103915460113,0.11886726195702911,2021-22,0.3767354084821193,562717948,0.3625320299895606,0.6232645915178806,0.0142033784925587,9.7733184268071,17558.93869896497,4.0,120203.0,231.4029726080631,135.818937273233,1.0,29
29_567,2021,1.09505348390263,0.13017006234748538,2021-22,0.4432960781683636,831456167,0.3737045912126838,0.5567039218316364,0.0695914869556797,9.731572989065064,16841.022240391023,24.0,106653.0,206.31221295745286,154.9991093076851,1.0,29
29_568,2021,1.1083456510840495,0.17347376810146484,2021-22,0.3577185382277225,216072014,0.2182384017580361,0.6422814617722774,0.1394801364696864,9.811920359010635,18250.0,2.0,180951.0,132.0160695423178,130.92123417054017,1.0,29
29_569,2021,1.0444585173777956,0.14124789992314135,2021-22,0.6365928999683383,132478705,0.3830761630708875,0.3634071000316617,0.2535167368974508,9.639964086969451,15366.791854074956,5.0,160877.0,60.77130924125416,61.05979023574643,1.0,29
29_570,2021,0.9731335404787669,0.13544807651158583,2021-22,0.6092110597492573,263321449,0.4594980677020351,0.3907889402507428,0.1497129920472221,9.286311206505006,10789.311061643146,15.0,116827.0,113.91522877179005,65.52908834455647,1.0,29
29_571,2021,0.9535280778893935,0.3142134956593243,2021-22,0.5626364056479066,467284995,0.4536726778483439,0.4373635943520934,0.1089637277995626,9.907568681417652,20081.78936057033,11.0,223121.0,242.56591956557403,108.48805420673118,1.0,29
29_572,2021,2.9242651787240916,0.45943676457682214,2021-22,0.5139007643136547,444276506,0.5139007643136547,0.4860992356863453,,9.792496144795642,17898.92877016094,17.0,964145.5150305673,289.9867756047284,163.235893906426,1.0,29
29_573,2021,1.2367211298992031,0.29826009000462916,2021-22,1.0,17375731,0.9156390600199784,,0.2963180012064306,,,,116646.0,220.8695366489399,88.45961660533177,1.0,29
29_574,2021,0.6965717915153422,0.08829002291489293,2021-22,0.6120583591163754,749442533,0.5052211388167904,0.3879416408836246,0.1068372202995849,9.82003361939388,18398.66928278328,4.0,150910.0,143.36970700489485,2.4500514373290714,1.0,29
29_575,2021,0.7753873387091317,0.11596187680407173,2021-22,0.4268394620485255,460919417,0.4256847591213542,0.7679538226132995,0.0015471381370276,9.8423603345995,18814.071155954436,18.0,310886.9378717779,52.82608561207873,46.4335207257872,1.0,29
29_576,2021,0.6097941488504879,0.0853456807818465,2021-22,0.5767191146820374,559621493,0.43811630372817,0.4232808853179626,0.1386028109538673,9.98375773598758,21671.5958691373,14.0,35118.0,128.7257492344972,81.68976845021722,1.0,29
29_577,2021,0.7991161546711294,0.18656891721541516,2021-22,0.6747410175590567,907975939,0.4096346412104649,0.3252589824409433,0.2651063763485917,10.214905958857344,27307.20754205449,52.0,374394.0,196.40096315579765,96.24254187057059,1.0,29
29_578,2021,0.8956555440650442,0.2198395886623931,2021-22,0.7314841539299989,490606409,0.6689309698765065,0.2685158460700011,0.0625531840534924,9.321120226791844,11171.489448213824,36.0,47510.0,,,,29
29_579,2021,1.1002745857775031,0.1685634322617435,2021-22,0.3562431137878376,288608411,0.1553792068797329,0.7280933141225083,0.2008639069081046,10.021270588192513,22500.0,3.0,103933.0,382.37439203702286,326.3727218031852,1.0,29
29_580,2021,1.4800347400008023,0.21819170294193535,2021-22,0.1742676209789321,94819278,0.1699000386820072,0.8257323790210679,0.0267053053169371,9.530149296844636,13768.646546048922,5.0,45072.11650485437,355.57394617037147,390.4007763872305,1.0,29
29_581,2021,1.1732921796059006,0.27781427181122453,2021-22,0.1479967336975556,453868564,0.1304721447947648,0.8520032663024444,0.0175245889027908,9.104979856318357,9000.0,1.0,94368.0,222.2573863297476,187.24909593240173,1.0,29
29_582,2021,0.7856652794091955,0.1210492027795256,2021-22,0.2026654656256604,320555250,0.1711312386866226,0.7973345343743395,0.0315342269390378,9.01762227536008,8247.14431161251,8.0,72321.0,268.63061081433057,198.9401020251411,1.0,29
29_583,2021,2.160619521940969,0.4171297064327174,2021-22,0.5633955733754484,274907751,0.5421245325309143,0.4366044266245515,0.021271040844534,9.8653392617767,19251.403800853208,18.0,82104.0,292.0115189341059,162.4995870767339,1.0,29
29_584,2021,2.371343628618081,0.40014792977165464,2021-22,0.529423131315638,569340439,0.2998478279530747,0.4705768686843619,0.2295753033625633,9.769797406994469,17497.22204446019,31.0,81667.0,277.81322749713024,139.9857748534425,1.0,29
30_585,2021,2.6292257076307006,0.5673636045714642,2021-22,0.959665424153005,235146442,0.3983129372631545,0.0403345758469949,0.5613524868898505,10.38463447512752,32358.57955516299,61.0,111189.0,24.7830695167309,304.81309390094873,0.0,30
30_586,2021,1.3386479767183652,0.2038492484080241,2021-22,0.9560312917895504,151505429,0.55219835059508,0.1331860858396027,0.4038329411944703,10.172053332516237,26161.740402775056,23.0,75999.0,40.78063161978387,263.11944282504754,0.0,30
31_587,2021,0.3826640362672905,0.09480989114126469,2021-22,0.660394061643466,2631974,0.2357230732522433,0.3396059383565339,0.4246709883912227,,,,8373.0,302.6181341703414,306.6445474541107,0.0,31
32_588,2021,0.8765258435383941,0.12484777274029278,2021-22,0.7367173836105564,519094435,0.3798240121761274,0.2632826163894436,0.3568933714344289,9.83522490239063,18680.30244300199,74.0,110925.0,64.64670274713392,60.089966142262526,0.0,32
32_589,2021,1.3163852377136025,0.18334880353493893,2021-22,0.7363955759413469,643497436,0.3793280009277301,0.2636044240586531,0.3570675750136167,9.719405098667345,16637.344206580074,58.0,222924.0,129.94050522951346,125.2795242003749,0.0,32
32_590,2021,0.9523417274608935,0.17006086050186636,2021-22,0.6608953830167126,783055661,0.5925926139240312,0.3391046169832875,0.0683027690926813,9.58659858873052,14568.232613819695,79.0,61236.730595675166,195.4822064327977,143.43501772727024,0.0,32
32_591,2021,1.252389422134177,0.19721004732206257,2021-22,0.6534834749615295,1154174953,0.2794173908918642,0.3465165250384704,0.3740660840696653,9.872911551165558,19397.73433092501,85.0,320920.90174746007,176.0233983698115,170.85366980016818,0.0,32
32_592,2021,1.149200683678027,0.15552173032013086,2021-22,0.2013119628664429,163842747,0.1796080604044071,0.7986880371335571,0.0232084868066628,9.711115659888671,16500.0,1.0,290325.0,130.8417833730087,134.31063647166903,0.0,32
32_593,2021,1.1754716625629618,0.19293722787851578,2021-22,0.6967903974551944,285060685,0.6320829650711041,0.3032096025448055,0.0647074323840904,8.988845028028276,8013.196531252975,17.0,141472.15323977958,98.1405016948104,101.43942900548547,0.0,32
32_594,2021,2.0167553660100994,0.31173187305670724,2021-22,0.6171459853321064,739889470,0.2562530306046929,0.3828540146678936,0.3608929547274135,9.821382023012625,18423.494848704257,47.0,304634.69821211486,56.98763411459274,60.45663125383095,0.0,32
32_595,2021,2.042881606110802,0.4938067908467509,2021-22,0.8294854691374468,489342114,0.5225773026353501,0.1705145308625531,0.3069081665020967,9.640687997684305,15377.92006678125,80.0,469511.57756559027,25.08523361284546,26.749362194802675,0.0,32
32_596,2021,1.0508153352475542,0.16796263027220643,2021-22,0.2646829128625037,79673462,0.1486799079974709,0.7353170871374963,0.1160030048650327,,,,79529.7728722344,84.68169803331459,84.39011962888942,0.0,32
32_597,2021,1.725308040962577,0.27826515749801223,2021-22,0.7201772717006868,804993913,0.3795913311458791,0.2798227282993132,0.3405859405548077,10.051149824880287,23182.427258202573,89.0,204431.99606377466,55.94661386146639,53.75157941116052,0.0,32
32_598,2021,-0.38859535632649383,0.19026555873375256,2021-22,0.9284192460737636,108434189,0.5067788444472988,0.179110260698876,0.4216404016264649,9.711024380611434,16498.493960661697,13.0,275262.4372419245,63.59926538826678,60.307704023086565,0.0,32
32_599,2021,0.8032521502699311,0.11988941515165717,2021-22,0.6492232479973629,389557219,0.3872201249080176,0.3507767520026371,0.2620031230893452,9.354913700538969,11555.464264157776,24.0,113346.96432392823,105.56334267842631,103.09459863817825,0.0,32
32_600,2021,0.8067983512393215,0.24278287867361434,2021-22,0.7132450860287084,398393811,0.3346868659061573,0.2867549139712916,0.378558220122551,9.631893138338832,15243.26642065578,59.0,362534.2792809571,130.8039729609851,127.83649218055487,0.0,32
32_601,2021,0.8839242973842333,0.16759725177682305,2021-22,0.4402518981355358,217185887,0.1609787932491212,0.5597481018644641,0.2792731048864146,,,,390791.9256148946,126.28923310504517,169.89648367856444,0.0,32
33_602,2021,3.000976935762511,0.6889320678352454,2021-22,0.6661631083497245,172814145,0.24922702941938,0.3338368916502755,0.4169360789303445,9.768217034789812,17469.591759900028,5.0,262169.50473262323,39.938714286821174,39.938714286821174,1.0,33
33_603,2021,0.808552077594709,0.11116171230899831,2021-22,0.9814634181305196,972994273,0.7004408226357567,0.0185365818694803,0.281022595494763,10.04778664243776,23104.59148718848,54.0,879072.0,2.814717598175505,2.814717598175505,1.0,33
33_604,2021,1.9558529852213329,0.37725940630154337,2021-22,0.7137910065801027,599687445,0.4817709131796147,0.2862089934198972,0.232020093400488,9.397706875399004,12060.69232559234,20.0,320394.0,55.3404703976831,7.474206143656266,1.0,33
33_605,2021,2.06303304444424,0.6610637434172961,2021-22,0.3169976684116627,856399463,0.2375369296559215,0.6830023315883373,0.0794607387557411,9.607257194478908,14872.322206524801,20.0,341423.0,139.86261597699783,96.64392590303119,1.0,33
33_606,2021,0.6213569717402146,0.09926999768125723,2021-22,0.4698409418403676,326809012,0.3604054682555694,0.5301590581596324,0.1094354735847982,,,,162356.0,139.73193540106263,86.42952469836438,1.0,33
33_607,2021,0.8800899618970502,0.11829009890031544,2021-22,0.8277859986839993,1256576796,0.6645970764846114,0.1722140013160007,0.1631889221993878,9.890037528015064,19732.800457866895,37.0,168521.0,162.42733569719903,107.54423598280202,1.0,33
33_608,2021,1.263767354475808,0.2965203038336245,2021-22,0.3246886634488857,262209897,0.0619911617540097,0.6753113365511142,0.2870980571721135,7.619972565951674,2038.5062045763289,9.0,394452.0690902137,271.9261285352483,217.34197982386132,1.0,33
33_609,2021,0.5244403762148034,0.14133324459934288,2021-22,0.1640497444848633,105907620,0.1245923947681951,0.8359502555151367,0.0695418426707657,9.615805480084347,15000.0,2.0,269561.0,255.14840727875614,248.63263647139277,1.0,33
33_610,2021,0.49173718051838355,0.14901087676449,2021-22,0.8375814665523816,886370822,0.5539044797212425,0.1624185334476184,0.2836769868311392,10.159094579447892,25824.90407218403,56.0,259204.0,214.0461463698021,216.8768606590276,1.0,33
33_611,2021,1.0537055832560354,0.17865074499513175,2021-22,0.7064570558808512,290526462,0.223282621326246,0.2935429441191488,0.4831744345546052,10.120349516048275,24843.45250313024,9.0,60569.0,171.30385969506148,174.68828350989506,1.0,33
33_612,2021,1.5009472660922247,0.26595177097808403,2021-22,0.3021150501793408,406080862,0.2337289167791414,0.6978849498206591,0.0683861334001994,10.126631103850338,25000.0,1.0,199407.0,178.09981384179935,179.08198438836172,1.0,33
33_613,2021,0.9561050572499229,0.16659832570831434,2021-22,0.2643483706877108,242146274,0.1644413409392374,0.7356516293122891,0.0999070297484734,10.360049714113435,31572.750894807883,7.0,113256.0,228.07980568829075,229.621111549995,1.0,33
33_614,2021,2.701209381789436,0.42157754019402566,2021-22,0.6430112699309459,384337315,0.2048738515020328,0.356988730069054,0.4381374184289131,9.83922299308414,18755.13748530965,22.0,248385.0,242.1503410028748,251.43427839105732,1.0,33
33_615,2021,0.8040222771778118,0.12461166677141404,2021-22,0.424128796364255,261690741,0.3030233003161545,0.5758712036357451,0.1211054960481005,,,,26629.0,250.3529996160049,196.08530144323188,1.0,33
33_616,2021,0.05477160614995743,0.00010839709742275221,2021-22,0.9332952555995138,861327519,0.5861545415223173,0.0667047444004863,0.3471407140771964,10.30072880555846,29754.296049050005,26.0,47.0,240.52766951083777,189.11816958684219,1.0,33
33_617,2021,1.127483220276531,0.2256518583971711,2021-22,0.6913603525425087,916555570,0.3216747174423914,0.3086396474574913,0.3696856351001172,9.280132110120704,10722.84841967708,25.0,189268.8632072671,193.16644584817948,142.15517117927263,1.0,33
33_618,2021,1.053814923259589,0.17318582922601922,2021-22,0.6956108644823115,713607973,0.5406820531698291,0.3043891355176885,0.1549288113124823,9.456800339604431,12794.879612546276,20.0,86404.0,,,,33
33_619,2021,1.1717353134849464,0.2569036476750265,2021-22,0.5596903843312648,313816676,0.2064277329863758,0.4403096156687352,0.353262651344889,9.373630128978396,11773.7779372742,10.0,83403.0,264.51061555701716,232.04037903285894,1.0,33
33_620,2021,1.6501185527104523,0.2142345562807304,2021-22,0.4606664373794166,211789651,0.2541824576688121,0.5906483344813352,0.2064839797106044,,,,178994.0,245.89761278759875,240.56422403445444,1.0,33
33_621,2021,2.193102084178284,0.40186078602709985,2021-22,0.3782703965196318,384485755,0.2941191566381959,0.6217296034803682,0.0841512398814359,9.279870163183928,10720.03997022843,4.0,119740.0,196.60660633680777,286.86799462780067,1.0,33
33_622,2021,1.2542137219577068,0.25661313054320967,2021-22,0.5674812314542009,481589522,0.1460927403648952,0.432518768545799,0.4213884910893057,9.3702243751652,11733.747553677633,22.0,77995.0,138.733666871003,258.1251244766917,1.0,33
33_623,2021,2.011377700794372,0.45339320755894674,2021-22,0.7351110842465065,264205555,0.5725595890669294,0.2648889157534935,0.1625514951795771,10.07722146007448,23794.77886265356,22.0,310342.0,130.26941288911854,192.4982440757554,1.0,33
33_624,2021,0.9544567902803628,0.1237740274246001,2021-22,0.6697692641791513,582194648,0.3187369407078438,0.3302307358208487,0.3510323234713075,9.83668803201764,18707.654151616065,12.0,81473.0,130.00181327284088,129.84594652462997,1.0,33
33_625,2021,6.524510213989443,3.570519372015387,2021-22,0.6568419390904577,578523047,0.5184764073884855,0.3431580609095423,0.1383655317019721,9.983899955661952,21674.678215624914,35.0,282917.0,,,,33
33_626,2021,0.6372516434556278,0.10705012165654015,2021-22,0.3801190830921336,352940281,0.1281751232016501,0.6198809169078664,0.2519439598904835,9.476813559722354,13053.525894211638,7.0,77147.0,96.55341250815934,272.39197058536917,1.0,33
33_627,2021,5.4223860155866825,2.9359390814593764,2021-22,0.359590205050675,462596819,0.1147410073306189,0.6404097949493249,0.2448491977200561,9.41402254886818,12259.084694943032,19.0,237770.0,20.279938969899117,225.46707876267493,1.0,33
33_628,2021,1.1213994120716355,0.33225484876905037,2021-22,0.7749639570931093,655576285,0.2567830912309465,0.2250360429068907,0.5181808658621628,9.61913399293626,15050.010877530482,17.0,350264.0,66.24137801807656,190.24633851724252,1.0,33
33_629,2021,2.373129034096336,0.3114256674626272,2021-22,0.7247949240974796,803275631,0.503646903238373,0.2752050759025204,0.2211480208591066,9.690057842616715,16156.178782209416,23.0,159504.0,100.5870589290631,219.03656505735174,1.0,33
33_630,2021,0.8205848336751238,0.29081527745839586,2021-22,0.4620460267360867,727360896,0.2531941626402748,0.5379539732639133,0.2088518640958119,9.525756748148249,13708.2997308044,24.0,76450.0,250.33013052066738,198.2856283970831,1.0,33
33_631,2021,2.758455221531998,0.5517441900045027,2021-22,0.7120899450755978,422103820,0.1220171734053484,0.2879100549244022,0.5900727716702493,9.858806925278897,19126.05700263025,13.0,133907.0,251.43730191215536,204.40454398961717,1.0,33
33_632,2021,2.7543858611332905,0.455304210725515,2021-22,0.9508748963098838,727893629,0.6690518801065094,0.0491251036901162,0.2818230162033744,9.922661362219916,20387.17615306018,27.0,485881.0,128.12415892260233,130.90740715391465,1.0,33
33_633,2021,-2.4108326872097208,0.23823734297864135,2021-22,0.6539137921356851,296809580,0.3078472197561817,0.3460862078643149,0.3460665723795034,9.657040563130726,15631.455841545914,18.0,377605.0,158.98936104881386,161.16086659618034,1.0,33
34_634,2021,2.564362646567296,0.5504824503676775,2021-22,0.822675306629172,36496609,0.4972366610826775,0.1773246933708279,0.3254386455464945,9.5229130629553,13669.373015732946,15.0,5229.0,145.7876229441855,28.705889123062278,0.0,34
34_635,2021,1.7628338714551333,0.46369502057183165,2021-22,0.8844327836237005,8058133,0.3293792743306669,0.1155672163762995,0.5550535092930335,9.587559744915191,14582.241692073772,7.0,81301.0,142.07220898807,93.46749613431727,0.0,34
34_636,2021,0.37890155278557375,0.10746794332994196,2021-22,0.8320321657244315,241215273,0.5771301927469576,0.1679678342755684,0.2549019729774739,9.934490396986067,20629.76875799148,83.0,2149.0,155.83945059803304,151.6901885428344,0.0,34
34_637,2021,0.1073445093236898,0.08252795943840628,2021-22,0.5064562054519459,36370977,0.0038055096516894,0.4935437945480541,0.5032027047280033,9.21919544814779,10088.94398339842,13.0,13169.0,243.47567496310657,200.56255183366142,0.0,34
35_640,2021,0.8112652874724322,0.11013038068436179,2021-22,0.7533812337557941,63183298,0.1974250695175804,0.2466187662442058,0.5559561642382137,9.904739856946646,20025.061777422263,32.0,16996.0,1158.132747561048,1158.132747561048,0.0,35
01_001,2022,0.29161352578375915,0.046077735161624465,2022-23,0.804756575913157,78059387,0.0467754505937895,0.195243424086843,0.7579811253193675,10.01663291151064,22395.893866544877,26.0,25709.0,1318.002257254863,720.5152395484214,0.0,01
01_002,2022,0.15815067065077326,0.08958127637373642,2022-23,0.6374910260090165,201705128,0.0490813153743914,0.3625089739909835,0.588409710634625,9.38603960687381,11920.79468824243,29.0,50539.0,1263.1006716993331,640.8128623824553,0.0,01
01_003,2022,0.6269591698313115,0.10971057053872998,2022-23,0.454692967278396,43262213,0.048086375054369,0.545307032721604,0.406606592224027,10.772686676876432,47700.0,1.0,13289.0,,,,01
01_004,2022,0.5061346576869465,0.08315784981691149,2022-23,0.6522264479175983,124099759,0.0401617862932352,0.3477735520824017,0.612064661624363,9.612339418861918,14948.09907950718,53.0,8520.605527797103,1340.2330500797034,601.5695327154986,0.0,01
01_005,2022,0.38470496685490746,0.062392177737492616,2022-23,0.5875187026547569,57912233,0.0267979651207716,0.4124812973452431,0.5607207375339852,,,,17067.0,1229.0339315122046,641.2138692594557,0.0,01
01_006,2022,0.2161744669121454,0.02602630468071681,2022-23,0.119205878356836,31449741,0.0474034746422872,0.880794121643164,0.0718024037145488,,,,24300.0,1194.6326026262507,594.4726637333914,0.0,01
01_007,2022,0.7087361911263421,0.12176408084540076,2022-23,0.7678241995197492,64889015,0.1327029235996262,0.2321758004802507,0.635121275920123,9.664117955635822,15742.478200949114,25.0,33078.0,1165.1306771261966,472.872576623659,0.0,01
01_010,2022,0.5574252753114624,0.09348446702850036,2022-23,0.6216510766579565,514490091,0.1296654146833704,0.3783489233420435,0.491985661974586,10.126913855370114,25007.069787443874,98.0,94972.98626226584,1300.8844736171752,661.0268621506079,0.0,01
01_011,2022,0.26140916864734015,0.03605847862524839,2022-23,0.3414442699816673,184519462,0.0785991073396908,0.6585557300183327,0.2628451626419765,10.144509624213956,25450.98244585026,6.0,9319.0,1322.811224777645,664.5189965017952,0.0,01
01_012,2022,-0.15529045856004403,0.07854184378624539,2022-23,0.7629058093762521,177962066,0.0699423213034625,0.2370941906237478,0.6929634880727896,9.81571216263412,18319.33177930486,77.0,33031.0,1280.131602638251,631.9384384153428,0.0,01
01_013,2022,0.4676362892494385,0.07552044048364287,2022-23,0.422424400346412,62029021,0.1153042863597669,0.577575599653588,0.307120113986645,9.883355332083196,19601.38159123738,8.0,11735.0,1251.8878518468075,618.9135758408435,0.0,01
01_014,2022,0.07850138367032589,0.03449416799894954,2022-23,0.7882595309076709,84409353,0.117982482344107,0.2302330191246349,0.6702770485635638,9.578342204470015,14448.446866404292,9.0,40940.0,1279.6818940443893,609.6621872399876,0.0,01
01_015,2022,0.09305018579180131,0.04947785450933821,2022-23,0.5180128272395537,32743444,0.0338923459832696,0.4819871727604463,0.5063602961252335,9.37611925921012,11803.120907967026,25.0,32180.0,1238.7455306823542,602.9676389839384,0.0,01
01_016,2022,0.503071611794546,0.07965381032248181,2022-23,0.3528895841574456,205559578,0.0533643341104738,0.6918867087272387,0.2995252500469717,10.250065670418406,28284.3993076835,5.0,13054.0,1219.9006581720805,526.3894078365239,0.0,01
01_017,2022,0.5529979594073094,0.08857191714293824,2022-23,0.512501960235661,52091951,0.0532244799201319,0.487498039764339,0.4592774803155289,,,,7288.0,1223.641615316836,564.2840331741197,0.0,01
01_018,2022,0.46572918457417745,0.0767373924551992,2022-23,0.8712089870300865,299860752,0.119134340728926,0.1287910129699134,0.7520746463011605,9.603719255509182,14819.797807067223,272.0,6465.0,1277.3327910171195,562.4565166825015,0.0,01
01_019,2022,0.6867169331174338,0.14312155560441972,2022-23,0.3750907580021282,56745685,0.0700469648044604,0.6249092419978717,0.3050437931976678,10.133406067823913,25169.949148963213,5.0,24822.0,1186.2907382504748,515.5929496790396,0.0,01
01_020,2022,0.17439417998703707,0.015629269230406063,2022-23,0.459336956362937,39973176,0.0230763750170864,0.540663043637063,0.4362605813458505,,,,12116.0,1198.5696969180742,566.3384967794141,0.0,01
01_021,2022,0.5850603224542094,0.10616661089832921,2022-23,0.3903174593817997,160823472,0.0565002228032982,0.6096825406182003,0.3338172365785014,10.234846399867608,27857.19053125829,31.0,99204.0,1152.273855215733,524.2028048219834,0.0,01
01_022,2022,1.4412103027243266,0.1298262390061754,2022-23,0.660327514768471,66078608,0.0985238672097935,0.3396724852315291,0.5618036475586774,9.947629176127984,20902.60719046391,11.0,18197.0,1145.8719177543987,492.12678453998825,0.0,01
02_023,2022,0.3479758639056703,0.04098819082945678,2022-23,0.2817213911943171,355066229,0.0783403199970335,0.7182786088056828,0.2033810711972836,9.582408403167362,14507.316729398575,4.0,29008.0,1210.2820923480904,463.89688943886586,0.0,02
02_024,2022,0.488886669147242,0.08474146211586124,2022-23,0.2588754784523416,220750043,0.0434134547371299,0.8511210655718707,0.2154620237152117,9.581903928408666,14500.0,2.0,100773.0,1155.1338067900313,403.9690560324081,0.0,02
02_025,2022,0.16270445036130596,0.026571815350302473,2022-23,0.2788760712142651,206303498,0.1395110663610754,0.7211239287857348,0.1393650048531896,8.290621756461936,3986.3119393824945,6.0,4562.0,,,,02
02_026,2022,0.2957001198171846,0.043708303411900455,2022-23,0.2594746086364397,117225528,0.1328704017438932,0.7405253913635603,0.1266042068925464,9.643990424577916,15428.78847194121,6.0,33011.0,1194.228285915483,368.4421614695813,0.0,02
02_027,2022,0.5220213958828605,0.0711885300232779,2022-23,0.3533635246727663,94815270,0.1770578726401348,0.6717180211323099,0.1763056520326314,9.51587253895934,13573.47146174685,4.0,68054.0,1147.9695333430807,341.3324465577584,0.0,02
02_028,2022,0.5652615280497599,0.08120802562097247,2022-23,0.0661349620344217,25446208,,0.9338650379655782,0.0661349620344217,,,,36087.0,1125.2674428758999,352.2382660071437,0.0,02
02_029,2022,0.6804673275470962,0.12070108538710211,2022-23,0.1028692437209052,39430007,0.0285725538927751,0.8971307562790948,0.0742966898281301,,,,35594.0,1100.8461520685823,351.3369243851619,0.0,02
02_030,2022,0.5174504132992835,0.08319217976779403,2022-23,0.2032865720108033,124671481,0.0627376360436433,0.8314536594914322,0.1405489359671599,10.100430579702849,24353.493287080015,5.0,31970.0,1106.616214294765,317.53362130041984,0.0,02
02_031,2022,3.069403547099132,0.3368051674244649,2022-23,0.3696767465205871,291849666,0.1634108705815685,0.6303232534794129,0.2062658759390185,9.604342929660106,14829.043414704964,9.0,83294.0,1091.2290705902424,277.7847036334681,0.0,02
02_032,2022,1.598736315597146,0.31182115827144263,2022-23,0.2612656230811083,109552174,0.1468815488773413,0.8092296687412142,0.114384074203767,9.319808301566823,11156.842899095032,12.0,39785.0,1091.2137981175215,232.8999924399477,0.0,02
02_033,2022,0.24669803382823474,0.03697031935854544,2022-23,0.5019608730692717,179342562,0.1497330009147522,0.6316131605785127,0.3522278721545195,9.653217787430943,15571.814362632222,23.0,70561.0,1147.4216563380933,291.7719943394529,0.0,02
02_034,2022,0.2512075896215951,0.05648748741278783,2022-23,0.2118500350425606,331354210,0.0652336935752227,0.7881499649574394,0.1466163414673379,10.417408398653633,33436.66724994288,9.0,9779.0,1228.7959295737614,348.50504804964356,0.0,02
03_035,2022,0.49383520545863785,0.07709930751433901,2022-23,0.8413834316156432,913057838,0.1811882633441672,0.1586165683843568,0.660195168271476,10.19373628833702,26735.19893465037,50.0,138217.0,1103.395078075214,426.4078038627572,1.0,03
03_036,2022,1.608431970117076,0.25884726998882623,2022-23,0.4667096692182306,188125271,0.023130943423332,0.5332903307817694,0.4435787257948986,10.09860986809814,24309.19294055253,3.0,82876.0,1039.9032627420806,361.5340237021696,1.0,03
03_037,2022,-1.225510021492872,0.2622130837057704,2022-23,0.592620701403345,282227311,0.0533319186816757,0.4073792985966549,0.5392887827216694,9.756827994886642,17271.758585623353,39.0,259495.0,1034.4156365509295,340.2614216056361,1.0,03
03_038,2022,0.6260075657203852,0.13775002788679014,2022-23,0.678654116472508,180117904,0.0290514206738714,0.3213458835274921,0.6496026957986364,10.05437824057317,23257.39071164685,21.0,137481.0,1087.4364368096783,367.92232845409507,1.0,03
03_039,2022,0.48183366705749064,0.06480378930901254,2022-23,0.4363791131860787,510613387,0.0311599801436463,0.5636208868139213,0.4052191330424323,9.628057008272425,15184.903283893267,30.0,52848.0,1055.0603392622754,304.849443049838,1.0,03
03_040,2022,1.3451768265557236,0.35544703158586965,2022-23,0.4974041892076148,197675617,0.1315221897094167,0.5025958107923851,0.3658819994981981,9.431778515430864,12478.700569026676,26.0,66533.0,1024.2247814254295,249.0504688053809,1.0,03
03_041,2022,1.7184699512693424,0.28285631876231815,2022-23,0.7662474421285466,96603760,0.0543591160426881,0.2337525578714534,0.7118883260858584,7.824046010856292,2500.0,1.0,496130.0,1010.9883745679975,289.15931020586174,1.0,03
03_042,2022,0.6024246510596362,0.08272376992628158,2022-23,0.6632129434327269,66138189,0.2536957581345325,0.3367870565672731,0.4095171852981943,10.109415307482855,24573.288717223993,11.0,67556.0,973.4864994358509,323.337616880248,1.0,03
03_043,2022,0.45601936819051636,0.056823534522078306,2022-23,0.5241399469635735,113198426,0.1380124048721313,0.4758600530364265,0.3861275420914422,9.307159090482005,11016.606448302173,4.0,121108.0,918.1466817567224,361.20679169969026,1.0,03
03_044,2022,0.6087163685726604,0.09426663269185999,2022-23,0.6948947361194243,400191165,0.1184018592714309,0.3051052638805757,0.5764928768479933,9.902219825084517,19974.661515507483,23.0,46989.0,898.8100800772172,333.30677110325735,1.0,03
03_045,2022,0.6929046486553664,0.09858692105739755,2022-23,0.5834501180787929,412658775,0.1624385813678626,0.4165498819212072,0.4210115367109302,9.813939644101495,18286.889185264423,24.0,42997.0,940.0318185138631,336.9466501096963,1.0,03
03_046,2022,0.6052759859746073,0.10962878030452017,2022-23,0.9060541698615208,458998552,0.2409820281960279,0.0939458301384793,0.6650721416654927,9.89018200463538,19735.651592142563,61.0,76081.0,912.3521327779342,287.8514377902318,1.0,03
03_047,2022,1.104444335534426,0.16371511218414703,2022-23,0.6959976530145812,264397041,0.2040628170267609,0.3040023469854188,0.4919348359878203,10.126172695691595,24988.542422355626,37.0,37990.0,908.3991499097582,239.53739545025698,1.0,03
03_048,2022,0.7440928742818866,0.1330328427308203,2022-23,0.7897797818330976,717728025,0.3502918657802167,0.2102202181669024,0.4394879160528809,9.724778717415807,16726.987590306835,82.0,157937.0,993.1944149247596,214.86801128780968,1.0,03
03_049,2022,0.7851273883474792,0.152422580396974,2022-23,0.6617665887823106,231159387,0.1654333466457929,0.3382334112176893,0.4963332421365177,9.333512211812412,11310.78768639039,6.0,218677.0,1051.3620196873505,419.6228313303092,1.0,03
03_050,2022,0.4488289551670608,0.07194831591905095,2022-23,0.8687085484288868,43176741,0.0846477098726231,0.151552572949522,0.795377423228863,10.58035728879604,39354.172696523776,16.0,50927.0,1013.0530018138962,390.5421151470247,1.0,03
03_051,2022,1.0411114310649479,0.27987203693877216,2022-23,0.7420617751372199,261638658,0.2402489008333011,0.25793822486278,0.5018128743039189,9.863915928881632,19224.022135782172,10.0,52830.0,1068.5907552136866,288.9174810521986,1.0,03
03_052,2022,2.0869995868455757,0.3352560148830556,2022-23,0.503368177521913,115552698,0.1010977432997713,0.496631822478087,0.4022704342221416,9.35305429095174,11533.997886698977,3.0,90074.0263425477,1050.061074045667,242.47137671839172,1.0,03
03_053,2022,1.0231715867248536,0.18930947615346344,2022-23,0.821515497613152,377188664,0.2787442572770426,0.178484502386848,0.5427712403361094,9.780464431440924,17684.86435305698,14.0,119822.0,959.3390986729692,233.96422272476244,1.0,03
03_054,2022,0.9118642326297236,0.13605433487179486,2022-23,0.8190796298656745,135449745,0.2834544206783113,0.395649575719518,0.5356252091873632,10.027897113876817,22649.59191784784,6.0,51340.0,955.9881413128353,271.6641167526568,1.0,03
04_055,2022,0.7708402894739012,0.16031947450680661,2022-23,0.9601889701076816,178530247,0.3863504653079878,0.0398110298923184,0.5738385047996937,10.18323450154878,26455.90070783279,37.0,186187.84309056573,1056.843037289645,246.66397521762707,0.0,04
05_056,2022,0.21201336159697304,0.029082762838714638,2022-23,0.7016061799928711,474283395,0.1586784922124461,0.2983938200071289,0.542927687780425,10.015182355107166,22363.430909652416,86.0,18005.0,1191.6077428880349,290.35104937759127,0.0,05
05_057,2022,0.5927502970963454,0.11444110030107606,2022-23,0.3643986126200661,24198130,0.0269330729275361,0.6356013873799339,0.3374655396925299,,,,25321.0,1216.9376773560386,299.07062918538884,0.0,05
05_058,2022,0.3642610339731911,0.05011944618551884,2022-23,0.3138943789395923,37006843,0.1316199817422956,0.6861056210604076,0.1822743971972967,,,,11816.0,1189.5979410799662,269.852798924154,0.0,05
05_059,2022,0.31229154275506604,0.04457818042394267,2022-23,0.4169375869268426,289210867,0.0664895347794797,0.5830624130731574,0.3504480521473628,9.899616898949366,19922.73655474364,21.0,28321.78901098901,1146.2371070030686,234.7606911034044,0.0,05
05_060,2022,0.4907198858056498,0.06700276195146679,2022-23,0.9064569928127792,327276158,0.2529070693869487,0.0935430071872207,0.6535499234258305,9.784897900167454,17763.443706942555,51.0,104493.76383763837,1109.9979640919328,217.74207070034834,0.0,05
05_061,2022,0.5894150008982011,0.13053297360735902,2022-23,0.625342574970193,98258784,0.1897105097494388,0.374657425029807,0.4356320652207542,9.646549024727014,15468.315117303142,7.0,36622.0,1123.1922046735494,198.41322445357054,0.0,05
05_062,2022,0.5481779822087091,0.10216668726506924,2022-23,0.161526789181963,164483298,0.0128619502753404,0.8384732108180369,0.1486648389066226,10.171780669559633,26154.608037697,5.0,28451.0,1135.2870910052952,331.038690072134,0.0,05
05_063,2022,0.5387095001395614,0.09700925084547303,2022-23,0.3070486753988594,71366955,0.0777095892860992,0.6929513246011407,0.2332120797363429,9.210340371976184,10000.0,1.0,10785.08888888889,1159.9002581989282,284.6973121795091,0.0,05
05_064,2022,0.9170199356045797,0.1081394308875115,2022-23,0.361182393007844,39291572,0.1551901003095523,0.638817606992156,0.2059922926982916,,,,37341.0,1163.873092188296,238.2750065405873,0.0,05
05_065,2022,0.5891120093230098,0.07190003826453019,2022-23,0.3372037297831121,63273277,0.0902198095413961,0.7516136317392701,0.2469839202417159,10.075337809462788,23750.0,4.0,15476.0,1094.9316635208818,270.2354363811043,0.0,05
05_066,2022,0.6292631245805209,0.12991642472838838,2022-23,0.1835281189345461,83564955,,0.8164718810654538,0.1835281189345461,,,,65199.0,1136.2567448068003,215.46400590427916,0.0,05
05_067,2022,0.9429792852469819,0.15240288575600766,2022-23,0.6073499754809581,451589833,0.0675486841618066,0.3926500245190418,0.5398012913191516,9.68704921222061,16107.643860072263,50.0,93688.0,1117.2764367384125,211.86229488269345,0.0,05
05_068,2022,1.94886391942426,0.30571792345716425,2022-23,0.2558797120891461,174220733,0.0793888649381396,0.7441202879108538,0.1851812665717575,9.615805480084347,15000.0,2.0,138165.0,1066.8415566098251,157.11037444187355,0.0,05
06_069,2022,0.9956390503834353,0.10813249707520665,2022-23,0.4984997397677487,165932546,0.1911656017138434,0.5015002602322512,0.3073341380539053,9.378415157250853,11830.25080195221,7.0,25881.897819692953,1064.8093404535416,238.17175511145558,1.0,06
06_070,2022,0.6945684287740538,0.1254809188030216,2022-23,0.8621056783207893,103827350,0.3228797999756326,0.1378943216792107,0.5392258783451567,10.156135721936076,25748.60479578733,2.0,88975.15917545625,1032.7797697488043,200.42253685474026,1.0,06
06_071,2022,2.4925413386131936,0.48159939497925924,2022-23,0.3144506041028558,185617977,,0.6855493958971441,0.3144506041028558,,,,100708.16732380484,1048.234164657495,185.87987457632843,1.0,06
06_072,2022,0.5301971712710691,0.09563074023998963,2022-23,0.6209387085343306,243217646,0.1589829711615579,0.3790612914656694,0.4619557373727727,9.9275813164596,20487.7272774471,5.0,92140.0,999.6865243053666,174.65295847086213,1.0,06
06_073,2022,0.7509811317100367,0.11529371198613012,2022-23,0.3323095493595807,555248973,0.0885712615266737,0.6676904506404193,0.243738287832907,9.912371240072163,20178.465291961867,12.0,78263.0,957.6530932792492,167.7662457477414,1.0,06
06_074,2022,1.098144166095665,0.11744978430712495,2022-23,0.549125008284938,281157805,0.1118294973173517,0.4508749917150619,0.4372955109675863,9.634855348460444,15288.487122277078,31.0,90057.0,977.0843131841033,134.74115957050233,1.0,06
06_075,2022,0.47037752002648264,0.13233397987245057,2022-23,0.325332138687353,106905869,0.215943233200789,0.9606739709066884,0.109388905486564,10.19412694999663,26745.64539221852,9.0,119797.0,952.0718234997601,97.71913937035711,1.0,06
06_076,2022,1.198195318330775,0.23037573714234422,2022-23,0.8886500713018364,394149736,0.2235774172889462,0.1113499286981635,0.6650726540128902,10.187499792412344,26568.983814138748,37.0,119254.0,928.1970917811869,75.54565523464879,1.0,06
06_077,2022,0.7335798000250889,0.12536520497765583,2022-23,0.7031531568130936,469042229,0.2520274331205261,0.2968468431869063,0.4511257236925675,10.215612629782433,27326.511571664672,30.0,75382.0,919.156915250426,143.40377028750976,1.0,06
06_078,2022,1.1865993647761754,0.19412784723424667,2022-23,0.8666911298916884,199962733,0.1462872034260504,0.1333088701083116,0.720403926465638,9.939566703181669,20734.75803435393,17.0,62395.0,887.1046531679262,207.54431492159117,1.0,06
06_079,2022,0.5615279951093665,0.10934757579814565,2022-23,0.397887808809623,170266310,0.0010988992505232,0.602112191190377,0.3969515695735698,9.959436307173004,21150.86976295835,12.0,87232.0,853.0027560842256,266.0832835268279,1.0,06
06_080,2022,0.5693735954866384,0.1160143409017238,2022-23,0.4387885072308224,315253421,0.1321055132975067,0.5612114927691776,0.3066829939333156,9.54318453304024,13949.298971395649,31.0,105667.0,870.5490698711827,168.44056945674456,1.0,06
06_081,2022,0.8659312614284321,0.1756782913849415,2022-23,0.7904596454723496,195409300,0.237207609873225,0.2095403545276504,0.5532520355991245,9.765270619707362,17418.194846757386,22.0,82612.0,839.8772325099314,138.36085408948264,1.0,06
06_082,2022,0.769884870587204,0.13742602423848715,2022-23,0.657024585248161,373278152,0.1565353066792936,0.3429754147518389,0.5004892785688674,10.227608894906217,27656.30182000326,42.0,78305.15320204683,892.9244079571947,92.57689810171485,1.0,06
06_083,2022,2.4584625394527033,0.33583491149895617,2022-23,0.7470307633412059,400147205,0.2082575536170495,0.2529692366587941,0.5387732097241564,9.827435428314482,18535.357964900675,41.0,83882.0,877.9371880395923,71.7816989482941,1.0,06
06_084,2022,0.4144051572582828,0.07808382036971814,2022-23,0.7591960460752801,186720601,0.1278722694342655,0.2408039539247198,0.6313237766410146,9.510380601979849,13499.131134931331,22.0,45962.0,810.1530016836425,126.63662184190821,1.0,06
06_085,2022,1.992425743821403,0.39529443725551994,2022-23,0.801566294252602,35662903,0.3307365639863922,0.2636399840997647,0.4708297302662096,9.852194258148575,19000.0,2.0,69589.0,843.4968590757062,87.98651661733973,1.0,06
06_086,2022,2.255633329556297,0.3563831005912026,2022-23,0.5969225523966746,152160706,0.0868191818195165,0.5921085301703444,0.510103370577158,9.542540316738265,13940.315499557326,12.0,141993.7881744579,881.9960450710128,47.05357494386657,1.0,06
06_087,2022,0.33021301124363295,0.07595474059715387,2022-23,0.4616428968116957,334170178,0.1453145648442632,0.5383571031883042,0.3163283319674325,9.909078567607626,20112.13347931396,19.0,37316.0,863.6282351684222,68.9078553994396,1.0,06
06_088,2022,3.2470634315814544,0.5882652051687864,2022-23,0.8575055493702803,216516909,0.2582949953345214,0.1424944506297196,0.599210554035759,9.72266814556521,16691.721310253608,37.0,204649.0,910.5794518019031,22.377175293383694,1.0,06
06_089,2022,0.3946671998662976,0.0914963355500546,2022-23,0.7454316597231702,191697848,0.385599294781859,0.2545683402768298,0.3598323649413111,10.159242086613938,25828.713711564786,20.0,49605.0,888.9328856726188,53.64189326424226,1.0,06
07_090,2022,1.4669010563355924,0.2460777522430691,2022-23,0.8891783237317281,1127667350,0.1313052115945363,0.1108216762682718,0.7578731121371919,10.178875600687972,27101.933222938125,121.0,7701442.080917814,921.162116577303,38.764171569456444,1.0,07
08_099,2022,0.7199158827847472,0.1283654855827534,2022-23,0.5634101374397431,1083179193,0.1098647340800609,0.4365898625602569,0.4535454033596821,10.01053195139608,22259.67337176763,87.0,117882.10852090032,768.6176517476222,345.4675699398352,1.0,08
08_100,2022,0.5230609670825,0.10713960854458146,2022-23,0.2922447184837762,205092052,0.017133148571577,0.7077552815162238,0.2789752720402836,9.100988300510547,8964.147598761483,7.0,91250.0,803.2258577949607,283.46732637144754,1.0,08
08_101,2022,0.7522893506076025,0.12411945187044593,2022-23,0.6426453154111614,281513500,0.0159115566393796,0.3573546845888385,0.6267337587717818,8.936452415423817,7604.172702606234,8.0,117807.4416172751,633.4713900758419,211.52633339013,1.0,08
08_102,2022,0.7727251943771324,0.10855812518853523,2022-23,0.3336357241574172,557479438,0.0767543717011496,0.6663642758425827,0.2568813524562676,9.734109006878487,16883.78557415805,8.0,91329.96387839496,729.1068006120845,188.4413314615973,1.0,08
08_103,2022,0.5857805258807486,0.08715933700570835,2022-23,0.3356325353698167,686283172,0.0843166732929887,0.6643674646301833,0.2513158620768279,9.370854653787106,11741.14541502758,28.0,94767.0,762.9952216477676,130.4068893807528,1.0,08
08_104,2022,1.7002323099819834,0.4180179114814352,2022-23,0.3742846857159562,406656216,0.0162578702596298,0.6257153142840438,0.3580268154563263,9.8101890224438,18218.43044430417,8.0,185648.0357142857,803.9360743457227,108.6151331558119,1.0,08
08_105,2022,0.26616479842119506,0.06302848631870252,2022-23,0.347867695296557,1328704146,0.0716395439018973,0.652132304703443,0.2762281513946596,10.056201421739262,23299.831825528363,17.0,115812.0,836.5127482100032,140.94138005176825,1.0,08
08_106,2022,0.16944056075797292,0.049597693440623467,2022-23,0.3727807493695824,1062962467,0.0931413949915129,0.6272192506304176,0.2796393543780694,9.80293453884388,18086.74337779179,21.0,39581.0,842.398111810306,188.6843042249142,1.0,08
08_107,2022,1.1849897992957055,0.20929090365229244,2022-23,0.1940753481652443,164025706,0.0491179189908719,0.8785795145526432,0.1490192762834381,10.055595332677845,23285.714330987747,6.0,43766.0,770.263012531242,122.56983475322319,1.0,08
08_108,2022,0.3267489846548914,0.07234667041181078,2022-23,0.8162419315761074,584683894,0.4045175614158443,0.1837580684238926,0.411724370160263,9.910351168468994,20137.744490544716,34.0,56413.35743931089,711.82576048039,100.76146678592418,1.0,08
08_109,2022,0.5926775125076318,0.10105266010502877,2022-23,0.6519279849869056,2022703069,0.1875274200219251,0.3480720150130943,0.4644005649649805,10.074489337594478,23729.85733957641,134.0,73071.0,750.8454274198258,71.10760273005909,1.0,08
08_110,2022,1.0378598684292208,0.17691767674400574,2022-23,0.2909055265840156,871642770,0.0238154226874388,0.739498081436789,0.2670901038965768,9.377308859080234,11817.17025395934,8.0,483693.58800970495,695.3904832055781,9.639812297754286,1.0,08
08_111,2022,0.8425967326604189,0.11028183626985688,2022-23,0.3143618420700153,243949229,0.1203594457763176,0.6856381579299847,0.1940023962936976,9.321438420838666,11175.044715252783,6.0,137014.0,709.9060146676604,92.58874021789806,1.0,08
08_112,2022,0.7479182508457503,0.09696957465764722,2022-23,0.2619434105583639,255552548,0.0243921105415861,0.7380565894416361,0.2375513000167777,10.46310334047155,35000.0,1.0,130496.0,590.6843793768988,144.863343797914,1.0,08
08_113,2022,1.4321929094659256,0.2452717660647559,2022-23,0.3143787241423438,746015557,0.0713685840736428,0.6856212758576561,0.243010140068701,9.949101334131562,20933.4017926334,36.0,180367.0,480.1761671959897,60.18191444814743,1.0,08
08_114,2022,0.6634463690716897,0.08805002422735234,2022-23,0.4066840228408394,623928209,0.0409342703721222,0.5933159771591606,0.3657497524687171,9.52122875286263,13646.368931246265,9.0,23363.0,447.8160523332288,226.478007599293,1.0,08
08_115,2022,1.1234319935507453,0.1453168416833487,2022-23,0.4061407282059392,499808475,0.1390363938906798,0.5938592717940607,0.2671043343152595,9.327792953116823,11246.283000881282,16.0,73146.3348051822,321.92070018857066,161.91981287768598,1.0,08
08_116,2022,1.32966205151109,0.1797635273710703,2022-23,0.7897976338505307,93487078,0.0613437146904204,0.375070137632184,0.76283307303711,10.09703063303562,24270.833308129808,5.0,89693.0,301.95039832168857,147.6481785699451,1.0,08
08_117,2022,0.7026842870177337,0.12189016537749646,2022-23,0.2835086400850951,307027821,0.1001878263012523,0.7164913599149049,0.1833208137838427,9.651007376556716,15537.43226811043,10.0,64420.0,318.47401009030733,162.7260838773112,1.0,08
08_118,2022,0.9224523624168105,0.18282708246211307,2022-23,0.3368796621725075,489304878,0.0666914647027083,0.7557388124234596,0.2701881974697991,9.810062356879286,18216.122942670983,11.0,119987.0,440.50448426867854,75.52906373532387,1.0,08
08_119,2022,0.6138103009484562,0.10022335310998186,2022-23,0.6344468211075845,329517553,0.2515651783806491,0.3655531788924155,0.3828816427269354,9.771672988652153,17530.070308358372,17.0,199455.27730375426,572.2015367052002,123.73290593474538,1.0,08
08_120,2022,0.6367410774041441,0.14007941632945597,2022-23,0.4025391122151494,1184211309,0.0752127017560849,0.5974608877848505,0.3273264104590644,10.376293899029498,32089.81275300865,33.0,72960.0,640.1276238181887,84.13433493429022,1.0,08
08_121,2022,0.5444889438756738,0.09389638224895645,2022-23,0.3937029411253025,218771434,0.1101109571736865,0.6062970588746975,0.2835919839516159,9.998511835172923,21993.711161337782,12.0,60594.0,614.8692195577302,156.8214982288024,1.0,08
08_122,2022,0.6377785649029591,0.10459756203505301,2022-23,0.3004693255650399,659314606,0.0060309190238081,0.6995306744349601,0.2944384065412317,9.74358849549628,17044.59622448686,4.0,148761.0,523.4822060271559,186.84460546393936,1.0,08
08_123,2022,0.827364515599585,0.1505695408156608,2022-23,0.2378870803440249,548216548,0.0698252891848131,0.762112919655975,0.1680617911592117,9.359476139143972,11608.305811912263,11.0,83762.0,437.9040631441492,140.20030633281928,1.0,08
08_124,2022,0.37835956055270775,0.06565672256593641,2022-23,0.2705696227859201,931466583,0.0118140759967553,0.7294303772140799,0.2587555467891648,9.217639262743669,10073.255925957472,17.0,42170.0,373.00251399772964,228.54035171157597,1.0,08
08_125,2022,0.050835819319679565,0.07425190649500087,2022-23,0.4814280947314414,702791249,0.0790331184103858,0.5185719052685587,0.4023949763210555,9.677865318608552,15960.390188541443,24.0,67040.11611678732,419.06510414101643,170.54995868860811,1.0,08
08_126,2022,0.6463424901550585,0.10456352024022923,2022-23,0.2606363777111269,320670659,0.1330863513770993,0.739363622288873,0.1275500263340276,10.72159059336446,45323.93749208321,4.0,90715.0,496.5406668285611,231.11743680561835,1.0,08
08_127,2022,0.9414049507909951,0.25284770673699203,2022-23,0.4819332811408333,719915697,0.0822649266390423,0.5180667188591667,0.399668354501791,9.396479784472788,12045.901835969413,37.0,126947.63283914982,632.6295567149957,197.32443403568965,1.0,08
08_128,2022,0.45617757691850286,0.06993098623320339,2022-23,0.5072764163402104,593776565,0.0541912697413378,0.4927235836597896,0.4530851465988726,9.668421477308804,15810.372284117662,26.0,36843.0,687.0795824955745,229.15810516944757,1.0,08
08_129,2022,0.6101275023158964,0.10257499003135448,2022-23,0.3813764898108776,435446042,0.1267912431731323,0.7289729436313683,0.2545852466377453,9.615805480084347,15000.0,3.0,61417.57518056467,614.8908139245414,178.02264016513607,1.0,08
08_130,2022,0.8452623623809806,0.1756298382416605,2022-23,0.2158048877138201,246642018,,0.7841951122861799,0.2158048877138201,9.912085572947332,20172.701791058957,3.0,150802.0,380.5955249711168,210.08976542972403,1.0,08
08_131,2022,0.6398974936489688,0.10119659988919252,2022-23,0.14763037782358,515349836,0.0088633364773206,0.85236962217642,0.1387670413462594,8.612503371220562,5500.0,1.0,27681.0,460.4695450541665,184.76866130697078,1.0,08
09_132,2022,0.5885172023808523,0.11712314656112294,2022-23,0.7716291340055541,522117344,0.0284705864894616,0.2283708659944458,0.7431585475160924,9.526268521740931,13715.317072099078,20.0,195180.0,1041.6165768661713,155.05460595319056,1.0,09
09_133,2022,0.7365176417239538,0.1332545187674035,2022-23,0.3594154475880149,833447797,0.0080781208184056,0.6405845524119851,0.3513373267696093,9.164878000462924,9555.555580051205,2.0,186703.0,1006.1258138542657,100.4605710476946,1.0,09
09_134,2022,0.7904523343781378,0.13973270138760321,2022-23,0.898273064286767,676876036,0.2867525908392478,0.101726935713233,0.6115204734475191,9.572005819370627,14357.185382268632,67.0,150832.0,1060.6855626005733,134.0738552265797,1.0,09
09_135,2022,2.4183975087425784,0.7696018420203774,2022-23,0.2838804505816155,381348271,0.0126205538503985,0.8019791351182212,0.2726110484974507,9.145590220547389,9373.016175945815,6.0,198460.0,1043.9305217869182,129.36278183922045,1.0,09
09_136,2022,1.398850537161241,0.09064175384332643,2022-23,0.3549270856362375,982595353,0.0085446679290371,0.6450729143637625,0.3463824177072003,10.210140160938176,27177.376529093664,19.0,86682.0,1076.6010024452996,167.29265815185227,1.0,09
09_137,2022,0.6029494668305088,0.05767520914884146,2022-23,0.6337247268331733,438795228,0.0823492364871388,0.3662752731668267,0.5513754903460345,9.395361062845122,12032.433360203046,19.0,62607.0,1016.927609509191,95.18852803562291,1.0,09
09_138,2022,-0.8513667783956383,0.11705204403417249,2022-23,0.3465401514291265,429799085,0.0201830308631454,0.6994203794637427,0.327683394207319,,,,193107.0,991.6215559048018,66.89489231417801,1.0,09
09_139,2022,0.6018440394001466,0.10368795985299846,2022-23,0.548393381599579,1338929082,0.1078138700104805,0.451606618400421,0.4405795115890984,10.07142268913902,23657.197676981777,33.0,66340.0,958.1444130407592,57.173869267611785,1.0,09
09_140,2022,1.4005757149051594,0.28010820103889306,2022-23,0.4577140993904032,241324788,0.0300442737776278,0.5422859006095967,0.4276698256127754,9.171436178250993,9618.428553131263,11.0,244280.0,964.6482475747904,37.617949034414046,1.0,09
09_141,2022,1.696998202800133,0.21781429410467,2022-23,0.4639514920409449,710548798,0.0859300081456193,0.5878761726948103,0.3780214838953256,9.149792903070406,9412.49087893666,14.0,258178.0,929.5744955398716,21.256262352857174,1.0,09
09_142,2022,0.41474606244940404,0.07997590080999738,2022-23,0.4595379256959585,287249732,0.0554249533642732,0.5404620743040415,0.4041129723316852,8.84132531445456,6914.149993756225,6.0,112981.0,962.9685380757252,62.92870451535103,1.0,09
09_143,2022,1.453242493771434,0.23268084236454206,2022-23,0.5774703315318951,1082543928,0.1491099823526052,0.4225296684681048,0.4283603491792898,10.054651457523866,23263.74589315038,22.0,167076.0,941.8686811767196,93.85545716301334,1.0,09
09_144,2022,1.5307622510749963,0.26953210138273037,2022-23,0.4109911606763723,388734268,0.0163631383723925,0.5890088393236276,0.3967770574833912,8.815059969244441,6734.911640073468,7.0,56901.0,928.5272065207964,128.19144317052664,1.0,09
09_145,2022,0.7025528096125437,0.1252662137323638,2022-23,0.1740473654894883,885112145,0.0015636978972873,0.8259526345105117,0.172483667592201,,,,85791.0,885.6062104522023,104.80412732953852,1.0,09
09_146,2022,1.0671712314933828,0.09833647607814945,2022-23,0.586033202242274,761178531,0.0415686999979246,0.413966797757726,0.5444645022443493,9.50873651257908,13476.95559079647,47.0,185006.0,892.8668919944917,176.20717607416856,1.0,09
09_147,2022,1.6039167192856432,0.26140697281467745,2022-23,0.8476741055485029,1997791558,0.1464178862047228,0.1523258944514971,0.70125621934378,9.591133722185717,14634.451535256594,56.0,105415.0,939.791452560217,184.77915695471236,1.0,09
09_148,2022,0.2077592566786127,0.0384360033510716,2022-23,0.5895863583060832,327217135,0.1777188108777425,0.4104136416939168,0.5720474876720621,8.987196820661973,8000.0,1.0,39990.0,985.0546824310263,218.73788377891745,1.0,09
09_149,2022,1.9286275831232946,0.08709910526030087,2022-23,0.7248434749767002,753117441,0.1962972292922904,0.2751565250232998,0.5285462456844098,9.444785306933053,12642.068569139956,38.0,122626.0,1023.769295425067,156.77240908642452,1.0,09
09_150,2022,0.1720938172034882,0.1092899445855333,2022-23,0.4241685077815454,576019642,0.0457298624549334,0.5758314922184546,0.378438645326612,9.729040949361664,16798.43404368851,19.0,185294.0,1081.922835917354,195.83737633960223,1.0,09
09_151,2022,0.3345436812638127,0.0586783223228815,2022-23,0.5564871720504749,866092198,0.0397361852230886,0.443512827949525,0.5167509868273863,9.603864297454788,14821.947455265456,28.0,74952.0,1051.8806623185578,247.47078700265268,1.0,09
09_152,2022,0.386081016002847,0.07673993612621689,2022-23,0.3226159151960187,653737798,0.0215614196442715,0.6773840848039813,0.3010544955517472,9.160443402282,9513.274350081623,8.0,87243.0,1025.9897737504648,244.45179108879836,1.0,09
09_153,2022,0.3263040304990035,0.06630661275998319,2022-23,0.3610687284240568,438959374,0.0577160564294043,0.6389312715759432,0.3033526719946525,9.3902453004386,11971.035472366902,15.0,79600.0,970.0284664643274,319.0934357364897,1.0,09
09_154,2022,0.19942666654723937,0.07233389479057635,2022-23,0.2787388066408638,131325747,0.1101620461370762,0.7212611933591362,0.1685767605037876,,,,126256.0,916.68241481317,352.9354355928114,1.0,09
09_155,2022,0.2790264446994114,0.05078209360654552,2022-23,0.4900423997367942,1532719892,0.165001125332821,0.5099576002632058,0.325041274403973,9.614370055526958,14978.48407757524,55.0,92586.0,962.4763633318155,298.6205212298105,1.0,09
09_156,2022,0.4799392510354801,0.10761603293202306,2022-23,0.2724877155082871,452205116,0.007553696053275,0.7275122844917128,0.2649340194550121,9.342630583472705,11414.395300785296,12.0,81609.0,890.3496478533604,372.1401650908529,1.0,09
09_157,2022,0.3345617907470973,0.08298694319484874,2022-23,0.3697306653195102,369928818,0.1553301559761153,0.6302693346804898,0.2144005093433948,8.835322019122842,6872.766651873834,12.0,331071.0,873.1094304254434,387.48212610176245,1.0,09
09_158,2022,0.3053375816760529,0.05013345960924887,2022-23,0.5203818698688276,532678948,0.0424018897026131,0.4796181301311724,0.4779799801662145,9.393315660075864,12007.847340415308,29.0,75512.0,812.8989174859779,449.72804687020306,1.0,09
09_159,2022,0.19055358556205376,0.09849845999332733,2022-23,0.2236789931544199,742345415,0.0174834162950543,0.7763210068455801,0.2082605386604294,8.881836305004146,7200.0,2.0,51965.0,1027.0555944048367,233.61215954793857,1.0,09
09_160,2022,0.10621147823616077,0.011994235318232616,2022-23,0.2840365779345343,278219318,0.0139396790556434,0.7159634220654656,0.2700968988788909,9.335240881117816,11330.357207625824,5.0,31484.0,986.0612753043162,277.53047444923163,1.0,09
09_161,2022,0.4881569083427488,0.07531212441201578,2022-23,0.2355930781468125,1053921053,0.0081342743610607,0.7644069218531874,0.2274588037857518,8.216215954080685,3700.473095402232,14.0,58038.0,969.4792111245739,254.46502699855964,1.0,09
09_162,2022,0.4595125958232733,0.07049969891743615,2022-23,0.6287494170768598,425330516,0.0475189934408562,0.3712505829231401,0.5812304236360036,9.827922167216624,18544.382040693577,13.0,42366.0,987.1526705833174,287.8006467676645,1.0,09
09_163,2022,0.3850642088577731,0.0748056826410584,2022-23,0.3700827717007445,577825266,0.1277765154007647,0.6299172282992554,0.2423062562999798,9.72296076898076,16696.60641346774,9.0,65689.0,944.060130259822,330.3308836050551,1.0,09
09_164,2022,1.3944866753626852,0.2176855882345375,2022-23,0.0770293480175638,173650230,0.0444400102435798,0.9229706519824362,0.0325893377739839,,,,340004.0,909.2605840868083,360.95575762598355,1.0,09
09_165,2022,0.5661093867570351,0.08190654129251973,2022-23,0.4373700803826884,540926297,0.0198235177044082,0.5626299196173116,0.4313571724910982,9.249775129889867,10402.226303764017,14.0,65109.0,958.4677844814913,329.31174084114286,1.0,09
09_166,2022,0.35142509025212415,0.06325637582157984,2022-23,0.4493281332336884,622114489,0.0607579547950377,0.5506718667663115,0.3885701784386507,8.486592973810806,4849.3161491305755,9.0,66256.0,911.03037353057,346.1508333728669,1.0,09
09_167,2022,1.1804262475629652,0.20107647331682024,2022-23,0.2821029637198294,1676830735,0.0384136398835747,0.7178970362801705,0.2436893238362547,9.52681661345676,13722.836384214337,11.0,36078.0,842.1143899350931,342.41043246207107,1.0,09
09_168,2022,0.4264837335978171,0.04701800916733182,2022-23,0.3362615067350895,584470851,0.0098694263197738,0.6637384932649105,0.3263920804153157,9.450013522654585,12708.337112957184,27.0,32690.0,896.3445029619643,389.5522094329866,1.0,09
09_169,2022,0.7598643451260115,0.11795168469949321,2022-23,0.1563596837828916,520417636,0.0441034323440952,0.8883952526700751,0.1122562514387963,8.967962813488851,7847.598288769623,5.0,30369.0,884.4479443295602,413.62232890671953,1.0,09
09_170,2022,0.48697973642234393,0.07295677029931891,2022-23,0.332672559599888,710871679,0.0412373609274143,0.6673274404001119,0.2914351986724737,9.393857430072224,12014.354594383503,15.0,45280.0,826.3327626164322,455.0894281230441,1.0,09
09_171,2022,0.42498524439640395,0.07422727368217473,2022-23,0.5491508733406146,1066488303,0.0490369897662159,0.4508491266593854,0.5001138835743987,9.3281559692372,11250.366324016151,65.0,21483.0,768.7062559967131,484.5600293239424,1.0,09
09_172,2022,0.5827275332768145,0.10698777313199795,2022-23,0.3096008343339197,499878514,0.0228731815426657,0.6903991656660802,0.286727652791254,9.548625123909726,14025.398224755045,14.0,85774.0,833.5213737054088,440.9259212949399,1.0,09
09_173,2022,0.4634154652509768,0.12447354090076874,2022-23,0.4793092045598729,523906006,0.0254267687634789,0.5206907954401271,0.4570089505711832,9.612838007298803,14955.553887147658,8.0,76020.0,742.7524062445405,520.1944678122669,1.0,09
09_174,2022,0.540589919447966,0.09130551777079804,2022-23,0.2042814069031077,573177382,0.030374979102019,0.7957185930968923,0.1739064278010886,,,,25411.0,758.4614448494204,516.3411820553204,1.0,09
09_175,2022,0.395793093437123,0.07078999267628794,2022-23,0.5616694910209241,545850435,0.0274349969144936,0.4383305089790759,0.5342344941064304,9.55824838499821,14161.019808068728,15.0,206005.0,703.3320531104346,510.07453049984565,1.0,09
09_176,2022,0.3668270982694971,0.11285928977922233,2022-23,0.5169149874523905,882640235,0.0579319704364032,0.4830850125476095,0.4589830170159872,9.300810610500076,10946.8892759847,39.0,90723.0,843.7163860962604,419.1629104332349,1.0,09
09_177,2022,0.6882633761313378,0.11502831039266974,2022-23,0.4282106895378288,896465624,0.0225476127736076,0.5717893104621712,0.4228645793561404,9.106385339574564,9012.658242696229,16.0,76148.0,772.7644627643286,490.83934242247597,1.0,09
09_178,2022,0.25134078057752135,0.03982905301034828,2022-23,0.6673779940117847,774242694,0.073836313139301,0.3326220059882154,0.5935416808724836,9.33565969163189,11335.103474176392,34.0,62722.0,703.5554229082979,561.7173621075456,1.0,09
09_179,2022,0.13799096696712818,0.06571143888306524,2022-23,0.5534371580514653,370766686,0.0531539476014304,0.4465628419485347,0.5002832104500349,9.392661928770137,12000.0,1.0,104878.0,748.0344305824129,512.5938869597736,1.0,09
09_180,2022,0.3577438643341024,0.06407728418388497,2022-23,0.5648104246990863,642225540,0.016794462892273,0.4351895753009137,0.5480159618068132,9.83658867397314,18705.79548802051,23.0,64195.0,884.1046277278532,401.7867441847457,1.0,09
09_181,2022,0.40688435299851994,0.0774824486843089,2022-23,0.6590496637012971,201307348,0.1340813103354776,0.7852585699549776,0.5249683533658195,9.911562158932416,20162.14587901995,11.0,18304.0,845.9281039451735,444.52742814468036,1.0,09
09_182,2022,0.44225385056651384,0.07175371610981275,2022-23,0.9117887744026094,455200398,0.2299655612339776,0.0882112255973906,0.6818232131686317,10.337438356231537,30866.858789589147,27.0,42991.0,797.393427967468,495.4563902399856,1.0,09
09_183,2022,0.42842815367439807,0.057598130076845375,2022-23,0.3749161844698967,390212589,0.1290335228010801,0.6250838155301033,0.2458826616688166,9.278547097380809,10705.866030530831,13.0,68081.0,796.8040135431934,475.77112206472896,1.0,09
09_184,2022,0.253051504617441,0.04805173239426383,2022-23,0.8651722551632884,983119529,0.1895065223549231,0.1348277448367115,0.6756657328083654,9.98639052591321,21728.72780360346,37.0,42561.0,,,,09
09_185,2022,0.4073399719416684,0.0687595584026287,2022-23,0.7533068043563996,488896099,0.2694613196330699,0.2466931956436003,0.4838454847233297,9.709044920536684,16465.868151968978,49.0,54056.0,732.313165416418,541.2255077656353,1.0,09
09_186,2022,0.49687682047034026,0.07792197657330974,2022-23,0.4288654459607622,611834074,0.0299470947739337,0.5711345540392377,0.3989183511868284,9.104114833539768,8992.218161211855,7.0,47632.0,699.682875683502,579.1617725023593,1.0,09
09_187,2022,0.34338085244262423,0.05909953776400623,2022-23,0.4379730577767877,595764569,0.0208705546569688,0.646548196407838,0.4171025031198188,9.394706866123665,12024.56435596666,13.0,43761.0,,,,09
09_188,2022,0.4717093843196434,0.07118129062938036,2022-23,0.3577065097830877,625452330,0.0545444558500565,0.6422934902169123,0.3031620539330311,9.266211008616256,10574.608781957944,24.0,171208.0,666.0270854795533,614.0956245199884,1.0,09
09_189,2022,0.3170290240519527,0.04953469377396629,2022-23,0.5339959904567068,1301776192,0.1269169946534096,0.4660040095432933,0.407078995803297,9.442659821372718,12615.226571188365,28.0,60285.0,640.4467619022303,643.448150184961,1.0,09
09_190,2022,0.2620502951201735,0.03561000706745783,2022-23,0.2935234338185905,754886658,0.01581892840925,0.7064765661814095,0.2777045054093405,9.207923716255069,9975.8626204044,33.0,103829.0,614.2658022058437,616.6980543904881,1.0,09
09_191,2022,0.24814777749850717,0.05790626985051971,2022-23,0.6835078030025459,87217452,0.0411871903345962,0.3561121407041467,0.646902973042597,,,,130269.0,648.0932288038032,614.9399834342911,1.0,09
09_192,2022,0.23111503670745354,0.03943261314981761,2022-23,0.2815293251419688,654087200,0.0294944955351518,0.7184706748580313,0.2520348296068169,9.271989317251066,10635.889012729513,3.0,123740.0,608.6082726956816,610.3284173306974,1.0,09
09_193,2022,0.2801819247241614,0.04880725740399047,2022-23,0.8645445978638794,1381387350,0.1676816057422271,0.1354554021361206,0.6968629921216521,10.034043823654418,22789.24113787531,58.0,101417.0,555.4608192364648,557.4763448582066,1.0,09
09_194,2022,0.4469272818843083,0.09876586941937147,2022-23,0.308598989940591,664488241,0.0370696522227847,0.691401010059409,0.2715293377178062,9.25362683112411,10442.369832467186,29.0,143029.0,671.8327435510733,572.0278366152966,1.0,09
09_195,2022,0.49290008574860206,0.08396320954962562,2022-23,0.5933309177677468,481328268,0.0360015141065104,0.4066690822322531,0.5671550855184762,9.155592785110212,9467.240833899436,23.0,117964.0,582.5964283419589,583.7490333628247,1.0,09
09_196,2022,0.17482725392728848,0.029005486032869905,2022-23,0.2525953218752214,621382656,0.0743978039523495,0.7474046781247785,0.2272043750123595,9.32165801206702,11177.498926500475,22.0,49179.0,580.7877012036481,535.2912223329962,1.0,09
09_197,2022,0.32569266837338234,0.07281490489405168,2022-23,0.3835460356695995,291708910,0.0445959398360509,0.6164539643304005,0.3389500958335485,9.228808783064071,10186.40006931687,3.0,254498.0,623.5352255142589,546.4336507263064,1.0,09
09_198,2022,-0.17240797908508004,0.11470559570043827,2022-23,0.3144448933392126,529436135,0.0104062844142665,0.85147615994861,0.3040386089249461,9.708905131606803,16463.566566752295,16.0,58992.0,,,,09
09_199,2022,0.3308498109099203,0.13863340543958008,2022-23,0.2931625545007865,475530752,0.0269485104752114,0.7068374454992135,0.2690570177888306,9.883829905740097,19610.68609824171,4.0,69865.0,631.0713606395623,495.03280304962647,1.0,09
09_200,2022,3.4855925538535977,1.076964023559118,2022-23,0.3745013740197763,243616217,0.0645120024994066,0.6254986259802237,0.3099893715203697,9.433483923290392,12500.0,2.0,49102.0,567.7629596214728,454.85591391120437,1.0,09
09_201,2022,0.5296470861147269,0.08668372444126361,2022-23,0.3168420058750636,1093586455,0.023923234308896,0.6831579941249364,0.2929187715661676,8.983365918608213,7969.4114119217165,48.0,56745.0,971.5543092925888,169.58772650873885,1.0,09
09_202,2022,0.5276582293324905,0.08647047758882175,2022-23,0.3770936631294908,337065985,0.0078408336072245,0.6229063368705092,0.3732936831344759,9.65382219122274,15581.228871073856,10.0,47138.0,,,,09
10_203,2022,0.30905914737478846,0.056874758346312906,2022-23,0.3281974049867447,187799349,0.1145636239665559,0.6718025950132553,0.2136337810201887,9.730075759643295,16815.8262332085,4.0,90546.0,631.4273499353968,635.0361621789013,1.0,10
10_204,2022,0.4706660936118592,0.08340719419773766,2022-23,0.3460423612350943,657464919,0.0295153968511588,0.6539576387649058,0.3165269643839354,9.70121153077756,16337.388461737279,18.0,83654.69115555976,556.6036942388041,560.3934945463603,1.0,10
10_205,2022,0.04062474520208333,0.04027485765244696,2022-23,0.4254829699878104,398812721,0.0355015907328592,0.5745170300121896,0.3899813792549511,10.418470613860096,33472.203056345,14.0,9688.0,527.0589927149257,531.19239248167,1.0,10
10_206,2022,0.4391261420289465,0.07642519508523063,2022-23,0.4368587833561697,345856782,0.1441969340493569,0.6149282938671995,0.3048056030313726,9.322503826316767,11186.957013697644,19.0,47400.0,517.5167433975106,522.0074716810329,1.0,10
10_207,2022,0.5283830246831874,0.12284044432868503,2022-23,0.5961306551981248,542287831,0.0330583630595981,0.4038693448018751,0.5630722921385267,9.198760698409194,9884.871128162316,12.0,71949.0,467.83921969943185,473.08539270126704,1.0,10
10_208,2022,0.9111267423228478,0.1781613103355194,2022-23,0.6455000866134251,70456745,0.2751405135164845,0.354499913386575,0.3703595730969405,8.946511207047665,7681.047476783976,7.0,31438.0,428.4485554872256,434.4176208433777,1.0,10
10_209,2022,-0.15744066743196802,0.03162398421602168,2022-23,0.5384155872077158,607421276,0.0181905893595995,0.4615844127922842,0.5202249978481162,9.566200279265589,14274.075648611775,28.0,46501.0,406.57672434483237,413.33181480508546,1.0,10
10_210,2022,0.630221184700435,0.11273847477490927,2022-23,0.4133990305506122,658509880,0.0718817051006129,0.5866009694493878,0.3415173254499993,9.559539666322358,14179.317479656143,9.0,26844.0,406.6759725834202,414.2354017552333,1.0,10
10_211,2022,0.5839049326187266,0.08898622679177702,2022-23,0.7707053584811535,1244792901,0.1133751043138379,0.2292946415188465,0.6573302541673155,9.76157875353857,17354.007760452576,72.0,53763.0,364.99100718755227,371.65927868861485,1.0,10
10_212,2022,0.3468419464967893,0.05808402934419671,2022-23,0.5385268459167487,564387208,0.0029753813385776,0.4614731540832513,0.5359324249602766,9.8090182727717,18197.113703553743,11.0,52390.91107677936,330.7653185928469,337.7116503532057,1.0,10
10_213,2022,0.11995050630761721,0.061769354228365665,2022-23,0.3911805350471944,595336455,0.0106434563217123,0.6129113090608729,0.380608135277051,,,,23692.54515050167,382.393379562679,388.22234594813733,1.0,10
10_214,2022,0.19720825239639106,0.0332717929233694,2022-23,0.3519777891558964,451019689,0.0755145990976903,0.6480222108441035,0.2764631900582061,9.60680086763266,14865.537114863351,12.0,34636.0,394.1890327579183,399.49953127233965,1.0,10
10_215,2022,0.27976591012520924,0.06488758184188206,2022-23,0.6089011629781365,460460505,0.0653962688938978,0.3910988370218636,0.5435048940842385,9.659664947085242,15672.532660538527,26.0,77768.53767729327,449.5575960557239,454.2712967408712,1.0,10
10_216,2022,0.6760161799900841,0.10768600408798334,2022-23,0.6029988264392697,301605184,0.1882028128535085,0.3970011735607303,0.4147960135857612,9.399167580967388,12078.322319010966,39.0,87954.0,492.0976484430063,495.8878038331609,1.0,10
10_217,2022,0.5066291296961164,0.08041591199659953,2022-23,0.2759985916268057,500018037,0.0143078838573977,0.7240014083731944,0.2616907077694079,9.210340371976184,10000.0,5.0,50198.0,577.6448861795963,580.6424498389194,1.0,10
10_218,2022,0.355445438396223,0.05607784516019188,2022-23,0.7762194792733419,251131103,0.024255536067169,0.2271069551542371,0.7523192139207066,,,,69497.0,555.1836300754221,557.8629290466973,1.0,10
10_219,2022,0.5367159816960223,0.09358736493509019,2022-23,0.3117523791778215,626366065,0.0374591525803684,0.6882476208221785,0.274293226597453,9.535101030710786,13836.99429973004,23.0,75241.0,,,,10
10_220,2022,0.4960604585896755,0.09013348904384709,2022-23,0.9549976435700636,14114572,0.6014923442241111,0.0708690557717441,0.3535052993459525,8.922658299524402,7500.0,2.0,82421.0,457.16977190745865,460.5378516344709,1.0,10
10_221,2022,0.2910787083311569,0.05916504321680001,2022-23,0.2270440894918433,211492526,0.0081271746205302,0.7729559105081567,0.2190645072724697,9.998797732340453,22000.0,1.0,108490.55419222904,425.7098729313515,429.87627942209735,1.0,10
10_222,2022,0.568063084139525,0.09105113469070697,2022-23,0.7549237248668378,668770055,0.0550095936936052,0.2843636289076132,0.6999141311732326,8.8897778251076,7257.406590834101,7.0,46580.01922666127,387.77748044484366,391.9593817530954,1.0,10
10_223,2022,0.4999768555517415,0.07997031917868022,2022-23,0.4234681226107958,444718164,0.0074945960606187,0.5765318773892041,0.415973526550177,9.982478508540536,21643.89069326905,5.0,32882.0,364.3809846927255,369.4119518986174,1.0,10
10_224,2022,0.4143367953055069,0.06925238905975735,2022-23,0.1196939028164382,352692301,0.3271317712019849,0.9465625818861576,0.0967956796992855,,,,69958.0,319.65784537849527,325.3620139040465,1.0,10
10_225,2022,0.5698162156182484,0.08196061229302899,2022-23,0.6973761893036884,189899142,0.0377833408009816,0.3026238106963116,0.6595928485027067,9.413281215972871,12250.0,4.0,27812.0,290.8019000163498,295.47393621750024,1.0,10
10_226,2022,0.3581233296173181,0.058923011258689255,2022-23,0.5770623658599032,322149667,0.092579595930484,0.4229376341400968,0.4844827699294192,9.46208572456708,12862.684506486994,5.0,41060.0,340.1058572156159,344.6274043712818,1.0,10
10_227,2022,0.4544960707257104,0.09311690540599642,2022-23,0.357563152774063,689619350,0.0297228492790986,0.6424368472259371,0.3278403034949643,9.837126730041318,18715.86296298303,15.0,24743.0,358.35106523598625,362.0479088355011,1.0,10
10_228,2022,0.41416266399725243,0.07218248845849518,2022-23,0.4536063807051524,290343709,0.1883439396305294,0.5463936192948475,0.265262441074623,9.59091498494056,14631.250785717724,12.0,17893.0,375.9933817255015,379.12627703592864,1.0,10
10_229,2022,0.4204080230860822,0.06260484867577812,2022-23,0.4277753919230512,167519746,0.0488791751152726,0.5722246080769487,0.3788962168077786,8.006367567650246,3000.0,1.0,74627.0,408.6950021492522,411.3870859310678,1.0,10
10_230,2022,0.37062720263823007,0.07204634477050463,2022-23,0.4193566216213304,90971164,0.0679931500052038,0.5806433783786695,0.3513634716161266,9.903487552536127,20000.0,3.0,205077.28195293044,443.1054756914754,445.83700783286497,1.0,10
10_231,2022,0.4379505917590967,0.08717713591366923,2022-23,0.396114631739709,742978273,0.0506777813779027,0.6038853682602909,0.3494390030433635,9.4495052849484,12701.8798978926,9.0,50316.0,494.13495962545255,496.0381577450074,1.0,10
10_232,2022,0.3137973908498308,0.047812552674922314,2022-23,0.4289179600111344,194463081,0.0248075880274672,0.5710820399888656,0.4041103719836671,9.104979856318357,9000.0,2.0,25736.0,530.2929903394368,531.7610613472746,1.0,10
10_233,2022,0.39545648844431774,0.07733015904301224,2022-23,0.5536595419717774,634118523,0.0401926723089904,0.4463404580282226,0.513466869662787,9.951326652324688,20980.037142487796,23.0,40206.0,,,,10
10_234,2022,0.10280188434663724,0.04211710072028617,2022-23,0.3520248355558303,559046880,0.0642270161672309,0.6479751644441697,0.2877978193885994,9.885887747991108,19651.083347993812,20.0,73456.0,506.0893029403672,506.67176178567007,1.0,10
10_235,2022,0.590256021810643,0.10993641995831051,2022-23,0.1206519129695808,112393162,0.0156103802827435,0.8793480870304191,0.1050415326868373,,,,48439.0,462.97208565311354,463.5965570187295,1.0,10
10_236,2022,0.7876826230158864,0.1636723563163337,2022-23,0.5273604331845654,643014600,0.0397219285534107,0.4726395668154347,0.4876385046311545,9.694836173840406,16233.563092433456,33.0,75352.0,413.48138504078617,414.5080587858931,1.0,10
10_237,2022,0.559018647304579,0.10908401640949643,2022-23,0.2467798032802162,237621042,0.0400364038467603,0.8242607103460462,0.2067433994334559,9.047821442478408,8500.0,2.0,36058.0,368.54821369447785,370.7149545015947,1.0,10
10_238,2022,1.0671460990357073,0.2230508752907308,2022-23,0.2615696005804007,695825469,0.0426233722698069,0.7384303994195992,0.2189462283105938,10.184900011974314,26500.0,2.0,22366.0,316.9633565429193,320.3359220821691,1.0,10
10_239,2022,0.41704565853910897,0.06524989030983071,2022-23,0.6102257920575029,833360580,0.042729510915911,0.3897742079424971,0.5674962811415918,9.153097341839116,9443.64532433698,7.0,24556.0,435.43910466852395,437.4294309783235,1.0,10
10_240,2022,0.07728070858799665,-0.0006631803908737503,2022-23,0.6363324992121356,594344085,0.0673355401526373,0.3636675007878643,0.5689969590594983,9.397882183109273,12062.806843288365,34.0,10205.70176796382,462.22404589463173,463.80361948063086,1.0,10
11_241,2022,0.13016442500155015,0.01988197020194663,2022-23,0.1647637455181533,37096037,0.0258868352972583,0.8352362544818467,0.138876910220895,,,,493.0,,,,11
11_242,2022,0.3155960285827279,0.06235867875309208,2022-23,0.4901645908779584,121028214,0.0501949735455899,0.5098354091220416,0.4399696173323684,9.995723398197905,21932.46850923745,58.0,729.0,,,,11
11_243,2022,0.2543507820790434,0.025372780435766136,2022-23,0.3843994500367501,34848874,0.0464939268912964,0.6156005499632499,0.3379055231454537,10.49616198254615,36176.39026982046,14.0,2351.432621359223,,,,11
11_244,2022,0.30064996902129437,0.04798065518626934,2022-23,0.4366492861346231,19880289,0.1586261145398842,0.5633507138653769,0.2780231715947389,,,,15668.429897528633,,,,11
12_245,2022,-0.010889147973332512,0.0051038548002017205,2022-23,0.4653769622641649,8104286,0.0453809255991212,0.5346230377358351,0.4199960366650436,9.86526633971593,19250.0,2.0,1031.0987066031314,657.1950693890848,666.3446372758485,0.0,12
12_246,2022,0.1326360231779107,0.03325645030804637,2022-23,0.224199851250329,49493891,0.020356835553705,0.775800148749671,0.203843015696624,9.599350871399125,14755.200433607191,18.0,8235.204527674297,651.7602310875525,660.828953704449,0.0,12
12_247,2022,0.01675220559707598,0.016061971199113248,2022-23,0.6366875218840736,27688515,0.1084761317102054,0.3633124781159264,0.5282113901738681,9.62465509536133,15133.333333333334,3.0,1080.0,698.2233615532848,707.2210633955294,0.0,12
12_248,2022,0.3494571970055006,0.04776673510853837,2022-23,0.1132488262395822,44124422,0.0106341109692043,0.8867511737604178,0.1026147152703779,9.491824611142253,13250.95111552947,3.0,17251.338927914043,728.8169331576814,737.654073108453,0.0,12
12_249,2022,0.6624888449954331,0.10700176569434908,2022-23,0.1599378966826629,12079870,0.012316627200001,0.840062103317337,0.1477466231010764,9.341368634382588,11400.0,3.0,1576.0,829.7490568223386,838.7291795888216,0.0,12
12_250,2022,0.286267379325008,0.04943043876212465,2022-23,0.1456724236736828,13094304,,0.8543275763263172,0.1456724236736828,,,,7079.383346359542,870.6519599439752,879.5432209821407,0.0,12
12_251,2022,0.3547032097166027,0.05340166606464384,2022-23,0.3419381988854929,32913743,0.0304964403471218,0.6580618011145071,0.311441758538371,9.837420227450195,18721.35682644551,4.0,6113.0,902.4703605737077,911.1976027944269,0.0,12
12_252,2022,0.06516878297393634,0.009237643052405492,2022-23,0.2485822746599279,8242076,0.0382651662931854,0.7514177253400721,0.2428226820524343,,,,2449.0,937.8571478679282,946.7767798833073,0.0,12
12_253,2022,0.09021040215654921,0.014044018162349983,2022-23,0.6828442310300747,20252307,0.1186839109243208,0.3171557689699252,0.5641603201057539,9.69523261371567,16240.0,1.0,4274.783276494452,946.1240994278495,954.3565251633235,0.0,12
12_254,2022,0.10733429037289785,0.020192527315286028,2022-23,0.2126244085359331,23118691,0.0296595512263215,0.7873755914640669,0.1829648573096115,9.638870753015343,15350.0,4.0,2482.0,847.5489195376741,855.8202797417633,0.0,12
12_255,2022,0.16743842119928629,0.02932355342265054,2022-23,0.2196284872984436,44210763,0.0209382724292724,0.7803715127015564,0.1986902148691711,9.493923078432458,13278.786999140377,10.0,5432.0,778.152152857276,787.0004138740929,0.0,12
12_256,2022,0.020123960374881074,0.0012063078070218122,2022-23,0.397081067629897,40169276,0.0620420442728417,0.602918932370103,0.3350390233570552,9.806020939791896,18142.65255438539,7.0,2317.786039981207,771.0885462219916,780.1074515899389,0.0,12
12_257,2022,0.06392290635257417,0.010764228091256068,2022-23,0.2013594769564069,10596134,0.0160832243155852,0.7986405230435931,0.1852762526408216,8.965167479465947,7825.692261870363,8.0,575.5528967491168,1015.3896452625582,1024.1761337984346,0.0,12
12_258,2022,0.2495580628689329,0.033754763962490206,2022-23,0.0902368176119848,18037172,,0.9097631823880152,0.0902368176119848,,,,4330.0466738325595,972.9955174339447,981.6506832417897,0.0,12
12_259,2022,0.40242851133863283,0.05826609147194309,2022-23,0.3073452246812473,46200874,0.0236341416398313,0.6926547753187526,0.283711083041416,9.562848800835685,14226.316468603656,5.0,7112.0,962.5323729589329,970.9684262335477,0.0,12
12_260,2022,0.06345903351250141,0.00764136105289372,2022-23,0.1687848947664595,22831504,0.0110753544751147,0.8312151052335405,0.1577095402913448,,,,684.0,1026.9965103165812,1035.3800266692956,0.0,12
13_261,2022,-0.23670566661560724,0.0036125979320956792,2022-23,0.5193786295460038,59704609,0.0278795561662584,0.4806213704539963,0.4914990733797453,9.238447806071768,10285.06175116812,12.0,10789.0,800.441599699235,808.7250562943533,0.0,13
13_262,2022,0.04046937633043074,0.012588849846529915,2022-23,0.7885802689763541,103310717,0.1417565420632982,0.2114197310236459,0.6468237269130559,9.455541717937413,12778.785829955284,42.0,10042.0,744.9240698176426,753.2214599424225,0.0,13
13_263,2022,0.04881931639018544,0.01674476963889976,2022-23,0.1892830585538345,35767649,0.041969825861353,0.8107169414461655,0.1473132326924814,,,,8212.0,719.1468086219421,727.2191373455408,0.0,13
13_264,2022,-0.07754707103953477,0.007277020962063024,2022-23,0.7217609374791188,67121111,0.0959821120958501,0.2782390625208811,0.6257788253832688,9.551014952519145,14058.956606109185,20.0,8328.0,700.0360937964704,708.2910088291693,0.0,13
13_265,2022,0.23241703969359323,0.1332344161404006,2022-23,0.2163611381697295,90438427,,0.7836388618302704,0.2163611381697295,9.95227771670556,21000.0,4.0,24250.0,642.5983453446128,650.7582308727058,0.0,13
13_266,2022,0.2221478175977546,0.049407837030746145,2022-23,0.4789477121110368,14762386,0.0247197168222936,0.5210522878889632,0.4600015878192048,9.903487552536127,20000.0,3.0,8334.0,699.7503028489056,707.5985936993729,0.0,13
13_267,2022,0.014427575550043868,0.006737411478980365,2022-23,0.1445901801430351,15636297,0.0496293335947763,0.8554098198569648,0.0949608465482588,,,,7818.0,760.6464887786772,768.7015052318833,0.0,13
13_268,2022,0.03175717289072365,0.00441597036612735,2022-23,0.2732557521817589,51860105,0.0208499577854691,0.726744247818241,0.2524057943962898,,,,2020.0,771.9022798247335,780.1646035167258,0.0,13
13_269,2022,-0.03058961786012077,-0.007137114352612337,2022-23,0.606108761993464,70889028,0.0897853755308931,0.3938912380065361,0.5163233864625708,9.539662582356158,13900.256641368724,13.0,3380.0,735.1390224196712,743.013472414693,0.0,13
13_270,2022,0.05101610648611409,0.010922223117251611,2022-23,0.3252573735731844,47867871,0.0306808297365053,0.6747426264268156,0.2945765438366791,9.5136145391878,13542.857142857143,3.0,26504.0,671.7789204845539,679.8273520822025,0.0,13
13_271,2022,0.04478852435975645,0.008748880379622894,2022-23,0.1970980604950818,81485434,0.0020785086130933,0.8029019395049182,0.1952950020490778,9.903487552536127,20000.0,1.0,3624.0,613.3579216933474,621.3976672362425,0.0,13
14_272,2022,0.24419462128529812,0.045842108572412804,2022-23,0.8533307598349369,221980580,0.1516523472458716,0.146669240165063,0.7016784125890653,9.481766284484287,13118.336777891282,391.0,6185.0,634.3377654126348,642.0147604426747,0.0,14
14_273,2022,0.2748790375847499,0.052622512391305026,2022-23,0.717819179463204,127450689,0.0304815770748795,0.282180820536796,0.6873376023883245,9.469420200796888,12957.372378751676,113.0,5510.0,576.8721133610234,584.5299499302398,0.0,14
14_274,2022,0.15866478632219796,0.032703451511444284,2022-23,0.3064603319092173,62682863,0.0541951154975164,0.6935396680907826,0.2522652164117009,,,,11647.0,540.5144604104701,547.5709325903379,0.0,14
14_275,2022,0.4161531361589837,0.0801271736354775,2022-23,0.2280540539579173,74780907,0.0366912639880123,0.7719459460420827,0.191362789969905,,,,26235.0,584.5393499060536,591.7212932052548,0.0,14
14_276,2022,0.38071811297780034,0.0821167006145577,2022-23,0.4869571832804529,44336512,0.0446636397558743,0.5130428167195471,0.4422935435245785,9.383055831363563,11885.278725169026,42.0,30856.0,600.2967704653419,607.4181495941019,0.0,14
14_277,2022,0.45646149042803996,0.09518610276801336,2022-23,0.5769369601304334,155464519,0.053499750640852,0.4230630398695666,0.5234372094895814,9.648417891033509,15497.250359872232,139.0,25738.0,531.206491880321,538.7702230337535,0.0,14
14_278,2022,0.3924839200977528,0.09536019917933562,2022-23,0.5752520471542443,74214486,0.0725595000415417,0.4247479528457557,0.5026925471127025,9.574735443104602,14396.428631527184,73.0,92684.76702103742,608.7108166713931,616.107714437413,0.0,14
14_279,2022,0.06305190781855556,0.011453406570870513,2022-23,0.400389922817945,30093135,0.1084313747969429,0.599610077182055,0.2919585480210021,9.946444585312896,20877.86081403357,5.0,8069.0,662.1684062108765,669.5787600153055,0.0,14
14_280,2022,0.2593844300239523,0.05002553800908382,2022-23,0.3250128260397529,29631126,0.0423062221800143,0.6749871739602471,0.2827066038597385,9.678800532627674,15975.32355105297,18.0,5777.0,601.900990882729,608.6843379653691,0.0,14
15_281,2022,0.1290021628370028,0.02679203278432804,2022-23,0.4882365661549381,67298249,0.0077229349607595,0.5117634338450618,0.4805136311941786,9.799287297239362,18020.89680702328,108.0,3266.0,431.5256127897306,438.26826207443526,0.0,15
15_282,2022,0.21065598143126785,0.05173489110293777,2022-23,0.6815342181475933,178733331,0.0226786015642488,0.3184657818524067,0.6588556165833445,9.875633398289176,19450.6039171438,349.0,3844.0,471.6188333660193,478.84426916460154,0.0,15
15_283,2022,0.021878632155021633,0.011162023967220623,2022-23,0.257500926251022,33098479,0.0139682249447172,0.7424990737489781,0.2435327013063047,9.882185002218792,19578.45492747403,17.0,2030.0,473.7220005536688,480.3823659643395,0.0,15
15_284,2022,0.15529663678095046,0.029009062121493564,2022-23,0.4090214328302319,39950860,0.0128402242154486,0.590978567169768,0.3961812086147833,10.02463587204088,22575.846437402728,19.0,6297.0,500.9176629151088,507.07129923337925,0.0,15
15_285,2022,0.04429793666756561,0.03143162075538929,2022-23,0.4816768642726725,18414943,0.0642432276043663,0.5183231357273276,0.4420779906839788,9.764863253374038,17411.100705644774,37.0,2890.0,468.3872404492037,474.2107432306711,0.0,15
15_286,2022,0.1348657131410529,0.02543966109574556,2022-23,0.3964361791781274,11154040,,0.6035638208218727,0.3964361791781274,9.599807470354586,14761.939181048247,22.0,10186.0,441.13164013883846,446.4982810009247,0.0,15
15_287,2022,0.0632462479251433,0.008704270157276968,2022-23,0.4474742256604476,66794922,0.0481129837983791,0.5525257743395523,0.3993612418620685,9.980552289414652,21602.239944170084,83.0,4417.0,,,,15
15_288,2022,0.06658353305799546,0.009969037811130656,2022-23,0.3026941049055589,36304711,0.0058012106921558,0.6973058950944411,0.298266167164917,9.653143960958296,15570.664792939979,22.0,3242.0,469.6834185719583,473.9404582111191,0.0,15
16_289,2022,0.7189059763433944,0.11873224319487563,2022-23,0.6221827976672927,60396088,0.1489816029144139,0.4404098464735559,0.4732011947528787,9.81110027693735,18235.039637363538,22.0,158224.69285824432,338.71879135359455,346.0513064447843,0.0,16
16_290,2022,0.659554158934523,0.10923196661873326,2022-23,0.3887745206201712,96804240,0.0543454088374641,0.6112254793798289,0.334429111782707,9.438333869028444,12560.771572016763,25.0,73210.0,337.6326914595667,344.0983784057892,0.0,16
16_291,2022,1.0619788080425978,0.19275012194933505,2022-23,0.7571136732748327,209996642,0.1316322477194659,0.2428863267251673,0.6254814255553668,9.63075786642768,15225.970987821387,240.0,27378.127552012444,383.2392610044538,390.36970742544304,0.0,16
16_292,2022,1.5047469960206097,0.24791963050725227,2022-23,0.427388122859043,149156721,0.0620348311357689,0.572611877140957,0.3653532917232741,9.374186929558068,11780.335409087262,52.0,60501.0,416.119396012333,423.5296872174025,0.0,16
17_293,2022,0.1487298204570381,0.02433688444665485,2022-23,0.6786339837304958,166768819,0.4596323728838063,0.3213660162695042,0.2190016108466895,9.74202320725984,17017.937388346214,73.0,37294.0,372.251018767831,381.4133099351786,0.0,17
17_294,2022,0.05484133022557077,0.013180297132685098,2022-23,0.2173592915797509,176693086,0.1445507154705533,0.7826407084202491,0.0728085761091976,9.752586218383373,17198.650808926395,7.0,10865.0,411.30842432455876,420.4488884549139,0.0,17
17_295,2022,0.12798320117586498,0.008472828122191736,2022-23,0.2837902836528287,48990592,0.1917993356765315,0.7162097163471713,0.0919909479762971,8.718443883632007,6114.656563792689,9.0,6779.0,370.1630280087986,379.2494504086113,0.0,17
17_296,2022,0.2119473417832678,0.05782713151584966,2022-23,0.5984123121469587,32784404,0.3699542929009781,0.4515386296166974,0.2284580192459805,8.88875674784872,7250.0,1.0,10751.0,431.7214298394448,440.6693867014813,0.0,17
17_297,2022,1.1651099541616647,0.49936158322500557,2022-23,0.3784128330589704,48842852,0.1963770256495259,0.6215871669410296,0.1820358074094444,8.388859168174633,4397.797683723168,9.0,9871.0,,,,17
17_298,2022,0.31717276313338083,0.04912378768499241,2022-23,0.2774905403329425,93833905,0.1684492295189036,0.7859699874094571,0.1090413108140389,9.19624144759668,9860.0,1.0,53822.0,458.8949077213221,467.57779225714046,0.0,17
17_299,2022,0.42395320772849693,0.06830810862508561,2022-23,0.2582885753705003,43825535,0.1787551252939639,0.8182771444693058,0.0795334500765364,9.913190327997514,20195.0,2.0,10813.0,502.8773041410276,511.31215097844154,0.0,17
18_300,2022,0.5053468571050219,0.08295777829700622,2022-23,0.6081084944825111,218909639,0.006055156370367,0.3918915055174888,0.6029969196559681,9.365232891600073,11675.324675324677,15.0,42495.0,462.7843729026204,471.88195362060446,0.0,18
18_301,2022,0.35235308566127876,0.0622561452867631,2022-23,0.6447844153485085,191931196,0.1229008232721063,0.3552155846514914,0.5218835920764022,9.864857477063726,19242.131002724247,6.0,98682.0,413.93170877153904,423.0506018722106,0.0,18
18_302,2022,0.4578773447367654,0.07707219960028418,2022-23,0.4044277907234562,203140721,0.1320624041695707,0.5955722092765439,0.2723653865538855,10.806080929829402,49319.80136662132,29.0,57347.0,439.21806988489107,448.379003066074,0.0,18
18_303,2022,0.9239699878776731,0.20545349778594232,2022-23,0.4960349101538002,365740010,0.0870787448165706,0.5039650898461998,0.4089561653372295,9.403298378630476,12128.318615820772,29.0,94130.0,486.55359984449973,495.7011673562355,0.0,18
18_304,2022,0.3072034693729422,0.056149504716923,2022-23,0.603102014577962,57389092,0.0971428743199072,0.4943239140299367,0.5839561985054581,9.397661978350522,12060.150848259718,6.0,34379.0,,,,18
18_305,2022,0.42636988482209953,0.07084359451860336,2022-23,0.3615875279970145,740497706,0.0535783361359933,0.6384124720029856,0.3080091918610211,9.63080314770859,15226.66045490067,9.0,138675.0,596.333809216815,605.0265311119763,0.0,18
18_306,2022,0.43443558177346586,0.07154233325813121,2022-23,0.3081277423673876,217781497,0.0235988092229892,0.6918722576326124,0.2845289331443984,,,,79601.0,644.4623521151922,653.3167155499981,0.0,18
18_307,2022,0.2744315407030888,0.04578283775003675,2022-23,0.5787518199720815,209151560,0.0246605428140244,0.5309927437124481,0.5540912771580571,9.745613837475029,17079.152342897243,19.0,56588.0,758.4791400774795,767.1583874098545,0.0,18
18_308,2022,0.1907939693557958,0.032674568246192505,2022-23,0.4385259469201533,227936378,0.2033546132772189,0.5614740530798467,0.2351713336429343,10.149806084174836,25586.140168112877,18.0,25672.0,835.6386704724376,844.2946776607322,0.0,18
18_309,2022,0.6412035938471177,0.23364269615221792,2022-23,0.2705030420553638,205012541,0.0473179101760413,0.7294969579446362,0.2231851318793224,,,,76088.0,901.0851951719893,909.5540438936837,0.0,18
18_310,2022,0.4950030944650181,0.06180324794848124,2022-23,0.4605612261613684,153252977,0.1021662045755887,0.5394387738386315,0.3583950215857797,10.052318057451757,23209.525550283102,9.0,91629.0,842.777985302337,851.3024992340215,0.0,18
18_311,2022,0.5301923291914222,0.07961189932074611,2022-23,0.7935285829552029,162620921,0.065662541660307,0.206471417044797,0.7278660412948958,9.325392823450446,11219.322830309293,15.0,83878.0,801.1265605299404,809.5765007248865,0.0,18
18_312,2022,0.37785091627942063,0.0583636582071698,2022-23,0.4561541472146816,257083231,0.044433469874976,0.5438458527853184,0.4117206773397056,9.406455261165672,12166.666791535585,9.0,68430.0,743.089072576657,751.6011876173263,0.0,18
18_313,2022,0.3865400223198716,0.0656448723107826,2022-23,0.3905173459013466,51952417,0.1197734457667292,0.6094826540986533,0.2707439001346174,9.455618158051738,12779.762679139822,6.0,54225.0,688.0500357129712,696.5410164356992,0.0,18
18_314,2022,0.45320682969986037,0.06656490231470037,2022-23,0.8088829383126312,518166809,0.0638644359793411,0.1911170616873687,0.7450185023332901,9.506610078886055,13448.328186274646,44.0,32744.0,608.7709217441347,617.2977803953027,0.0,18
18_315,2022,0.1841635577869876,0.028197112600705114,2022-23,0.3843445634884932,445352143,0.0896023621469359,0.6156554365115068,0.2947422013415572,9.565174445462704,14259.440327293629,41.0,13030.0,556.7200330464592,564.8966678103188,0.0,18
18_316,2022,0.45633394670871874,0.07332443678279,2022-23,0.6195255443220765,312006636,0.0439691801939751,0.3992208970402854,0.5755563641281014,9.267279958762108,10585.91855527275,5.0,110654.62145423962,510.82929919572894,518.6372052987739,0.0,18
18_317,2022,0.6948809928053448,0.11601416032101942,2022-23,0.8304078528614826,216689420,0.1004499435182391,0.1695921471385174,0.7299579093432434,9.442615148043233,12614.663019603162,16.0,65425.0,457.11840103131567,464.92772366885185,0.0,18
18_318,2022,0.4494382635585657,0.06734453436320224,2022-23,0.6674602196903054,257260692,0.1864426066303203,0.3325397803096945,0.4810176130599851,9.936030924256434,20661.573971453778,42.0,29163.0,471.6706257678822,479.29074811575845,0.0,18
18_319,2022,2.2421604606291115,0.6760369791587348,2022-23,0.5132858351851199,313224983,0.0152661130482047,0.48671416481488,0.4980197221369152,9.516890145903623,13587.290950775832,39.0,40304.0,469.3012449984785,478.46358331266293,0.0,18
18_320,2022,0.6513215965761291,0.10320928802251195,2022-23,0.5727481076218983,183891237,0.0759366037654094,0.4272518923781018,0.4968115038564888,9.872183372890431,19383.614463712784,6.0,16851.0,495.5391447229379,504.6937598311184,0.0,18
18_321,2022,0.4123713405417607,0.08770174436619303,2022-23,0.6376592025273551,293179862,,0.3623407974726449,0.6376592025273551,10.049206763400145,23137.42611093725,9.0,60278.0,489.80096384973484,498.8604044645443,0.0,18
18_322,2022,0.3104379683598875,0.1393906613309274,2022-23,0.4043758699248781,86441372,,0.6367522352680968,0.4043758699248781,9.615805480084347,15000.0,1.0,217703.0,514.1596265903361,523.110649499156,0.0,18
18_323,2022,0.37852603621011033,0.06797999733200963,2022-23,0.9699231973616536,416044822,0.3242828797902933,0.0300768026383465,0.6456403175713601,9.859257312369092,19134.67307192812,68.0,51366.0,510.2053851940201,519.3080900027074,0.0,18
18_324,2022,0.4055518130280783,0.05883212552127376,2022-23,0.3941992241121013,151566483,,0.6058007758878986,0.3941992241121013,9.62161732369202,15087.431477049133,12.0,32774.0,534.1863445936216,543.3249444582246,0.0,18
18_325,2022,0.39397954937282065,0.06425597417610023,2022-23,0.456645247727026,270194359,0.1025647615389335,0.543354752272974,0.3540804861880924,9.516273234692862,13578.91138365456,30.0,39292.0,557.2969680455438,566.2843113354927,0.0,18
18_326,2022,0.3698903213259706,0.05939673270433309,2022-23,0.3855603366113183,310989424,0.0936540144207604,0.6908460845322478,0.2919063221905578,,,,30561.0,580.4667359548814,589.5105556182345,0.0,18
19_327,2022,0.386970297373443,0.04695488472053324,2022-23,0.3835649582925663,274145614,0.0127510921987612,0.6164350417074336,0.3708138660938052,9.782859736735809,17727.27577615636,3.0,112918.0,471.6294570731199,479.70326238144077,1.0,19
19_328,2022,0.5829188698522338,0.09650781790461878,2022-23,0.7332161039785673,521210182,0.1093652387627377,0.2667838960214326,0.6238508652158296,9.236785493459776,10267.97896570262,20.0,386211.0,449.88277368646396,458.5124703802415,1.0,19
19_329,2022,0.8583645711395135,0.13743908174404965,2022-23,0.5975051445850278,901943009,0.0976663759472634,0.4024948554149722,0.4998387686377643,9.510976430639856,13507.176700798123,43.0,218369.0,415.530659950036,424.36810693842546,1.0,19
19_330,2022,0.5265496259374608,0.10024800033652385,2022-23,0.615294559872016,1119400999,0.065647076486127,0.384705440127984,0.549647483385889,8.747186727488879,6292.959372283668,3.0,147623.38559176674,359.8831249494692,367.680200519232,1.0,19
19_331,2022,0.527248667882791,0.10775417387470405,2022-23,0.3868977101448172,573579373,0.0432366698793403,0.6131022898551828,0.3436610402654769,9.102049802367764,8973.668110212242,10.0,166087.0,304.0129113292183,312.36320295703445,1.0,19
19_332,2022,0.37797642904006806,0.09037850217737836,2022-23,0.8652463073196301,3208858150,0.2075027090243923,0.1347536926803698,0.6577435982952379,9.6009782825788,14779.232761686855,187.0,336754.0,279.7849672478559,287.3963308542243,1.0,19
19_333,2022,0.26408717857269925,0.054424891788502815,2022-23,0.6583094485847601,1775325017,0.1112499475356629,0.3416905514152398,0.5470595010490972,9.6561736703151,15617.910916626424,103.0,753822.0,173.00885635413798,180.7433184805186,1.0,19
19_334,2022,0.7094890542635041,0.1709820079694394,2022-23,0.3105434007024108,391372387,0.1057248681164621,0.6894565992975892,0.2086299059055529,8.922658299524402,7500.0,2.0,236722.40755218008,165.48234207590613,171.062483502026,1.0,19
19_335,2022,1.2975008902617122,0.33607819417678064,2022-23,0.7201651563085308,688208407,0.0402437295422344,0.2798348436914691,0.6799214267662964,9.28689604296701,10795.62288966562,44.0,724934.7285338315,110.51385551266597,115.16438996177133,1.0,19
19_336,2022,0.5603837351037518,0.11558218621127148,2022-23,0.3646522870633856,478303228,0.0109770250909861,0.7061925808252972,0.3635510776858064,10.026810768568128,22625.0,4.0,459013.0,100.03668900431425,108.70411601139507,1.0,19
19_337,2022,0.98815610283471,0.16273032133452572,2022-23,0.5463471029982632,392524221,0.0112682465130114,0.5668297981369415,0.5373287474150544,,,,1051646.0,,,,19
19_338,2022,0.7819130647947383,0.18239760809337138,2022-23,0.7992922274982804,2157004682,0.0545514569263229,0.2007077725017196,0.7447407705719574,8.822335676676568,6784.0915792236865,116.0,496548.9061325168,44.380681963908074,48.42887832765939,1.0,19
19_339,2022,1.1533656285928098,0.21058330190873897,2022-23,0.7017580328647113,535124069,0.2301681182649252,0.2982419671352888,0.471589914599786,9.693189382024949,16206.851793607831,40.0,258114.0,138.24630087000986,138.2168730687631,1.0,19
19_340,2022,0.8730161901715743,0.17406144544482113,2022-23,0.7722020332939598,2175828723,0.1489834349429167,0.2277979667060402,0.6232185983510431,9.25047975864109,10409.558594462427,135.0,208165.5,210.15623747624397,209.2221235895277,1.0,19
19_341,2022,1.473578398117421,0.36903419410504884,2022-23,0.5978632617924907,721012801,0.079233464261337,0.4021367382075093,0.5186297975311537,8.797776364910805,6619.508258050459,25.0,531098.0,30.332800628781982,25.66642939691887,1.0,19
19_342,2022,1.1599220006122595,0.1679978948818532,2022-23,0.6302632299832998,1955635424,0.0717089030393836,0.3697367700167002,0.5585543269439162,9.213629608586102,10032.946520846215,87.0,1281951.0,2.0525785017758627,7.122503606970725,1.0,19
19_343,2022,0.5972459447754774,0.1170951940431423,2022-23,0.5464789155913722,1884810013,0.1128341437774397,0.4535210844086279,0.4336447718139324,9.693339214658984,16209.28029083104,73.0,763056.0,,,,19
19_344,2022,1.4049311443560073,0.2740766172254382,2022-23,0.8852927705188394,1695984681,0.1657141300558716,0.1147072294811606,0.7195786404629677,9.51385655052668,13546.135064477634,161.0,399245.57102709654,,,,19
19_345,2022,1.0564763056699376,0.21470417807980124,2022-23,0.9322538673343898,1688760679,0.282081429845987,0.0677461326656102,0.6501724374884027,9.832721021588917,18633.58770082401,151.0,468526.6828235408,84.56238255023587,75.80132940890282,1.0,19
20_346,2022,0.5439734942936638,0.3485447040401336,2022-23,0.2604600413467518,197548287,0.0260859766402327,0.7395399586532482,0.234374064706519,,,,18131.0,496.2817278090215,462.38370123442587,1.0,20
20_347,2022,0.5928382368153978,0.09488888528351506,2022-23,0.2872440428966563,344431787,0.0825778487163845,0.7359411010673871,0.2046661941802717,,,,15862.0,389.49490648578177,389.342083028974,1.0,20
20_348,2022,0.7069117037207607,0.12843219867499175,2022-23,0.3143870293587352,674912691,0.0472481558359079,0.6856129706412648,0.2671388735228273,9.305650551780507,11000.0,2.0,21900.0,343.3156482354491,344.687749125447,1.0,20
20_349,2022,0.6332251774709374,0.15557476809728402,2022-23,0.4781156304267946,199090245,0.036875322545311,0.5218843695732054,0.4412403078814836,10.406738439647311,33081.79597881218,5.0,46334.0,293.3019940148693,295.22926001447337,1.0,20
20_350,2022,0.5184570516118129,0.1623443875728229,2022-23,0.7927418353371531,242426575,0.4560199144833853,0.2408624989816831,0.3367219208537678,9.87192979936536,19378.69991539056,8.0,43130.0,250.54558049822873,253.9769854216635,1.0,20
20_351,2022,0.5570636571184455,0.10787388661683171,2022-23,0.3438252407219918,261803874,0.1160699936777864,0.6561747592780083,0.2277552470442053,9.820064596215555,18399.23922390815,6.0,27505.0,269.7117775666645,275.4990603770756,1.0,20
20_352,2022,0.8042217117791296,0.16479079852514122,2022-23,0.3473224661408559,173658775,0.0037999482146758,0.6526775338591442,0.3437184847123331,8.905329482908853,7371.15347849274,4.0,28145.0,273.19422576253305,279.9439010826382,1.0,20
20_353,2022,0.7442073737231604,0.10116154399788897,2022-23,0.6416226021747056,118174894,0.1108166849720212,0.3583773978252944,0.5308059172026843,9.871410765175844,19368.6443174114,5.0,20137.0,227.24879197291216,233.6330697715582,1.0,20
20_354,2022,0.8654727541458541,0.2722495915072815,2022-23,0.6117295929074842,380598375,0.0965198393188094,0.4703695434244305,0.5152097535886747,9.011407814679734,8196.051678573376,4.0,88912.0,233.87250742393567,235.2030488503426,1.0,20
20_355,2022,0.41520966175502894,0.361350330178658,2022-23,0.210480920864073,271610466,0.0563751935900448,0.8077079919508847,0.1553752497887912,9.210340371976184,10000.0,1.0,74037.44106208932,267.7733564211746,267.71051030250123,1.0,20
20_356,2022,0.9137480164040115,0.16211583211411706,2022-23,0.7585382212060312,338528211,0.2451788988422001,0.2414617787939688,0.513359322363831,10.012540917834285,22304.437258014124,44.0,14562.0,384.0369737568514,382.03326877903214,1.0,20
20_357,2022,1.7893453064704863,0.3761016679830483,2022-23,0.6522235499583772,667917172,0.1711592841035684,0.3477764500416228,0.4810642658548087,9.886750081105172,19668.03643644624,37.0,113780.0,192.7509345728185,188.6024153964192,1.0,20
20_358,2022,0.6977161089911763,0.1272460396038575,2022-23,0.0706708611602369,98392490,,0.9293291388397632,0.0706708611602369,8.740336742730447,6250.0,2.0,26858.0,456.35104414491303,455.61592787425593,1.0,20
20_359,2022,0.7177776602775509,0.15340408387468785,2022-23,0.2553272425621486,248064920,0.086506040434899,0.8056706258524889,0.1688212021272496,,,,15124.0,412.9444624664155,411.37015035273953,1.0,20
20_360,2022,0.9802244131815577,0.23706097184818484,2022-23,0.7637650508541675,288581462,0.0973792419140214,0.2362349491458325,0.666385808940146,9.504525819488306,13420.327572276372,31.0,45312.0,333.65829092146555,333.66027705975483,1.0,20
20_361,2022,0.38705443768346837,0.42078945185073496,2022-23,0.4783587893014144,191185422,0.0226798380397154,0.738437992491567,0.4717002533801975,9.280478255503676,10726.56072661173,4.0,30495.0,304.16071001035186,303.32736313063407,1.0,20
20_362,2022,1.3724700885607353,0.25333309591687453,2022-23,0.4115910840907074,294519820,0.0929969263189146,0.5884089159092927,0.3185941577717927,9.356081331976014,11568.96466771624,9.0,36808.0,219.27453114797325,224.17028772570953,1.0,20
20_363,2022,2.2078528521585072,0.3728456088617941,2022-23,0.6354680100110346,11272761,0.1995073788932454,0.3645319899889654,0.4359606311177891,,,,21955.0,210.53822437462657,213.52818448880313,1.0,20
20_364,2022,1.2177904622555829,0.228931549082129,2022-23,0.4215042874616481,139482064,0.0050368987026304,0.7042610381114071,0.4173668666101757,,,,114784.0,312.0818289395872,310.1605791961991,1.0,20
20_365,2022,1.468219419331387,0.255156650065182,2022-23,0.7052090428829814,487291189,0.1889077518288556,0.2947909571170186,0.5163012910541257,10.03658661307054,22847.263116615788,34.0,10858.0,314.529810654195,311.5487367037796,1.0,20
20_366,2022,1.261291166088551,0.2291040043525602,2022-23,0.8576390066640122,471974081,0.1057956464350846,0.1423609933359878,0.7518433602289275,9.533507183463817,13814.95781052296,103.0,22126.0,368.68948936696864,368.68948936696864,1.0,20
20_367,2022,1.0211794272072852,0.11116058077058867,2022-23,0.6923746346004348,187132475,0.0642378873304293,0.3862504059569095,0.6412129963011498,,,,12686.0,321.98409392534677,321.98409392534677,1.0,20
20_368,2022,0.8293417877494167,0.15788190931540863,2022-23,0.3217922383374508,82541388,0.043762049194326,0.7954721689375337,0.3153410625951674,10.322767347095668,30417.316504979088,3.0,43603.0,253.99454532325183,253.99454532325183,1.0,20
20_369,2022,3.73021122275995,0.8452487330183295,2022-23,0.7515925365188258,210176185,0.0307396387464164,0.2837440587849114,0.7208528977724094,9.80950003517269,18205.882500811484,2.0,37433.0,,,,20
21_370,2022,0.7165524370515521,0.14001965155356713,2022-23,0.4440358515314919,162619887,,0.5559641484685081,0.4440358515314919,,,,141299.0,347.11752218422566,252.1438542166224,1.0,21
21_371,2022,0.6998709767284866,0.151684787103688,2022-23,0.6402253253768789,197108735,0.1740928173477446,0.3802153170483678,0.4661325080291342,,,,58205.0,315.4893654394358,315.4893654394358,1.0,21
21_372,2022,0.5537638933006603,0.12168255935825535,2022-23,0.2538891439525085,484360639,0.0324957247403416,0.7816764535257944,0.2213934192121668,9.751679972349512,17183.071660180187,5.0,126224.0,267.89197846408905,267.89197846408905,1.0,21
21_373,2022,0.2147086892095113,0.045074377209896994,2022-23,0.5933294245882195,624872330,0.1101491659904352,0.4066705754117805,0.4831802585977843,9.85195974380558,18995.5447499135,25.0,40806.0,222.71225857325382,222.71225857325382,1.0,21
21_374,2022,1.8527334770314916,0.48570531643069564,2022-23,0.1770805788150087,302688281,0.007700124894052,0.8229194211849913,0.1696765855299168,,,,169597.0,287.1322750318957,287.1322750318957,1.0,21
21_375,2022,2.1298755412108594,0.39500954223876583,2022-23,0.6252643626218215,376130613,0.3614615702657523,0.4542605845265525,0.2638027923560691,9.547820502435414,14014.1176270718,12.0,136451.0,161.5265128932558,161.5265128932558,1.0,21
21_376,2022,3.2475811975108586,0.6007535641957054,2022-23,0.1387419959119568,98810601,0.0370319779757234,0.8612580040880431,0.1017100179362333,,,,326095.2193784278,172.7249788479643,172.7249788479643,1.0,21
21_377,2022,0.7666163921529032,0.18098539769737643,2022-23,0.6998688637881701,234763530,0.0867683877474495,0.3001311362118298,0.6131004760407206,11.20018118995069,73143.69353506654,10.0,168227.0,131.35472086345192,131.35472086345192,1.0,21
21_378,2022,0.35241211522273613,0.05886053790726967,2022-23,0.6884533031756458,381634035,0.0984764107844836,0.3115466968243542,0.5899768923911621,10.227218111091393,27645.49629632344,20.0,80903.0,72.78660717890564,72.78660717890564,1.0,21
21_379,2022,0.45949020898576143,0.07488499708548078,2022-23,0.7420178582507562,470227242,0.4039346937708896,0.2579821417492439,0.3380831644798665,10.050230114160277,23161.115932966684,23.0,78948.0,25.711095318517717,25.711095318517717,1.0,21
21_380,2022,0.5055587760631038,0.09451569515051819,2022-23,0.6485355551587175,282253444,0.1464752330887413,0.3514644448412824,0.5020603220699762,9.989595138288768,21798.47164493012,10.0,87830.0,29.059713091870787,29.059713091870787,1.0,21
21_381,2022,0.5009619412581805,0.09902463017641303,2022-23,0.4282921973511214,393136555,0.0410555131409746,0.5717078026488785,0.3872366842101468,9.767633617933368,17459.402678122155,12.0,234544.0,93.68365624314218,93.68365624314218,1.0,21
21_382,2022,0.586098921562659,0.19119699835201978,2022-23,0.6741939512013617,215908361,0.1238946184210068,0.3258060487986382,0.5502993327803549,10.066465886357696,23540.223761555822,3.0,107124.70441408303,74.94696569829884,74.94696569829884,1.0,21
21_383,2022,0.9142931623831273,0.19854069852873973,2022-23,0.5139757524054522,282135615,0.120825433541951,0.4860242475945477,0.3931503188635011,9.316502891090378,11120.025834968155,7.0,72324.0,123.89440663288055,123.89440663288055,1.0,21
21_384,2022,0.6339138885074991,0.10604163508275087,2022-23,0.5546197706341762,259783341,0.0725483471243831,0.4453802293658237,0.4820714235097931,9.741183350492756,17003.650758669868,8.0,92310.0,188.592067586993,188.592067586993,1.0,21
21_385,2022,1.7309483219906592,0.30309046685811186,2022-23,0.6538253693044082,153372120,0.0754120566371515,0.3461746306955918,0.5784133126672566,9.927754716202791,20491.28015212047,21.0,69921.0,165.50620081427007,165.50620081427007,1.0,21
21_386,2022,0.4402549199070798,0.07491138997251133,2022-23,0.4873888092615184,783308270,0.1704323637486937,0.5126111907384815,0.3169564455128247,9.466689863879978,12922.042639593194,43.0,197576.0,115.37280368743421,115.37280368743421,1.0,21
21_387,2022,0.47279229108647314,0.08660264002909633,2022-23,0.2335966098369205,604525019,0.0307738247637357,0.7664033901630795,0.2028227850731848,9.514054439287236,13548.81595760646,4.0,126239.0,103.06020745176511,103.06020745176511,1.0,21
21_388,2022,1.005370734557107,0.19847620734869853,2022-23,0.7487390097433206,138748693,0.1926205748114687,0.2512609902566794,0.556118434931852,9.791926832866606,17888.74159660996,11.0,269474.0,212.98197436406917,212.98197436406917,1.0,21
21_389,2022,0.5430367366089501,0.08723201357535036,2022-23,0.4557442551996262,193332697,0.0851962252406792,0.5442557448003739,0.3705480299589468,10.233289865400868,27813.863582741837,7.0,42431.0,189.39590693842428,179.0893513658311,1.0,21
21_390,2022,1.8230144677576885,0.3047363214548889,2022-23,0.3872377382738293,139450533,0.1126375831062617,0.6127622617261707,0.2746001551675676,10.51407360726486,36830.206168499346,7.0,58940.0,263.80357882407196,263.80357882407196,1.0,21
21_391,2022,0.7409585188894136,0.12308195289433714,2022-23,0.8127656909533724,327036916,0.0422635100925425,0.1872343090466276,0.7705021808608298,10.13717476581867,25264.98605606495,20.0,27058.0,,,,21
21_392,2022,0.6354750462856812,0.11876706910102924,2022-23,0.3198199219716995,248922761,0.0635504882576808,0.6801800780283005,0.2562694337140186,10.6650718946493,42833.333333333336,6.0,64261.0,292.69036026638935,292.69036026638935,1.0,21
21_393,2022,0.5817057486508009,0.07829250832079059,2022-23,0.7273497179205671,66709401,0.1793373770512495,0.2726502820794328,0.5480123408693176,9.723485161847616,16705.364290855174,6.0,167042.0,316.32641729338667,228.30824946956045,1.0,21
21_394,2022,0.8315427948983347,0.13718853561251884,2022-23,0.0608109722884562,115738554,,0.9391890277115438,0.0608109722884562,,,,34607.0,309.84279784843017,169.09332665821225,1.0,21
21_395,2022,0.7731363606407952,0.12654933896383286,2022-23,0.7258074574591548,99819655,0.2993289648216075,0.3700820484643,0.4264784926375471,9.744824141324298,17065.670326083356,5.0,87379.22554323121,237.91662144607787,234.92271321137062,1.0,21
21_396,2022,0.6341792609873832,0.12076248900709427,2022-23,0.2891620999238895,236285478,0.0564235564235564,0.7108379000761105,0.2327385435003331,10.006367530273977,22167.167468265852,3.0,54064.0,185.21352628122295,179.39926251503496,1.0,21
21_397,2022,1.0461592166819738,0.1933256209807703,2022-23,0.4822279251465927,126342198,,0.5633960512085981,0.4822279251465927,,,,63686.0,226.49252440570268,187.3645408798201,1.0,21
21_398,2022,0.7857645690106745,0.12329705146088027,2022-23,0.2491351006319133,265637551,0.1007970819607503,0.7508648993680868,0.1483380186711629,,,,89222.0,133.65184028610255,133.65184028610255,1.0,21
21_399,2022,0.5134491479163462,0.07994906557913622,2022-23,0.5149023239881534,79825536,0.1846069157618935,0.4850976760118466,0.3302954082262598,10.403531336319476,32975.86919070764,5.0,21142.0,145.83369263002882,141.8511728464762,1.0,21
22_400,2022,0.7980462414064438,0.14936845494336545,2022-23,0.5550429370346397,672084140,0.0853222321240908,0.4449570629653602,0.4697207049105488,9.917973208804703,20291.82163650084,54.0,18349.75138121547,559.9947189757535,327.9021859440546,0.0,22
22_401,2022,0.5362167457126479,0.10273331269752553,2022-23,0.0944925308921322,90968227,,0.9951978667215916,0.0944925308921322,9.210340371976184,10000.0,2.0,56981.0,476.7814229116026,369.2460114433162,0.0,22
22_402,2022,0.9539293126493569,0.1936016298560126,2022-23,0.1105828056983926,255085615,0.0138683516120656,0.8894171943016074,0.096714454086327,,,,32687.0,387.97426735343606,374.0512103948532,0.0,22
22_403,2022,0.4859098407671263,0.10335764684164025,2022-23,0.2180749808543288,378246077,0.0032475915230835,0.7819250191456711,0.2152510176595962,9.480928606555544,13107.35243802244,12.0,132916.98984771574,387.608576099068,283.4088737988432,0.0,22
22_404,2022,1.0436499364370762,0.38764053206395127,2022-23,0.603382729837731,562466319,0.2343145723539759,0.396617270162269,0.369068157483755,9.28143997760221,10736.88165924278,37.0,123930.0,472.54672283234004,261.31526248103455,0.0,22
22_405,2022,0.43281648852058735,0.08953060537927889,2022-23,0.2608461747648512,389621995,0.0502943859727426,0.7391538252351487,0.2105517887921086,9.163478175539126,9542.188832925083,35.0,58340.0,,,,22
22_406,2022,0.5815602828947627,0.1347947820299571,2022-23,0.1538782510993535,465642529,0.0500455447015236,0.8461217489006465,0.1038327063978299,9.156387237802104,9474.765097304631,10.0,108700.0,522.2038833334123,206.95532648742622,0.0,22
22_407,2022,0.568019505145749,0.08842119956734346,2022-23,0.2342622286530419,665204988,0.1212045000480363,0.7657377713469581,0.1130577286050055,9.308197245307428,11028.049330160058,25.0,6505.452444653515,521.5266628034781,153.72932438514928,0.0,22
22_409,2022,0.940195106597925,0.5475316154247458,2022-23,0.2378117807252953,281454097,0.0438282623400575,0.7621882192747047,0.1939835183852377,9.392661928770137,12000.0,4.0,209702.0,427.3546267374403,67.49736467193237,0.0,22
22_410,2022,0.857938766473587,0.1812902974385475,2022-23,0.3683633091262432,191878494,0.0962227377081665,0.6316366908737568,0.2721405714180767,9.63862163327553,15346.17648826977,5.0,237701.37873708562,383.7916251310067,131.7250374746967,0.0,22
22_411,2022,0.5407950937815281,0.10730499295612594,2022-23,0.1364681006296431,269851737,0.007172653478232,0.8635318993703568,0.1292954471514111,,,,44847.59935198455,388.44540363884283,178.86113860788456,0.0,22
22_412,2022,0.6349691282495904,0.15417287083395043,2022-23,0.2813651872315749,252216540,0.0404648045683284,0.8201980693353496,0.2409003826632464,9.223309401260094,10130.53491881872,17.0,45830.0,344.8356978194694,89.90265541584138,0.0,22
22_413,2022,0.6215129084595277,0.20458761798886058,2022-23,0.0312225621670149,76620938,0.004880519734697,0.968777437832985,0.0263420424323179,,,,32970.0,344.7668687287167,62.931359801945604,0.0,22
22_414,2022,0.3636974827634547,0.07897426046848818,2022-23,0.3855519297209139,132926942,0.1150888357907157,0.6144480702790861,0.2704630939301981,9.222241654917736,10119.72384997974,4.0,87216.08756755521,241.63620112786197,162.99428818183387,0.0,22
22_415,2022,-4.036682520515647,3.8527768823826083,2022-23,0.3123463691942766,353131081,0.0567778342909442,0.6876536308057234,0.2555685349033324,9.274878893113756,10666.666666666666,3.0,5905.0,304.92975306049254,120.05829979313548,0.0,22
22_416,2022,0.2922311244237459,0.0560124854160717,2022-23,0.4547672847836022,528989281,0.0869822558843115,0.5452327152163977,0.3677850288992906,9.443776610658094,12629.322990955818,9.0,15492.9324023002,211.34592669211037,188.16796215340906,0.0,22
22_417,2022,0.27549817151715916,0.048602640011769886,2022-23,0.1862554079402479,423542494,0.0969898335631937,0.8137445920597521,0.0892655743770541,9.182728271028871,9727.656284925715,8.0,4933.0,283.98022547874996,202.93864997134028,0.0,22
23_418,2022,0.9182317133652768,0.12643540311152832,2022-23,0.7012485993759102,303672665,0.03848616074812,0.2987514006240898,0.6627624386277903,8.95313295068054,7732.078173639317,9.0,13741.0,738.4858975303474,173.94966070554008,1.0,23
23_419,2022,0.5007947867161501,0.07268148556863352,2022-23,0.2882344370434377,271669797,0.1125291634829763,0.7117655629565623,0.1757052735604613,10.772589366232756,47695.3585081336,6.0,53538.0,844.3961268555114,210.42318125564657,1.0,23
23_420,2022,1.8347294160509435,0.31947942656742134,2022-23,0.3538663989883564,468667035,0.0517756897495468,0.6461336010116436,0.3020907092388096,9.410363754137517,12214.313175304043,29.0,51875.013935701325,921.6169866188627,264.016642773145,1.0,23
23_421,2022,0.6461918024436749,0.09719914992683859,2022-23,0.2273236226322101,242712787,0.0556310162595594,0.7726763773677898,0.1716926063726506,9.735045124916828,16899.598190472407,5.0,140800.0,859.4488765673054,257.4300322221346,1.0,23
23_422,2022,0.8837553606338456,0.10688042125996115,2022-23,0.2906101405682294,611146561,0.0692441743118963,0.7093898594317706,0.221365966256333,9.070403685140905,8694.132789624378,4.0,28778.0,885.8153004829348,295.84290173331027,1.0,23
23_423,2022,0.40590907113726177,0.059233596352543605,2022-23,0.6268959039105139,243202133,0.1253619843868721,0.3731040960894862,0.5015339195236417,9.195800808552416,9855.65625610542,11.0,44119.67458432304,798.6214323727054,260.5423389840508,1.0,23
23_424,2022,1.2391492582703338,0.18972964668352046,2022-23,0.2617445375102053,165355000,0.1347207938053155,0.7382554624897947,0.2218173263584409,9.469510035053002,12958.536446946337,2.0,47861.0,894.7865112043021,374.3657342930625,1.0,23
23_425,2022,0.9142463951522227,0.15142296956268284,2022-23,0.4341689974806156,1083134857,0.0457634630440113,0.5658310025193843,0.3884055344366043,8.912950884831995,7427.546626242182,22.0,87107.0,852.7986356669454,400.7541369747435,1.0,23
23_426,2022,1.3241761869866946,0.21352746603425993,2022-23,0.6107857318636345,73224980,0.2291084152821352,0.3892142681363655,0.4630942063760208,10.114082536405444,24688.245938205124,9.0,38663.0,786.6614942509561,372.59797968143675,1.0,23
23_427,2022,0.4056241523825414,0.06788533402447804,2022-23,0.2953393633346539,320550068,0.0077317344384403,0.7046606366653462,0.2876076288962135,9.047821442478408,8500.0,2.0,216281.0,796.06915807583,295.3589939603197,1.0,23
23_428,2022,0.548752208857272,0.0890963864215958,2022-23,0.2196809514531791,624875562,0.0391428781783596,0.7803190485468209,0.1805380732748194,9.3745470626394,11784.578661599217,14.0,117764.0,765.8002765252564,293.01132086523114,1.0,23
23_429,2022,0.9408028600920745,0.17829260326053556,2022-23,0.0348364460517149,378266686,0.0188613543408895,0.965163553948285,0.0159750917108254,,,,130675.0,741.4323444243237,407.6526582567796,1.0,23
23_430,2022,1.113088485357782,0.173882849479663,2022-23,0.2749223479900436,208805928,0.040953607409077,0.7250776520099563,0.2339687405809666,8.907044629955283,7383.806938780761,4.0,85297.0,699.178501920875,445.2502339368597,1.0,23
23_431,2022,0.8392406238449641,0.13464813205533427,2022-23,0.0122218041277428,72995197,,0.9877781958722572,0.0122218041277428,,,,20820.0,671.4237285638956,311.168270286054,1.0,23
23_432,2022,0.8402223007500068,0.13585643874664646,2022-23,0.3177226571865579,507334826,0.0200723003391846,0.8008036343069473,0.2976503568473732,9.34345379346739,11423.795613765133,6.0,36403.0,521.9603520817745,216.88801818771822,1.0,23
23_433,2022,0.7043206449203362,0.11182968292887673,2022-23,0.9235985029360204,667410888,0.1873724106820385,0.0764014970639795,0.736226092253982,9.81896734004383,18379.061617140906,55.0,64023.431012817295,535.2350107629783,168.2217427922334,1.0,23
23_434,2022,0.7391811761347495,0.11684837517488118,2022-23,0.4948360012088882,541681188,0.13338910525355,0.5051639987911118,0.3614468959553382,9.54307057289946,13947.709397896802,21.0,71847.74300137418,491.67405387856905,114.68557071139026,1.0,23
23_435,2022,1.279134590938183,0.2562645535498828,2022-23,0.1911005276853006,200823862,0.0130350744873136,0.8088994723146994,0.178065453197987,9.694502633178324,16228.14944193812,5.0,146569.86819618678,548.2717565875937,69.14404460541583,1.0,23
23_436,2022,1.4171148233005368,0.2214052793121834,2022-23,0.4261196432943067,317709423,0.085473486255395,0.5738803567056933,0.3406461570389116,9.799296210615749,18021.057434775128,18.0,54713.0,611.174060528475,105.50236527847778,1.0,23
23_437,2022,1.6876146477446021,0.3087346945955378,2022-23,0.5521024490746665,147463001,0.0194449725053405,0.4478975509253334,0.532657476569326,9.832426025679448,18628.091679365305,8.0,94983.07495741057,547.0228709673953,60.428163771743726,1.0,23
23_438,2022,0.9679254003689038,0.17422259133867513,2022-23,0.489817779251436,180542393,0.1758953093097907,0.510182220748564,0.3952940902915804,9.97847338867032,21557.377679725643,8.0,89930.0,444.61298261497285,69.92679912996181,1.0,23
23_439,2022,1.3178954122354407,0.18076375058172187,2022-23,0.8814263060669174,1202924926,0.2169263387597307,0.1185736939330825,0.6644999673071867,9.704654144778056,16393.72870720265,55.0,266576.0,501.6558547642343,7.633678006840862,1.0,23
23_440,2022,0.6458103664734894,0.09139043838728982,2022-23,0.9083711552560711,71380339,0.2801344499078381,0.0916288447439287,0.6282367053482332,9.221438122567283,10111.595590585675,5.0,72070.0,434.28991555693176,75.67581466678692,1.0,23
23_441,2022,0.9635563039709327,0.19983446432346894,2022-23,0.6390176019511927,234700344,0.2500376480061742,0.3609823980488073,0.3889799539450185,8.716044050161402,6100.0,3.0,38633.0,375.1360321363367,118.64549101237344,1.0,23
23_442,2022,0.8652670065036691,0.1267796562812942,2022-23,0.0507589814155987,97222341,0.0110040410934815,0.9492410185844012,0.04297409378365,8.839966627325753,6904.762206130353,3.0,47912.62264489503,658.7277347861284,152.0261146028155,1.0,23
23_443,2022,0.6002842309368814,0.11297480659584923,2022-23,0.1800950103082929,338801974,0.0725051413071164,0.819904989691707,0.1075898690011764,,,,57680.0,730.9119221230544,233.9145253490377,1.0,23
23_444,2022,0.6430662079634458,0.09883885999169481,2022-23,0.1638416465668131,376851419,0.0111592319358765,0.8361583534331869,0.1542380314083413,8.944637206243177,7666.666666666667,3.0,146168.39309791333,669.4855426883298,175.11452479893916,1.0,23
23_445,2022,0.2766556862503656,0.0903887474825476,2022-23,0.2821508581084166,852915361,0.0266622340736573,0.7178491418915833,0.2554886240347593,9.374437935062057,11783.292709247547,27.0,45857.17836555685,612.9350828702079,131.29836239514245,1.0,23
23_446,2022,2.5849006542937127,0.2637116138595758,2022-23,0.571413260818066,275411244,0.0467517658792463,0.4285867391819341,0.5246614949388195,9.39404415668636,12016.598203602221,13.0,43236.81589401015,702.7597741711535,233.64902371049206,1.0,23
23_447,2022,0.6546576955463966,0.1031139366676355,2022-23,0.2040005356091286,704633248,0.0540423533917604,0.7959994643908713,0.1499581822173682,8.399126166794765,4443.182450470934,4.0,68175.13113481361,597.1933572982515,147.1320368000022,1.0,23
23_448,2022,1.0627976550361287,0.16094952376258476,2022-23,0.4166801217470242,303454152,0.1304586367959796,0.5833198782529757,0.2862214849510446,9.714191747172505,16550.83358437089,14.0,25070.0,557.2782307082638,138.01634476863086,1.0,23
23_449,2022,1.101574507129325,0.16959360058991219,2022-23,0.5077925960838161,398408562,0.0392728106079206,0.4922074039161839,0.4685197854758954,9.802308335370771,18075.4209417158,14.0,55443.0,650.127252326072,192.3787479377993,1.0,23
23_450,2022,0.9027830193962371,0.17252740101492672,2022-23,0.4769958289560806,457121775,0.0468535413785527,0.5230041710439193,0.4301422875775278,9.798566308392871,18007.908624151765,25.0,49702.0,720.1822737058008,312.8295465792877,1.0,23
23_451,2022,0.6221557303499338,0.10928173316143415,2022-23,0.2285421346075241,392704987,0.0521407613293181,0.7714578653924759,0.1764013732782059,9.508592318406489,13475.012432435436,14.0,237664.21021574773,688.8165466577572,243.85493381192234,1.0,23
23_452,2022,1.0374600198727582,0.30478240981601223,2022-23,0.3619960108771322,233993294,0.0292162603600084,0.6380039891228678,0.3327797505171238,9.29053982915921,10835.031586116149,9.0,51326.0,711.1419775164692,194.34549704923728,1.0,23
23_453,2022,1.0181365397775348,0.10135877000135453,2022-23,0.3640192829712597,406143218,0.0618838106512466,0.6630605438683674,0.302135472320013,10.984481531350946,58952.15910600981,2.0,16281.0,607.9655114802829,238.07700301467898,1.0,23
23_454,2022,1.1197004060103661,0.18344476530287424,2022-23,0.5115359830007775,146209040,0.1007268155238554,0.4884640169992225,0.4108091674769221,9.417156895411203,12297.56919505085,8.0,36307.0,606.428347965178,215.3392831585278,1.0,23
23_455,2022,1.0176724333720077,0.16549183999791425,2022-23,0.7895716987834099,147772870,,0.21042830121659,0.7895716987834099,,,,84231.0,659.2134296008163,108.55189208202844,1.0,23
23_456,2022,0.9828322307468439,0.14798965238288145,2022-23,0.3505987023852009,483855764,0.0389762185410278,0.6494012976147991,0.311622483844173,9.60960798970139,14907.325116732594,13.0,56919.0,620.8235170369253,140.95618568229648,1.0,23
23_457,2022,1.030580226027142,0.17645297956061437,2022-23,0.6331044637261505,715325939,0.1417797488817192,0.3668955362738496,0.4913247148444312,9.703921160774694,16381.716769121853,39.0,85177.0,543.2453084385568,141.49993451201777,1.0,23
23_458,2022,1.0410642046350254,0.23045541800635133,2022-23,0.6365828688037998,410068294,0.0951170099485916,0.3634171311962002,0.5414658588552081,9.78973325867837,17849.544321566354,44.0,46760.0,717.6976237077965,240.3168370524989,1.0,23
23_459,2022,0.44989504434602934,0.07808046755027459,2022-23,0.2902393038207606,496614177,0.0595155260740774,0.7097606961792393,0.2307237777466832,9.333520531510374,11310.881789119105,25.0,28245.491577335375,784.5036474828918,287.82624168053934,1.0,23
23_460,2022,1.2051385840920885,0.18563306380240996,2022-23,0.4626003874525632,251432070,0.0293124262151602,0.5373996125474367,0.433287961237403,9.461357743761331,12853.324126557724,21.0,35847.0,632.5998642099526,322.56524493900406,1.0,23
23_461,2022,0.9462259232199951,0.1487001445716763,2022-23,0.4281436821128077,490843506,0.0981737792411579,0.5718563178871924,0.3299699028716497,9.531909052636683,13792.89733303026,24.0,31908.0,581.9987581823731,266.74946825230745,1.0,23
23_462,2022,1.0528746814519834,0.17346301697706354,2022-23,0.2378830192278988,421183098,0.0239187684592224,0.7621169807721012,0.2139642507686764,9.598209598624717,14738.370330767217,6.0,33205.80800385728,642.366165053574,392.7255257492918,1.0,23
23_463,2022,0.9929003552083822,0.16642244660394723,2022-23,0.4134444618555417,142457037,0.0527974690362259,0.5865555381444583,0.3606469928193158,,,,26834.0,598.953771220345,409.9659055968412,1.0,23
23_464,2022,0.48891639095635503,0.07538290150443369,2022-23,0.170304921823146,571252586,0.0253013996859175,0.829695078176854,0.1450035221372284,9.48057002678301,13102.653249134097,13.0,20060.0,447.9841575540325,116.0120666242533,1.0,23
23_465,2022,0.8745410725285057,0.1436002550677889,2022-23,0.658262511902438,109856695,0.0743173094730366,0.5835148591611993,0.5839452024294013,9.93951156070925,20733.61470005433,9.0,13343.0,393.7500240586371,147.13216070833815,1.0,23
23_466,2022,0.7395789501009373,0.14660027027037403,2022-23,0.600797773987713,312804383,0.2366899091692075,0.639519293613613,0.3641078648185054,9.790471775452382,17862.731378288227,17.0,48001.0,493.77666074651256,108.58061593535511,1.0,23
23_467,2022,0.3218591979109168,0.050830328887621734,2022-23,0.2397150658753963,380122950,0.0262820226981822,0.7602849341246036,0.2134330431772141,9.264272626708532,10554.131004901834,25.0,47272.0,439.7220273974452,147.6448681441295,1.0,23
24_468,2022,0.6602934839522034,0.14825383465707193,2022-23,0.4360796618036598,169491367,0.0766174126142955,0.7721705377971352,0.3594622491893643,9.76847587814162,17474.114232866665,10.0,128778.0,72.8027733217326,72.8027733217326,1.0,24
24_469,2022,0.8838530138326858,0.14431176844316818,2022-23,0.4735839932497657,503209801,0.1763301208038275,0.5264160067502341,0.2972538724459383,9.72357901180767,16706.932162197787,14.0,114716.0,228.53376889362778,228.53376889362778,1.0,24
24_470,2022,0.5664879943898824,0.07488917855656296,2022-23,0.1412260489440325,311159976,0.0853287506359751,0.9301525367751808,0.0558972983080574,10.472887590828975,35344.12954197331,5.0,73744.31328320802,174.74716450192736,174.74716450192736,1.0,24
24_471,2022,1.9377568388508795,0.27459685574781606,2022-23,0.1851129243013159,198473754,0.0087823148646646,0.814887075698684,0.1763306094366512,9.217634494679103,10073.20789613735,14.0,148948.0,234.31024789815916,206.97870745263376,1.0,24
24_472,2022,0.31140133042028606,0.046567765764002046,2022-23,0.2360064202770754,164653330,,0.7639935797229245,0.2360064202770754,,,,105759.0,303.7519709709147,220.90668934557783,1.0,24
24_473,2022,1.1814148267072504,0.20858502249895766,2022-23,0.6640431566467221,369829475,0.0082662394607676,0.3359568433532779,0.6557769171859544,9.555391178366822,14120.61659601504,18.0,88293.90021196804,249.8940956930157,168.920879824263,1.0,24
24_474,2022,1.6720224032285307,0.2734348722620707,2022-23,0.5807949497825166,497763593,0.1553473960077269,0.4192050502174834,0.4254475537747896,10.045175064742764,23044.330773426424,19.0,556289.9502647419,201.46757510655982,114.94871522851703,1.0,24
24_476,2022,1.61696331779753,0.28002672965395525,2022-23,0.7797030332437096,748511863,0.1749721460326407,0.2202969667562904,0.6047308872110688,9.842000810483947,18807.308259447214,41.0,301943.0,98.11767419220972,75.88884002562182,1.0,24
24_477,2022,0.8882112887582517,0.25673932043973047,2022-23,0.791023517324967,1161611622,0.3325522521330283,0.208976482675033,0.4584712651919386,10.09662042589089,24260.879280644476,63.0,126371.60621803718,87.25059775621835,27.885090381182884,1.0,24
24_478,2022,1.0577472709104079,0.30012921298899586,2022-23,0.1181768123253191,428921241,0.0115267319152594,0.8818231876746808,0.1069383714666628,7.824046010856292,2500.0,1.0,42010.0,153.282175914867,93.19424072357646,1.0,24
24_479,2022,0.47233154453046206,0.07619849754237619,2022-23,0.567991678839465,412336715,0.1448322592374535,0.432008321160535,0.4231594196020114,9.866520492420545,19274.15758504764,9.0,155212.0,196.56655427570837,144.79547816622912,1.0,24
24_480,2022,2.575475275679474,0.4253571064719824,2022-23,0.2152722882380667,969023513,0.0885346246495052,0.7847277117619332,0.1267376635885614,9.550859881577663,14056.776639501191,17.0,101305.0,202.86747477645366,140.48889277240482,1.0,24
24_481,2022,2.994281371361385,0.49624660750712457,2022-23,0.6997274384481604,538493045,0.2347344189004335,0.3002725615518395,0.4649930195477269,9.555847240905848,14127.057948990678,20.0,206968.0,219.03106171421706,72.58472707029456,1.0,24
24_482,2022,0.7541977354965389,0.1259271767220523,2022-23,0.6249819556085504,444009155,0.3207520597182281,0.3750180443914495,0.3042298958903223,9.1898565483279,9797.24544715157,24.0,107732.0,264.67363933048495,83.7923923288193,1.0,24
24_483,2022,0.42660514354246265,0.08514053384502618,2022-23,0.3939640590337453,521103241,0.057806476010768,0.6060359409662547,0.3361575830229772,9.828613187807235,18557.201019102755,16.0,119454.0,281.67721956214996,135.50834670202957,1.0,24
24_484,2022,1.2653745443595836,0.22501283303221578,2022-23,0.2175912756815919,945021538,0.0338230255942356,0.782408724318408,0.1879121828014887,8.709731893987591,6061.617114166344,7.0,91549.0,346.60958120779344,171.7881839396959,1.0,24
24_485,2022,0.1274570574918865,0.05807666127348314,2022-23,0.8468528596877479,3466088057,0.2664754275745164,0.153147140312252,0.5803774321132315,9.913357986054724,20198.386138314127,197.0,47156.0,392.29092223444127,170.15801047826758,1.0,24
24_486,2022,2.2748298809250915,0.42723201392106364,2022-23,0.9143928290443236,3184716268,0.4942731061528901,0.0856071709556764,0.4201197228914334,9.42799087162061,12431.525094402848,167.0,297652.66869882913,344.34183864224224,114.44597562782047,1.0,24
24_487,2022,-0.6395042137550155,0.017761358239995723,2022-23,0.6595641129503605,1282757587,0.1634392219735902,0.3404358870496394,0.4961248909767703,9.57268189761528,14366.895244903615,42.0,24497.0,311.56042536618247,100.80822091750505,1.0,24
24_488,2022,3.820646004059196,0.7882662090331013,2022-23,0.2100989645947517,232022776,0.0440214067605156,0.8955741030944762,0.166077557834236,10.224074456670342,27558.72487081746,4.0,148824.0,303.6373536660073,38.65601246973148,1.0,24
24_489,2022,0.2463733544858072,0.07669716232391319,2022-23,0.486889152810643,747596998,0.3138804217081674,0.513110847189357,0.1730087311024756,11.45963378867176,94810.34328485376,36.0,8673.0,216.42966313308438,99.1491144503402,1.0,24
24_490,2022,2.183773284561854,0.34322736006096244,2022-23,0.3454501425675947,907879524,0.0497152020800504,0.6545498574324053,0.2957349404875442,9.338970615372336,11372.695334920716,38.0,103374.0,203.64578836322335,50.35614239637566,1.0,24
24_491,2022,3.7272468318244285,0.6224451664016855,2022-23,0.1314934085955802,187065369,0.0619953338343453,0.8685065914044197,0.0694980747612349,,,,140357.0,160.9152420227983,90.7616136734688,1.0,24
24_492,2022,1.9350362989024166,0.43066345975981063,2022-23,0.4219844015593868,182407849,0.0456299697382519,0.5941414708209478,0.3775928962355123,,,,824466.0,252.43665480655807,25.29180821897655,1.0,24
24_493,2022,1.3437139705157108,0.21640945739359782,2022-23,0.7141758265352969,856496090,0.3547533310981022,0.2858241734647031,0.3594224954371945,10.02291763542441,22537.089098081353,24.0,39468.0,254.00069121284858,81.51861739803631,1.0,24
25_494,2022,0.24910341923271145,0.037183573045579094,2022-23,0.9806791827965128,18658217,0.7741127675811681,0.0193208172034873,0.2065664152153445,9.708287228244368,16453.39681589814,14.0,6152.0,258.5567263591695,196.29274564024874,0.0,25
25_495,2022,6.962652507851825,1.2159043335177497,2022-23,0.8396645585096371,18902134,0.3472978165116703,0.1603354414903629,0.7006986089507142,,,,53693.0,159.75487400063938,86.51210188593433,0.0,25
27_497,2022,0.3066159837164656,0.04438879819161736,2022-23,0.574436365645066,1624911553,0.0964159025829758,0.425563634354934,0.4780204630620901,10.27793878361814,29083.86359194473,70.0,53308.0,311.67587806507254,145.97047829609335,1.0,27
27_498,2022,0.37767181410079664,0.06478424427178849,2022-23,0.8491069967179572,1215127057,0.344917513428392,0.1508930032820428,0.5041894832895651,9.759662207301115,17320.779853755233,86.0,102321.0,290.33723121539043,154.23759068225965,1.0,27
27_499,2022,0.5751590663165176,0.09116856322420422,2022-23,0.7639602864299762,316576223,0.291335439301138,0.2360397135700238,0.4726248471288382,8.952906649100619,7730.328590106772,27.0,208658.0,339.57123897611933,116.1703097662981,1.0,27
27_500,2022,0.4957204852431808,0.0694843530243096,2022-23,0.521084346744156,717523914,0.1694711515914715,0.4789156532558439,0.3516131951526844,9.553502447627984,14093.971723814235,44.0,124569.0,395.3572705611326,129.278200777912,1.0,27
27_501,2022,0.3197523942727753,0.04974884859152938,2022-23,0.4825851224546408,396514617,0.2198181284197147,0.5174148775453592,0.2627669940349261,9.86482918964184,19241.58670014506,14.0,135773.0,466.23371155624966,199.48556963888842,1.0,27
27_502,2022,0.33036469656531253,0.044073804992714495,2022-23,0.4256650688573942,271331717,0.2365504516634408,0.5743349311426058,0.2121160977284495,,,,54286.0,462.7359698489901,196.76341938302852,1.0,27
27_503,2022,0.4964257738810166,0.07943929618587979,2022-23,0.5014920242304249,990913532,0.2663143972485381,0.498507975769575,0.2351776269818868,10.010284161439015,22254.15833157265,66.0,172314.3853656538,534.5293544383818,154.5686461438923,1.0,27
27_504,2022,0.5997453628675399,0.116523481603531,2022-23,0.5599457939466994,207772367,0.4569362729549113,0.6509263382262402,0.103009520991788,10.126631103850338,25000.0,3.0,112245.0,586.5173499564204,63.682176024732954,1.0,27
27_505,2022,0.8497581702270252,0.15943142642298094,2022-23,0.3045830191145551,719653839,0.2372607825413129,0.6954169808854448,0.0673222365732422,10.334668449260374,30781.47876420275,13.0,471334.0,571.3081101711949,3.285574203867141,1.0,27
27_506,2022,0.7030101485842949,0.11784964706725987,2022-23,0.6282806910356619,262541067,0.1849037621226701,0.3717193089643381,0.4433769289129917,9.48456656721008,13155.12331207089,5.0,100261.0,518.4682229003405,67.6146691606184,1.0,27
27_507,2022,0.7250387247866038,0.11843243164818018,2022-23,0.4889232602015576,340907033,0.1670929094619177,0.5110767397984424,0.3218303507396399,9.111310252064516,9057.154275440344,12.0,100950.0,488.86718763358874,90.01080889994383,1.0,27
27_508,2022,0.3893438606526993,0.05872572936492827,2022-23,0.2666778206760214,449219634,0.077564799850222,0.7333221793239785,0.1891130208257994,9.133260101745778,9258.15535197435,15.0,60122.0,,,,27
27_509,2022,0.3694605939304247,0.07049854502781082,2022-23,0.2674618113547686,246693551,0.0961969411190647,0.7325381886452313,0.1712648702357039,9.352993563273586,11533.29747505488,7.0,144019.0,472.6345392857073,117.60898396221675,1.0,27
27_510,2022,0.17814277568451928,0.03230633191174444,2022-23,0.6237339646502296,1335162956,0.4565730102535889,0.3762660353497704,0.1671609543966407,9.943349400864705,20813.339887524704,48.0,160581.13958728654,552.5899914059488,149.41796617874758,1.0,27
27_511,2022,0.3717299179611394,0.0596420556722478,2022-23,0.6107078195554955,1081564509,0.4161737772037044,0.3892921804445046,0.1945340423517909,9.727468289223456,16772.03657864486,29.0,146177.0,485.0241059056837,249.50536118566367,1.0,27
27_512,2022,0.5903790451535142,0.07804725186485431,2022-23,0.3114460809641012,333090340,0.110830299071417,0.6885539190358988,0.2006157818926841,9.482513977203777,13128.148930572346,11.0,36461.0,437.75554806680714,185.19260311661986,1.0,27
27_514,2022,0.9723604700647364,0.2002357280825998,2022-23,0.3403665515934641,560463530,0.1151504309299126,0.6596334484065359,0.2252161206635514,9.137857644311378,9300.818112063447,26.0,149978.0,327.8450090570638,66.09366462510283,1.0,27
27_515,2022,0.8501419535142172,0.06247829743457074,2022-23,0.3942839359392295,440556924,0.0857540806690397,0.6057160640607705,0.3085298552701898,9.897059674449553,19871.854730574225,12.0,233743.0,267.2933281051117,17.3280251518965,1.0,27
27_516,2022,1.1677880852408873,0.1955630069959887,2022-23,0.8603749001442849,3720282804,0.4883267610856607,0.1396250998557151,0.3720481390586241,10.190879324502468,26658.926443937824,197.0,383465.0,183.96357179912962,137.27799530773794,1.0,27
27_517,2022,1.8366350466632306,0.3467338398621248,2022-23,0.3571036694137463,1044025794,0.2531543823140446,0.6428963305862537,0.1039492870997016,10.410449562728314,33204.794685934685,15.0,1028230.9025899771,73.91903387051401,62.86663341726272,1.0,27
27_520,2022,2.2995170905299718,0.5146760753553532,2022-23,0.7026335415738635,2408103583,0.4516992357300936,0.2973664584261365,0.2509343058437698,10.142736771238368,25405.9015685806,94.0,229338.0,54.92422038374899,54.92422038374899,1.0,27
27_521,2022,1.6528256339883285,0.2669599412648944,2022-23,0.8561047838082584,620851953,0.4845839890593048,0.1438952161917416,0.3715207947489536,9.686061814596007,16091.747060309628,8.0,940837.0,123.9660375187954,119.17662332255172,1.0,27
27_522,2022,1.554444738491207,0.2984424015660716,2022-23,0.1582018986881881,527106139,0.0549522323055319,0.8417981013118119,0.1032496663826561,,,,316577.0,181.67568953057352,100.46200934436611,1.0,27
27_523,2022,0.559928994081127,0.07504091457378147,2022-23,0.2685957827091788,166451504,0.2850877279918001,0.8745420758233232,0.2219349667155906,9.420060902958252,12333.333333333334,3.0,140624.0,303.34253623463525,116.45078663051528,1.0,27
27_524,2022,0.48545847834647254,0.0720705163577209,2022-23,0.0970967441647805,246140313,0.0705686231901395,0.9029032558352196,0.0272356537616982,9.903487552536127,20000.0,2.0,150092.0,403.11307150707927,221.88713474548672,1.0,27
27_525,2022,0.4408884060055319,0.07044024046127437,2022-23,0.9452570926539328,3952701135,0.5072043171308472,0.0547429073460672,0.4380527755230854,10.359386213587255,31551.809306121995,157.0,119523.0,332.33320422441494,197.5021570620469,1.0,27
27_526,2022,0.6871540500084407,0.13259767533142153,2022-23,0.4177227202127971,1624943962,0.1361110513175961,0.5822772797872029,0.2816116688952009,9.528348507217808,13743.874421560078,25.0,310773.0,293.04701490845815,227.886281889795,1.0,27
27_527,2022,0.542996676591645,0.08642717067257981,2022-23,0.3932405147223501,598492760,0.2412649252432059,0.6067594852776498,0.1519755894791442,9.544673133660016,13970.079369509314,31.0,220239.0,189.49884942074942,189.49884942074942,1.0,27
27_528,2022,0.778657548361149,0.18972289121408403,2022-23,0.3902709393980169,1334448857,0.1877176975992568,0.6097290606019831,0.20255324179876,9.929771198605415,20532.642146806193,17.0,161039.60583941606,190.61438690425285,190.61438690425285,1.0,27
27_529,2022,0.44269320984033167,0.07185590920546657,2022-23,0.2957357098237588,264971907,0.0829126877967482,0.7042642901762413,0.2128230220270106,9.371608519572304,11750.0,2.0,74544.0,79.96979503794675,318.5604152113884,1.0,27
27_530,2022,1.019627674922401,0.15010539941799012,2022-23,0.3276223117450111,741545262,0.1929117497348395,0.6723776882549889,0.1347105620101716,9.7522877276161,17193.517936546003,21.0,385152.0,122.36451796364415,299.1762960856116,1.0,27
27_531,2022,0.5707987285705785,0.07531294505007805,2022-23,0.2839582804767215,695316670,0.2158507705560978,0.7160417195232786,0.0681075099206236,9.265789320729668,10570.15053758908,12.0,195320.0,212.92019901760355,276.53261825240895,1.0,27
28_532,2022,0.6848232079364758,0.11015271886570849,2022-23,0.6059559785434172,482692706,0.2377086965967122,0.3940440214565828,0.368247281946705,9.497718261369227,13329.278176003194,12.0,145997.21215754125,473.73780519395194,205.82071550265306,1.0,28
28_534,2022,0.3926440776750497,0.06579971146636203,2022-23,0.5577841414873954,1233335136,0.0899581279747145,0.4422158585126046,0.4678260135126807,9.458371333751804,12814.996090831371,23.0,303455.0,425.4211407708935,282.98487522917355,1.0,28
28_535,2022,2.6625071202433097,0.3519644500205862,2022-23,0.5777810708212201,987617298,0.1305058156241406,0.4222189291787799,0.4472752551970794,9.006321606471674,8154.470687680698,25.0,272955.0,523.6035602573689,365.96796508937086,1.0,28
28_536,2022,0.4789796288625762,0.07163590381008896,2022-23,0.7853757164011114,1076850821,0.178793574045109,0.2146242835988885,0.6065821423560024,9.917594559814372,20284.13961321317,40.0,1128844.0,498.49247559728013,385.13504853607594,1.0,28
28_538,2022,0.7255521588028111,0.10300229783558579,2022-23,0.5353334495706786,1127715592,0.2173784664671019,0.4646665504293213,0.3179549831035767,9.677623855178048,15956.536803218853,45.0,282458.0,430.4410322501007,322.60100669705923,1.0,28
28_539,2022,1.0434572543081997,0.16050894911645686,2022-23,0.5374135256100474,1210728547,0.2142908033703115,0.4625864743899526,0.3231227222397358,9.67992998219803,15993.377066722553,14.0,305243.0271976688,417.6573732509604,311.2196225791132,1.0,28
28_541,2022,0.39848948751343866,0.09007073323755577,2022-23,0.3704946566492956,1049021075,0.1566873182218955,0.6295053433507044,0.2138073384274,9.710465873925926,16489.282014190176,15.0,233161.0,265.19395920850224,176.70339605001337,1.0,28
28_545,2022,0.5375273628583503,0.08537829384553237,2022-23,0.5114700597219345,1036863433,0.0800436820882659,0.4885299402780655,0.4314263776336685,10.232862573088935,27801.981471416064,20.0,495531.8316326531,137.75134663099604,32.88257551955727,1.0,28
28_547,2022,0.5361862164780437,0.08663668779348041,2022-23,0.4834324121034634,743647873,0.2214767781632584,0.5165675878965367,0.2619556339402049,9.828330280556289,18551.951794933964,18.0,504040.0,282.1487663333613,159.32387565123494,1.0,28
28_548,2022,0.2793218683973347,0.045355887914082,2022-23,0.6962852764058786,737533717,0.0897812499601289,0.3037147235941214,0.6065040264457496,9.73927007791305,16971.1492419634,25.0,398604.342665248,341.0491232062589,224.84761524033797,1.0,28
28_552,2022,0.6164742557878662,0.10865103733215065,2022-23,0.6526086357230123,1031572989,0.2791069920114009,0.3473913642769877,0.3735016437116114,9.226308026907551,10160.95819185562,29.0,330794.41824357107,357.2354233781174,264.3909913869147,1.0,28
28_553,2022,0.37585093265792324,0.06653585047565683,2022-23,0.5456845641990569,479397689,0.1301942008318692,0.4543154358009431,0.4154903633671876,10.417014649708594,33423.50418912842,10.0,482626.0,327.6463586738591,228.04752258685613,1.0,28
28_554,2022,0.7415137642392576,0.10435317732607503,2022-23,0.6627436709206792,1339232228,0.1798623307921171,0.3372563290793208,0.4828813401285621,9.209189993004452,9988.502824605028,24.0,412579.0,142.31439748715255,105.61593552751559,1.0,28
29_555,2022,1.1283557970341247,0.20043666185054876,2022-23,0.394673774561313,497237158,0.1084842959383176,0.605326225438687,0.2861894786229954,,,,341973.2119235437,133.39647903986338,352.3294101120863,1.0,29
29_556,2022,0.6081769805333653,0.0851893984724846,2022-23,0.4251739485427079,1104537135,0.1311300982198303,0.5748260514572922,0.2940438503228775,9.768791981502632,17479.6387322168,31.0,136958.0,213.01173555218006,356.70810790076746,1.0,29
29_557,2022,0.5829913331536754,0.09098903815295019,2022-23,0.5972435057334013,319778064,0.1223958188701774,0.4027564942665986,0.474847686863224,9.958312913002343,21127.12234051772,12.0,105077.0,273.6732840051357,342.2066754812153,1.0,29
29_558,2022,0.6356967087940983,0.10651479897338312,2022-23,0.3690325577350803,310564693,0.1179892944237547,0.6309674422649196,0.2510432633113256,9.648439213132637,15497.580797303424,10.0,89882.0,455.8640044250549,286.44714436889035,1.0,29
29_559,2022,0.48893531770220194,0.08699038752116253,2022-23,0.7176519909998436,176473821,0.1985106674830823,0.4823203991941914,0.5191413235167611,9.526896502492686,13723.93273217575,11.0,95545.0,336.4248467561015,349.6194260812389,1.0,29
29_560,2022,0.5166891826001456,0.09598815136084662,2022-23,0.7032910043331224,606717220,0.1393513867959772,0.2967089956668776,0.5639396175371453,9.49970937670496,13355.844745969103,34.0,78314.0,257.83779188888826,281.3971451921689,1.0,29
29_561,2022,0.6307911535255727,0.13113692369350569,2022-23,0.702557779714254,101590023,0.0473341461887453,0.2974422202857459,0.6552236335255087,10.225886237574525,27608.700501057658,4.0,86026.0,198.30552688665932,270.5153705967246,1.0,29
29_562,2022,0.8926146028516667,0.17244031916424676,2022-23,0.6414846221791556,311830691,0.2336894927382244,0.3585153778208444,0.4077951294409311,9.934902793688392,20638.278161101312,25.0,148301.0,143.78587688978374,274.42730695819336,1.0,29
29_563,2022,0.7455117741859792,0.12594783034045312,2022-23,0.3403782907305995,286049092,0.6212931533050906,0.6596217092694006,0.2427302513514009,9.72958558777576,16807.58560808591,12.0,102190.0,110.42503506890469,208.3392574067511,1.0,29
29_564,2022,0.5014363352968811,0.10546314975029097,2022-23,0.8946030707168072,2861979320,0.3868870645787894,0.1053969292831927,0.5077160061380178,10.330373205421362,30649.548346674954,128.0,91504.0,187.29297538275196,203.8795200440561,1.0,29
29_565,2022,0.5013260337351729,0.09059704135527748,2022-23,0.8031729490778156,185071990,0.5627354955225802,0.1968270509221844,0.2404374535552354,9.227702976624078,10175.14210823001,6.0,177488.0,292.617050979756,236.26013238982023,1.0,29
29_566,2022,0.38312236186581666,0.07326363905103105,2022-23,0.4885800648725424,676990886,0.2893168860178717,0.5114199351274575,0.1992631788546707,9.23188724039174,10217.806784566004,9.0,120203.0,231.4029726080631,135.818937273233,1.0,29
29_567,2022,0.4303704335567714,0.06508131122779652,2022-23,0.3707811322731518,541717446,0.0950247926850042,0.6292188677268481,0.2757563395881476,9.815663448709923,18318.439394501176,12.0,106653.0,206.31221295745286,154.9991093076851,1.0,29
29_568,2022,0.8517217210815382,0.11894798276832057,2022-23,0.1647242703405937,631957967,0.0614994588714473,0.913309707838752,0.1032248114691463,,,,180951.0,132.0160695423178,130.92123417054017,1.0,29
29_569,2022,0.5409414625735898,0.08378722152424477,2022-23,0.4984689521800038,294852972,0.0768057579558669,0.5636065073303607,0.4216631942241369,9.90219362704443,19974.138225378974,4.0,160877.0,60.77130924125416,61.05979023574643,1.0,29
29_570,2022,0.694607125850361,0.07526081259857129,2022-23,0.3910617758479522,367729489,0.0747286030139399,0.6089382241520478,0.3163331728340122,9.610042062400703,14913.79738420128,32.0,116827.0,113.91522877179005,65.52908834455647,1.0,29
29_571,2022,0.747030642131345,0.15427238529730525,2022-23,0.4112050590054776,324311331,0.1851329209339281,0.5887949409945223,0.2260721380715495,10.01812210413544,22429.270512475963,10.0,223121.0,242.56591956557403,108.48805420673118,1.0,29
29_572,2022,0.9050927995886212,0.19293336080305815,2022-23,0.5932355854917836,610404817,0.253855139547498,0.4067644145082164,0.3393804459442855,9.73118361128594,16834.46599706345,28.0,964145.5150305673,289.9867756047284,163.235893906426,1.0,29
29_573,2022,0.5566024563884854,0.09160829205426263,2022-23,0.9916010662219016,50075880,0.2249603002483431,0.0083989337780983,0.7666407659735586,9.86886736119575,19319.444624235555,2.0,116646.0,220.8695366489399,88.45961660533177,1.0,29
29_574,2022,0.3504753778107195,0.055975003603836046,2022-23,0.5312042812752649,741974436,0.1101614193618929,0.4687957187247351,0.4210428619133719,9.800314912090316,18039.424866433692,25.0,150910.0,143.36970700489485,2.4500514373290714,1.0,29
29_575,2022,0.40314288217907,0.0632867212245436,2022-23,0.3287803433623217,556696958,0.1404337097168043,0.804829826192605,0.1883466336455174,9.91150428835888,20160.979117835075,16.0,310886.9378717779,52.82608561207873,46.4335207257872,1.0,29
29_576,2022,0.14646874744172234,0.015076621910492702,2022-23,0.4984317241691742,407968093,0.3219180476449662,0.5015682758308259,0.176513676524208,9.82597180280169,18508.248985630755,14.0,35118.0,128.7257492344972,81.68976845021722,1.0,29
29_577,2022,0.4760395006117204,0.09004076645305654,2022-23,0.7201809764673189,763754327,0.3916755407134996,0.2798190235326811,0.3285054357538193,10.164412393485712,25962.601910836172,49.0,374394.0,196.40096315579765,96.24254187057059,1.0,29
29_578,2022,0.5834916607686592,0.1072028702312521,2022-23,0.6088114425616264,608461936,0.2271860240079175,0.3911885574383736,0.3816254185537088,9.915953904357158,20250.88761385781,39.0,47510.0,,,,29
29_579,2022,0.5791941792754937,0.0780047120048246,2022-23,0.6199930710673418,318028780,0.2219768254935921,0.3800069289326582,0.3980162455737496,9.814866190268974,18303.84068431464,12.0,103933.0,382.37439203702286,326.3727218031852,1.0,29
29_580,2022,0.7961646750876288,0.11599215581346291,2022-23,0.1929168279311888,207942513,,0.815451238291362,0.1929168279311888,9.546812608597396,14000.0,3.0,45072.11650485437,355.57394617037147,390.4007763872305,1.0,29
29_581,2022,0.7793883764747075,0.14811857940239445,2022-23,0.146899159510645,611904597,0.0306234764240543,0.8531008404893549,0.1162756830865907,9.392661928770137,12000.0,2.0,94368.0,222.2573863297476,187.24909593240173,1.0,29
29_582,2022,0.27538823762635123,0.0593122573024348,2022-23,0.4051394181284645,83195099,0.2391813248518401,0.779026275653847,0.1659580932766244,9.059297612932168,8598.10933179646,4.0,72321.0,268.63061081433057,198.9401020251411,1.0,29
29_583,2022,1.2712226494097987,0.2299458332022016,2022-23,0.4629901370676372,509216409,0.2483924982865192,0.5370098629323629,0.2145976387811179,9.300124032623426,10939.375963521876,6.0,82104.0,292.0115189341059,162.4995870767339,1.0,29
29_584,2022,1.2004195096728822,0.21314046571452885,2022-23,0.4157090199187842,642800178,0.0577655891688318,0.5842909800812158,0.3579434307499523,9.923073313249335,20395.576401390004,13.0,81667.0,277.81322749713024,139.9857748534425,1.0,29
30_585,2022,1.6971790329488992,0.28164330003889076,2022-23,0.9324075655437208,195119988,0.263115709088707,0.0675924344562792,0.6692918564550138,10.24515256469946,28145.77587831775,50.0,111189.0,24.7830695167309,304.81309390094873,0.0,30
30_586,2022,0.6226120473545728,0.11358025004918454,2022-23,0.7333417619186844,119956864,0.2472389658335849,0.2666582380813156,0.4861027960850994,9.67041678089356,15841.950269970046,27.0,75999.0,40.78063161978387,263.11944282504754,0.0,30
31_587,2022,0.2423723831248892,0.05375175332830449,2022-23,0.669718110153452,3462842,0.2323447041476336,0.330281889846548,0.4373734060058183,,,,8373.0,302.6181341703414,306.6445474541107,0.0,31
32_588,2022,0.4402068810933841,0.061174469811426976,2022-23,0.7857093119975301,677145229,0.1767214252941299,0.2142906880024698,0.6089878867034002,10.246003214931497,28169.72827521103,87.0,110925.0,64.64670274713392,60.089966142262526,0.0,32
32_589,2022,0.6040981137885473,0.08737985670904251,2022-23,0.7181021802922919,774395436,0.2636459017044104,0.2818978197077081,0.4544562785878815,10.17606726880628,26266.962999111376,65.0,222924.0,129.94050522951346,125.2795242003749,0.0,32
32_590,2022,0.604040352250415,0.08612518972492739,2022-23,0.647444633821008,840705930,0.4961969436804139,0.3525553661789919,0.1512476901405941,9.540390556258023,13910.379349519528,69.0,61236.730595675166,195.4822064327977,143.43501772727024,0.0,32
32_591,2022,0.7040433949820146,0.1053569068226419,2022-23,0.7217496727421443,1120093051,0.2994506480515608,0.2782503272578556,0.4222990246905835,10.052604800611912,23216.181677238943,67.0,320920.90174746007,176.0233983698115,170.85366980016818,0.0,32
32_592,2022,0.5794391745825354,0.08279698331579866,2022-23,0.3971094006882381,302549093,0.2876201648371823,0.6028905993117619,0.1094892358510557,10.4341158035983,34000.0,2.0,290325.0,130.8417833730087,134.31063647166903,0.0,32
32_593,2022,0.6672695674805355,0.1012913573859902,2022-23,0.6928304468924131,499964272,0.5290332145973823,0.3071695531075868,0.1637972322950308,9.793032850897776,17908.537812838782,22.0,141472.15323977958,98.1405016948104,101.43942900548547,0.0,32
32_594,2022,1.0351154700398035,0.16854253304680017,2022-23,0.5391642679243193,503197367,0.2509035008523803,0.4608357320756807,0.288260767071939,9.88592949134318,19651.9036672059,35.0,304634.69821211486,56.98763411459274,60.45663125383095,0.0,32
32_595,2022,1.1117881464640769,0.21669195652790957,2022-23,0.7822803697848776,608621211,0.2482587712507443,0.2177196302151224,0.5340215985341332,9.894690873239217,19824.83796570668,88.0,469511.57756559027,25.08523361284546,26.749362194802675,0.0,32
32_596,2022,0.5114808494146009,0.07004107809823559,2022-23,0.6128015690390975,84809104,0.1578555410749298,0.3871984309609025,0.4549460279641676,,,,79529.7728722344,84.68169803331459,84.39011962888942,0.0,32
32_597,2022,0.9488440039130677,0.14256964102100173,2022-23,0.7932461608153419,800828307,0.4210626410836898,0.2067538391846581,0.372183519731652,10.00668085210449,22174.11401394971,92.0,204431.99606377466,55.94661386146639,53.75157941116052,0.0,32
32_598,2022,0.22716400531475156,0.09852919083904955,2022-23,0.8481264124793984,261294519,0.3230937691425513,0.1518735875206016,0.5250326433368471,10.161205096519016,25879.46552927912,46.0,275262.4372419245,63.59926538826678,60.307704023086565,0.0,32
32_599,2022,0.4384302553567635,0.06394217659858531,2022-23,0.6113198195557463,559665370,0.3517663814003714,0.3886801804442537,0.2595534381553749,9.243990141853844,10342.223274789882,31.0,113346.96432392823,105.56334267842631,103.09459863817825,0.0,32
32_600,2022,0.6340096610542273,0.09919346485791473,2022-23,0.6824880565256606,368455809,0.175853357220377,0.3175119434743394,0.5066346993052836,9.546680492132806,13998.150491673694,27.0,362534.2792809571,130.8039729609851,127.83649218055487,0.0,32
32_601,2022,0.5030738405696963,0.08011291045541614,2022-23,0.4437304080292509,187192756,0.2019963048142739,0.5562695919707491,0.241734103214977,,,,390791.9256148946,126.28923310504517,169.89648367856444,0.0,32
33_602,2022,1.7516200750871114,0.3636068823466056,2022-23,0.5704042785615868,214764888,0.0694403081382651,0.4295957214384132,0.5009639704233217,9.678523978460085,15970.906119604,12.0,262169.50473262323,39.938714286821174,39.938714286821174,1.0,33
33_603,2022,0.30440389994880107,0.05793089906263411,2022-23,0.9439793865838876,1000615516,0.4501705957955583,0.0560206134161125,0.4938087907883291,10.127336148293374,25017.63232613228,70.0,879072.0,2.814717598175505,2.814717598175505,1.0,33
33_604,2022,1.3209155589377046,0.15855897245315548,2022-23,0.7351212752981859,599649814,0.3374056462227136,0.264878724701814,0.3977156290754723,9.395149247610824,12029.884977414342,26.0,320394.0,55.3404703976831,7.474206143656266,1.0,33
33_605,2022,1.9216531012342717,0.3216597280429717,2022-23,0.3820097514706637,525976458,0.0408665628909193,0.6179902485293363,0.3411431885797444,9.421520820337308,12351.352130785768,4.0,341423.0,139.86261597699783,96.64392590303119,1.0,33
33_606,2022,0.3288965042803252,0.045933260641743856,2022-23,0.4928432907017914,178145562,0.0163761475012215,0.5071567092982087,0.4764671432005699,,,,162356.0,139.73193540106263,86.42952469836438,1.0,33
33_607,2022,0.5020935575899401,0.06786980942617135,2022-23,0.8156084806041335,1151090824,0.2603428267794097,0.1843915193958665,0.5552656538247237,10.111822113971137,24632.50309814069,46.0,168521.0,162.42733569719903,107.54423598280202,1.0,33
33_608,2022,0.8189285269633717,0.1495449968009898,2022-23,0.2799971432535315,242849692,0.0587942273214569,0.7200028567464685,0.2317441234391188,7.004881989712859,1102.0,3.0,394452.0690902137,271.9261285352483,217.34197982386132,1.0,33
33_609,2022,0.2546440251355656,0.040407425206093674,2022-23,0.6480251175680488,152959713,0.2629882239852422,0.6691387491569424,0.5233718044436969,9.77027924431608,17505.654890532554,9.0,269561.0,255.14840727875614,248.63263647139277,1.0,33
33_610,2022,0.3673063655981505,0.05323651538977674,2022-23,0.6876475781327939,1338842915,0.253468775311852,0.3123524218672061,0.4341788028209418,9.742691928861763,17029.321456659964,70.0,259204.0,214.0461463698021,216.8768606590276,1.0,33
33_611,2022,0.5124465228845719,0.08292046436945505,2022-23,0.6440021272429288,344953550,0.1728924430550142,0.3559978727570712,0.4711096841879146,10.50749288360178,36588.63249583928,7.0,60569.0,171.30385969506148,174.68828350989506,1.0,33
33_612,2022,0.7196110902967753,0.11800593921118858,2022-23,0.2425958926045991,771130191,0.0894431093542802,0.7574041073954009,0.1531527832503189,10.30724859954836,29948.921699754355,4.0,199407.0,178.09981384179935,179.08198438836172,1.0,33
33_613,2022,0.25200667855864123,0.06781638723403073,2022-23,0.5334862685347639,191481532,0.0691281548760535,0.466513731465236,0.4643581136587104,9.541810853652654,13930.150262032152,10.0,113256.0,228.07980568829075,229.621111549995,1.0,33
33_614,2022,0.7894999163652806,0.16200028747127043,2022-23,0.7390624921116627,275723504,0.2342968483383266,0.2609375078883373,0.5047656437733361,10.381680476326052,32263.13339326984,14.0,248385.0,242.1503410028748,251.43427839105732,1.0,33
33_615,2022,0.34206259069829764,0.046714767377169356,2022-23,0.2641812304050636,111905505,0.047170485491308,0.7358187695949364,0.2170107449137555,,,,26629.0,250.3529996160049,196.08530144323188,1.0,33
33_616,2022,0.05758827056238988,0.0015238196018157717,2022-23,0.9351888325468726,884617100,0.3463425317010037,0.0648111674531274,0.5888463008458688,10.086440969689278,24015.1694406001,41.0,47.0,240.52766951083777,189.11816958684219,1.0,33
33_617,2022,0.5241900847787943,0.10491747436857564,2022-23,0.7913323579488818,706177616,0.1584420894473664,0.2086676420511182,0.6328902685015153,9.340902583197757,11394.688254361765,22.0,189268.8632072671,193.16644584817948,142.15517117927263,1.0,33
33_618,2022,0.09416114626304915,0.02158921304543587,2022-23,0.7820765995570499,710060529,0.3372851499537443,0.2179234004429501,0.4447914496033056,9.866625493748533,19276.18150344516,32.0,86404.0,,,,33
33_619,2022,0.014290921591811681,0.03583107564732344,2022-23,0.7714385643623628,610036779,0.3422821364021398,0.2285614356376371,0.429156427960223,9.91907836458488,20314.25965694296,19.0,83403.0,264.51061555701716,232.04037903285894,1.0,33
33_620,2022,0.0033709493070563246,0.03255543694827027,2022-23,0.5801089988513745,304135682,0.1400170467337666,0.4198910011486255,0.4400919521176078,10.11020937754121,24592.809379390575,6.0,178994.0,245.89761278759875,240.56422403445444,1.0,33
33_621,2022,0.836416503652365,0.16320198515308923,2022-23,0.2844058326118789,453725853,0.1012470232768508,0.715594167388121,0.1831588093350281,9.777050705133949,17624.59599474798,11.0,119740.0,196.60660633680777,286.86799462780067,1.0,33
33_622,2022,0.5440940521102595,0.08710094310731459,2022-23,0.5555592458399237,568218782,0.1602513395975707,0.4444407541600763,0.3953079062423529,10.063342498290371,23466.813212053996,22.0,77995.0,138.733666871003,258.1251244766917,1.0,33
33_623,2022,0.9409539240398632,0.19034285512295016,2022-23,0.6427843260970652,303687934,0.2252806988373795,0.3572156739029348,0.4175036272596856,9.82905333878522,18565.370787113763,10.0,310342.0,130.26941288911854,192.4982440757554,1.0,33
33_624,2022,0.42088324717863596,0.07058220365668194,2022-23,0.7030442633737615,360317609,0.1839578786725352,0.2969557366262385,0.5190863847012261,9.841097399531144,18790.325203667217,9.0,81473.0,130.00181327284088,129.84594652462997,1.0,33
33_625,2022,5.448342797752806,1.5863616413889923,2022-23,0.6549773529268799,497835413,0.2653919479207478,0.3450226470731201,0.389585405006132,10.45693822120553,34784.88461305168,15.0,282917.0,,,,33
33_626,2022,0.3109311962670641,0.049222305378604836,2022-23,0.4026821529035095,379647558,0.1241150456708587,0.5973178470964905,0.2785671072326507,9.218692007066457,10083.866072851542,8.0,77147.0,96.55341250815934,272.39197058536917,1.0,33
33_627,2022,4.275326119405819,1.2677686647348385,2022-23,0.4650196008701773,307664657,0.1250328372946652,0.5349803991298226,0.339986763575512,9.259130682592431,10500.001537691678,2.0,237770.0,20.279938969899117,225.46707876267493,1.0,33
33_628,2022,0.6838801506499941,0.1648818702701919,2022-23,0.8269714179661148,810073702,0.085401597199362,0.1730285820338851,0.7415698207667529,9.967944967253512,21331.603133202138,17.0,350264.0,66.24137801807656,190.24633851724252,1.0,33
33_629,2022,0.06293694588402424,0.04900519245367353,2022-23,0.6992262592188895,644621703,0.195177919723252,0.3007737407811105,0.5040483394956375,10.136648768122928,25251.700226080786,17.0,159504.0,100.5870589290631,219.03656505735174,1.0,33
33_630,2022,0.666490828653789,0.14836943867296337,2022-23,0.4824507499819431,429254868,0.1596992046226485,0.5175492500180569,0.3227515453592945,9.568745433248866,14310.451640720672,23.0,76450.0,250.33013052066738,198.2856283970831,1.0,33
33_631,2022,1.6661917132109938,0.3193386787874274,2022-23,0.5735132187700823,228224145,0.1636014278857304,0.4264867812299176,0.4099117908843518,9.8754310793555,19446.669089758372,27.0,133907.0,251.43730191215536,204.40454398961717,1.0,33
33_632,2022,1.370985026252649,0.22616598154344877,2022-23,0.8667232499626051,819729555,0.2180360911837563,0.1332767500373949,0.6486871587788487,10.082502766743492,23920.778816278387,46.0,485881.0,128.12415892260233,130.90740715391465,1.0,33
33_633,2022,0.1325702190631518,0.09450991904624981,2022-23,0.6759095273247319,297439552,0.1208376551078183,0.3240904726752681,0.5550718722169135,9.453475559063694,12752.410085839449,21.0,377605.0,158.98936104881386,161.16086659618034,1.0,33
34_634,2022,1.8752621530808606,0.26713724919235743,2022-23,0.6443798700826511,44281076,0.1316285313392113,0.3556201299173489,0.5127513387434397,9.40193439548817,12111.787070621775,6.0,5229.0,145.7876229441855,28.705889123062278,0.0,34
34_635,2022,1.5752097713741129,0.24842197090670812,2022-23,0.80582493074043,16711409,0.2842665750087261,0.1941750692595699,0.5215583557317041,10.21657561753196,27352.839342171133,8.0,81301.0,142.07220898807,93.46749613431727,0.0,34
34_636,2022,0.27514764999805785,0.06881416337982853,2022-23,0.8418009691551166,209131022,0.2072812612181467,0.1581990308448834,0.6345197079369698,9.76907854755048,17484.6485209895,67.0,2149.0,155.83945059803304,151.6901885428344,0.0,34
34_637,2022,0.1330366177827924,0.03459542519572309,2022-23,0.6929870746987032,27661096,0.104327572558947,0.3070129253012968,0.5886595021397562,9.521225909977687,13646.330136244656,7.0,13169.0,243.47567496310657,200.56255183366142,0.0,34
35_640,2022,0.20707794010507474,0.0329562632810001,2022-23,0.864503039620837,63125143,0.3048950875247918,0.135496960379163,0.5596079520960452,10.62635068535146,41206.47508933716,36.0,16996.0,1158.132747561048,1158.132747561048,0.0,35
