hs6,hs_desc,isic3,isic_desc,shric
020110,Fresh or chilled bovine carcasses and half carc,1511,"Production, processing and preserving of meat and meat products",5
020120,Fresh or chilled unboned bovine meat (excl. car,1511,"Production, processing and preserving of meat and meat products",5
020130,Fresh or chilled boneless bovine meat,1511,"Production, processing and preserving of meat and meat products",5
020210,Frozen bovine carcasses and half carcasses,1511,"Production, processing and preserving of meat and meat products",5
020220,Frozen unboned bovine meat (excl. carcasses),1511,"Production, processing and preserving of meat and meat products",5
020230,Frozen boneless bovine meat,1511,"Production, processing and preserving of meat and meat products",5
020311,Fresh or chilled swine carcasses and half carca,1511,"Production, processing and preserving of meat and meat products",5
020312,"Fresh or chilled unboned hams, shoulders and cu",1511,"Production, processing and preserving of meat and meat products",5
020319,"Fresh or chilled swine meat, nes (unboned)",1511,"Production, processing and preserving of meat and meat products",5
020321,Frozen swine carcasses and half carcasses,1511,"Production, processing and preserving of meat and meat products",5
020322,"Frozen unboned hams, shoulders and cuts thereof",1511,"Production, processing and preserving of meat and meat products",5
020329,"Frozen swine meat, nes",1511,"Production, processing and preserving of meat and meat products",5
020410,Fresh or chilled lamb carcasses and half carcas,1511,"Production, processing and preserving of meat and meat products",5
020421,Fresh or chilled sheep carcasses and half carca,1511,"Production, processing and preserving of meat and meat products",5
020422,Fresh or chilled unboned meat of sheep,1511,"Production, processing and preserving of meat and meat products",5
020423,Fresh or chilled boneless meat of sheep,1511,"Production, processing and preserving of meat and meat products",5
020430,Frozen lamb carcasses and half carcasses,1511,"Production, processing and preserving of meat and meat products",5
020441,Frozen sheep carcasses and half carcasses (excl,1511,"Production, processing and preserving of meat and meat products",5
020442,Frozen unboned meat of sheep,1511,"Production, processing and preserving of meat and meat products",5
020443,Frozen boned meat of sheep,1511,"Production, processing and preserving of meat and meat products",5
020450,"Fresh, chilled or frozen goat meat",1511,"Production, processing and preserving of meat and meat products",5
020500,"Meat of horses, asses, mules or hinnies, fresh,",1511,"Production, processing and preserving of meat and meat products",5
020610,Fresh or chilled edible bovine offal,1511,"Production, processing and preserving of meat and meat products",5
020621,Frozen bovine tongues,1511,"Production, processing and preserving of meat and meat products",5
020622,Frozen bovine livers,1511,"Production, processing and preserving of meat and meat products",5
020629,Frozen edible bovine offal (excl. tongues and l,1511,"Production, processing and preserving of meat and meat products",5
020630,Fresh or chilled edible swine offal,1511,"Production, processing and preserving of meat and meat products",5
020641,Frozen swine livers,1511,"Production, processing and preserving of meat and meat products",5
020649,Frozen edible swine offal (excl. livers),1511,"Production, processing and preserving of meat and meat products",5
020680,"Fresh or chilled edible offal of sheep, goats,",1511,"Production, processing and preserving of meat and meat products",5
020690,"Frozen edible offal of sheep, goats, horses...",1511,"Production, processing and preserving of meat and meat products",5
020710,Fresh or chilled whole poultry,1511,"Production, processing and preserving of meat and meat products",5
020721,Frozen whole chickens,1511,"Production, processing and preserving of meat and meat products",5
020722,Frozen whole turkeys,1511,"Production, processing and preserving of meat and meat products",5
020723,"Frozen whole ducks, geese and guinea fowls",1511,"Production, processing and preserving of meat and meat products",5
020731,Fresh or chilled fatty livers of geese or ducks,1511,"Production, processing and preserving of meat and meat products",5
020739,Fresh or chilled poultry cuts and offal (excl.,1511,"Production, processing and preserving of meat and meat products",5
020741,Frozen cuts and offal of chicken (excl. livers),1511,"Production, processing and preserving of meat and meat products",5
020742,Frozen cuts and offal of turkey (excl. livers),1511,"Production, processing and preserving of meat and meat products",5
020743,"Frozen cuts and offal of geese, ducks and guine",1511,"Production, processing and preserving of meat and meat products",5
020750,Frozen poultry livers,1511,"Production, processing and preserving of meat and meat products",5
020810,"Fresh, chilled or frozen meat and edible offal",1511,"Production, processing and preserving of meat and meat products",5
020890,"Fresh, chilled or frozen meat and edible offal,",1511,"Production, processing and preserving of meat and meat products",5
020900,"Pig and poultry fat, fresh, chilled, frozen, sa",1511,"Production, processing and preserving of meat and meat products",5
021011,"Unboned swine hams, shoulders and cuts thereof,",1511,"Production, processing and preserving of meat and meat products",5
021012,"Bellies and cuts thereof of swine, salted... or",1511,"Production, processing and preserving of meat and meat products",5
021019,"Meat of swine, salted... or smoked, nes",1511,"Production, processing and preserving of meat and meat products",5
021020,"Meat of bovine animals, salted... or smoked",1511,"Production, processing and preserving of meat and meat products",5
021090,"Other meat, nes, salted... or smoked; flours an",1511,"Production, processing and preserving of meat and meat products",5
030270,Fresh or chilled fish livers and roes,1512,Processing and preserving of fish and fish products,10
030310,Frozen Pacific salmon,1512,Processing and preserving of fish and fish products,10
030321,Frozen trout,1512,Processing and preserving of fish and fish products,10
030322,Frozen Atlantic and Danube salmon,1512,Processing and preserving of fish and fish products,10
030329,"Frozen salmonidae (excl. Pacific, Atlantic, Dan",1512,Processing and preserving of fish and fish products,10
030331,Frozen halibut,1512,Processing and preserving of fish and fish products,10
030332,Frozen plaice,1512,Processing and preserving of fish and fish products,10
030333,Frozen sole,1512,Processing and preserving of fish and fish products,10
030339,"Frozen flat fish (excl. halibut, plaice and sol",1512,Processing and preserving of fish and fish products,10
030341,Frozen albacore or longfinned tunas,1512,Processing and preserving of fish and fish products,10
030342,Frozen yellowfin tunas,1512,Processing and preserving of fish and fish products,10
030343,Frozen skipjack or stripe-bellied bonito,1512,Processing and preserving of fish and fish products,10
030349,"Frozen tunas, nes",1512,Processing and preserving of fish and fish products,10
030350,Frozen herrings (excl. livers and roes),1512,Processing and preserving of fish and fish products,10
030360,Frozen cod (excl. livers and roes),1512,Processing and preserving of fish and fish products,10
030371,"Frozen sardines, brisling or sprats",1512,Processing and preserving of fish and fish products,10
030372,Frozen haddock,1512,Processing and preserving of fish and fish products,10
030373,Frozen coalfish,1512,Processing and preserving of fish and fish products,10
030374,Frozen mackerel,1512,Processing and preserving of fish and fish products,10
030375,Frozen dogfish and sharks,1512,Processing and preserving of fish and fish products,10
030376,Frozen eels,1512,Processing and preserving of fish and fish products,10
030377,Frozen sea-bass,1512,Processing and preserving of fish and fish products,10
030378,Frozen hake,1512,Processing and preserving of fish and fish products,10
030379,"Frozen fish, nes",1512,Processing and preserving of fish and fish products,10
030380,Frozen fish livers and roes,1512,Processing and preserving of fish and fish products,10
030410,Fresh or chilled fish fillets,1512,Processing and preserving of fish and fish products,10
030420,Frozen fish fillets,1512,Processing and preserving of fish and fish products,10
030490,Frozen fish meat (excl. fillets),1512,Processing and preserving of fish and fish products,10
030510,"Flours, meals and pellets of fish, fit for huma",1512,Processing and preserving of fish and fish products,10
030520,"Livers and roes, dried, smoked, salted or in br",1512,Processing and preserving of fish and fish products,10
030530,"Fish fillets, dried, salted or in brine, but no",1512,Processing and preserving of fish and fish products,10
030541,"Smoked Pacific, Atlantic and Danube salmon (inc",1512,Processing and preserving of fish and fish products,10
030542,Smoked herrings (incl. fillets),1512,Processing and preserving of fish and fish products,10
030549,Smoked fish (excl. salmon and herrings),1512,Processing and preserving of fish and fish products,10
030551,"Dried cod, not smoked",1512,Processing and preserving of fish and fish products,10
030559,"Dried fish, not smoked (excl. cod)",1512,Processing and preserving of fish and fish products,10
030561,Herrings salted or in brine but not dried or sm,1512,Processing and preserving of fish and fish products,10
030562,Cod salted or in brine but not dried or smoked,1512,Processing and preserving of fish and fish products,10
030563,Anchovies salted or in brine but not dried or s,1512,Processing and preserving of fish and fish products,10
030569,Other fish salted or in brine but not dried or,1512,Processing and preserving of fish and fish products,10
030611,Frozen rock lobster and other sea crawfish,1512,Processing and preserving of fish and fish products,10
030612,Frozen lobsters,1512,Processing and preserving of fish and fish products,10
030613,Frozen shrimps and prawns,1512,Processing and preserving of fish and fish products,10
030614,Frozen crabs,1512,Processing and preserving of fish and fish products,10
030619,"Frozen crustaceans,nes,including flours,meals &",1512,Processing and preserving of fish and fish products,10
030729,"Scallops (excl. live, fresh or chilled)",1512,Processing and preserving of fish and fish products,10
030739,"Mussels (excl. live, fresh or chilled)",1512,Processing and preserving of fish and fish products,10
030749,"Cuttle fish and squid (excl. live, fresh or chi",1512,Processing and preserving of fish and fish products,10
030759,"Octopus (excl. live, fresh or chilled)",1512,Processing and preserving of fish and fish products,10
030799,"Aquatic invertebrates,nes,includ.flours,meals,p",1512,Processing and preserving of fish and fish products,10
040110,"Milk and cream of =<1% fat, not concentrated or",1520,Manufacture of dairy products,7
040120,"Milk and cream of >1% but =<6% fat, not concent",1520,Manufacture of dairy products,7
040130,"Milk and cream of >6% fat, not concentrated or",1520,Manufacture of dairy products,7
040210,Milk and cream in solid forms of =<1.5% fat,1520,Manufacture of dairy products,7
040221,"Milk and cream in solid forms of >1.5% fat, uns",1520,Manufacture of dairy products,7
040229,"Milk and cream in solid forms of >1.5% fat, swe",1520,Manufacture of dairy products,7
040291,"Concentrated milk and cream, unsweetened (excl.",1520,Manufacture of dairy products,7
040299,Sweetened milk and cream (excl. in solid form),1520,Manufacture of dairy products,7
040310,Yogurt,1520,Manufacture of dairy products,7
040390,"Buttermilk, curdled milk and cream, etc (excl.",1520,Manufacture of dairy products,7
040410,"Whey & modified whey, concentrated or not, or c",1520,Manufacture of dairy products,7
040490,Products consisting of natural milk constituent,1520,Manufacture of dairy products,7
040500,Butter and other fats and oils derived from mil,1520,Manufacture of dairy products,7
040610,"Fresh (unripened or uncured) cheese, including",1520,Manufacture of dairy products,7
040620,Grated or powdered cheese,1520,Manufacture of dairy products,7
040630,"Processed cheese, not grated or powdered",1520,Manufacture of dairy products,7
040640,Blue-veined cheese,1520,Manufacture of dairy products,7
040690,"Cheese, nes",1520,Manufacture of dairy products,7
040811,Dried egg yolks,1549,Manufacture of other food products n.e.c.,10
040819,Egg yolks (excl. dried),1549,Manufacture of other food products n.e.c.,10
040891,"Dried birds' eggs, not in shell",1549,Manufacture of other food products n.e.c.,10
040899,"Birds' eggs, not in shell (excl. dried)",1549,Manufacture of other food products n.e.c.,10
051191,"Products of fish, etc; dead animals of Chapter",1512,Processing and preserving of fish and fish products,10
071010,"Potatoes, frozen",1513,Processing and preserving of fruit and vegetables,10
071021,"Shelled or unshelled peas, frozen",1513,Processing and preserving of fruit and vegetables,10
071022,"Shelled or unshelled beans, frozen",1513,Processing and preserving of fruit and vegetables,10
071029,"Leguminous vegetables, shelled or unshelled, fr",1513,Processing and preserving of fruit and vegetables,10
071030,"Spinach, frozen",1513,Processing and preserving of fruit and vegetables,10
071040,"Sweet corn, frozen",1513,Processing and preserving of fruit and vegetables,10
071080,"Vegetables, frozen, nes",1513,Processing and preserving of fruit and vegetables,10
071090,"Mixtures of vegetables, frozen",1513,Processing and preserving of fruit and vegetables,10
071110,"Onions provisionally preserved, not for immedia",1513,Processing and preserving of fruit and vegetables,10
071120,"Olives provisionally preserved, not for immedia",1513,Processing and preserving of fruit and vegetables,10
071130,"Capers provisionally preserved, not for immedia",1513,Processing and preserving of fruit and vegetables,10
071140,Cucumbers and gherkins provisionally preserved,1513,Processing and preserving of fruit and vegetables,10
071190,Other vegetables and  mixture of vegetables pro,1513,Processing and preserving of fruit and vegetables,10
071210,Dried potatoes,1513,Processing and preserving of fruit and vegetables,10
071220,Dried onions,1513,Processing and preserving of fruit and vegetables,10
071230,Dried mushrooms and truffles,1513,Processing and preserving of fruit and vegetables,10
071290,"Dried vegetables, nes",1513,Processing and preserving of fruit and vegetables,10
081110,"Strawberries, frozen",1513,Processing and preserving of fruit and vegetables,10
081120,"Raspberries, blackberries...etc, frozen",1513,Processing and preserving of fruit and vegetables,10
081190,"Other fruit and nuts, frozen, nes",1513,Processing and preserving of fruit and vegetables,10
081210,"Cherries, provisionally preserved, not for imme",1513,Processing and preserving of fruit and vegetables,10
081220,"Strawberries, provisionally preserved, not for",1513,Processing and preserving of fruit and vegetables,10
081290,"Fruit and nuts, provisionally preserved, not fo",1513,Processing and preserving of fruit and vegetables,10
081400,"Peel of citrus fruit or melons, fresh, frozen,",1513,Processing and preserving of fruit and vegetables,10
090112,"Decaffeinated coffee, not roasted",1549,Manufacture of other food products n.e.c.,10
090121,"Roasted coffee, not decaffeinated",1549,Manufacture of other food products n.e.c.,10
090122,"Roasted, decaffeinated coffee",1549,Manufacture of other food products n.e.c.,10
090140,Coffee substitutes containing coffee,1549,Manufacture of other food products n.e.c.,10
090210,Green tea in immediate packings,1549,Manufacture of other food products n.e.c.,10
090230,Black tea (fermented) and partly fermented tea,1549,Manufacture of other food products n.e.c.,10
100620,Husked (brown) rice,1531,Manufacture of grain mill products,8
100630,Semi-milled or wholly milled rice,1531,Manufacture of grain mill products,8
100640,Broken rice,1531,Manufacture of grain mill products,8
110100,Wheat or meslin flour,1531,Manufacture of grain mill products,8
110210,Rye flour,1531,Manufacture of grain mill products,8
110220,Maize (corn) flour,1531,Manufacture of grain mill products,8
110230,Rice flour,1531,Manufacture of grain mill products,8
110290,"Other cereal flour, nes",1531,Manufacture of grain mill products,8
110311,Groats and meal of wheat,1531,Manufacture of grain mill products,8
110312,Groats and meal of oats,1531,Manufacture of grain mill products,8
110313,Groats and meal of maize (corn),1531,Manufacture of grain mill products,8
110314,Groats and meal of rice,1531,Manufacture of grain mill products,8
110319,"Groats and meal of other cereals, nes",1531,Manufacture of grain mill products,8
110321,Wheat pellets,1531,Manufacture of grain mill products,8
110329,Pellets of other cereals (excl. wheat),1531,Manufacture of grain mill products,8
110411,Rolled or flaked barley grains,1531,Manufacture of grain mill products,8
110412,Rolled or flaked oat grains,1531,Manufacture of grain mill products,8
110419,"Rolled or flaked grains of other cereals, nes",1531,Manufacture of grain mill products,8
110421,"Other worked grains of barley, nes",1531,Manufacture of grain mill products,8
110422,"Other worked grains of oats, nes",1531,Manufacture of grain mill products,8
110423,"Other worked grains of maize (corn), nes",1531,Manufacture of grain mill products,8
110429,"Other worked grains of other cereals, nes",1531,Manufacture of grain mill products,8
110430,"Cereal germ, whole, rolled, flaked or ground",1531,Manufacture of grain mill products,8
110510,Potato flour and meal,1513,Processing and preserving of fruit and vegetables,10
110520,"Potato flakes, granules and pellets",1513,Processing and preserving of fruit and vegetables,10
110610,Flour and meal of the dried leguminous vegetabl,1531,Manufacture of grain mill products,8
110620,"Flour and meal of sago, roots or tubers of 0714",1531,Manufacture of grain mill products,8
110630,"Flour, meal and powder of products of Chapter 8",1531,Manufacture of grain mill products,8
110710,Malt not roasted,1553,Manufacture of malt liquors and malt,11
110720,Roasted malt,1553,Manufacture of malt liquors and malt,11
110811,Wheat starch,1532,Manufacture of starches and starch products,8
110812,Maize (corn) starch,1532,Manufacture of starches and starch products,8
110813,Potato starch,1532,Manufacture of starches and starch products,8
110814,Manioc (cassava) starch,1532,Manufacture of starches and starch products,8
110819,"Other starches, nes",1532,Manufacture of starches and starch products,8
110820,Inulin,1532,Manufacture of starches and starch products,8
110900,Wheat gluten,1532,Manufacture of starches and starch products,8
120810,Soya bean flour and meal,1514,Manufacture of vegetable and animal oils and fats,6
120890,Other flours and meal of oil seeds or oleaginou,1514,Manufacture of vegetable and animal oils and fats,6
121230,"Apricot, peach or plum stones and kernels used",1513,Processing and preserving of fruit and vegetables,10
140420,Cotton linters,1514,Manufacture of vegetable and animal oils and fats,6
150100,"Lard, other pig fat and poultry fat, rendered",1511,"Production, processing and preserving of meat and meat products",5
150200,"Fats of bovine animals, sheep or goats, raw or",1511,"Production, processing and preserving of meat and meat products",5
150300,"Lard stearin, lardoil, oleostearin, oleo-oil an",1514,Manufacture of vegetable and animal oils and fats,6
150410,Fish-liver oils and their fractions,1514,Manufacture of vegetable and animal oils and fats,6
150420,"Fish fats, oils and fractions (excl. fish liver",1514,Manufacture of vegetable and animal oils and fats,6
150430,"Marine mammal fats, oils and their liquid fract",1514,Manufacture of vegetable and animal oils and fats,6
150600,Other animal fats and oils and their fractions,1514,Manufacture of vegetable and animal oils and fats,6
150710,Crude soya-bean oil,1514,Manufacture of vegetable and animal oils and fats,6
150790,Soya-bean oil (excl. crude) and fractions,1514,Manufacture of vegetable and animal oils and fats,6
150810,Crude ground-nut oil,1514,Manufacture of vegetable and animal oils and fats,6
150890,Ground-nut oil (excl. crude) and fractions,1514,Manufacture of vegetable and animal oils and fats,6
150910,Virgin olive oil and fractions,1514,Manufacture of vegetable and animal oils and fats,6
150990,Olive oil and fractions (excl. virgin),1514,Manufacture of vegetable and animal oils and fats,6
151000,"Other oils and their fractions, obtained solely",1514,Manufacture of vegetable and animal oils and fats,6
151110,Crude palm oil,1514,Manufacture of vegetable and animal oils and fats,6
151190,Palm oil (excl. crude) and liquid fractions,1514,Manufacture of vegetable and animal oils and fats,6
151211,Crude sunflower-seed and safflower oil and frac,1514,Manufacture of vegetable and animal oils and fats,6
151219,Sunflower-seed and safflower oil (excl. crude),1514,Manufacture of vegetable and animal oils and fats,6
151221,"Crude cotton-seed oil, whether or not gossypol",1514,Manufacture of vegetable and animal oils and fats,6
151229,Cotton-seed oil (excl. crude) and fractions the,1514,Manufacture of vegetable and animal oils and fats,6
151311,Crude coconut (copra) oil and fractions thereof,1514,Manufacture of vegetable and animal oils and fats,6
151319,Coconut copra oil (excl. crude) and fractions t,1514,Manufacture of vegetable and animal oils and fats,6
151321,Crude palm kernel or babassu oil and fractions,1514,Manufacture of vegetable and animal oils and fats,6
151329,Palm kernel or babassu oil (excl. crude) and fr,1514,Manufacture of vegetable and animal oils and fats,6
151410,"Crude rape, colza or mustard oil and fractions",1514,Manufacture of vegetable and animal oils and fats,6
151490,"Rape, colza or mustard oil (excl. crude) and fr",1514,Manufacture of vegetable and animal oils and fats,6
151511,Crude linseed oil,1514,Manufacture of vegetable and animal oils and fats,6
151519,Linseed oil (excl. crude) and fractions,1514,Manufacture of vegetable and animal oils and fats,6
151521,Crude maize (corn) oil,1532,Manufacture of starches and starch products,8
151529,Maize (corn) oil (excl. crude) and fractions,1532,Manufacture of starches and starch products,8
151530,Castor oil and its fractions,1514,Manufacture of vegetable and animal oils and fats,6
151540,Tung oil and its fractions,1514,Manufacture of vegetable and animal oils and fats,6
151550,Sesame oil and fractions,1514,Manufacture of vegetable and animal oils and fats,6
151560,Jojoba oil and fractions,1514,Manufacture of vegetable and animal oils and fats,6
151590,"Other fixed vegetable fats and fractions, nes",1514,Manufacture of vegetable and animal oils and fats,6
151610,"Animal fats and oils and fractions, hydrogenate",1514,Manufacture of vegetable and animal oils and fats,6
151620,"Vegetable fats and oils and their fractions, hy",1514,Manufacture of vegetable and animal oils and fats,6
151710,Margarine (excl. liquid),1514,Manufacture of vegetable and animal oils and fats,6
151790,"Edible preparations of fats and oils, nes",1514,Manufacture of vegetable and animal oils and fats,6
151800,Animal or vegetable fats and oils... chemically,2429,Manufacture of other chemical products n.e.c.,22
151911,Indus.monocarboxylic fatty acids;acid oils from,2411,"Manufacture of basic chemicals, except fertilizers and nitrogen compounds",22
151912,Indus.monocarboxylic fatty acids;acid oils from,2411,"Manufacture of basic chemicals, except fertilizers and nitrogen compounds",22
151913,Indus.monocarbox.fatty acids;acid oils from ref,2411,"Manufacture of basic chemicals, except fertilizers and nitrogen compounds",22
151919,Industrial monocarboxylic fatty acids;acid oils,2411,"Manufacture of basic chemicals, except fertilizers and nitrogen compounds",22
151920,Industrial fatty alcohols,2411,"Manufacture of basic chemicals, except fertilizers and nitrogen compounds",22
152010,"Glycerol (glycerine), crude, glycerol waters an",2424,"Manufacture of soap and detergents, cleaning and polishing preparations, perfumes and toilet prepara",22
152090,"Glycerol (excl. crude), including synthetic",2424,"Manufacture of soap and detergents, cleaning and polishing preparations, perfumes and toilet prepara",22
152110,Vegetable waxes (excl. triglycerides),1514,Manufacture of vegetable and animal oils and fats,6
152200,Degras; residues of fatty substances or animal,1514,Manufacture of vegetable and animal oils and fats,6
160100,Sausages and similar products; food preparation,1511,"Production, processing and preserving of meat and meat products",5
160210,"Homogenized preparations of meat, meat offal or",1549,Manufacture of other food products n.e.c.,10
160220,Preparations of animal liver,1511,"Production, processing and preserving of meat and meat products",5
160231,Preparations of turkey meat,1511,"Production, processing and preserving of meat and meat products",5
160239,Preparations of poultry (excl. turkey),1511,"Production, processing and preserving of meat and meat products",5
160241,"Preparations of swine, hams and cuts",1511,"Production, processing and preserving of meat and meat products",5
160242,"Preparations of swine, shoulders and cuts",1511,"Production, processing and preserving of meat and meat products",5
160249,"Preparations of swine meat, including mixtures,",1511,"Production, processing and preserving of meat and meat products",5
160250,Preparations of meat of bovine animals,1511,"Production, processing and preserving of meat and meat products",5
160290,Preparations of meat (incl.preparations of bloo,1511,"Production, processing and preserving of meat and meat products",5
160300,"Extracts and juices of meat, fish and aquatic i",1511,"Production, processing and preserving of meat and meat products",5
160411,Prepared or preserved salmon (excl. minced),1512,Processing and preserving of fish and fish products,10
160412,Prepared or preserved herrings (excl. minced),1512,Processing and preserving of fish and fish products,10
160413,"Prepared or preserved sardines, sardinella, bri",1512,Processing and preserving of fish and fish products,10
160414,"Prepared or preserved tuna, skipjack and bonito",1512,Processing and preserving of fish and fish products,10
160415,Prepared or preserved mackerel (excl. minced),1512,Processing and preserving of fish and fish products,10
160416,Prepared or preserved anchovies (excl. minced),1512,Processing and preserving of fish and fish products,10
160419,"Prepared or preserved fish (excl. minced), nes",1512,Processing and preserving of fish and fish products,10
160420,"Other prepared or preserved fish, nes",1512,Processing and preserving of fish and fish products,10
160430,Caviar and caviar substitutes,1512,Processing and preserving of fish and fish products,10
160510,"Crab, prepared or preserved",1512,Processing and preserving of fish and fish products,10
160520,"Shrimps and prawns, prepared or preserved",1512,Processing and preserving of fish and fish products,10
160530,"Lobster, prepared or preserved",1512,Processing and preserving of fish and fish products,10
160540,"Crustaceans, nes, prepared or preserved",1512,Processing and preserving of fish and fish products,10
160590,"Molluscs and other aquatic invertebrates, prepa",1512,Processing and preserving of fish and fish products,10
170111,"Raw cane sugar, in solid form",1542,Manufacture of sugar,10
170112,"Raw beet sugar, in solid form",1542,Manufacture of sugar,10
170191,"Cane or beet sugar, containing added flavouring",1542,Manufacture of sugar,10
170199,"Cane or beet sugar, in solid form, nes",1542,Manufacture of sugar,10
170210,Lactose and lactose syrup,1520,Manufacture of dairy products,7
170220,Maple sugar and maple syrup,1542,Manufacture of sugar,10
170230,"Glucose and glucose syrup, containing <20% fruc",1532,Manufacture of starches and starch products,8
170240,"Glucose and glucose syrup, containing >=20% but",1532,Manufacture of starches and starch products,8
170250,Chemically pure fructose,1532,Manufacture of starches and starch products,8
170260,"Other fructose and fructose syrup, containing >",1532,Manufacture of starches and starch products,8
170290,"Artificial honey, caramel and other sugars (inc",1532,Manufacture of starches and starch products,8
170310,Cane molasses resulting from the extraction or,1542,Manufacture of sugar,10
170390,Molasses resulting from the extraction or refin,1542,Manufacture of sugar,10
170410,Chewing gum,1543,"Manufacture of cocoa, chocolate and sugar confectionery",10
170490,"Sugar confectionery (incl. white chocolate), no",1543,"Manufacture of cocoa, chocolate and sugar confectionery",10
180310,"Cocoa paste, not defatted",1543,"Manufacture of cocoa, chocolate and sugar confectionery",10
180320,"Cocoa paste, wholly or partly defatted",1543,"Manufacture of cocoa, chocolate and sugar confectionery",10
180400,"Cocoa butter, fat and oil",1543,"Manufacture of cocoa, chocolate and sugar confectionery",10
180500,"Cocoa powder, not containing added sugar or oth",1543,"Manufacture of cocoa, chocolate and sugar confectionery",10
180610,"Cocoa powder, containing added sugar or other s",1543,"Manufacture of cocoa, chocolate and sugar confectionery",10
180620,"Chocolate, etc, containing cocoa, in blocks, sl",1543,"Manufacture of cocoa, chocolate and sugar confectionery",10
180631,"Chocolate, etc, containing cocoa, in blocks, sl",1543,"Manufacture of cocoa, chocolate and sugar confectionery",10
180632,"Chocolate, etc, containing cocoa in blocks, sla",1543,"Manufacture of cocoa, chocolate and sugar confectionery",10
180690,"Chocolate, etc, containing cocoa, not in blocks",1543,"Manufacture of cocoa, chocolate and sugar confectionery",10
190110,"Preparations for infant use, for retail sale, o",1549,Manufacture of other food products n.e.c.,10
190120,Mixes and doughs for preparation of bakers' war,1531,Manufacture of grain mill products,8
190190,"Other food preparations of flour, etc, nes",1549,Manufacture of other food products n.e.c.,10
190211,Uncooked pasta containing eggs not stuffed,1544,"Manufacture of macaroni, noodles, couscous and similar farinaceous products",10
190219,"Uncooked pasta, not containing eggs, not stuffe",1544,"Manufacture of macaroni, noodles, couscous and similar farinaceous products",10
190220,Stuffed pasta,1544,"Manufacture of macaroni, noodles, couscous and similar farinaceous products",10
190230,"Other pasta, nes",1544,"Manufacture of macaroni, noodles, couscous and similar farinaceous products",10
190240,Couscous,1544,"Manufacture of macaroni, noodles, couscous and similar farinaceous products",10
190300,Tapioca and substitutes prepared from starch in,1532,Manufacture of starches and starch products,8
190410,Prepared foods obtained by the swelling or roas,1531,Manufacture of grain mill products,8
190490,Prepared cereals in grain form (excl. maize),1531,Manufacture of grain mill products,8
190510,Crispbread,1541,Manufacture of bakery products,10
190520,Gingerbread and the like,1541,Manufacture of bakery products,10
190530,Sweet biscuits; waffles and wafers,1541,Manufacture of bakery products,10
190540,"Rusks, toasted bread and similar toasted produc",1541,Manufacture of bakery products,10
190590,"Other bread, etc, nes; communion wafers, rice p",1541,Manufacture of bakery products,10
200110,"Cucumbers and gherkins, preserved by vinegar or",1513,Processing and preserving of fruit and vegetables,10
200120,"Onions, prepared or preserved by vinegar or ace",1513,Processing and preserving of fruit and vegetables,10
200190,"Other vegetables, fruits, etc, preserved by vin",1513,Processing and preserving of fruit and vegetables,10
200210,"Tomatoes, whole or in pieces, preserved other t",1513,Processing and preserving of fruit and vegetables,10
200290,"Tomatoes, preserved otherwise than by vinegar o",1513,Processing and preserving of fruit and vegetables,10
200310,"Mushrooms, preserved otherwise than by vinegar",1513,Processing and preserving of fruit and vegetables,10
200320,"Truffles, prepared or preserved otherwise than",1513,Processing and preserving of fruit and vegetables,10
200410,"Potatoes, preserved other than by vinegar or ac",1513,Processing and preserving of fruit and vegetables,10
200490,Other vegetables preserved other than by vinega,1513,Processing and preserving of fruit and vegetables,10
200510,"Homogenized vegetable, preserved other than by",1549,Manufacture of other food products n.e.c.,10
200520,"Potatoes, preserved other than by vinegar or ac",1513,Processing and preserving of fruit and vegetables,10
200530,"Sauerkraut, preserved other than by vinegar or",1513,Processing and preserving of fruit and vegetables,10
200540,"Peas, preserved other than by vinegar or acetic",1513,Processing and preserving of fruit and vegetables,10
200551,"Shelled beans, preserved other than by vinegar,",1513,Processing and preserving of fruit and vegetables,10
200559,"Beans, unshelled, preserved other than by vineg",1513,Processing and preserving of fruit and vegetables,10
200560,"Asparagus, preserved other than by vinegar or a",1513,Processing and preserving of fruit and vegetables,10
200570,"Olives, preserved other than by vinegar or acet",1513,Processing and preserving of fruit and vegetables,10
200580,"Sweetcorn, preserved other than by vinegar or a",1513,Processing and preserving of fruit and vegetables,10
200590,"Vegetables preserved other than by vinegar, etc",1513,Processing and preserving of fruit and vegetables,10
200600,"Fruit, nuts, fruit-peel and other parts of plan",1543,"Manufacture of cocoa, chocolate and sugar confectionery",10
200710,"Jams, fruit jellies, marmalades, etc, homogeniz",1549,Manufacture of other food products n.e.c.,10
200791,"Jams, fruit jellies, marmalades, etc, of citrus",1513,Processing and preserving of fruit and vegetables,10
200799,"Other jams, fruit jellies, marmalades, etc, bei",1513,Processing and preserving of fruit and vegetables,10
200811,"Ground-nuts, preserved",1513,Processing and preserving of fruit and vegetables,10
200819,"Nuts and seeds including mixtures, preserved",1513,Processing and preserving of fruit and vegetables,10
200820,"Pineapples, prepared or preserved (excl. those",1513,Processing and preserving of fruit and vegetables,10
200830,"Citrus fruit, prepared or preserved (excl. thos",1513,Processing and preserving of fruit and vegetables,10
200840,"Pears, prepared or preserved (excl. those of 20",1513,Processing and preserving of fruit and vegetables,10
200850,"Apricots, prepared or preserved (excl. those of",1513,Processing and preserving of fruit and vegetables,10
200860,"Cherries, prepared or preserved (excl. those of",1513,Processing and preserving of fruit and vegetables,10
200870,"Peaches, prepared or preserved (excl. those of",1513,Processing and preserving of fruit and vegetables,10
200880,"Strawberries, prepared or preserved (excl. thos",1513,Processing and preserving of fruit and vegetables,10
200891,"Palm hearts, prepared or preserved (excl. those",1513,Processing and preserving of fruit and vegetables,10
200892,"Mixtures of fruit, prepared or preserved (excl.",1513,Processing and preserving of fruit and vegetables,10
200899,"Other fruit, etc, prepared or preserved, nes",1513,Processing and preserving of fruit and vegetables,10
200911,"Frozen orange juice, unfermented, not containin",1513,Processing and preserving of fruit and vegetables,10
200919,"Unfrozen orange juice, unfermented, not contain",1513,Processing and preserving of fruit and vegetables,10
200920,"Grapefruit juice, unfermented, not containing a",1513,Processing and preserving of fruit and vegetables,10
200930,"Single citrus fruit juice, (excl. orange and gr",1513,Processing and preserving of fruit and vegetables,10
200940,"Pineapple juice, unfermented, not containing ad",1513,Processing and preserving of fruit and vegetables,10
200950,"Tomato juice, unfermented, not containing added",1513,Processing and preserving of fruit and vegetables,10
200960,"Grape juice, (incl. must), unfermented, not con",1513,Processing and preserving of fruit and vegetables,10
200970,"Apple juice, unfermented, not containing added",1513,Processing and preserving of fruit and vegetables,10
200980,"Juice of other single fruit, unfermented, not c",1513,Processing and preserving of fruit and vegetables,10
200990,"Mixtures of juices, unfermented, not containing",1513,Processing and preserving of fruit and vegetables,10
210110,"Extracts, essences, concentrates and preparatio",1549,Manufacture of other food products n.e.c.,10
210120,"Extracts, essences, concentrates and preparatio",1549,Manufacture of other food products n.e.c.,10
210130,"Roasted coffee substitutes (incl. chicory), etc",1549,Manufacture of other food products n.e.c.,10
210210,Active yeasts,1549,Manufacture of other food products n.e.c.,10
210220,Inactive yeasts; other single-cell micro-organi,1549,Manufacture of other food products n.e.c.,10
210230,Prepared baking powders,1549,Manufacture of other food products n.e.c.,10
210310,Soya sauce,1549,Manufacture of other food products n.e.c.,10
210320,Tomato ketchup and other tomato sauces,1549,Manufacture of other food products n.e.c.,10
210330,"Mustard flour and meal, prepared mustard",1549,Manufacture of other food products n.e.c.,10
210390,Sauces and sauce preparations; mixed condiments,1549,Manufacture of other food products n.e.c.,10
210410,Soups and broths and preparations therefor,1549,Manufacture of other food products n.e.c.,10
210420,Homogenized composite food preparations,1549,Manufacture of other food products n.e.c.,10
210500,"Ice cream and other edible ice, whether or not",1520,Manufacture of dairy products,7
210610,Protein concentrates and textured protein subst,1549,Manufacture of other food products n.e.c.,10
210690,"Other food preparations, nes",1549,Manufacture of other food products n.e.c.,10
220110,"Mineral waters and aerated waters, unsweetened",1554,Manufacture of soft drinks; production of mineral waters,11
220190,Other unsweetened waters; ice and snow,1554,Manufacture of soft drinks; production of mineral waters,11
220210,"Waters (incl. mineral and aerated), with added",1554,Manufacture of soft drinks; production of mineral waters,11
220290,"Other non-alcoholic beverages, nes",1554,Manufacture of soft drinks; production of mineral waters,11
220300,Beer made from malt,1553,Manufacture of malt liquors and malt,11
220410,Champagne and sparkling wine,1552,Manufacture of wines,11
220421,Wine (not sparkling); grape must with by alcoho,1552,Manufacture of wines,11
220429,Wine (not sparkling); grape must with alcohol i,1552,Manufacture of wines,11
220430,"Other grape must, nes",1552,Manufacture of wines,11
220510,"Vermouth and other wine of fresh grapes, flavou",1552,Manufacture of wines,11
220590,"Vermouth and other wine of fresh grapes, flavou",1552,Manufacture of wines,11
220600,"Other fermented beverages (for example, cider,",1552,Manufacture of wines,11
220710,"Undenatured ethyl alcohol, of alcoholic strengt",1551,"Distilling, rectifying and blending of spirits; ethyl alcohol production from fermented materials",11
220720,Ethyl alcohol and other denatured spirits of an,1551,"Distilling, rectifying and blending of spirits; ethyl alcohol production from fermented materials",11
220810,Compound alcoholic preparations for manufacture,1551,"Distilling, rectifying and blending of spirits; ethyl alcohol production from fermented materials",11
220820,Spirits from distilled grape wine or marc,1551,"Distilling, rectifying and blending of spirits; ethyl alcohol production from fermented materials",11
220830,Whiskeys,1551,"Distilling, rectifying and blending of spirits; ethyl alcohol production from fermented materials",11
220840,Rum and tafia,1551,"Distilling, rectifying and blending of spirits; ethyl alcohol production from fermented materials",11
220850,Gin and Geneva,1551,"Distilling, rectifying and blending of spirits; ethyl alcohol production from fermented materials",11
220890,"Other spirituous beverages, nes",1551,"Distilling, rectifying and blending of spirits; ethyl alcohol production from fermented materials",11
220900,Vinegar and substitutes for vinegar obtained fr,1549,Manufacture of other food products n.e.c.,10
230110,"Flours, meats and pellets, of meat unfit for hu",1511,"Production, processing and preserving of meat and meat products",5
230120,"Flours, meals and pellets of fish, etc, unfit f",1512,Processing and preserving of fish and fish products,10
230400,"Oil-cake and other solid residues, of soya-bean",1514,Manufacture of vegetable and animal oils and fats,6
230500,"Oil-cake and other solid residues, of ground-nu",1514,Manufacture of vegetable and animal oils and fats,6
230610,Oil-cake and other solid residues of cotton see,1514,Manufacture of vegetable and animal oils and fats,6
230620,Oil-cake and other solid residues of linseed,1514,Manufacture of vegetable and animal oils and fats,6
230630,Oil-cake and other solid residues of sunflower,1514,Manufacture of vegetable and animal oils and fats,6
230640,Oil-cake and other solid residues of rape or co,1514,Manufacture of vegetable and animal oils and fats,6
230650,Oil-cake and other solid residues of coconut or,1514,Manufacture of vegetable and animal oils and fats,6
230660,Oil-cake and other solid residues of palm nuts,1514,Manufacture of vegetable and animal oils and fats,6
230690,"Oil-cake and residues, of other vegetable fats",1514,Manufacture of vegetable and animal oils and fats,6
230910,"Dog or cat food, put up for retail sale",1533,Manufacture of prepared animal feeds,9
230990,Other preparations of a kind used in animal fee,1533,Manufacture of prepared animal feeds,9
240210,"Cigars, cheroots and cigarillos containing toba",1600,Manufacture of tobacco products,12
240220,Cigarettes containing tobacco,1600,Manufacture of tobacco products,12
240290,"Cigars, cigarillos, cigarettes, etc, not contai",1600,Manufacture of tobacco products,12
240310,Smoking tobacco with or without tobacco substit,1600,Manufacture of tobacco products,12
240391,Homogenized or reconstituted tobacco,1600,Manufacture of tobacco products,12
240399,"Other manufactured tobacco, nes",1600,Manufacture of tobacco products,12
250390,"Other sulphur (excl. crude, sublimed, precipita",2411,"Manufacture of basic chemicals, except fertilizers and nitrogen compounds",22
252020,Plasters,2694,"Manufacture of cement, lime and plaster",24
252210,Quicklime,2694,"Manufacture of cement, lime and plaster",24
252220,Slaked lime,2694,"Manufacture of cement, lime and plaster",24
252230,Hydraulic lime,2694,"Manufacture of cement, lime and plaster",24
252310,Cement clinkers,2694,"Manufacture of cement, lime and plaster",24
252321,White portland cement,2694,"Manufacture of cement, lime and plaster",24
252329,Portland cement (excl. white),2694,"Manufacture of cement, lime and plaster",24
252330,Aluminous cement,2694,"Manufacture of cement, lime and plaster",24
252390,"Other hydraulic cements, etc",2694,"Manufacture of cement, lime and plaster",24
260120,Roasted iron pyrites,2411,"Manufacture of basic chemicals, except fertilizers and nitrogen compounds",22
270400,"Coke and semi-coke of coal, of lignite or of pe",2310,Manufacture of coke oven products,19
270600,"Tar distilled from coal, lignite or peat, and o",2310,Manufacture of coke oven products,19
270710,Benzole,2411,"Manufacture of basic chemicals, except fertilizers and nitrogen compounds",22
270720,Toluole,2411,"Manufacture of basic chemicals, except fertilizers and nitrogen compounds",22
270730,Xylole,2411,"Manufacture of basic chemicals, except fertilizers and nitrogen compounds",22
270740,Naphthalene,2411,"Manufacture of basic chemicals, except fertilizers and nitrogen compounds",22
270750,Aromatic hydrocarbon mixtures which >=65% disti,2411,"Manufacture of basic chemicals, except fertilizers and nitrogen compounds",22
270760,Phenols,2411,"Manufacture of basic chemicals, except fertilizers and nitrogen compounds",22
270791,Creosote oils,2411,"Manufacture of basic chemicals, except fertilizers and nitrogen compounds",22
270799,"Other oils and oil products, nes",2411,"Manufacture of basic chemicals, except fertilizers and nitrogen compounds",22
270810,Pitch obtained from coal tar or from other mine,2411,"Manufacture of basic chemicals, except fertilizers and nitrogen compounds",22
270820,Pitch coke obtained from coal tar or from other,2411,"Manufacture of basic chemicals, except fertilizers and nitrogen compounds",22
271000,"Petroleum oils, etc, (excl. crude); preparation",2320,Manufacture of refined petroleum products,20
271112,"Propane, liquefied",2320,Manufacture of refined petroleum products,20
271113,"Butanes, liquefied",2320,Manufacture of refined petroleum products,20
271114,"Ethylene, propylene, butylene and butadiene, li",2320,Manufacture of refined petroleum products,20
271119,"Petroleum gases and other gaseous hydrocarbons,",2320,Manufacture of refined petroleum products,20
271129,Petroleum gases and other gaseous hydrocarbons,2320,Manufacture of refined petroleum products,20
271210,Petroleum jelly,2320,Manufacture of refined petroleum products,20
271220,"Paraffin wax, containing <0.75% oil",2320,Manufacture of refined petroleum products,20
271290,"Other paraffin wax... and similar products, nes",2320,Manufacture of refined petroleum products,20
271311,"Petroleum coke, not calcined",2320,Manufacture of refined petroleum products,20
271312,Calcined petroleum coke,2320,Manufacture of refined petroleum products,20
271320,Petroleum bitumen,2320,Manufacture of refined petroleum products,20
271390,"Other residues of petroleum oils , etc",2320,Manufacture of refined petroleum products,20
271500,"Bituminous mixtures based on natural asphalt, b",2699,Manufacture of other non-metallic mineral products n.e.c.,24
280110,Chlorine,2411,"Manufacture of basic chemicals, except fertilizers and nitrogen compounds",22
280120,Iodine,2411,"Manufacture of basic chemicals, except fertilizers and nitrogen compounds",22
280130,Fluorine; bromine,2411,"Manufacture of basic chemicals, except fertilizers and nitrogen compounds",22
280200,"Sulphur, sublimed or precipitated; colloidal su",2411,"Manufacture of basic chemicals, except fertilizers and nitrogen compounds",22
280300,Carbon (carbon blacks and other forms of carbon,2411,"Manufacture of basic chemicals, except fertilizers and nitrogen compounds",22
280410,Hydrogen,2411,"Manufacture of basic chemicals, except fertilizers and nitrogen compounds",22
280421,Argon,2411,"Manufacture of basic chemicals, except fertilizers and nitrogen compounds",22
280429,Rare gases (excl. argon),2411,"Manufacture of basic chemicals, except fertilizers and nitrogen compounds",22
280430,Nitrogen,2411,"Manufacture of basic chemicals, except fertilizers and nitrogen compounds",22
280440,Oxygen,2411,"Manufacture of basic chemicals, except fertilizers and nitrogen compounds",22
280450,Boron; tellurium,2411,"Manufacture of basic chemicals, except fertilizers and nitrogen compounds",22
280461,Silicon containing by weight >=99.99% silicon,2411,"Manufacture of basic chemicals, except fertilizers and nitrogen compounds",22
280469,Silicon containing by weight <99.99% silicon,2411,"Manufacture of basic chemicals, except fertilizers and nitrogen compounds",22
280470,Phosphorus,2411,"Manufacture of basic chemicals, except fertilizers and nitrogen compounds",22
280480,Arsenic,2411,"Manufacture of basic chemicals, except fertilizers and nitrogen compounds",22
280490,Selenium,2411,"Manufacture of basic chemicals, except fertilizers and nitrogen compounds",22
280511,Sodium,2411,"Manufacture of basic chemicals, except fertilizers and nitrogen compounds",22
280519,Alkali metals (excl. sodium),2411,"Manufacture of basic chemicals, except fertilizers and nitrogen compounds",22
280521,Calcium,2411,"Manufacture of basic chemicals, except fertilizers and nitrogen compounds",22
280522,Strontium and barium,2411,"Manufacture of basic chemicals, except fertilizers and nitrogen compounds",22
280530,"Rare-earth metals, scandium and yttrium",2411,"Manufacture of basic chemicals, except fertilizers and nitrogen compounds",22
280540,Mercury,2411,"Manufacture of basic chemicals, except fertilizers and nitrogen compounds",22
280610,Hydrogen chloride (hydrochloric acid),2411,"Manufacture of basic chemicals, except fertilizers and nitrogen compounds",22
280620,Chlorosulphuric acid,2411,"Manufacture of basic chemicals, except fertilizers and nitrogen compounds",22
280700,Sulphuric acid; oleum,2411,"Manufacture of basic chemicals, except fertilizers and nitrogen compounds",22
280800,Nitric acid; sulphonitric acids,2412,Manufacture of fertilizers and nitrogen compounds,22
280910,Diphosphorus pentaoxide,2411,"Manufacture of basic chemicals, except fertilizers and nitrogen compounds",22
280920,Phosphoric acid and polyphosphoric acids,2411,"Manufacture of basic chemicals, except fertilizers and nitrogen compounds",22
281000,Oxides of boron; boric acids,2411,"Manufacture of basic chemicals, except fertilizers and nitrogen compounds",22
281111,Hydrogen fluoride (hydrofluoric acid),2411,"Manufacture of basic chemicals, except fertilizers and nitrogen compounds",22
281119,"Other inorganic acids, nes",2411,"Manufacture of basic chemicals, except fertilizers and nitrogen compounds",22
281121,Carbon dioxide,2411,"Manufacture of basic chemicals, except fertilizers and nitrogen compounds",22
281122,Silicon dioxide,2411,"Manufacture of basic chemicals, except fertilizers and nitrogen compounds",22
281123,Sulphur dioxide,2411,"Manufacture of basic chemicals, except fertilizers and nitrogen compounds",22
281129,"Other inorganic oxygen compounds of non-metals,",2411,"Manufacture of basic chemicals, except fertilizers and nitrogen compounds",22
281210,Chlorides and chlorides oxides of non-metals,2411,"Manufacture of basic chemicals, except fertilizers and nitrogen compounds",22
281290,"Halides and halide oxides of non-metals, nes",2411,"Manufacture of basic chemicals, except fertilizers and nitrogen compounds",22
281310,Carbon disulphide,2411,"Manufacture of basic chemicals, except fertilizers and nitrogen compounds",22
281390,Sulphides of non-metals (excl. carbon)commercia,2411,"Manufacture of basic chemicals, except fertilizers and nitrogen compounds",22
281410,Anhydrous ammonia,2412,Manufacture of fertilizers and nitrogen compounds,22
281420,Ammonia in aqueous solution,2412,Manufacture of fertilizers and nitrogen compounds,22
281511,"Sodium hydroxide (caustic soda), solid",2411,"Manufacture of basic chemicals, except fertilizers and nitrogen compounds",22
281512,Sodium hydroxide in aqueous solution (soda lye,2411,"Manufacture of basic chemicals, except fertilizers and nitrogen compounds",22
281520,Potassium hydroxide (caustic potash),2411,"Manufacture of basic chemicals, except fertilizers and nitrogen compounds",22
281530,Peroxides of sodium or potassium,2411,"Manufacture of basic chemicals, except fertilizers and nitrogen compounds",22
281610,Hydroxide and peroxide of magnesium,2411,"Manufacture of basic chemicals, except fertilizers and nitrogen compounds",22
281620,"Oxide, hydroxide and peroxide of strontium",2411,"Manufacture of basic chemicals, except fertilizers and nitrogen compounds",22
281630,"Oxide, hydroxide and peroxide of barium",2411,"Manufacture of basic chemicals, except fertilizers and nitrogen compounds",22
281700,Zinc oxide; zinc peroxide,2411,"Manufacture of basic chemicals, except fertilizers and nitrogen compounds",22
281810,"Artificial corundum, whether or not chemically",2699,Manufacture of other non-metallic mineral products n.e.c.,24
281820,"Aluminium oxide, other than artificial corundum",2720,Manufacture of basic precious and non-ferrous metals,26
281830,Aluminium hydroxide,2411,"Manufacture of basic chemicals, except fertilizers and nitrogen compounds",22
281910,Chromium trioxide,2411,"Manufacture of basic chemicals, except fertilizers and nitrogen compounds",22
281990,Chromium oxides and hydroxides (excl. chromium,2411,"Manufacture of basic chemicals, except fertilizers and nitrogen compounds",22
282010,Manganese dioxide,2411,"Manufacture of basic chemicals, except fertilizers and nitrogen compounds",22
282090,Manganese oxides (excl. manganese dioxide),2411,"Manufacture of basic chemicals, except fertilizers and nitrogen compounds",22
282110,Iron oxides and hydroxides,2411,"Manufacture of basic chemicals, except fertilizers and nitrogen compounds",22
282120,Earth colours containing >=70% iron(III)oxide,2411,"Manufacture of basic chemicals, except fertilizers and nitrogen compounds",22
282200,Cobalt oxides and hydroxides; commercial cobalt,2411,"Manufacture of basic chemicals, except fertilizers and nitrogen compounds",22
282300,Titanium oxides,2411,"Manufacture of basic chemicals, except fertilizers and nitrogen compounds",22
282410,"Lead monoxide (litharge, massicot)",2411,"Manufacture of basic chemicals, except fertilizers and nitrogen compounds",22
282420,Red lead and orange lead,2411,"Manufacture of basic chemicals, except fertilizers and nitrogen compounds",22
282490,"Lead oxides, nes",2411,"Manufacture of basic chemicals, except fertilizers and nitrogen compounds",22
282510,Hydrazine and hydroxylamine and their inorganic,2411,"Manufacture of basic chemicals, except fertilizers and nitrogen compounds",22
282520,Lithium oxide and hydroxide,2411,"Manufacture of basic chemicals, except fertilizers and nitrogen compounds",22
282530,Vanadium oxides and hydroxides,2411,"Manufacture of basic chemicals, except fertilizers and nitrogen compounds",22
282540,Nickel oxides and hydroxides,2411,"Manufacture of basic chemicals, except fertilizers and nitrogen compounds",22
282550,Copper oxides and hydroxides,2411,"Manufacture of basic chemicals, except fertilizers and nitrogen compounds",22
282560,Germanium oxides and zirconium dioxides,2411,"Manufacture of basic chemicals, except fertilizers and nitrogen compounds",22
282570,Molybdenum oxides and hydroxides,2411,"Manufacture of basic chemicals, except fertilizers and nitrogen compounds",22
282580,Antimony oxides,2411,"Manufacture of basic chemicals, except fertilizers and nitrogen compounds",22
282590,"Other inorganic bases; other metal oxides, hydr",2411,"Manufacture of basic chemicals, except fertilizers and nitrogen compounds",22
282611,Fluorides of ammonium or of sodium,2411,"Manufacture of basic chemicals, except fertilizers and nitrogen compounds",22
282612,Fluorides of aluminium,2411,"Manufacture of basic chemicals, except fertilizers and nitrogen compounds",22
282619,"Fluorides, nes",2411,"Manufacture of basic chemicals, except fertilizers and nitrogen compounds",22
282620,Fluorosilicates of sodium or of potassium,2411,"Manufacture of basic chemicals, except fertilizers and nitrogen compounds",22
282630,Sodium hexafloroaluminate (synthetic cryolite),2411,"Manufacture of basic chemicals, except fertilizers and nitrogen compounds",22
282690,Fluoroaluminates and other complex fluorine sal,2411,"Manufacture of basic chemicals, except fertilizers and nitrogen compounds",22
282710,Ammonium chloride,2412,Manufacture of fertilizers and nitrogen compounds,22
282720,Calcium chloride,2411,"Manufacture of basic chemicals, except fertilizers and nitrogen compounds",22
282731,Magnesium chloride,2411,"Manufacture of basic chemicals, except fertilizers and nitrogen compounds",22
282732,Aluminium chloride,2411,"Manufacture of basic chemicals, except fertilizers and nitrogen compounds",22
282733,Iron chloride,2411,"Manufacture of basic chemicals, except fertilizers and nitrogen compounds",22
282734,Cobalt chloride,2411,"Manufacture of basic chemicals, except fertilizers and nitrogen compounds",22
282735,Nickel chloride,2411,"Manufacture of basic chemicals, except fertilizers and nitrogen compounds",22
282736,Zinc chloride,2411,"Manufacture of basic chemicals, except fertilizers and nitrogen compounds",22
282737,Tin chloride,2411,"Manufacture of basic chemicals, except fertilizers and nitrogen compounds",22
282738,Barium chloride,2411,"Manufacture of basic chemicals, except fertilizers and nitrogen compounds",22
282739,"Chlorides, nes",2411,"Manufacture of basic chemicals, except fertilizers and nitrogen compounds",22
282741,Chloride oxides and chloride hydroxides of copp,2411,"Manufacture of basic chemicals, except fertilizers and nitrogen compounds",22
282749,Chloride oxides and chloride hydroxides (excl.,2411,"Manufacture of basic chemicals, except fertilizers and nitrogen compounds",22
282751,Bromides of sodium or of potassium,2411,"Manufacture of basic chemicals, except fertilizers and nitrogen compounds",22
282759,Bromides and bromide oxides (excl. of sodium an,2411,"Manufacture of basic chemicals, except fertilizers and nitrogen compounds",22
282760,Iodides and iodide oxides,2411,"Manufacture of basic chemicals, except fertilizers and nitrogen compounds",22
282810,Commercial calcium hypochlorite and other calci,2411,"Manufacture of basic chemicals, except fertilizers and nitrogen compounds",22
282890,Hypochlorites (excl. of calcium) and chlorites;,2411,"Manufacture of basic chemicals, except fertilizers and nitrogen compounds",22
282911,Chlorates of sodium,2411,"Manufacture of basic chemicals, except fertilizers and nitrogen compounds",22
282919,Chlorates (excl. of sodium),2411,"Manufacture of basic chemicals, except fertilizers and nitrogen compounds",22
282990,Perchlorates; bromates and perbromates; iodates,2411,"Manufacture of basic chemicals, except fertilizers and nitrogen compounds",22
283010,Sodium sulphides,2411,"Manufacture of basic chemicals, except fertilizers and nitrogen compounds",22
283020,Zinc sulphide,2411,"Manufacture of basic chemicals, except fertilizers and nitrogen compounds",22
283030,Cadmium sulphide,2411,"Manufacture of basic chemicals, except fertilizers and nitrogen compounds",22
283090,Other sulphides and polysulphides,2411,"Manufacture of basic chemicals, except fertilizers and nitrogen compounds",22
283110,Dithionites and sulphoxylates of sodium,2411,"Manufacture of basic chemicals, except fertilizers and nitrogen compounds",22
283190,Dithionites and sulphoxylates (excl. of sodium),2411,"Manufacture of basic chemicals, except fertilizers and nitrogen compounds",22
283210,Sodium sulphites,2411,"Manufacture of basic chemicals, except fertilizers and nitrogen compounds",22
283220,Sulphites (excl. sodium),2411,"Manufacture of basic chemicals, except fertilizers and nitrogen compounds",22
283230,Thiosulphates,2411,"Manufacture of basic chemicals, except fertilizers and nitrogen compounds",22
283311,Disodium sulphate,2411,"Manufacture of basic chemicals, except fertilizers and nitrogen compounds",22
283319,Sodium sulphates (excl. disodium sulphate),2411,"Manufacture of basic chemicals, except fertilizers and nitrogen compounds",22
283321,Sulphates of magnesium,2411,"Manufacture of basic chemicals, except fertilizers and nitrogen compounds",22
283322,Sulphates of aluminium,2411,"Manufacture of basic chemicals, except fertilizers and nitrogen compounds",22
283323,Sulphates of chromium,2411,"Manufacture of basic chemicals, except fertilizers and nitrogen compounds",22
283324,Sulphates of nickel,2411,"Manufacture of basic chemicals, except fertilizers and nitrogen compounds",22
283325,Sulphates of copper,2411,"Manufacture of basic chemicals, except fertilizers and nitrogen compounds",22
283326,Sulphates of zinc,2411,"Manufacture of basic chemicals, except fertilizers and nitrogen compounds",22
283327,Sulphates of barium,2411,"Manufacture of basic chemicals, except fertilizers and nitrogen compounds",22
283329,"Other sulphates, nes",2411,"Manufacture of basic chemicals, except fertilizers and nitrogen compounds",22
283330,Alums,2411,"Manufacture of basic chemicals, except fertilizers and nitrogen compounds",22
283340,Peroxosulphates (persulphates),2411,"Manufacture of basic chemicals, except fertilizers and nitrogen compounds",22
283410,Nitrites,2412,Manufacture of fertilizers and nitrogen compounds,22
283421,Nitrates of potassium,2412,Manufacture of fertilizers and nitrogen compounds,22
283422,Nitrates of bismuth,2411,"Manufacture of basic chemicals, except fertilizers and nitrogen compounds",22
283429,Nitrates of barium; of beryllium; of cadmium; o,2411,"Manufacture of basic chemicals, except fertilizers and nitrogen compounds",22
283510,Phosphinates and phosphonates,2411,"Manufacture of basic chemicals, except fertilizers and nitrogen compounds",22
283521,Phosphates of triammonium,2412,Manufacture of fertilizers and nitrogen compounds,22
283522,Phosphates of mono or disodium,2411,"Manufacture of basic chemicals, except fertilizers and nitrogen compounds",22
283523,Phosphates of trisodium,2411,"Manufacture of basic chemicals, except fertilizers and nitrogen compounds",22
283524,Phosphates of potassium,2411,"Manufacture of basic chemicals, except fertilizers and nitrogen compounds",22
283525,Calcium hydrogenorthophosphate (dicalcium phosp,2411,"Manufacture of basic chemicals, except fertilizers and nitrogen compounds",22
283526,"Phosphates of calcium, nes",2411,"Manufacture of basic chemicals, except fertilizers and nitrogen compounds",22
283529,Phosphates (excl. polyphosphates),2411,"Manufacture of basic chemicals, except fertilizers and nitrogen compounds",22
283531,Sodium triphosphate (sodium tripolyphosphates),2411,"Manufacture of basic chemicals, except fertilizers and nitrogen compounds",22
283539,"Polyphosphates, nes",2411,"Manufacture of basic chemicals, except fertilizers and nitrogen compounds",22
283610,Commercial ammonium carbonate and other ammoniu,2412,Manufacture of fertilizers and nitrogen compounds,22
283620,Disodium carbonate,2411,"Manufacture of basic chemicals, except fertilizers and nitrogen compounds",22
283630,Sodium hydrogencarbonate (sodium bicarbonate),2411,"Manufacture of basic chemicals, except fertilizers and nitrogen compounds",22
283640,Potassium carbonates,2411,"Manufacture of basic chemicals, except fertilizers and nitrogen compounds",22
283650,Calcium carbonate,2411,"Manufacture of basic chemicals, except fertilizers and nitrogen compounds",22
283660,Barium carbonate,2411,"Manufacture of basic chemicals, except fertilizers and nitrogen compounds",22
283670,Lead carbonate,2411,"Manufacture of basic chemicals, except fertilizers and nitrogen compounds",22
283691,Lithium carbonates,2411,"Manufacture of basic chemicals, except fertilizers and nitrogen compounds",22
283692,Strontium carbonate,2411,"Manufacture of basic chemicals, except fertilizers and nitrogen compounds",22
283693,Bismuth carbonate,2411,"Manufacture of basic chemicals, except fertilizers and nitrogen compounds",22
283699,Other carbonates; peroxocarbonates,2411,"Manufacture of basic chemicals, except fertilizers and nitrogen compounds",22
283711,Cyanides and cyanide oxides of sodium,2411,"Manufacture of basic chemicals, except fertilizers and nitrogen compounds",22
283719,"Cyanides, cyanide oxides (excl. sodium)",2411,"Manufacture of basic chemicals, except fertilizers and nitrogen compounds",22
283720,Complex cyanides,2411,"Manufacture of basic chemicals, except fertilizers and nitrogen compounds",22
283800,Fulminates; cyanates and thiocyanates,2411,"Manufacture of basic chemicals, except fertilizers and nitrogen compounds",22
283911,Sodium metasilicates,2411,"Manufacture of basic chemicals, except fertilizers and nitrogen compounds",22
283919,Silicates of sodium (excl. metasilicates),2411,"Manufacture of basic chemicals, except fertilizers and nitrogen compounds",22
283920,Silicates of potassium,2411,"Manufacture of basic chemicals, except fertilizers and nitrogen compounds",22
283990,Other silicates (excl. of sodium and potassium),2411,"Manufacture of basic chemicals, except fertilizers and nitrogen compounds",22
284011,Anhydrous disodium tetraborate (refined borax),2411,"Manufacture of basic chemicals, except fertilizers and nitrogen compounds",22
284019,"Disodium tetraborate, not anhydrous",2411,"Manufacture of basic chemicals, except fertilizers and nitrogen compounds",22
284020,"Other borates, nes",2411,"Manufacture of basic chemicals, except fertilizers and nitrogen compounds",22
284030,Peroxoborates,2411,"Manufacture of basic chemicals, except fertilizers and nitrogen compounds",22
284110,Aluminates,2411,"Manufacture of basic chemicals, except fertilizers and nitrogen compounds",22
284120,Chromates of zinc or of lead,2411,"Manufacture of basic chemicals, except fertilizers and nitrogen compounds",22
284130,Sodium dichromate,2411,"Manufacture of basic chemicals, except fertilizers and nitrogen compounds",22
284140,Potassium dichromate,2411,"Manufacture of basic chemicals, except fertilizers and nitrogen compounds",22
284150,"Other chromates and dichromates, nes; peroxochr",2411,"Manufacture of basic chemicals, except fertilizers and nitrogen compounds",22
284160,"Manganites, manganates and permanganates",2411,"Manufacture of basic chemicals, except fertilizers and nitrogen compounds",22
284170,Molybdates,2411,"Manufacture of basic chemicals, except fertilizers and nitrogen compounds",22
284180,Tungstates (wolframates),2411,"Manufacture of basic chemicals, except fertilizers and nitrogen compounds",22
284190,Other salts of oxometallic and peroxometallic a,2411,"Manufacture of basic chemicals, except fertilizers and nitrogen compounds",22
284210,Double or complex silicates,2411,"Manufacture of basic chemicals, except fertilizers and nitrogen compounds",22
284290,Other salts of inorganic acids or peroxoacids (,2411,"Manufacture of basic chemicals, except fertilizers and nitrogen compounds",22
284310,Colloidal precious metals,2411,"Manufacture of basic chemicals, except fertilizers and nitrogen compounds",22
284321,Silver nitrate,2411,"Manufacture of basic chemicals, except fertilizers and nitrogen compounds",22
284329,Silver compounds (excl. silver nitrate),2411,"Manufacture of basic chemicals, except fertilizers and nitrogen compounds",22
284330,Gold compounds,2411,"Manufacture of basic chemicals, except fertilizers and nitrogen compounds",22
284390,"Other compounds, nes, and amalgams of precious",2411,"Manufacture of basic chemicals, except fertilizers and nitrogen compounds",22
284410,"Natural uranium and its compounds, etc",2330,Processing of nuclear fuel,22
284420,Enriched uranium and plutonium and their compou,2330,Processing of nuclear fuel,22
284430,Depleted uranium and thorium and their compound,2330,Processing of nuclear fuel,22
284440,Radioactive elements/isotopes and their compoun,2330,Processing of nuclear fuel,22
284510,Heavy water (deuterium oxide),2411,"Manufacture of basic chemicals, except fertilizers and nitrogen compounds",22
284590,Other isotopes and their inorganic or organic c,2411,"Manufacture of basic chemicals, except fertilizers and nitrogen compounds",22
284610,Cerium compounds,2411,"Manufacture of basic chemicals, except fertilizers and nitrogen compounds",22
284690,"Compounds, inorganic or organic, of rare-earth",2411,"Manufacture of basic chemicals, except fertilizers and nitrogen compounds",22
284700,Hydrogen peroxide,2411,"Manufacture of basic chemicals, except fertilizers and nitrogen compounds",22
284810,"Phosphides of copper (phosphor copper), contain",2411,"Manufacture of basic chemicals, except fertilizers and nitrogen compounds",22
284890,"Phosphides of other metals, nes, or of non-meta",2411,"Manufacture of basic chemicals, except fertilizers and nitrogen compounds",22
284910,Carbides of calcium,2411,"Manufacture of basic chemicals, except fertilizers and nitrogen compounds",22
284920,Carbides of silicon,2411,"Manufacture of basic chemicals, except fertilizers and nitrogen compounds",22
284990,Other carbides (excl. of calcium and silicon),2411,"Manufacture of basic chemicals, except fertilizers and nitrogen compounds",22
285000,"Hydrides, nitrides, azides, silicides and borid",2411,"Manufacture of basic chemicals, except fertilizers and nitrogen compounds",22
285100,Other inorganic compounds; liquid air; compress,2411,"Manufacture of basic chemicals, except fertilizers and nitrogen compounds",22
290110,"Acyclic hydrocarbons, saturated",2411,"Manufacture of basic chemicals, except fertilizers and nitrogen compounds",22
290121,Ethylene,2411,"Manufacture of basic chemicals, except fertilizers and nitrogen compounds",22
290122,Propene (propylene),2411,"Manufacture of basic chemicals, except fertilizers and nitrogen compounds",22
290123,Butene (butylene) and isomers thereof,2411,"Manufacture of basic chemicals, except fertilizers and nitrogen compounds",22
290124,"Buta-1,3-diene and isoprene",2411,"Manufacture of basic chemicals, except fertilizers and nitrogen compounds",22
290129,"Unsaturated acyclic hydrocarbons, nes",2411,"Manufacture of basic chemicals, except fertilizers and nitrogen compounds",22
290211,Cyclohexane,2411,"Manufacture of basic chemicals, except fertilizers and nitrogen compounds",22
290219,"Cyclanes, cyclenes and cycloterpenes",2411,"Manufacture of basic chemicals, except fertilizers and nitrogen compounds",22
290220,Benzene,2411,"Manufacture of basic chemicals, except fertilizers and nitrogen compounds",22
290230,Toluene,2411,"Manufacture of basic chemicals, except fertilizers and nitrogen compounds",22
290241,o-Xylene,2411,"Manufacture of basic chemicals, except fertilizers and nitrogen compounds",22
290242,m-Xylene,2411,"Manufacture of basic chemicals, except fertilizers and nitrogen compounds",22
290243,p-Xylene,2411,"Manufacture of basic chemicals, except fertilizers and nitrogen compounds",22
290244,Mixed xylene isomers,2411,"Manufacture of basic chemicals, except fertilizers and nitrogen compounds",22
290250,Styrene,2411,"Manufacture of basic chemicals, except fertilizers and nitrogen compounds",22
290260,Ethylbenzene,2411,"Manufacture of basic chemicals, except fertilizers and nitrogen compounds",22
290270,Cumene,2411,"Manufacture of basic chemicals, except fertilizers and nitrogen compounds",22
290290,"Other cyclic hydrocarbons, nes",2411,"Manufacture of basic chemicals, except fertilizers and nitrogen compounds",22
290311,Chloromethane (methyl chloride) and chloroethan,2411,"Manufacture of basic chemicals, except fertilizers and nitrogen compounds",22
290312,Dichloromethane (methylene chloride),2411,"Manufacture of basic chemicals, except fertilizers and nitrogen compounds",22
290313,Chloroform (trichloromethane),2411,"Manufacture of basic chemicals, except fertilizers and nitrogen compounds",22
290314,Carbon tetrachloride,2411,"Manufacture of basic chemicals, except fertilizers and nitrogen compounds",22
290315,"1,2-Dichloroethane (ethylene dichloride)",2411,"Manufacture of basic chemicals, except fertilizers and nitrogen compounds",22
290316,"1,2-Dichloropropane (propylene dichloride) and",2411,"Manufacture of basic chemicals, except fertilizers and nitrogen compounds",22
290319,Saturated chlorinated derivatives of acyclic hy,2411,"Manufacture of basic chemicals, except fertilizers and nitrogen compounds",22
290321,Vinyl chloride (chloroethylene),2411,"Manufacture of basic chemicals, except fertilizers and nitrogen compounds",22
290322,Trichloroethylene,2411,"Manufacture of basic chemicals, except fertilizers and nitrogen compounds",22
290323,Tetrachloroethylene (perchloroethylene),2411,"Manufacture of basic chemicals, except fertilizers and nitrogen compounds",22
290329,Unsaturated chlorinated derivatives of acyclic,2411,"Manufacture of basic chemicals, except fertilizers and nitrogen compounds",22
290330,"Fluorinated, brominated or iodinated derivitive",2411,"Manufacture of basic chemicals, except fertilizers and nitrogen compounds",22
290340,Halogenated derivatives of acyclic hydrocarbons,2411,"Manufacture of basic chemicals, except fertilizers and nitrogen compounds",22
290351,"1,2,3,4,5,6-Hexachlorocyclohexane",2411,"Manufacture of basic chemicals, except fertilizers and nitrogen compounds",22
290359,Halogenated derivatives of cyclanic... cycloter,2411,"Manufacture of basic chemicals, except fertilizers and nitrogen compounds",22
290361,"Chlorobenzene, o-dichlorobenzene and p-dichloro",2411,"Manufacture of basic chemicals, except fertilizers and nitrogen compounds",22
290362,"Hexachlorobenzene and DDT(1,1,1-trichloro-2,2-b",2411,"Manufacture of basic chemicals, except fertilizers and nitrogen compounds",22
290369,Halogenated derivatives of aromatic hydrocarbon,2411,"Manufacture of basic chemicals, except fertilizers and nitrogen compounds",22
290410,Hydrocarbon derivatives containing only sulpho,2411,"Manufacture of basic chemicals, except fertilizers and nitrogen compounds",22
290420,Hydrocarbon derivatives containing only nitro/n,2411,"Manufacture of basic chemicals, except fertilizers and nitrogen compounds",22
290490,"Sulphonated, nitrated or nitrosated derivatives",2411,"Manufacture of basic chemicals, except fertilizers and nitrogen compounds",22
290511,Methanol (methyl alcohol),2411,"Manufacture of basic chemicals, except fertilizers and nitrogen compounds",22
290512,Propan-1-ol (propyl alcohol) and propan-2-ol (i,2411,"Manufacture of basic chemicals, except fertilizers and nitrogen compounds",22
290513,Butan-1-ol (n-butyl alcohol),2411,"Manufacture of basic chemicals, except fertilizers and nitrogen compounds",22
290514,"Other butanols, nes",2411,"Manufacture of basic chemicals, except fertilizers and nitrogen compounds",22
290515,Pentanol (amyl alcohol) and isomers thereof,2411,"Manufacture of basic chemicals, except fertilizers and nitrogen compounds",22
290516,Octanol (octyl alcohol) and isomers thereof,2411,"Manufacture of basic chemicals, except fertilizers and nitrogen compounds",22
290517,"Dodecan-1-ol, hexadecan-1-ol and octadecan-1-ol",2411,"Manufacture of basic chemicals, except fertilizers and nitrogen compounds",22
290519,"Saturated monohydric alcohols, nes",2411,"Manufacture of basic chemicals, except fertilizers and nitrogen compounds",22
290521,Allyl alcohol,2411,"Manufacture of basic chemicals, except fertilizers and nitrogen compounds",22
290522,Acyclic terpene alcohols,2411,"Manufacture of basic chemicals, except fertilizers and nitrogen compounds",22
290529,"Unsaturated monohydric alcohols, nes",2411,"Manufacture of basic chemicals, except fertilizers and nitrogen compounds",22
290531,Ethylene glycol (ethanediol),2411,"Manufacture of basic chemicals, except fertilizers and nitrogen compounds",22
290532,"Propylene glycol (propane-1,2-diol)",2411,"Manufacture of basic chemicals, except fertilizers and nitrogen compounds",22
290539,"Other diols, nes",2411,"Manufacture of basic chemicals, except fertilizers and nitrogen compounds",22
290541,"2-Ethyl-2-(hydroxymethyl)propane-1,3-diol (trim",2411,"Manufacture of basic chemicals, except fertilizers and nitrogen compounds",22
290542,Pentaerythritol,2411,"Manufacture of basic chemicals, except fertilizers and nitrogen compounds",22
290543,Mannitol,2411,"Manufacture of basic chemicals, except fertilizers and nitrogen compounds",22
290544,D-glucitol (sorbitol),2411,"Manufacture of basic chemicals, except fertilizers and nitrogen compounds",22
290549,"Other polyhydric alcohols, nes",2411,"Manufacture of basic chemicals, except fertilizers and nitrogen compounds",22
290550,Halogenated... or nitrosated derivatives of acy,2411,"Manufacture of basic chemicals, except fertilizers and nitrogen compounds",22
290611,Menthol,2411,"Manufacture of basic chemicals, except fertilizers and nitrogen compounds",22
290612,"Cyclohexanol, methylcyclohexanols and dimethylc",2411,"Manufacture of basic chemicals, except fertilizers and nitrogen compounds",22
290613,Sterols and inositols,2411,"Manufacture of basic chemicals, except fertilizers and nitrogen compounds",22
290614,Terpineols,2411,"Manufacture of basic chemicals, except fertilizers and nitrogen compounds",22
290619,"Cyclanic, cyclenic or cycloterpenic alcohols an",2411,"Manufacture of basic chemicals, except fertilizers and nitrogen compounds",22
290621,Benzyl alcohol,2411,"Manufacture of basic chemicals, except fertilizers and nitrogen compounds",22
290629,"Aromatic alcohols and their derivatives, nes",2411,"Manufacture of basic chemicals, except fertilizers and nitrogen compounds",22
290711,Phenol (hydroxybenzene) and its salts,2411,"Manufacture of basic chemicals, except fertilizers and nitrogen compounds",22
290712,Cresols and their salts,2411,"Manufacture of basic chemicals, except fertilizers and nitrogen compounds",22
290713,"Octylphenol, nonylphenol and their isomers; sal",2411,"Manufacture of basic chemicals, except fertilizers and nitrogen compounds",22
290714,Xylenols and their salts,2411,"Manufacture of basic chemicals, except fertilizers and nitrogen compounds",22
290715,Naphthols and their salts,2411,"Manufacture of basic chemicals, except fertilizers and nitrogen compounds",22
290719,"Other monophenols, nes",2411,"Manufacture of basic chemicals, except fertilizers and nitrogen compounds",22
290721,Resorcinol and its salts,2411,"Manufacture of basic chemicals, except fertilizers and nitrogen compounds",22
290722,Hydroquinone (quinol) and its salts,2411,"Manufacture of basic chemicals, except fertilizers and nitrogen compounds",22
290723,"4,4-Isopropylidenediphenol (bisphenol A, diphen",2411,"Manufacture of basic chemicals, except fertilizers and nitrogen compounds",22
290729,"Other polyphenols, nes",2411,"Manufacture of basic chemicals, except fertilizers and nitrogen compounds",22
290730,Phenol-alcohols,2411,"Manufacture of basic chemicals, except fertilizers and nitrogen compounds",22
290810,Phenol or phenol-alcohol derivatives containing,2411,"Manufacture of basic chemicals, except fertilizers and nitrogen compounds",22
290820,Phenol or phenol-alcohol derivatives containing,2411,"Manufacture of basic chemicals, except fertilizers and nitrogen compounds",22
290890,Other halogenated... or nitrosated derivatives,2411,"Manufacture of basic chemicals, except fertilizers and nitrogen compounds",22
290911,Diethyl ether,2411,"Manufacture of basic chemicals, except fertilizers and nitrogen compounds",22
290919,Other acyclic ethers and their halogenated... d,2411,"Manufacture of basic chemicals, except fertilizers and nitrogen compounds",22
290920,"Cyclanic, cyclenic... ethers and their halogena",2411,"Manufacture of basic chemicals, except fertilizers and nitrogen compounds",22
290930,Aromatic ethers and their halogenated... deriva,2411,"Manufacture of basic chemicals, except fertilizers and nitrogen compounds",22
290941,"2,2-Oxydiethanol (diethylene glycol, digol)",2411,"Manufacture of basic chemicals, except fertilizers and nitrogen compounds",22
290942,Monomethyl ethers of ethylene glycol or of diet,2411,"Manufacture of basic chemicals, except fertilizers and nitrogen compounds",22
290943,Monobutyl ethers of ethylene glycol or of dieth,2411,"Manufacture of basic chemicals, except fertilizers and nitrogen compounds",22
290944,Other monoalkylethers of ethylene glycol or of,2411,"Manufacture of basic chemicals, except fertilizers and nitrogen compounds",22
290949,Other acyclic ether-alcohols and their halogena,2411,"Manufacture of basic chemicals, except fertilizers and nitrogen compounds",22
290950,"Ether-phenols, ether-alcohol-phenols and haloge",2411,"Manufacture of basic chemicals, except fertilizers and nitrogen compounds",22
290960,"Alcohol, ether and ketone peroxides and their..",2411,"Manufacture of basic chemicals, except fertilizers and nitrogen compounds",22
291010,Oxirane (ethylene oxide),2411,"Manufacture of basic chemicals, except fertilizers and nitrogen compounds",22
291020,Methyloxirane (propylene oxide),2411,"Manufacture of basic chemicals, except fertilizers and nitrogen compounds",22
291030,"1-Chloro-2,3-epoxypropane (epichlorohydrin)",2411,"Manufacture of basic chemicals, except fertilizers and nitrogen compounds",22
291090,Epoxides... with a three-membered ring and deri,2411,"Manufacture of basic chemicals, except fertilizers and nitrogen compounds",22
291100,Acetals and hemiacetals and their halogenated..,2411,"Manufacture of basic chemicals, except fertilizers and nitrogen compounds",22
291211,Methanal (formaldehyde),2411,"Manufacture of basic chemicals, except fertilizers and nitrogen compounds",22
291212,Ethanal (acetaldehyde),2411,"Manufacture of basic chemicals, except fertilizers and nitrogen compounds",22
291213,"Butanal (butyaldehyde, normal isomer)",2411,"Manufacture of basic chemicals, except fertilizers and nitrogen compounds",22
291219,"Other acyclic aldehydes, without oxygen functio",2411,"Manufacture of basic chemicals, except fertilizers and nitrogen compounds",22
291221,Benzaldehyde,2411,"Manufacture of basic chemicals, except fertilizers and nitrogen compounds",22
291229,"Other cyclic aldehydes, without oxygen function",2411,"Manufacture of basic chemicals, except fertilizers and nitrogen compounds",22
291230,Aldehyde-alcohols,2411,"Manufacture of basic chemicals, except fertilizers and nitrogen compounds",22
291241,Vanillin (4-hydroxy-3-methoxybenzaldehyde),2411,"Manufacture of basic chemicals, except fertilizers and nitrogen compounds",22
291242,Ethylvanillin (3-ethoxy-4-methoxybenzaldehyde),2411,"Manufacture of basic chemicals, except fertilizers and nitrogen compounds",22
291249,"Aldehyde-ethers, aldehyde-phenols, aldehydes, w",2411,"Manufacture of basic chemicals, except fertilizers and nitrogen compounds",22
291250,Cyclic polymers of aldehydes,2411,"Manufacture of basic chemicals, except fertilizers and nitrogen compounds",22
291260,Paraformaldehyde,2411,"Manufacture of basic chemicals, except fertilizers and nitrogen compounds",22
291300,"Halogenated, sulphonated, nitrated or nitrosate",2411,"Manufacture of basic chemicals, except fertilizers and nitrogen compounds",22
291411,Acetone,2411,"Manufacture of basic chemicals, except fertilizers and nitrogen compounds",22
291412,Butanone (methyl ethyl ketone),2411,"Manufacture of basic chemicals, except fertilizers and nitrogen compounds",22
291413,4-Methylpentan-2-one (methyl isobutyl ketone),2411,"Manufacture of basic chemicals, except fertilizers and nitrogen compounds",22
291419,"Other acyclic ketones, without oxygen function,",2411,"Manufacture of basic chemicals, except fertilizers and nitrogen compounds",22
291421,Camphor,2411,"Manufacture of basic chemicals, except fertilizers and nitrogen compounds",22
291422,Cyclohexanone and methylcyclohexanones,2411,"Manufacture of basic chemicals, except fertilizers and nitrogen compounds",22
291423,Ionones and methylionones,2411,"Manufacture of basic chemicals, except fertilizers and nitrogen compounds",22
291429,"Cyclanic, cyclenic or cycloterpenic ketones wit",2411,"Manufacture of basic chemicals, except fertilizers and nitrogen compounds",22
291430,Aromatic ketones without oxygen function,2411,"Manufacture of basic chemicals, except fertilizers and nitrogen compounds",22
291441,4-Hydroxy-4-methylpentan-2-one (diacetone alcoh,2411,"Manufacture of basic chemicals, except fertilizers and nitrogen compounds",22
291449,Ketone-alcohols and ketone-aldehydes (excl. dia,2411,"Manufacture of basic chemicals, except fertilizers and nitrogen compounds",22
291450,Ketone-phenols and ketones with oxygen function,2411,"Manufacture of basic chemicals, except fertilizers and nitrogen compounds",22
291461,Anthraquinone,2411,"Manufacture of basic chemicals, except fertilizers and nitrogen compounds",22
291469,Quinones (excl. anthraquinone),2411,"Manufacture of basic chemicals, except fertilizers and nitrogen compounds",22
291470,Halogenated... or nitrosated derivatives of ket,2411,"Manufacture of basic chemicals, except fertilizers and nitrogen compounds",22
291511,Formic acid,2411,"Manufacture of basic chemicals, except fertilizers and nitrogen compounds",22
291512,Salts of formic acid,2411,"Manufacture of basic chemicals, except fertilizers and nitrogen compounds",22
291513,Esters of formic acid,2411,"Manufacture of basic chemicals, except fertilizers and nitrogen compounds",22
291521,Acetic acid,2411,"Manufacture of basic chemicals, except fertilizers and nitrogen compounds",22
291522,Sodium acetate,2411,"Manufacture of basic chemicals, except fertilizers and nitrogen compounds",22
291523,Cobalt acetates,2411,"Manufacture of basic chemicals, except fertilizers and nitrogen compounds",22
291524,Acetic anhydride,2411,"Manufacture of basic chemicals, except fertilizers and nitrogen compounds",22
291529,Salts of acetic acid (excl. of sodium and cobal,2411,"Manufacture of basic chemicals, except fertilizers and nitrogen compounds",22
291531,Ethyl acetate,2411,"Manufacture of basic chemicals, except fertilizers and nitrogen compounds",22
291532,Vinyl acetate,2411,"Manufacture of basic chemicals, except fertilizers and nitrogen compounds",22
291533,n-Butyl acetate,2411,"Manufacture of basic chemicals, except fertilizers and nitrogen compounds",22
291534,Isobutyl acetate,2411,"Manufacture of basic chemicals, except fertilizers and nitrogen compounds",22
291535,2-Ethoxyethyl acetate,2411,"Manufacture of basic chemicals, except fertilizers and nitrogen compounds",22
291539,"Other esters of acetic acids, nes",2411,"Manufacture of basic chemicals, except fertilizers and nitrogen compounds",22
291540,"Mono-, di- or trichloroacetic acids, their salt",2411,"Manufacture of basic chemicals, except fertilizers and nitrogen compounds",22
291550,"Propionic acid, its salts and esters",2411,"Manufacture of basic chemicals, except fertilizers and nitrogen compounds",22
291560,"Butyric acids, valeric acids, their salts and e",2411,"Manufacture of basic chemicals, except fertilizers and nitrogen compounds",22
291570,"Palmitic acid, stearic acid, their salts and es",2411,"Manufacture of basic chemicals, except fertilizers and nitrogen compounds",22
291590,Saturated acyclic monocarboxylic acids and thei,2411,"Manufacture of basic chemicals, except fertilizers and nitrogen compounds",22
291611,Acrylic acid and its salts,2411,"Manufacture of basic chemicals, except fertilizers and nitrogen compounds",22
291612,Esters of acrylic acid,2411,"Manufacture of basic chemicals, except fertilizers and nitrogen compounds",22
291613,Methacrylic acid and its salts,2411,"Manufacture of basic chemicals, except fertilizers and nitrogen compounds",22
291614,Esters of methacrylic acid,2411,"Manufacture of basic chemicals, except fertilizers and nitrogen compounds",22
291615,"Oleic, linoleic or linolenic acids, their salts",2411,"Manufacture of basic chemicals, except fertilizers and nitrogen compounds",22
291619,Unsaturated acyclic monocarboxylic acids and th,2411,"Manufacture of basic chemicals, except fertilizers and nitrogen compounds",22
291620,"Cyclanic...cycloterpenic monocarboxylic acids,",2411,"Manufacture of basic chemicals, except fertilizers and nitrogen compounds",22
291631,"Benzoic acid, its salts and esters",2411,"Manufacture of basic chemicals, except fertilizers and nitrogen compounds",22
291632,Benzoyl peroxide and benzoyl chloride,2411,"Manufacture of basic chemicals, except fertilizers and nitrogen compounds",22
291633,"Phenylacetic acid, its salts and esters",2411,"Manufacture of basic chemicals, except fertilizers and nitrogen compounds",22
291639,"Aromatic monocarboxylic acids, etc, their... de",2411,"Manufacture of basic chemicals, except fertilizers and nitrogen compounds",22
291711,"Oxalic acid, its salts and esters",2411,"Manufacture of basic chemicals, except fertilizers and nitrogen compounds",22
291712,"Adipic acid, its salts and esters",2411,"Manufacture of basic chemicals, except fertilizers and nitrogen compounds",22
291713,"Azelaic acid, sebacic acid, their salts and est",2411,"Manufacture of basic chemicals, except fertilizers and nitrogen compounds",22
291714,Maleic anhydride,2411,"Manufacture of basic chemicals, except fertilizers and nitrogen compounds",22
291719,"Acyclic polycarboxylic acids, etc, their... der",2411,"Manufacture of basic chemicals, except fertilizers and nitrogen compounds",22
291720,"Cyclanic... cycloterpenic polycarboxylic acids,",2411,"Manufacture of basic chemicals, except fertilizers and nitrogen compounds",22
291731,Dibutyl orthophthalates,2411,"Manufacture of basic chemicals, except fertilizers and nitrogen compounds",22
291732,Dioctyl orthophthalates,2411,"Manufacture of basic chemicals, except fertilizers and nitrogen compounds",22
291733,Dinonyl or didecyl orthophthalates,2411,"Manufacture of basic chemicals, except fertilizers and nitrogen compounds",22
291734,"Other esters of orthophthalic acid, nes",2411,"Manufacture of basic chemicals, except fertilizers and nitrogen compounds",22
291735,Phthalic anhydride,2411,"Manufacture of basic chemicals, except fertilizers and nitrogen compounds",22
291736,Terephthalic acid and its salts,2411,"Manufacture of basic chemicals, except fertilizers and nitrogen compounds",22
291737,Dimethyl terephthalate,2411,"Manufacture of basic chemicals, except fertilizers and nitrogen compounds",22
291739,"Aromatic polycarboxylic acids, etc, their... de",2411,"Manufacture of basic chemicals, except fertilizers and nitrogen compounds",22
291811,"Lactic acid, its salts and esters",2411,"Manufacture of basic chemicals, except fertilizers and nitrogen compounds",22
291812,Tartaric acid,2411,"Manufacture of basic chemicals, except fertilizers and nitrogen compounds",22
291813,Salts and esters of tartaric acid,2411,"Manufacture of basic chemicals, except fertilizers and nitrogen compounds",22
291814,Citric acid,2411,"Manufacture of basic chemicals, except fertilizers and nitrogen compounds",22
291815,Salts and esters of citric acid,2411,"Manufacture of basic chemicals, except fertilizers and nitrogen compounds",22
291816,"Gluconic acid, its salts and esters",2411,"Manufacture of basic chemicals, except fertilizers and nitrogen compounds",22
291817,"Phenylglycolic acid (mandelic acid), its salts",2411,"Manufacture of basic chemicals, except fertilizers and nitrogen compounds",22
291819,"Carboxylic acids with alcohol function, without",2411,"Manufacture of basic chemicals, except fertilizers and nitrogen compounds",22
291821,Salicylic acid and its salts,2423,"Manufacture of pharmaceuticals, medicinal chemicals and botanical products",21
291822,"O-Acetylsalicylic acid, its salts and esters",2423,"Manufacture of pharmaceuticals, medicinal chemicals and botanical products",21
291823,Other esters of salicylic acid and their salts,2423,"Manufacture of pharmaceuticals, medicinal chemicals and botanical products",21
291829,"Carboxylic acids with phenol function, without",2411,"Manufacture of basic chemicals, except fertilizers and nitrogen compounds",22
291830,"Carboxylic acids with aldehyde, ketone but with",2411,"Manufacture of basic chemicals, except fertilizers and nitrogen compounds",22
291890,"Carboxylic acids with oxygen function, etc, the",2411,"Manufacture of basic chemicals, except fertilizers and nitrogen compounds",22
291900,"Phosphoric esters, etc (incl. lactophosphates);",2411,"Manufacture of basic chemicals, except fertilizers and nitrogen compounds",22
292010,Triophosphoric esters (phosphorothioates) their,2411,"Manufacture of basic chemicals, except fertilizers and nitrogen compounds",22
292090,Esters of other inorganic acids (excl. of hydro,2411,"Manufacture of basic chemicals, except fertilizers and nitrogen compounds",22
292111,"Methylamine, di- or trimethylamine and their sa",2411,"Manufacture of basic chemicals, except fertilizers and nitrogen compounds",22
292112,Diethylamine and its salts,2411,"Manufacture of basic chemicals, except fertilizers and nitrogen compounds",22
292119,"Acylic monoamines and their derivatives, nes; s",2411,"Manufacture of basic chemicals, except fertilizers and nitrogen compounds",22
292121,Ethylenediamine and its salts,2411,"Manufacture of basic chemicals, except fertilizers and nitrogen compounds",22
292122,Hexamethylenediamine and its salts,2411,"Manufacture of basic chemicals, except fertilizers and nitrogen compounds",22
292129,"Acyclic polyamines and their derivatives, nes;",2411,"Manufacture of basic chemicals, except fertilizers and nitrogen compounds",22
292130,Cyclanic...or cycloterpenic mono- or polyamines,2411,"Manufacture of basic chemicals, except fertilizers and nitrogen compounds",22
292141,Aniline and its salts,2411,"Manufacture of basic chemicals, except fertilizers and nitrogen compounds",22
292142,Aniline derivatives and their salts,2411,"Manufacture of basic chemicals, except fertilizers and nitrogen compounds",22
292143,Toluidines and derivatives; salts thereof,2411,"Manufacture of basic chemicals, except fertilizers and nitrogen compounds",22
292144,Diphenylamine and its derivatives; salts thereo,2411,"Manufacture of basic chemicals, except fertilizers and nitrogen compounds",22
292145,"1-Naphthylamine, 2-naphthylamine and their deri",2411,"Manufacture of basic chemicals, except fertilizers and nitrogen compounds",22
292149,"Aromatic monoamines and their derivatives, nes;",2411,"Manufacture of basic chemicals, except fertilizers and nitrogen compounds",22
292151,"o-, m-, p-Phenylenediamine, diaminotoluenes, et",2411,"Manufacture of basic chemicals, except fertilizers and nitrogen compounds",22
292159,"Aromatic polyamines and their derivatives, nes;",2411,"Manufacture of basic chemicals, except fertilizers and nitrogen compounds",22
292211,Monoethanolamine and its salts,2411,"Manufacture of basic chemicals, except fertilizers and nitrogen compounds",22
292212,Diethanolamine and its salts,2411,"Manufacture of basic chemicals, except fertilizers and nitrogen compounds",22
292213,Triethanolamine and its salts,2411,"Manufacture of basic chemicals, except fertilizers and nitrogen compounds",22
292219,"Amino-alcohols, their ethers and esters with on",2411,"Manufacture of basic chemicals, except fertilizers and nitrogen compounds",22
292221,Aminohydroxynaphthalenesulphonic acids and thei,2411,"Manufacture of basic chemicals, except fertilizers and nitrogen compounds",22
292222,"Anisidines, dianisidines, phenetidines, and the",2411,"Manufacture of basic chemicals, except fertilizers and nitrogen compounds",22
292229,"Amino-naphthols and -phenols, etc... one oxygen",2411,"Manufacture of basic chemicals, except fertilizers and nitrogen compounds",22
292230,"Amino-aldehydes, ketones quinones, not >1 oxyge",2411,"Manufacture of basic chemicals, except fertilizers and nitrogen compounds",22
292241,Lysine and its esters; salts thereof,2423,"Manufacture of pharmaceuticals, medicinal chemicals and botanical products",21
292242,Glutamic acid and its salts,2423,"Manufacture of pharmaceuticals, medicinal chemicals and botanical products",21
292249,"Amino-acids and their esters, not >1 oxygen fun",2411,"Manufacture of basic chemicals, except fertilizers and nitrogen compounds",22
292250,Amino-alcohol/acid-phenols; amino-compounds wit,2411,"Manufacture of basic chemicals, except fertilizers and nitrogen compounds",22
292310,Choline and its salts,2423,"Manufacture of pharmaceuticals, medicinal chemicals and botanical products",21
292320,Lecithins and other phosphoaminolipids,2423,"Manufacture of pharmaceuticals, medicinal chemicals and botanical products",21
292390,"Quaternary ammonium salts and hydroxides, nes",2423,"Manufacture of pharmaceuticals, medicinal chemicals and botanical products",21
292410,Acyclic amides (incl. acyclic carbamates) and d,2423,"Manufacture of pharmaceuticals, medicinal chemicals and botanical products",21
292421,Ureines and their derivatives; salts thereof,2411,"Manufacture of basic chemicals, except fertilizers and nitrogen compounds",22
292429,Cyclic amides (incl. carbamates) and derivative,2423,"Manufacture of pharmaceuticals, medicinal chemicals and botanical products",21
292511,Saccharin and its salts,2411,"Manufacture of basic chemicals, except fertilizers and nitrogen compounds",22
292519,Imides and their derivatives; salts thereof (ex,2411,"Manufacture of basic chemicals, except fertilizers and nitrogen compounds",22
292520,Imines and their derivatives; salts thereof,2411,"Manufacture of basic chemicals, except fertilizers and nitrogen compounds",22
292610,Acrylonitrile,2411,"Manufacture of basic chemicals, except fertilizers and nitrogen compounds",22
292620,1-Cyanoguanidine (dicyanidiamide),2411,"Manufacture of basic chemicals, except fertilizers and nitrogen compounds",22
292690,"Nitrile-function compounds, nes",2411,"Manufacture of basic chemicals, except fertilizers and nitrogen compounds",22
292700,"Diazo-, azo- or azoxy-compounds",2411,"Manufacture of basic chemicals, except fertilizers and nitrogen compounds",22
292800,Organic derivatives of hydrazine or of hydroxyi,2411,"Manufacture of basic chemicals, except fertilizers and nitrogen compounds",22
292910,Isocyanates,2411,"Manufacture of basic chemicals, except fertilizers and nitrogen compounds",22
292990,"Compounds with other nitrogen function, nes",2411,"Manufacture of basic chemicals, except fertilizers and nitrogen compounds",22
293010,Dithiocarbonates (xanthates),2411,"Manufacture of basic chemicals, except fertilizers and nitrogen compounds",22
293020,Thiocarbamates and dithiocarbamates,2411,"Manufacture of basic chemicals, except fertilizers and nitrogen compounds",22
293030,"Thiuram mono-, di- or tetrasulphides",2411,"Manufacture of basic chemicals, except fertilizers and nitrogen compounds",22
293040,Methionine,2411,"Manufacture of basic chemicals, except fertilizers and nitrogen compounds",22
293090,"Other organo-sulphur compounds, nes",2411,"Manufacture of basic chemicals, except fertilizers and nitrogen compounds",22
293100,Other organo-inorganic compounds,2411,"Manufacture of basic chemicals, except fertilizers and nitrogen compounds",22
293211,Tetrahydrofuran,2411,"Manufacture of basic chemicals, except fertilizers and nitrogen compounds",22
293212,2-Furaldehyde (furfuraldehyde),2411,"Manufacture of basic chemicals, except fertilizers and nitrogen compounds",22
293213,Furfuryl alcohol and tetrahydrofurfuryl alcohol,2411,"Manufacture of basic chemicals, except fertilizers and nitrogen compounds",22
293219,Compounds containing an unfused furan ring in t,2411,"Manufacture of basic chemicals, except fertilizers and nitrogen compounds",22
293221,"Coumarin, methylcoumarins and ethylcoumarins",2411,"Manufacture of basic chemicals, except fertilizers and nitrogen compounds",22
293229,"Lactones, nes",2423,"Manufacture of pharmaceuticals, medicinal chemicals and botanical products",21
293290,Heterocyclic compounds with oxygen hetero-atom(,2411,"Manufacture of basic chemicals, except fertilizers and nitrogen compounds",22
293311,Phenazone (antipyrin) and its derivatives,2423,"Manufacture of pharmaceuticals, medicinal chemicals and botanical products",21
293319,Compounds containing an unfused pyrazole ring i,2423,"Manufacture of pharmaceuticals, medicinal chemicals and botanical products",21
293321,Hydantoin and its derivatives,2423,"Manufacture of pharmaceuticals, medicinal chemicals and botanical products",21
293329,Compounds containing an unfused imidazole ring,2411,"Manufacture of basic chemicals, except fertilizers and nitrogen compounds",22
293331,Pyridine and its salts,2411,"Manufacture of basic chemicals, except fertilizers and nitrogen compounds",22
293339,Compounds containing an unfused pyridine ring i,2411,"Manufacture of basic chemicals, except fertilizers and nitrogen compounds",22
293340,Compounds with quinoline or isoquinoline ring-s,2411,"Manufacture of basic chemicals, except fertilizers and nitrogen compounds",22
293351,Malonylurea (barbituric acid) and its derivativ,2423,"Manufacture of pharmaceuticals, medicinal chemicals and botanical products",21
293359,Compounds with pyrimidine or piperazine ring; n,2423,"Manufacture of pharmaceuticals, medicinal chemicals and botanical products",21
293361,Melamine,2423,"Manufacture of pharmaceuticals, medicinal chemicals and botanical products",21
293369,Compounds containing an unfused triazine ring i,2423,"Manufacture of pharmaceuticals, medicinal chemicals and botanical products",21
293371,6-Hexanelactam (epsilon-caprolactam),2411,"Manufacture of basic chemicals, except fertilizers and nitrogen compounds",22
293379,Lactams (excl. epsilon-caprolactam),2411,"Manufacture of basic chemicals, except fertilizers and nitrogen compounds",22
293390,Heterocyclic compounds with nitrogen hetero-ato,2411,"Manufacture of basic chemicals, except fertilizers and nitrogen compounds",22
293410,Compounds containing an unfused thiazole ring i,2411,"Manufacture of basic chemicals, except fertilizers and nitrogen compounds",22
293420,Compounds containing a benzothiazole ring-syste,2411,"Manufacture of basic chemicals, except fertilizers and nitrogen compounds",22
293430,Compounds containing a phenothiazine ring-syste,2423,"Manufacture of pharmaceuticals, medicinal chemicals and botanical products",21
293490,"Other heterocyclic compounds, nes",2411,"Manufacture of basic chemicals, except fertilizers and nitrogen compounds",22
293500,Sulphonamides,2423,"Manufacture of pharmaceuticals, medicinal chemicals and botanical products",21
293610,"Provitamins, unmixed",2423,"Manufacture of pharmaceuticals, medicinal chemicals and botanical products",21
293621,"Vitamins A and their derivatives, unmixed",2423,"Manufacture of pharmaceuticals, medicinal chemicals and botanical products",21
293622,"Vitamin B1 and its derivatives, unmixed",2423,"Manufacture of pharmaceuticals, medicinal chemicals and botanical products",21
293623,"Vitamin B2 and its derivatives, unmixed",2423,"Manufacture of pharmaceuticals, medicinal chemicals and botanical products",21
293624,D- or DL- Pantothenic acid (Vitamin B3 or B5) a,2423,"Manufacture of pharmaceuticals, medicinal chemicals and botanical products",21
293625,"Vitamin B6 and its derivatives, unmixed",2423,"Manufacture of pharmaceuticals, medicinal chemicals and botanical products",21
293626,"Vitamin B12 and its derivatives, unmixed",2423,"Manufacture of pharmaceuticals, medicinal chemicals and botanical products",21
293627,"Vitamin C and its derivatives, unmixed",2423,"Manufacture of pharmaceuticals, medicinal chemicals and botanical products",21
293628,"Vitamin E and its derivatives, unmixed",2423,"Manufacture of pharmaceuticals, medicinal chemicals and botanical products",21
293629,"Other vitamins and their derivatives, unmixed,",2423,"Manufacture of pharmaceuticals, medicinal chemicals and botanical products",21
293690,"Other vitamines (incl. natural concentrates), n",2423,"Manufacture of pharmaceuticals, medicinal chemicals and botanical products",21
293710,"Pituitary (anterior) or similar hormones, and t",2423,"Manufacture of pharmaceuticals, medicinal chemicals and botanical products",21
293721,"Cortisone, hydrocortisone... and predisolone (d",2423,"Manufacture of pharmaceuticals, medicinal chemicals and botanical products",21
293722,Halogenated derivatives of adrenal cortical hor,2423,"Manufacture of pharmaceuticals, medicinal chemicals and botanical products",21
293729,Adrenal cortical hormones and their derivatives,2423,"Manufacture of pharmaceuticals, medicinal chemicals and botanical products",21
293791,Insulin and its salts,2423,"Manufacture of pharmaceuticals, medicinal chemicals and botanical products",21
293792,Oestrogens and progestogens,2423,"Manufacture of pharmaceuticals, medicinal chemicals and botanical products",21
293799,"Other hormones and derivatives, nes; other ster",2423,"Manufacture of pharmaceuticals, medicinal chemicals and botanical products",21
293810,Rutoside (rutin) and its derivatives,2423,"Manufacture of pharmaceuticals, medicinal chemicals and botanical products",21
293890,"Glycosides and their salts, ethers, esters and",2423,"Manufacture of pharmaceuticals, medicinal chemicals and botanical products",21
293910,Alkaloids of opium and their derivatives; salts,2423,"Manufacture of pharmaceuticals, medicinal chemicals and botanical products",21
293921,Quinine and its salts,2423,"Manufacture of pharmaceuticals, medicinal chemicals and botanical products",21
293929,Other alkaloids of cinchona and their derivativ,2423,"Manufacture of pharmaceuticals, medicinal chemicals and botanical products",21
293930,Caffeine and its salts,2423,"Manufacture of pharmaceuticals, medicinal chemicals and botanical products",21
293940,Ephedrines and their salts,2423,"Manufacture of pharmaceuticals, medicinal chemicals and botanical products",21
293950,Theophylline and aminophylline and derivatives,2423,"Manufacture of pharmaceuticals, medicinal chemicals and botanical products",21
293960,Alkaloids of rye ergot and their derivatives; s,2423,"Manufacture of pharmaceuticals, medicinal chemicals and botanical products",21
293970,Nicotine and its salts,2423,"Manufacture of pharmaceuticals, medicinal chemicals and botanical products",21
293990,"Other vegetable alkaloids and their salts, etc;",2423,"Manufacture of pharmaceuticals, medicinal chemicals and botanical products",21
294000,"Sugars, pure (excl. glucose, etc); sugar ethers",2423,"Manufacture of pharmaceuticals, medicinal chemicals and botanical products",21
294110,Penicillins and derivatives with a penicillanic,2423,"Manufacture of pharmaceuticals, medicinal chemicals and botanical products",21
294120,Streptomycins and their derivatives; salts ther,2423,"Manufacture of pharmaceuticals, medicinal chemicals and botanical products",21
294130,Tetracyclines and their derivatives; salts ther,2423,"Manufacture of pharmaceuticals, medicinal chemicals and botanical products",21
294140,Chloramphenicol and its derivatives; salts ther,2423,"Manufacture of pharmaceuticals, medicinal chemicals and botanical products",21
294150,Erythromycin and its derivatives; salts thereof,2423,"Manufacture of pharmaceuticals, medicinal chemicals and botanical products",21
294190,"Other antibiotics, nes",2423,"Manufacture of pharmaceuticals, medicinal chemicals and botanical products",21
294200,"Other organic compounds, nes",2411,"Manufacture of basic chemicals, except fertilizers and nitrogen compounds",22
300110,"Glands and other organs, dried",2423,"Manufacture of pharmaceuticals, medicinal chemicals and botanical products",21
300120,Extracts of glands or other organs or of their,2423,"Manufacture of pharmaceuticals, medicinal chemicals and botanical products",21
300190,"Substances of human or animal origin, for proph",2423,"Manufacture of pharmaceuticals, medicinal chemicals and botanical products",21
300210,Antisera and other blood fractions,2423,"Manufacture of pharmaceuticals, medicinal chemicals and botanical products",21
300220,Vaccines for human medicine,2423,"Manufacture of pharmaceuticals, medicinal chemicals and botanical products",21
300231,Vaccines against foot-and-mouth disease,2423,"Manufacture of pharmaceuticals, medicinal chemicals and botanical products",21
300239,Other vaccines for veterinary medicine (excl. f,2423,"Manufacture of pharmaceuticals, medicinal chemicals and botanical products",21
300290,Human and animal blood; microbial cultures; tox,2423,"Manufacture of pharmaceuticals, medicinal chemicals and botanical products",21
300310,Medicaments of penicillins... or streptomycins.,2423,"Manufacture of pharmaceuticals, medicinal chemicals and botanical products",21
300320,"Medicaments of other antibiotics, not for retai",2423,"Manufacture of pharmaceuticals, medicinal chemicals and botanical products",21
300331,"Medicaments of insulin, not for retail sale",2423,"Manufacture of pharmaceuticals, medicinal chemicals and botanical products",21
300339,"Medicaments of other hormones, not for retail s",2423,"Manufacture of pharmaceuticals, medicinal chemicals and botanical products",21
300340,Medicaments of alkaloids or derivatives thereof,2423,"Manufacture of pharmaceuticals, medicinal chemicals and botanical products",21
300390,"Other medicaments with >=2 constituents, not fo",2423,"Manufacture of pharmaceuticals, medicinal chemicals and botanical products",21
300410,Medicaments of penicillins... or streptomycins.,2423,"Manufacture of pharmaceuticals, medicinal chemicals and botanical products",21
300420,"Medicaments of other antibiotics, for retail sa",2423,"Manufacture of pharmaceuticals, medicinal chemicals and botanical products",21
300431,"Medicaments of insulin, for retail sale",2423,"Manufacture of pharmaceuticals, medicinal chemicals and botanical products",21
300432,"Medicaments of adrenal cortical hormones, for r",2423,"Manufacture of pharmaceuticals, medicinal chemicals and botanical products",21
300439,"Medicaments of other hormones, for retail sale,",2423,"Manufacture of pharmaceuticals, medicinal chemicals and botanical products",21
300440,Medicaments of alkaloids or derivatives thereof,2423,"Manufacture of pharmaceuticals, medicinal chemicals and botanical products",21
300450,Other medicaments of vitamins or other products,2423,"Manufacture of pharmaceuticals, medicinal chemicals and botanical products",21
300490,"Other medicaments of mixed or unmixed products,",2423,"Manufacture of pharmaceuticals, medicinal chemicals and botanical products",21
300510,"Adhesive dressings..., for medical... purposes",2423,"Manufacture of pharmaceuticals, medicinal chemicals and botanical products",21
300590,"Wadding, gauze, etc with pharmaceutical substan",2423,"Manufacture of pharmaceuticals, medicinal chemicals and botanical products",21
300610,Materials for surgical sutures; laminaria ; abs,2423,"Manufacture of pharmaceuticals, medicinal chemicals and botanical products",21
300620,Blood-grouping reagents,2423,"Manufacture of pharmaceuticals, medicinal chemicals and botanical products",21
300630,Opacifying preparations for X-ray examinations;,2423,"Manufacture of pharmaceuticals, medicinal chemicals and botanical products",21
300640,Dental cements and other dental fillings; bone,2423,"Manufacture of pharmaceuticals, medicinal chemicals and botanical products",21
300650,First-aid boxes and kits,2423,"Manufacture of pharmaceuticals, medicinal chemicals and botanical products",21
300660,Chemical contraceptive preparations based on ho,2423,"Manufacture of pharmaceuticals, medicinal chemicals and botanical products",21
310100,Animal or vegetable fertilizers,2412,Manufacture of fertilizers and nitrogen compounds,22
310210,Urea,2412,Manufacture of fertilizers and nitrogen compounds,22
310221,Ammonium sulphate,2412,Manufacture of fertilizers and nitrogen compounds,22
310229,Double salts and mixtures of ammonium sulphate,2412,Manufacture of fertilizers and nitrogen compounds,22
310230,Ammonium nitrate,2412,Manufacture of fertilizers and nitrogen compounds,22
310240,Mixtures of ammonium nitrate with inorganic non,2412,Manufacture of fertilizers and nitrogen compounds,22
310250,Sodium nitrate,2412,Manufacture of fertilizers and nitrogen compounds,22
310260,Double salts and mixtures of calcium nitrate an,2412,Manufacture of fertilizers and nitrogen compounds,22
310270,Calcium cyanamide,2412,Manufacture of fertilizers and nitrogen compounds,22
310280,Mixtures of urea and ammonium nitrate in aqueou,2412,Manufacture of fertilizers and nitrogen compounds,22
310290,"Mineral or chemical fertilizers, nitrogenous ,",2412,Manufacture of fertilizers and nitrogen compounds,22
310310,Superphosphates,2412,Manufacture of fertilizers and nitrogen compounds,22
310320,Basic slag,2412,Manufacture of fertilizers and nitrogen compounds,22
310390,"Mineral or chemical fertilizers, phosphatic, ne",2412,Manufacture of fertilizers and nitrogen compounds,22
310420,Potassium chloride,2412,Manufacture of fertilizers and nitrogen compounds,22
310430,Potassium sulphate,2412,Manufacture of fertilizers and nitrogen compounds,22
310490,"Mineral or chemical fertilizers, potassic, nes",2412,Manufacture of fertilizers and nitrogen compounds,22
310510,Fertilizers... in packages of a gross weight =<,2412,Manufacture of fertilizers and nitrogen compounds,22
310520,"Mineral or chemical fertilizers with nitrogen,",2412,Manufacture of fertilizers and nitrogen compounds,22
310530,Diammonium hydrogenorthophosphate (diammonium p,2412,Manufacture of fertilizers and nitrogen compounds,22
310540,Ammonium dihydrogenorthophosphate (monoammonium,2412,Manufacture of fertilizers and nitrogen compounds,22
310551,Mineral or chemical fertilizers containing nitr,2412,Manufacture of fertilizers and nitrogen compounds,22
310559,Mineral or chemical fertilizers with nitrogen a,2412,Manufacture of fertilizers and nitrogen compounds,22
310560,Mineral or chemical fertilizers with phosphorus,2412,Manufacture of fertilizers and nitrogen compounds,22
310590,"Other fertilizers, nes",2412,Manufacture of fertilizers and nitrogen compounds,22
320110,Quebracho extract,2411,"Manufacture of basic chemicals, except fertilizers and nitrogen compounds",22
320120,Wattle extract,2411,"Manufacture of basic chemicals, except fertilizers and nitrogen compounds",22
320130,Oak or chestnut extract,2411,"Manufacture of basic chemicals, except fertilizers and nitrogen compounds",22
320190,Tanning extracts of vegetable origin; tannins a,2411,"Manufacture of basic chemicals, except fertilizers and nitrogen compounds",22
320210,Synthetic organic tanning substances,2411,"Manufacture of basic chemicals, except fertilizers and nitrogen compounds",22
320290,Inorganic tanning substances; tanning preparati,2411,"Manufacture of basic chemicals, except fertilizers and nitrogen compounds",22
320300,"Colouring matter of vegetable or animal origin,",2411,"Manufacture of basic chemicals, except fertilizers and nitrogen compounds",22
320411,Disperse dyes and preparations based thereon,2411,"Manufacture of basic chemicals, except fertilizers and nitrogen compounds",22
320412,Acid dyes and preparations; mordant dyes and pr,2411,"Manufacture of basic chemicals, except fertilizers and nitrogen compounds",22
320413,Basic dyes and preparations based thereon,2411,"Manufacture of basic chemicals, except fertilizers and nitrogen compounds",22
320414,Direct dyes and preparations based thereon,2411,"Manufacture of basic chemicals, except fertilizers and nitrogen compounds",22
320415,Vat dyes and preparations based thereon,2411,"Manufacture of basic chemicals, except fertilizers and nitrogen compounds",22
320416,Reactive dyes and preparations based thereon,2411,"Manufacture of basic chemicals, except fertilizers and nitrogen compounds",22
320417,Pigments and preparations based thereon,2411,"Manufacture of basic chemicals, except fertilizers and nitrogen compounds",22
320419,Synthetic organic colouring matter and preparat,2411,"Manufacture of basic chemicals, except fertilizers and nitrogen compounds",22
320420,Synthetic organic products used as fluorescent,2411,"Manufacture of basic chemicals, except fertilizers and nitrogen compounds",22
320490,Synthetic organic products used as luminophores,2411,"Manufacture of basic chemicals, except fertilizers and nitrogen compounds",22
320500,Colour lakes; preparations based on colour lake,2411,"Manufacture of basic chemicals, except fertilizers and nitrogen compounds",22
320610,Pigments and preparations based on titanium dio,2411,"Manufacture of basic chemicals, except fertilizers and nitrogen compounds",22
320620,Pigments and preparations based on chromium com,2411,"Manufacture of basic chemicals, except fertilizers and nitrogen compounds",22
320630,Pigments and preparations based on cadminum com,2411,"Manufacture of basic chemicals, except fertilizers and nitrogen compounds",22
320641,Ultramarine and preparations based thereon,2411,"Manufacture of basic chemicals, except fertilizers and nitrogen compounds",22
320642,Lithopone and other pigments and preparations b,2411,"Manufacture of basic chemicals, except fertilizers and nitrogen compounds",22
320643,Pigments and preparations based on hexacyanofer,2411,"Manufacture of basic chemicals, except fertilizers and nitrogen compounds",22
320649,Other colouring matter; preparations as specifi,2411,"Manufacture of basic chemicals, except fertilizers and nitrogen compounds",22
320650,Inorganic products of a kind used as luminophor,2411,"Manufacture of basic chemicals, except fertilizers and nitrogen compounds",22
320710,"Prepared pigments, opacifiers and colours... fo",2422,"Manufacture of paints, varnishes and similar coatings, printing ink and mastics",22
320720,"Vitrifiable enamels and glazes, englobes and si",2422,"Manufacture of paints, varnishes and similar coatings, printing ink and mastics",22
320730,Liquid lustres and similar preparations,2422,"Manufacture of paints, varnishes and similar coatings, printing ink and mastics",22
320740,Glass frit and other glass in the form of powde,2422,"Manufacture of paints, varnishes and similar coatings, printing ink and mastics",22
320810,"Paints... based on polyesters, in a non-aqueous",2422,"Manufacture of paints, varnishes and similar coatings, printing ink and mastics",22
320820,"Paints... based on acrylic or vinyl polymers, i",2422,"Manufacture of paints, varnishes and similar coatings, printing ink and mastics",22
320890,"Paints and varnishes, in a non-aqueous medium,",2422,"Manufacture of paints, varnishes and similar coatings, printing ink and mastics",22
320910,"Paints... based on acrylic or vinyl polymers, i",2422,"Manufacture of paints, varnishes and similar coatings, printing ink and mastics",22
320990,"Paints and varnishes, in an aqueous medium, nes",2422,"Manufacture of paints, varnishes and similar coatings, printing ink and mastics",22
321000,Other paints and varnishes (incl. enamels...)..,2422,"Manufacture of paints, varnishes and similar coatings, printing ink and mastics",22
321100,Prepared driers,2422,"Manufacture of paints, varnishes and similar coatings, printing ink and mastics",22
321210,Stamping foils,2422,"Manufacture of paints, varnishes and similar coatings, printing ink and mastics",22
321290,"Pigments in non-aqueous media, nes, for retail",2422,"Manufacture of paints, varnishes and similar coatings, printing ink and mastics",22
321310,Colours in sets,2422,"Manufacture of paints, varnishes and similar coatings, printing ink and mastics",22
321390,"Artists', students' or signboard painters' colo",2422,"Manufacture of paints, varnishes and similar coatings, printing ink and mastics",22
321410,Mastics and painters fillings,2422,"Manufacture of paints, varnishes and similar coatings, printing ink and mastics",22
321490,"Glaziers putty, etc, non-refractory surfacing p",2422,"Manufacture of paints, varnishes and similar coatings, printing ink and mastics",22
321511,"Black printing ink, whether or not concentrated",2422,"Manufacture of paints, varnishes and similar coatings, printing ink and mastics",22
321519,"Printing ink, whether or not concentrated or so",2422,"Manufacture of paints, varnishes and similar coatings, printing ink and mastics",22
321590,"Other ink, whether or not concentrated or solid",2429,Manufacture of other chemical products n.e.c.,22
330111,Essential oils of bergamot (incl. concretes and,2429,Manufacture of other chemical products n.e.c.,22
330112,Essential oils of orange (incl. concretes and a,2429,Manufacture of other chemical products n.e.c.,22
330113,Essential oils of lemon (incl. concretes and ab,2429,Manufacture of other chemical products n.e.c.,22
330114,Essential oils of lime (incl. concretes and abs,2429,Manufacture of other chemical products n.e.c.,22
330119,Essential oils of citrus fruit (incl. concretes,2429,Manufacture of other chemical products n.e.c.,22
330121,Essential oils of geranium (incl. concretes and,2429,Manufacture of other chemical products n.e.c.,22
330122,Essential oils of jasmin (incl. concretes and a,2429,Manufacture of other chemical products n.e.c.,22
330123,Essential oils of lavender or lavandin (incl. c,2429,Manufacture of other chemical products n.e.c.,22
330124,Essential oils of peppermint (incl. concretes a,2429,Manufacture of other chemical products n.e.c.,22
330125,Essential oils of mints (incl. concretes and ab,2429,Manufacture of other chemical products n.e.c.,22
330126,Essential oils of vetiver (incl. concretes and,2429,Manufacture of other chemical products n.e.c.,22
330129,"Essential oils (incl. concretes and absolutes),",2429,Manufacture of other chemical products n.e.c.,22
330130,Resinoids,2429,Manufacture of other chemical products n.e.c.,22
330190,Concentrates of essential oils in fats... aqueo,2429,Manufacture of other chemical products n.e.c.,22
330210,"Mixtures of odoriferous substances, for the foo",2429,Manufacture of other chemical products n.e.c.,22
330290,"Mixtures of odoriferous substances, as raw mate",2429,Manufacture of other chemical products n.e.c.,22
330300,Perfumes and toilet waters,2424,"Manufacture of soap and detergents, cleaning and polishing preparations, perfumes and toilet prepara",22
330410,Lip make-up preparations,2424,"Manufacture of soap and detergents, cleaning and polishing preparations, perfumes and toilet prepara",22
330420,Eye make-up preparations,2424,"Manufacture of soap and detergents, cleaning and polishing preparations, perfumes and toilet prepara",22
330430,Manicure or pedicure preparations,2424,"Manufacture of soap and detergents, cleaning and polishing preparations, perfumes and toilet prepara",22
330491,"Powders, whether or not compressed, for cosmeti",2424,"Manufacture of soap and detergents, cleaning and polishing preparations, perfumes and toilet prepara",22
330499,"Beauty, make-up, skin-care (incl. suntan), nes",2424,"Manufacture of soap and detergents, cleaning and polishing preparations, perfumes and toilet prepara",22
330510,Shampoos,2424,"Manufacture of soap and detergents, cleaning and polishing preparations, perfumes and toilet prepara",22
330520,Preparations for permanent waving or straighten,2424,"Manufacture of soap and detergents, cleaning and polishing preparations, perfumes and toilet prepara",22
330530,Hair lacquers,2424,"Manufacture of soap and detergents, cleaning and polishing preparations, perfumes and toilet prepara",22
330590,"Preparations for use on the hair, nes",2424,"Manufacture of soap and detergents, cleaning and polishing preparations, perfumes and toilet prepara",22
330610,Dentifrices,2424,"Manufacture of soap and detergents, cleaning and polishing preparations, perfumes and toilet prepara",22
330690,Preparations for oral or dental hygiene (incl.,2424,"Manufacture of soap and detergents, cleaning and polishing preparations, perfumes and toilet prepara",22
330710,"Pre-shave, shaving or after-shave preparations",2424,"Manufacture of soap and detergents, cleaning and polishing preparations, perfumes and toilet prepara",22
330720,Personal deodorants and antiperspirants,2424,"Manufacture of soap and detergents, cleaning and polishing preparations, perfumes and toilet prepara",22
330730,Perfumed bath salts and other bath preparations,2424,"Manufacture of soap and detergents, cleaning and polishing preparations, perfumes and toilet prepara",22
330741,Agarbatti and other odiferous preparations whic,2424,"Manufacture of soap and detergents, cleaning and polishing preparations, perfumes and toilet prepara",22
330749,"Preparations for deodorizing rooms, nes",2424,"Manufacture of soap and detergents, cleaning and polishing preparations, perfumes and toilet prepara",22
330790,"Other perfumery, cosmetic or toilet preparation",2424,"Manufacture of soap and detergents, cleaning and polishing preparations, perfumes and toilet prepara",22
340111,Soap and organic surface-active products in bar,2424,"Manufacture of soap and detergents, cleaning and polishing preparations, perfumes and toilet prepara",22
340119,Soap and organic surface-active products in bar,2424,"Manufacture of soap and detergents, cleaning and polishing preparations, perfumes and toilet prepara",22
340120,"Soap in other forms, nes",2424,"Manufacture of soap and detergents, cleaning and polishing preparations, perfumes and toilet prepara",22
340211,"Anionic surface-active agents, (excl. soap)",2424,"Manufacture of soap and detergents, cleaning and polishing preparations, perfumes and toilet prepara",22
340212,"Cationic surface-active agents, (excl. soap)",2424,"Manufacture of soap and detergents, cleaning and polishing preparations, perfumes and toilet prepara",22
340213,"Non-ionic surface-active agents, (excl. soap)",2424,"Manufacture of soap and detergents, cleaning and polishing preparations, perfumes and toilet prepara",22
340219,"Organic surface-active agents, (excl. soap), ne",2424,"Manufacture of soap and detergents, cleaning and polishing preparations, perfumes and toilet prepara",22
340220,"Washing and cleaning preparations, put up for r",2424,"Manufacture of soap and detergents, cleaning and polishing preparations, perfumes and toilet prepara",22
340290,"Washing and cleaning preparations, not put up f",2424,"Manufacture of soap and detergents, cleaning and polishing preparations, perfumes and toilet prepara",22
340311,Lubricat.prep.for the treatment of textile mat.,2429,Manufacture of other chemical products n.e.c.,22
340319,"Other lubricating preparations, with <70% petro",2429,Manufacture of other chemical products n.e.c.,22
340391,Lubricating prep.for the treatment of textiles,2429,Manufacture of other chemical products n.e.c.,22
340399,"Other lubricating preparations, nes",2429,Manufacture of other chemical products n.e.c.,22
340410,Artificial waxes of chemically modified lignite,2424,"Manufacture of soap and detergents, cleaning and polishing preparations, perfumes and toilet prepara",22
340420,Artificial waxes of polyethylene glycol,2424,"Manufacture of soap and detergents, cleaning and polishing preparations, perfumes and toilet prepara",22
340490,"Artificial waxes and prepared waxes, nes",2424,"Manufacture of soap and detergents, cleaning and polishing preparations, perfumes and toilet prepara",22
340510,"Polishes, creams and similar preparations for f",2424,"Manufacture of soap and detergents, cleaning and polishing preparations, perfumes and toilet prepara",22
340520,"Polishes, creams and similar preparations for m",2424,"Manufacture of soap and detergents, cleaning and polishing preparations, perfumes and toilet prepara",22
340530,Polishes and similar preparations for coachwork,2424,"Manufacture of soap and detergents, cleaning and polishing preparations, perfumes and toilet prepara",22
340540,Scouring pastes and powders and other scouring,2424,"Manufacture of soap and detergents, cleaning and polishing preparations, perfumes and toilet prepara",22
340590,"Other polishes, creams and similar preparations",2424,"Manufacture of soap and detergents, cleaning and polishing preparations, perfumes and toilet prepara",22
340600,"Candles, tapers and the like",3699,Other manufacturing n.e.c.,72
340700,Modelling pastes; dental wax and impression com,2429,Manufacture of other chemical products n.e.c.,22
350110,Casein,1520,Manufacture of dairy products,7
350190,Caseinates and other casein derivatives; casein,2429,Manufacture of other chemical products n.e.c.,22
350210,Egg albumin,1549,Manufacture of other food products n.e.c.,10
350290,"Albumins (excl. egg albumin), albuminates and o",2429,Manufacture of other chemical products n.e.c.,22
350300,Gelatin and derivatives; isinglass; glues of an,2429,Manufacture of other chemical products n.e.c.,22
350400,"Peptones/protein substances and derivatives, ne",2429,Manufacture of other chemical products n.e.c.,22
350510,Dextrins and other modified starches,1532,Manufacture of starches and starch products,8
350520,"Glues based on starches, dextrins or other modi",2429,Manufacture of other chemical products n.e.c.,22
350610,Products put up as glues or adhesives for retai,2429,Manufacture of other chemical products n.e.c.,22
350691,Adhesives based on rubber or plastic (incl. art,2429,Manufacture of other chemical products n.e.c.,22
350699,"Prepared glues and other prepared adhesives, ne",2429,Manufacture of other chemical products n.e.c.,22
350710,Rennet and concentrates thereof,2411,"Manufacture of basic chemicals, except fertilizers and nitrogen compounds",22
350790,Enzymes; prepared enzymes (not elsewhere specif,2411,"Manufacture of basic chemicals, except fertilizers and nitrogen compounds",22
360100,Propellent powders,2429,Manufacture of other chemical products n.e.c.,22
360200,"Prepared explosives, (excl. propellent powders)",2429,Manufacture of other chemical products n.e.c.,22
360300,Safety fuses; detonating fuses; caps; igniters;,2429,Manufacture of other chemical products n.e.c.,22
360410,Fireworks,2429,Manufacture of other chemical products n.e.c.,22
360490,Signalling flares... and other pyrotechnic arti,2429,Manufacture of other chemical products n.e.c.,22
360500,Matches (excl. pyrotechnic articles of 36.04),3699,Other manufacturing n.e.c.,72
360610,"Liquid or liquefied-gas fuels in containers, fo",3699,Other manufacturing n.e.c.,72
360690,"Ferro-cerium, pyrophoric alloys; articles of co",3699,Other manufacturing n.e.c.,72
370110,"Photographic plates... for X-ray, in the flat,",2429,Manufacture of other chemical products n.e.c.,22
370120,"Instant print flat film, unexposed",2429,Manufacture of other chemical products n.e.c.,22
370130,"Plates and film, in the flat with any side >255",2429,Manufacture of other chemical products n.e.c.,22
370191,"Photographic plates..., in the flat for colour",2429,Manufacture of other chemical products n.e.c.,22
370199,"Photographic plates and film, in the flat (excl",2429,Manufacture of other chemical products n.e.c.,22
370210,"Photographic film in rolls, for X-ray, unexpose",2429,Manufacture of other chemical products n.e.c.,22
370220,"Instant print film in rolls, unexposed",2429,Manufacture of other chemical products n.e.c.,22
370231,"Polychrome film, in rolls, non-perforated, of w",2429,Manufacture of other chemical products n.e.c.,22
370232,"Film, in rolls, non-perforated, with silver...",2429,Manufacture of other chemical products n.e.c.,22
370239,"Film, in rolls, non-perforated, of width =<105m",2429,Manufacture of other chemical products n.e.c.,22
370241,"Polychrome film, in rolls, non-perforated, widt",2429,Manufacture of other chemical products n.e.c.,22
370242,"Film, in rolls, non-perforated, width >610mm le",2429,Manufacture of other chemical products n.e.c.,22
370243,"Film, in rolls, non-perforated, width >610mm an",2429,Manufacture of other chemical products n.e.c.,22
370244,"Film, in rolls, non-perforated, width >105mm bu",2429,Manufacture of other chemical products n.e.c.,22
370251,"Polychrome film, in rolls, width =<16mm and len",2429,Manufacture of other chemical products n.e.c.,22
370252,"Polychrome film, in rolls, width =<16mm and len",2429,Manufacture of other chemical products n.e.c.,22
370253,"Polychrome slide film, in rolls, width >16mm bu",2429,Manufacture of other chemical products n.e.c.,22
370254,"Polychrome film, in rolls, width >16mm but =<35",2429,Manufacture of other chemical products n.e.c.,22
370255,"Polychrome film, in rolls, width >16mm but =<35",2429,Manufacture of other chemical products n.e.c.,22
370256,"Polychrome film, in rolls, width >35mm",2429,Manufacture of other chemical products n.e.c.,22
370291,"Film, in rolls, width =<16mm and length =<14m (",2429,Manufacture of other chemical products n.e.c.,22
370292,"Film, in rolls, width =<16mm and length >14m (e",2429,Manufacture of other chemical products n.e.c.,22
370293,"Film, in rolls, width >16mm but =<35mm and leng",2429,Manufacture of other chemical products n.e.c.,22
370294,"Film, in rolls, width >16mm but =<35mm and leng",2429,Manufacture of other chemical products n.e.c.,22
370295,"Film, in rolls, width >35mm (excl. colour)",2429,Manufacture of other chemical products n.e.c.,22
370310,"Photographic paper, paperboard and textilles, i",2429,Manufacture of other chemical products n.e.c.,22
370320,"Photographic paper, paperboard and textilles fo",2429,Manufacture of other chemical products n.e.c.,22
370390,"Photographic paper, paperboard and textilles, n",2429,Manufacture of other chemical products n.e.c.,22
370710,Sensitising emulsions for photographic uses,2429,Manufacture of other chemical products n.e.c.,22
370790,"Chemical preparations for photograpic use, nes",2429,Manufacture of other chemical products n.e.c.,22
380110,Artificial graphite,2699,Manufacture of other non-metallic mineral products n.e.c.,24
380120,Colloidal graphite or semi-colloidal graphite,2699,Manufacture of other non-metallic mineral products n.e.c.,24
380130,Carbonaceous pastes for electrodes and pastes f,2699,Manufacture of other non-metallic mineral products n.e.c.,24
380190,Preparations based on graphite or carbon in the,2699,Manufacture of other non-metallic mineral products n.e.c.,24
380210,Activated carbon,2429,Manufacture of other chemical products n.e.c.,22
380290,Activated natural mineral products; animal blac,2411,"Manufacture of basic chemicals, except fertilizers and nitrogen compounds",22
380300,"Tall oil, whether or not refined",2411,"Manufacture of basic chemicals, except fertilizers and nitrogen compounds",22
380510,"Gum, wood or sulphate turpentine oils",2411,"Manufacture of basic chemicals, except fertilizers and nitrogen compounds",22
380520,Pine oil containing alpha-terpined as the main,2411,"Manufacture of basic chemicals, except fertilizers and nitrogen compounds",22
380590,"Other turpenic oils, nes; crude dipentene, etc",2411,"Manufacture of basic chemicals, except fertilizers and nitrogen compounds",22
380610,Rosin and resin acids,2411,"Manufacture of basic chemicals, except fertilizers and nitrogen compounds",22
380620,Salts of rosin or of resin acids,2411,"Manufacture of basic chemicals, except fertilizers and nitrogen compounds",22
380630,Ester gums,2411,"Manufacture of basic chemicals, except fertilizers and nitrogen compounds",22
380690,"Derivatives of rosin and resin acids, nes; rosi",2411,"Manufacture of basic chemicals, except fertilizers and nitrogen compounds",22
380700,Wood tar; wood tar oils; wood creosote; wood na,2411,"Manufacture of basic chemicals, except fertilizers and nitrogen compounds",22
380810,"Insecticides, put up for retail sale",2421,Manufacture of pesticides and other agro-chemical products,22
380820,"Fungicides, put up for retail sale",2421,Manufacture of pesticides and other agro-chemical products,22
380830,"Herbicides, anti-sprouting products and plant g",2421,Manufacture of pesticides and other agro-chemical products,22
380840,"Disinfectants, put up for retail sale",2421,Manufacture of pesticides and other agro-chemical products,22
380890,"Rodenticides and similar products, put up for r",2421,Manufacture of pesticides and other agro-chemical products,22
380910,"Finishing agents, etc, with amylaceous basis",2429,Manufacture of other chemical products n.e.c.,22
380991,"Finishing agents, etc, of a kind used in the te",2429,Manufacture of other chemical products n.e.c.,22
380992,"Finishing agents, etc, of a kind used in the pa",2429,Manufacture of other chemical products n.e.c.,22
380993,"Finishing agents, etc, of a kind used in the le",2429,Manufacture of other chemical products n.e.c.,22
381010,Pickling preparations for metal surfaces; solde,2429,Manufacture of other chemical products n.e.c.,22
381090,"Preparations such as fluxes for soldering..., e",2429,Manufacture of other chemical products n.e.c.,22
381111,Anti-knock preparations based on lead compounds,2429,Manufacture of other chemical products n.e.c.,22
381119,Anti-knock preparations (excl. based on lead),2429,Manufacture of other chemical products n.e.c.,22
381121,Additives for lubricating oils with petroleum o,2429,Manufacture of other chemical products n.e.c.,22
381129,Additives for lubricating oils (excl. with petr,2429,Manufacture of other chemical products n.e.c.,22
381190,Other additives other than for lubricating oils,2429,Manufacture of other chemical products n.e.c.,22
381210,Prepared rubber accelerators,2429,Manufacture of other chemical products n.e.c.,22
381220,"Compound plasticisers for rubber or plastics, n",2429,Manufacture of other chemical products n.e.c.,22
381230,Anti-oxidising preparations and stabilisers for,2429,Manufacture of other chemical products n.e.c.,22
381300,Preparations for fire-extinguishers; charged fi,2429,Manufacture of other chemical products n.e.c.,22
381400,"Organic composite solvents and thinners, nes; p",2422,"Manufacture of paints, varnishes and similar coatings, printing ink and mastics",22
381511,Supported catalysts with nickel or its compound,2429,Manufacture of other chemical products n.e.c.,22
381512,Supported catalysts with precious metal or its,2429,Manufacture of other chemical products n.e.c.,22
381519,"Supported catalysts, nes",2429,Manufacture of other chemical products n.e.c.,22
381590,"Reaction initiators, accelerators and catalytic",2429,Manufacture of other chemical products n.e.c.,22
381600,"Refractory cements, mortars, concretes and simi",2692,Manufacture of refractory ceramic products,24
381710,"Mixed alkylbenzenes, nes",2429,Manufacture of other chemical products n.e.c.,22
381720,"Mixed alkylnaphthalenes, nes",2429,Manufacture of other chemical products n.e.c.,22
381800,"Chemical elements in disk form and compounds, d",2429,Manufacture of other chemical products n.e.c.,22
381900,Hydraulic brake fluids and similar liquids with,2429,Manufacture of other chemical products n.e.c.,22
382000,Anti-freezing preparations and prepared de-icin,2429,Manufacture of other chemical products n.e.c.,22
382100,Prepared culture media for development of micro,2429,Manufacture of other chemical products n.e.c.,22
382200,"Composite diagnostic or laboratory reagents, ne",2429,Manufacture of other chemical products n.e.c.,22
382310,Prepared binders for foundry moulds or cores,2429,Manufacture of other chemical products n.e.c.,22
382320,"Naphthenic acids, their water-insoluble salts a",2429,Manufacture of other chemical products n.e.c.,22
382330,Non-agglomerated metal carbides mixed together,2429,Manufacture of other chemical products n.e.c.,22
382340,"Prepared additives for cements, mortars or conc",2429,Manufacture of other chemical products n.e.c.,22
382350,Non-refractory mortars and concretes,2695,"Manufacture of articles of concrete, cement and plaster",24
382360,Sorbitol (excl. that of 2905.44),2429,Manufacture of other chemical products n.e.c.,22
382390,Chemical products and residual products of chem,2429,Manufacture of other chemical products n.e.c.,22
390110,"Polyethylene having a specific gravity <0.94, i",2413,Manufacture of plastics in primary forms and of synthetic rubber,22
390120,"Polyethylene having a specific gravity >=0.94,",2413,Manufacture of plastics in primary forms and of synthetic rubber,22
390130,"Ethylene-vinyl acetate copolymers, in primary f",2413,Manufacture of plastics in primary forms and of synthetic rubber,22
390190,"Other polymers of ethylene, in primary forms, n",2413,Manufacture of plastics in primary forms and of synthetic rubber,22
390210,"Polypropylene, in primary forms",2413,Manufacture of plastics in primary forms and of synthetic rubber,22
390220,"Polyisobutylene, in primary forms",2413,Manufacture of plastics in primary forms and of synthetic rubber,22
390230,"Propylene copolymers, in primary forms",2413,Manufacture of plastics in primary forms and of synthetic rubber,22
390290,"Other polymers of propylene or other olefins, i",2413,Manufacture of plastics in primary forms and of synthetic rubber,22
390311,"Expansible polystyrene, in primary forms",2413,Manufacture of plastics in primary forms and of synthetic rubber,22
390319,"Polystyrene (excl. expansible), in primary form",2413,Manufacture of plastics in primary forms and of synthetic rubber,22
390320,"Styrene-acrylonitrile (SAN) copolymers, in prim",2413,Manufacture of plastics in primary forms and of synthetic rubber,22
390330,Acrylonitrile-butadiene-styrene (ABS) copolymer,2413,Manufacture of plastics in primary forms and of synthetic rubber,22
390390,"Polymers of styrene, in primary forms, nes",2413,Manufacture of plastics in primary forms and of synthetic rubber,22
390410,"Polyvinyl chloride, not mixed with other substa",2413,Manufacture of plastics in primary forms and of synthetic rubber,22
390421,"Non-plasticised polyvinyl chloride mixed, in pr",2413,Manufacture of plastics in primary forms and of synthetic rubber,22
390422,"Plasticised polyvinyl chloride mixed, in primar",2413,Manufacture of plastics in primary forms and of synthetic rubber,22
390430,"Vinyl chloride-vinyl acetate copolymers, in pri",2413,Manufacture of plastics in primary forms and of synthetic rubber,22
390440,"Vinyl chloride copolymers (excl. acetate), in p",2413,Manufacture of plastics in primary forms and of synthetic rubber,22
390450,"Vinylidene chloride polymers, in primary forms",2413,Manufacture of plastics in primary forms and of synthetic rubber,22
390461,"Polytetrafluoroethylene, in primary forms",2413,Manufacture of plastics in primary forms and of synthetic rubber,22
390469,Fluoro-polymers (excl. polytetrafluoroethylene),2413,Manufacture of plastics in primary forms and of synthetic rubber,22
390490,"Polymers of halogenated olefins, in primary for",2413,Manufacture of plastics in primary forms and of synthetic rubber,22
390511,"Polymers of vinyl acetate, in aqueous dispersio",2413,Manufacture of plastics in primary forms and of synthetic rubber,22
390519,Polymers of vinyl acetate (excl. aqueous disper,2413,Manufacture of plastics in primary forms and of synthetic rubber,22
390520,"Polyvinyl alcohols, in primary forms",2413,Manufacture of plastics in primary forms and of synthetic rubber,22
390590,"Polymers of vinyl esters or vinyl polymers, nes",2413,Manufacture of plastics in primary forms and of synthetic rubber,22
390610,"Polymethyl methacrylate, in primary forms",2413,Manufacture of plastics in primary forms and of synthetic rubber,22
390690,"Acrylic polymers prepared,in primary forms, nes",2413,Manufacture of plastics in primary forms and of synthetic rubber,22
390710,"Polyacetals, in primary forms",2413,Manufacture of plastics in primary forms and of synthetic rubber,22
390720,"Other polyethers, in primary forms, nes",2413,Manufacture of plastics in primary forms and of synthetic rubber,22
390730,"Epoxide resins, in primary forms",2413,Manufacture of plastics in primary forms and of synthetic rubber,22
390740,"Polycarbonates, in primary forms",2413,Manufacture of plastics in primary forms and of synthetic rubber,22
390750,"Alkyd resins, in primary forms",2413,Manufacture of plastics in primary forms and of synthetic rubber,22
390760,"Polyethylene terephthalate, in primary forms",2413,Manufacture of plastics in primary forms and of synthetic rubber,22
390791,"Unsaturated polyesters, in primary forms, nes",2413,Manufacture of plastics in primary forms and of synthetic rubber,22
390799,"Polyesters, in primary forms, nes",2413,Manufacture of plastics in primary forms and of synthetic rubber,22
390810,"Polyamide -6, -11, -12, -6,6, -6,9, -6,10 or -6",2413,Manufacture of plastics in primary forms and of synthetic rubber,22
390890,"Other polymides, in primary forms, nes",2413,Manufacture of plastics in primary forms and of synthetic rubber,22
390910,"Urea resins; thiourea resins, in primary forms",2413,Manufacture of plastics in primary forms and of synthetic rubber,22
390920,"Melamine resins, in primary forms",2413,Manufacture of plastics in primary forms and of synthetic rubber,22
390930,"Other amino resins, in primary forms, nes",2413,Manufacture of plastics in primary forms and of synthetic rubber,22
390940,"Phenolic resins, in primary forms",2413,Manufacture of plastics in primary forms and of synthetic rubber,22
390950,"Polyurethanes, in primary forms",2413,Manufacture of plastics in primary forms and of synthetic rubber,22
391000,Silicones in primary forms,2413,Manufacture of plastics in primary forms and of synthetic rubber,22
391110,Petroleum resins... other resins and polyterpen,2413,Manufacture of plastics in primary forms and of synthetic rubber,22
391190,"Polysulphides, polysulphones and other products",2413,Manufacture of plastics in primary forms and of synthetic rubber,22
391211,"Non-plasticised cellulose acetates, in primary",2413,Manufacture of plastics in primary forms and of synthetic rubber,22
391212,"Plasticised cellulose acetates, in primary form",2413,Manufacture of plastics in primary forms and of synthetic rubber,22
391220,"Cellulose nitrates (incl. collodions), in prima",2413,Manufacture of plastics in primary forms and of synthetic rubber,22
391231,"Carboxymethylcellulose and its salts, in primar",2413,Manufacture of plastics in primary forms and of synthetic rubber,22
391239,"Other cellulose ethers, in primary forms, nes",2413,Manufacture of plastics in primary forms and of synthetic rubber,22
391290,"Cellulose and its chemical derivatives, in prim",2413,Manufacture of plastics in primary forms and of synthetic rubber,22
391310,"Alginic acid, its salts and esters, in primary",2413,Manufacture of plastics in primary forms and of synthetic rubber,22
391390,"Natural and modified natural polymers, in prima",2413,Manufacture of plastics in primary forms and of synthetic rubber,22
391400,Ion-exchangers based on polymers of 39.01 to 39,2413,Manufacture of plastics in primary forms and of synthetic rubber,22
391610,"Monofilament >1mm, rods... and profile shapes,",2520,Manufacture of plastics products,72
391620,"Monofilament >1mm, rods..., etc, of polymers of",2520,Manufacture of plastics products,72
391690,"Monofilament >1mm, rods... and profile shapes,",2520,Manufacture of plastics products,72
391710,Artificial guts of hardened proteins or cellulo,2520,Manufacture of plastics products,72
391721,"Tubes, pipes and hoses, rigid, of polymers of e",2520,Manufacture of plastics products,72
391722,"Tubes, pipes and hoses, rigid, of polymers of p",2520,Manufacture of plastics products,72
391723,"Tubes, pipes and hoses, rigid, of polymers of v",2520,Manufacture of plastics products,72
391729,"Tubes, pipes and hoses, rigid, of other plastic",2520,Manufacture of plastics products,72
391731,"Flexible tubes, pipes and hoses, with a burst p",2520,Manufacture of plastics products,72
391732,"Tubes, pipes and hoses, not reinforced, without",2520,Manufacture of plastics products,72
391733,"Tubes, pipes and hoses, not reinforced, with fi",2520,Manufacture of plastics products,72
391739,"Other tubes, pipes and hoses, nes",2520,Manufacture of plastics products,72
391740,"Fittings, for tubes, pipes and hoses, of plasti",2520,Manufacture of plastics products,72
391810,Floor... coverings of polymers of vinyl chlorid,2520,Manufacture of plastics products,72
391890,"Floor, wall or ceiling coverings of plastics, n",2520,Manufacture of plastics products,72
391910,"Self-adhesive tape, plates, strip..., in rolls,",2520,Manufacture of plastics products,72
391990,"Other self-adhesive plates, tape, strip, foil..",2520,Manufacture of plastics products,72
392010,"Plates..., of polymers of ethylene, not reinfor",2520,Manufacture of plastics products,72
392020,"Plates..., of polymers of propylene, not reinfo",2520,Manufacture of plastics products,72
392030,"Plates..., of polymers of styrene, not reinforc",2520,Manufacture of plastics products,72
392041,"Plates..., of polymers of vinyl chloride, rigid",2520,Manufacture of plastics products,72
392042,"Plates..., of polymers of vinyl chloride, flexi",2520,Manufacture of plastics products,72
392051,"Plates..., of polymethyl methacrylate, not rein",2520,Manufacture of plastics products,72
392059,"Plates..., of other acrylic polymers, not reinf",2520,Manufacture of plastics products,72
392061,"Plates..., of polycarbonates, not reinforced, e",2520,Manufacture of plastics products,72
392062,"Plates..., of polyethylene terephthalate, not r",2520,Manufacture of plastics products,72
392063,"Plates..., of unsaturated polyesters, not reinf",2520,Manufacture of plastics products,72
392069,"Plates..., of other polyesters, not reinforced,",2520,Manufacture of plastics products,72
392071,"Plates..., of regenerated cellulose, not reinfo",2520,Manufacture of plastics products,72
392072,"Plates..., of vulcanised fibre, not reinforced,",2520,Manufacture of plastics products,72
392073,"Plates..., of cellulose acetate, not reinforced",2520,Manufacture of plastics products,72
392079,"Plates..., of other cellulose derivatives, not",2520,Manufacture of plastics products,72
392091,"Plates..., of polyvinyl butyral, not reinforced",2520,Manufacture of plastics products,72
392092,"Plates..., of polyamides, not reinforced, etc",2520,Manufacture of plastics products,72
392093,"Plates..., of amino-resins, not reinforced, etc",2520,Manufacture of plastics products,72
392094,"Plates..., of phenolic resins, not reinforced,",2520,Manufacture of plastics products,72
392099,"Plates..., of other plastics, not reinforced, e",2520,Manufacture of plastics products,72
392111,"Cellular plates, strips... of polymers of styre",2520,Manufacture of plastics products,72
392112,"Cellular plates, strips... of polymers of vinyl",2520,Manufacture of plastics products,72
392113,"Cellular plates, strips... of polymers of polyu",2520,Manufacture of plastics products,72
392114,"Cellular plates, strips... of polymers of regen",2520,Manufacture of plastics products,72
392119,"Cellular plates, strips... of other plastics, n",2520,Manufacture of plastics products,72
392190,"Other cellular plates, strips..., of plastics,",2520,Manufacture of plastics products,72
392210,"Baths, shower-baths and wash-basins, of plastic",2520,Manufacture of plastics products,72
392220,Lavatory seats and covers of plastics,2520,Manufacture of plastics products,72
392290,"Bidets, lavatory pans... and other sanitary war",2520,Manufacture of plastics products,72
392310,"Boxes, cases, crates and similar articles of pl",2520,Manufacture of plastics products,72
392321,Sacks and bags (incl. cones) of polymers of eth,2520,Manufacture of plastics products,72
392329,Sacks and bags (incl. cones) of other plastics,2520,Manufacture of plastics products,72
392330,"Carboys, bottles, flasks and similar articles o",2520,Manufacture of plastics products,72
392340,"Spools, cops, bobbins and similar supports of p",2520,Manufacture of plastics products,72
392350,"Stoppers, lids, caps and other closures of plas",2520,Manufacture of plastics products,72
392390,"Articles for the packing of goods, of plastics,",2520,Manufacture of plastics products,72
392410,Tableware and kitchenware of plastics,2520,Manufacture of plastics products,72
392490,"Household and toilet articles of plastics, nes",2520,Manufacture of plastics products,72
392510,"Reservoirs... and similar containers, capacity",2520,Manufacture of plastics products,72
392520,"Doors, windows and their frames and thresholds",2520,Manufacture of plastics products,72
392530,"Shutters, blinds and similar articles and parts",2520,Manufacture of plastics products,72
392590,"Builders' ware of plastics, nes",2520,Manufacture of plastics products,72
392610,Office or school supplies of plastics,2520,Manufacture of plastics products,72
392620,Articles of apparel and clothing accessories of,2520,Manufacture of plastics products,72
392630,"Fittings for furniture, coachwork or the like o",2520,Manufacture of plastics products,72
392640,Statuettes and other ornamental articles of pla,2520,Manufacture of plastics products,72
392690,"Other articles of plastics, nes",2520,Manufacture of plastics products,72
400211,Latex of styrene-butadiene or carboxylated styr,2413,Manufacture of plastics in primary forms and of synthetic rubber,22
400219,Styrene-butadiene rubber; carboxylated styrene-,2413,Manufacture of plastics in primary forms and of synthetic rubber,22
400220,"Butadiene rubber, in primary forms or in plates",2413,Manufacture of plastics in primary forms and of synthetic rubber,22
400231,Isobutene-isoprene (butyl) rubber,2413,Manufacture of plastics in primary forms and of synthetic rubber,22
400239,Halo-isobutene-isoprene rubber,2413,Manufacture of plastics in primary forms and of synthetic rubber,22
400241,Latex of chloroprene (chlorobutadiene) rubber,2413,Manufacture of plastics in primary forms and of synthetic rubber,22
400249,Chloroprene (chlorobutadiene) rubber (excl. lat,2413,Manufacture of plastics in primary forms and of synthetic rubber,22
400251,Latex of acrylonitrile-butadiene rubber,2413,Manufacture of plastics in primary forms and of synthetic rubber,22
400259,Acrylonitrile-butadiene rubber (excl. latex),2413,Manufacture of plastics in primary forms and of synthetic rubber,22
400260,Isoprene rubber,2413,Manufacture of plastics in primary forms and of synthetic rubber,22
400270,Ethylene-propylene-non-conjugated diene rubber,2413,Manufacture of plastics in primary forms and of synthetic rubber,22
400280,Mixtures of any product of 40.01 with any produ,2413,Manufacture of plastics in primary forms and of synthetic rubber,22
400291,"Latex of synthetic rubber, nes",2413,Manufacture of plastics in primary forms and of synthetic rubber,22
400299,"Other synthetic rubber products (excl. latex),",2413,Manufacture of plastics in primary forms and of synthetic rubber,22
400300,"Reclaimed rubber in primary forms or in plates,",2519,Manufacture of other rubber products,72
400510,"Rubber compounded with carbon black or silica,",2519,Manufacture of other rubber products,72
400520,"Rubber solutions; dispersions, unvulcanized, ne",2519,Manufacture of other rubber products,72
400591,"Plates, sheets and strip of unvulcanized, compo",2519,Manufacture of other rubber products,72
400599,"Compounded rubber, unvulcanized, in primary for",2519,Manufacture of other rubber products,72
400610,Camel-back strips for retreading rubber tyres,2511,Manufacture of rubber tyres and tubes; retreading and rebuilding of rubber tyres,72
400690,Other forms and articles of unvulcanized rubber,2519,Manufacture of other rubber products,72
400700,Vulcanized rubber thread and cord,2519,Manufacture of other rubber products,72
400811,"Plates, sheets and strip of cellular vulcanized",2519,Manufacture of other rubber products,72
400819,Rods and profile shapes of cellular vulcanized,2519,Manufacture of other rubber products,72
400821,"Plates, sheets and strip of non-cellular, vulca",2519,Manufacture of other rubber products,72
400829,"Rods and profile shapes of non-cellular, vulcan",2519,Manufacture of other rubber products,72
400910,"Tubes..., of vulcanized rubber, not reinforced,",2519,Manufacture of other rubber products,72
400920,"Tubes..., of vulcanized rubber, reinforced with",2519,Manufacture of other rubber products,72
400930,"Tubes..., of vulcanized rubber, reinforced with",2519,Manufacture of other rubber products,72
400940,"Tubes..., of vulcanized rubber, reinforced with",2519,Manufacture of other rubber products,72
400950,"Tubes, pipes and hoses, of vulcanized rubber wi",2519,Manufacture of other rubber products,72
401010,"Conveyor... belting, of vulcanized rubber of tr",2519,Manufacture of other rubber products,72
401091,"Conveyor... belting, of vulcanized rubber of a",2519,Manufacture of other rubber products,72
401099,"Conveyor... belting, of vulcanized rubber of a",2519,Manufacture of other rubber products,72
401110,"New pneumatic tyres, of rubber of a kind used o",2511,Manufacture of rubber tyres and tubes; retreading and rebuilding of rubber tyres,72
401120,"New pneumatic tyres, of rubber of a kind used o",2511,Manufacture of rubber tyres and tubes; retreading and rebuilding of rubber tyres,72
401130,"New pneumatic tyres, of rubber for aircraft",2511,Manufacture of rubber tyres and tubes; retreading and rebuilding of rubber tyres,72
401140,"New pneumatic tyres, of rubber of a kind used o",2511,Manufacture of rubber tyres and tubes; retreading and rebuilding of rubber tyres,72
401150,"New pneumatic tyres, of rubber of a kind used o",2511,Manufacture of rubber tyres and tubes; retreading and rebuilding of rubber tyres,72
401191,"New pneumatic tyres, of rubber, nes, of herring",2511,Manufacture of rubber tyres and tubes; retreading and rebuilding of rubber tyres,72
401199,"New pneumatic tyres, of rubber, nes (excl. of h",2511,Manufacture of rubber tyres and tubes; retreading and rebuilding of rubber tyres,72
401210,Retreaded tyres of rubber,2511,Manufacture of rubber tyres and tubes; retreading and rebuilding of rubber tyres,72
401290,"Solid... tyres, interchangeable tyre treads and",2511,Manufacture of rubber tyres and tubes; retreading and rebuilding of rubber tyres,72
401310,"Inner tubes, of rubber of a kind used on motor",2511,Manufacture of rubber tyres and tubes; retreading and rebuilding of rubber tyres,72
401320,"Inner tubes, of rubber of a kind used on bicycl",2511,Manufacture of rubber tyres and tubes; retreading and rebuilding of rubber tyres,72
401390,"Inner tubes, of rubber, nes",2511,Manufacture of rubber tyres and tubes; retreading and rebuilding of rubber tyres,72
401410,Sheath contraceptives,2519,Manufacture of other rubber products,72
401490,Hygienic or pharmaceutical articles of vulcaniz,2519,Manufacture of other rubber products,72
401511,Surgical gloves,2519,Manufacture of other rubber products,72
401519,Gloves of vulcanized rubber (excl. surgical glo,2519,Manufacture of other rubber products,72
401590,Articles of apparel and clothing accessories of,2519,Manufacture of other rubber products,72
401610,Articles of vulcanized rubber of cellular rubbe,2519,Manufacture of other rubber products,72
401691,"Floor coverings and mats of vulcanized rubber,",2519,Manufacture of other rubber products,72
401692,"Erasers, of vulcanized rubber",2519,Manufacture of other rubber products,72
401693,"Gaskets, washers and other seals, of vulcanized",2519,Manufacture of other rubber products,72
401694,"Boat or dock fenders, of vulcanized rubber",2519,Manufacture of other rubber products,72
401695,"Inflatable articles, of vulcanized rubber, nes",2519,Manufacture of other rubber products,72
401699,"Articles of vulcanized rubber, nes",2519,Manufacture of other rubber products,72
401700,Hard rubber (eg. ebonite) in all forms; article,2519,Manufacture of other rubber products,72
410110,"Whole hides and skins of bovine animals, =<8kg",1511,"Production, processing and preserving of meat and meat products",5
410121,"Whole hides and skins of bovine animals, nes, f",1511,"Production, processing and preserving of meat and meat products",5
410122,"Butts and bends of bovine animal hide, fresh or",1511,"Production, processing and preserving of meat and meat products",5
410129,"Hides and skins of bovine animals, fresh or wet",1511,"Production, processing and preserving of meat and meat products",5
410130,Hides and skins of bovine animals preserved but,1511,"Production, processing and preserving of meat and meat products",5
410140,"Hides and skins of equine animal (fresh, or sal",1511,"Production, processing and preserving of meat and meat products",5
410210,"Raw skins of sheep or lambs, with wool on",1511,"Production, processing and preserving of meat and meat products",5
410221,"Pickled skins of sheep or lambs, without wool,",1511,"Production, processing and preserving of meat and meat products",5
410229,"Skins of sheep or lambs, without wool, not pick",1511,"Production, processing and preserving of meat and meat products",5
410310,"Hides and skins of goats or kids, fresh or pres",1511,"Production, processing and preserving of meat and meat products",5
410410,"Whole bovine skin leather, of surface area =<2.",1911,Tanning and dressing of leather,15
410421,"Bovine leather, vegetable pre-tanned (excl. fur",1911,Tanning and dressing of leather,15
410422,"Bovine leather, non-vegetable pre-tanned (excl.",1911,Tanning and dressing of leather,15
410429,"Other bovine and equine leather, tanned (excl.",1911,Tanning and dressing of leather,15
410431,"Full-grains, splits of bovine and equine leathe",1911,Tanning and dressing of leather,15
410439,"Bovine and equine leather, prepared after tanni",1911,Tanning and dressing of leather,15
410511,"Sheep, lamb skin leather, vegetable pre-tanned",1911,Tanning and dressing of leather,15
410512,"Sheep, lamb skin leather, non-veg. pre-tanned (",1911,Tanning and dressing of leather,15
410519,"Sheep or lamb skin leather, (excl. further prep",1911,Tanning and dressing of leather,15
410520,"Sheep or lamb skin leather, prepared after tann",1911,Tanning and dressing of leather,15
410611,"Goat or kid skin leather, vegetable pre-tanned,",1911,Tanning and dressing of leather,15
410612,"Goat or kid skin leather, pre-tanned, (excl. fu",1911,Tanning and dressing of leather,15
410619,"Goat or kid skin leather, (excl. further prepar",1911,Tanning and dressing of leather,15
410620,"Goat or kid skin leather, prepared after tannin",1911,Tanning and dressing of leather,15
410710,"Leather of swine, without hair on",1911,Tanning and dressing of leather,15
410721,"Leather of reptiles, vegetable pre-tanned",1911,Tanning and dressing of leather,15
410729,"Leather of reptiles, nes",1911,Tanning and dressing of leather,15
410790,"Leather of animals, nes",1911,Tanning and dressing of leather,15
410800,Chamois (incl. combination chamois) leather,1911,Tanning and dressing of leather,15
410900,Patent leather and patent laminated leather; me,1911,Tanning and dressing of leather,15
411100,"Composition leather with a basis of leather...,",1911,Tanning and dressing of leather,15
420100,"Saddlery and harness for any animal, of any mat",1912,"Manufacture of luggage, handbags and the like, saddlery and harness",15
420211,"Trunks, suit-cases..., etc, with outer surface",1912,"Manufacture of luggage, handbags and the like, saddlery and harness",15
420212,"Trunks, suit-cases..., etc, with outer surface",1912,"Manufacture of luggage, handbags and the like, saddlery and harness",15
420219,"Trunks, suit-cases..., etc, nes",1912,"Manufacture of luggage, handbags and the like, saddlery and harness",15
420221,"Handbags with outer surface of leather, or comp",1912,"Manufacture of luggage, handbags and the like, saddlery and harness",15
420222,Handbags with outer surface of plastic sheeting,1912,"Manufacture of luggage, handbags and the like, saddlery and harness",15
420229,"Handbags, nes",1912,"Manufacture of luggage, handbags and the like, saddlery and harness",15
420231,"Articles normally carried in pocket or handbag,",1912,"Manufacture of luggage, handbags and the like, saddlery and harness",15
420232,"Articles normally carried in pocket or handbag,",1912,"Manufacture of luggage, handbags and the like, saddlery and harness",15
420239,"Articles normally carried in pocket or handbag,",1912,"Manufacture of luggage, handbags and the like, saddlery and harness",15
420291,"Cases and containers, nes, with outer surface o",1912,"Manufacture of luggage, handbags and the like, saddlery and harness",15
420292,"Cases and containers, nes, with outer surface o",1912,"Manufacture of luggage, handbags and the like, saddlery and harness",15
420299,"Cases and containers, nes, with outer surface o",1912,"Manufacture of luggage, handbags and the like, saddlery and harness",15
420310,Articles of apparel of leather,1810,"Manufacture of wearing apparel, except fur apparel",14
420321,"Gloves, mittens and mitts for use in sports, of",3693,Manufacture of sports goods,32
420329,"Protective gloves, mittens and mitts for trades",1810,"Manufacture of wearing apparel, except fur apparel",14
420330,Belts and bandoliers of leather or composition,1810,"Manufacture of wearing apparel, except fur apparel",14
420340,Clothing accessories of leather or composition,1810,"Manufacture of wearing apparel, except fur apparel",14
420400,Articles of leather used in machinery or mechan,1912,"Manufacture of luggage, handbags and the like, saddlery and harness",15
420500,"Articles of leather or of composition leather,",1912,"Manufacture of luggage, handbags and the like, saddlery and harness",15
420610,Articles of catgut,3699,Other manufacturing n.e.c.,72
420690,"Articles of gut (excl. silk-worm or cat-gut), o",3699,Other manufacturing n.e.c.,72
430211,"Tanned or dressed whole skins of mink, not asse",1820,Dressing and dyeing of fur; manufacture of articles of fur,15
430212,Tanned or dressed whole skins of rabbit or hare,1820,Dressing and dyeing of fur; manufacture of articles of fur,15
430213,"Tanned or dressed whole skins of lamb, not asse",1820,Dressing and dyeing of fur; manufacture of articles of fur,15
430219,"Tanned or dressed whole furskins, not assembled",1820,Dressing and dyeing of fur; manufacture of articles of fur,15
430220,"Tanned or dressed heads, tails, paws and other",1820,Dressing and dyeing of fur; manufacture of articles of fur,15
430230,Tanned or dressed whole furskins and other piec,1820,Dressing and dyeing of fur; manufacture of articles of fur,15
430310,Articles of apparel and clothing accessories of,1820,Dressing and dyeing of fur; manufacture of articles of fur,15
430390,"Articles of furskin, nes",1820,Dressing and dyeing of fur; manufacture of articles of fur,15
430400,Artificial fur and articles thereof,1820,Dressing and dyeing of fur; manufacture of articles of fur,15
440121,Coniferous wood in chips or particles,2010,Sawmilling and planing of wood,17
440122,Non-coniferous wood in chips or particles,2010,Sawmilling and planing of wood,17
440200,Wood charcoal,2411,"Manufacture of basic chemicals, except fertilizers and nitrogen compounds",22
440310,"Wood in the rough..., treated with paint, stain",2010,Sawmilling and planing of wood,17
440500,Wood wool; wood flour,2010,Sawmilling and planing of wood,17
440610,Railway or tramway sleepers (cross-ties) of woo,2010,Sawmilling and planing of wood,17
440690,Railway or tramway sleepers (cross-ties) of woo,2010,Sawmilling and planing of wood,17
440710,"Coniferous wood sawn or chipped lengthwise, sli",2010,Sawmilling and planing of wood,17
440721,"Specified tropical woods (Meranti, etc) sawn le",2010,Sawmilling and planing of wood,17
440722,"Specified tropical woods (OKoume..., etc) sawn",2010,Sawmilling and planing of wood,17
440723,"Baboen, Mahogany, Imbuia and Balsa wood, sawn l",2010,Sawmilling and planing of wood,17
440791,"Oak (Quercus spp.) wood,sawn/chipped lengthwise",2010,Sawmilling and planing of wood,17
440792,"Beech (Fagus spp.) wood,sawn/chipped lengthwise",2010,Sawmilling and planing of wood,17
440799,"Wood, nes sawn or chipped lengthwise, sliced or",2010,Sawmilling and planing of wood,17
440810,Coniferous veneer sheets and sheets for plywood,2021,"Manufacture of veneer sheets; manufacture of plywood, laminboard, particle board and other panels an",72
440820,Specified tropical wood veneer sheets and for p,2021,"Manufacture of veneer sheets; manufacture of plywood, laminboard, particle board and other panels an",72
440890,Veneer sheets and sheets for plywood and other,2021,"Manufacture of veneer sheets; manufacture of plywood, laminboard, particle board and other panels an",72
440910,"Coniferous wood, continuously shaped along any",2010,Sawmilling and planing of wood,17
440920,"Non-coniferous wood, continuously shaped along",2010,Sawmilling and planing of wood,17
441010,"Particle board and similar board of wood, unwor",2021,"Manufacture of veneer sheets; manufacture of plywood, laminboard, particle board and other panels an",72
441090,Particle board and similar board of ligneous ma,2021,"Manufacture of veneer sheets; manufacture of plywood, laminboard, particle board and other panels an",72
441111,"Fibreboard of a density >0.8g/cm3, not worked o",2021,"Manufacture of veneer sheets; manufacture of plywood, laminboard, particle board and other panels an",72
441119,"Fibreboard of a density >0.8g/cm3, nes",2021,"Manufacture of veneer sheets; manufacture of plywood, laminboard, particle board and other panels an",72
441121,Fibreboard of a density >0.5g/cm3 but =<0.8g/cm,2021,"Manufacture of veneer sheets; manufacture of plywood, laminboard, particle board and other panels an",72
441129,Fibreboard of a density >0.5g/cm3 but =<0.8g/cm,2021,"Manufacture of veneer sheets; manufacture of plywood, laminboard, particle board and other panels an",72
441131,Fibreboard of a density >0.35g/cm3 but =<0.5g/c,2021,"Manufacture of veneer sheets; manufacture of plywood, laminboard, particle board and other panels an",72
441139,Fibreboard of a density >0.35g/cm3 but =<0.5g/c,2021,"Manufacture of veneer sheets; manufacture of plywood, laminboard, particle board and other panels an",72
441191,"Fibreboard of a density =<0.35g/cm3, not worked",2021,"Manufacture of veneer sheets; manufacture of plywood, laminboard, particle board and other panels an",72
441199,"Fibreboard of a density =<0.35g/cm3, nes",2021,"Manufacture of veneer sheets; manufacture of plywood, laminboard, particle board and other panels an",72
441211,"Plywood with >=1 outer ply of tropical wood, ea",2021,"Manufacture of veneer sheets; manufacture of plywood, laminboard, particle board and other panels an",72
441212,Plywood with >=1 outer ply of non-coniferous wo,2021,"Manufacture of veneer sheets; manufacture of plywood, laminboard, particle board and other panels an",72
441219,"Plywood, each ply =<6mm thick, nes",2021,"Manufacture of veneer sheets; manufacture of plywood, laminboard, particle board and other panels an",72
441221,"Plywood... >6mm non-coniferous outer ply, with",2021,"Manufacture of veneer sheets; manufacture of plywood, laminboard, particle board and other panels an",72
441229,"Plywood... >6mm non-coniferous outer ply, nes",2021,"Manufacture of veneer sheets; manufacture of plywood, laminboard, particle board and other panels an",72
441291,Plywood... containing at  least one layer of pa,2021,"Manufacture of veneer sheets; manufacture of plywood, laminboard, particle board and other panels an",72
441299,"Plywood, veneered panels and similar laminated",2021,"Manufacture of veneer sheets; manufacture of plywood, laminboard, particle board and other panels an",72
441300,"Densified wood, in blocks, plates, strips or pr",2021,"Manufacture of veneer sheets; manufacture of plywood, laminboard, particle board and other panels an",72
441400,"Wooden frames for paintings, photographs, mirro",2029,"Manufacture of other products of wood; manufacture of articles of cork, straw and plaiting materials",72
441510,"Cases, boxes, crates, drums and similar packing",2023,Manufacture of wooden containers,72
441520,"Pallets, box pallets and other load boards of w",2023,Manufacture of wooden containers,72
441600,"Casks, barrets, vats, tubs, etc, and parts ther",2023,Manufacture of wooden containers,72
441700,"Tools..., broom or brush bodies... of wood; boo",2029,"Manufacture of other products of wood; manufacture of articles of cork, straw and plaiting materials",72
441810,"Windows, French-windows and their frames, of wo",2022,Manufacture of builders' carpentry and joinery,72
441820,"Doors and their frames and thresholds, of wood",2022,Manufacture of builders' carpentry and joinery,72
441830,"Parquet panels, of wood",2022,Manufacture of builders' carpentry and joinery,72
441840,"Shuttering for concrete constructional work, of",2022,Manufacture of builders' carpentry and joinery,72
441850,"Shingles and shakes, of wood",2022,Manufacture of builders' carpentry and joinery,72
441890,"Builders' joinery and carpentry, of wood, nes",2022,Manufacture of builders' carpentry and joinery,72
441900,"Tableware and kitchenware, of wood",2029,"Manufacture of other products of wood; manufacture of articles of cork, straw and plaiting materials",72
442010,"Statuettes and other ornaments, of wood",2029,"Manufacture of other products of wood; manufacture of articles of cork, straw and plaiting materials",72
442090,"Wood marquetry, inlaid wood; caskets... of wood",2029,"Manufacture of other products of wood; manufacture of articles of cork, straw and plaiting materials",72
442110,Clothes hangers of wood,2029,"Manufacture of other products of wood; manufacture of articles of cork, straw and plaiting materials",72
442190,"Articles of wood, nes",2029,"Manufacture of other products of wood; manufacture of articles of cork, straw and plaiting materials",72
450190,"Waste cork; crushed, granulated or ground cork",2029,"Manufacture of other products of wood; manufacture of articles of cork, straw and plaiting materials",72
450200,"Natural cork, debacked or roughly squared..., e",2029,"Manufacture of other products of wood; manufacture of articles of cork, straw and plaiting materials",72
450310,Corks and stoppers of natural cork,2029,"Manufacture of other products of wood; manufacture of articles of cork, straw and plaiting materials",72
450390,"Articles of natural cork, nes",2029,"Manufacture of other products of wood; manufacture of articles of cork, straw and plaiting materials",72
450410,"Blocks..., tiles of any shape, solid cylinders,",2029,"Manufacture of other products of wood; manufacture of articles of cork, straw and plaiting materials",72
450490,Agglomerated cork; articles of agglomerated cor,2029,"Manufacture of other products of wood; manufacture of articles of cork, straw and plaiting materials",72
460110,Plaits and similar products of plaiting materia,2029,"Manufacture of other products of wood; manufacture of articles of cork, straw and plaiting materials",72
460120,"Mats, matting and screens of vegetable material",2029,"Manufacture of other products of wood; manufacture of articles of cork, straw and plaiting materials",72
460191,Vegetable plaiting material... in sheet form,2029,"Manufacture of other products of wood; manufacture of articles of cork, straw and plaiting materials",72
460199,"Plaiting materials (excl. vegetable), in sheet",2029,"Manufacture of other products of wood; manufacture of articles of cork, straw and plaiting materials",72
460210,"Articles of vegetable plaiting materials, artic",2029,"Manufacture of other products of wood; manufacture of articles of cork, straw and plaiting materials",72
460290,Articles of plaiting materials (excl. of vegeta,2029,"Manufacture of other products of wood; manufacture of articles of cork, straw and plaiting materials",72
470100,Mechanical wood pulp,2101,"Manufacture of pulp, paper and paperboard",72
470200,"Chemical wood pulp, dissolving grades",2101,"Manufacture of pulp, paper and paperboard",72
470311,"Unbleached coniferous chemical wood pulp, soda",2101,"Manufacture of pulp, paper and paperboard",72
470319,"Unbleached non-coniferous chemical wood pulp, s",2101,"Manufacture of pulp, paper and paperboard",72
470321,Semi-bleached or bleached coniferous chemical w,2101,"Manufacture of pulp, paper and paperboard",72
470329,Semi- or bleached non-coniferous chemical wood,2101,"Manufacture of pulp, paper and paperboard",72
470411,"Unbleached coniferous chemical wood pulp, sulph",2101,"Manufacture of pulp, paper and paperboard",72
470419,"Unbleached non-coniferous chemical wood pulp, s",2101,"Manufacture of pulp, paper and paperboard",72
470421,Semi-bleached or bleached coniferous chemical w,2101,"Manufacture of pulp, paper and paperboard",72
470429,Semi- or bleached non-coniferous chemical wood,2101,"Manufacture of pulp, paper and paperboard",72
470500,Semi-chemical wood pulp,2101,"Manufacture of pulp, paper and paperboard",72
470610,Cotton linters pulp,2101,"Manufacture of pulp, paper and paperboard",72
470691,Mechanical pulp of fibrous cellulosic material,2101,"Manufacture of pulp, paper and paperboard",72
470692,Chemical pulp of fibrous cellulosic material (e,2101,"Manufacture of pulp, paper and paperboard",72
470693,Semi-chemical pulp of fibrous cellulosic materi,2101,"Manufacture of pulp, paper and paperboard",72
480100,"Newsprint, in rolls or sheets",2101,"Manufacture of pulp, paper and paperboard",72
480210,Hand-made paper and paperboard,2101,"Manufacture of pulp, paper and paperboard",72
480220,Paper and paperboard as a base for photo-sensit,2101,"Manufacture of pulp, paper and paperboard",72
480230,"Carbonizing base paper, uncoated, in rolls or s",2101,"Manufacture of pulp, paper and paperboard",72
480240,"Wallpaper base, uncoated, in rolls or sheets",2101,"Manufacture of pulp, paper and paperboard",72
480251,"Paper... (excl. mechanical fibres), weighing <4",2101,"Manufacture of pulp, paper and paperboard",72
480252,"Paper... (excl. mechanical fibres), weighing >=",2101,"Manufacture of pulp, paper and paperboard",72
480253,"Paper... (excl. mechanical fibres), weighing >1",2101,"Manufacture of pulp, paper and paperboard",72
480260,"Paper... (>10% of mechanical fibres), uncoated,",2101,"Manufacture of pulp, paper and paperboard",72
480300,"Toilet... similar paper, in rolls or sheets",2101,"Manufacture of pulp, paper and paperboard",72
480411,"Unbleached kraftliner, uncoated, in rolls or sh",2101,"Manufacture of pulp, paper and paperboard",72
480419,"Kraftliner, uncoated (excl. unbleached), in rol",2101,"Manufacture of pulp, paper and paperboard",72
480421,"Unbleached sack kraft paper, uncoated, in rolls",2101,"Manufacture of pulp, paper and paperboard",72
480429,"Sack kraft paper (excl. unbleached), uncoated,",2101,"Manufacture of pulp, paper and paperboard",72
480431,"Unbleached kraft paper..., weighing =<150g/m2",2101,"Manufacture of pulp, paper and paperboard",72
480439,"Kraft paper... (excl. unbleached), weighing =<1",2101,"Manufacture of pulp, paper and paperboard",72
480441,"Unbleached kraft paper..., weighing >150g/m2 bu",2101,"Manufacture of pulp, paper and paperboard",72
480442,"Kraft paper..., weighing >150g/m2 but <225g/m2,",2101,"Manufacture of pulp, paper and paperboard",72
480449,"Kraft paper..., weighing >150g/m2 but <225g/m2,",2101,"Manufacture of pulp, paper and paperboard",72
480451,"Unbleached kraft paper..., weighing >=225g/m2",2101,"Manufacture of pulp, paper and paperboard",72
480452,"Kraft paper..., weighing >=225g/m2, bleached un",2101,"Manufacture of pulp, paper and paperboard",72
480459,"Kraft paper..., weighing >=225g/m2, nes",2101,"Manufacture of pulp, paper and paperboard",72
480510,Semi-chemical fluting paper (corrugated medium),2101,"Manufacture of pulp, paper and paperboard",72
480521,Multi-ply paper and paperboard with each layer,2101,"Manufacture of pulp, paper and paperboard",72
480522,Multi-ply paper... with only one outer layer bl,2101,"Manufacture of pulp, paper and paperboard",72
480523,"Multi-ply paper... two outer layers bleached, i",2101,"Manufacture of pulp, paper and paperboard",72
480529,"Multi-ply paper and paperboard, in rolls or she",2101,"Manufacture of pulp, paper and paperboard",72
480530,"Sulphite wrapping paper, in rolls or sheets",2101,"Manufacture of pulp, paper and paperboard",72
480540,"Filter paper and paperboard, in rolls or sheets",2101,"Manufacture of pulp, paper and paperboard",72
480550,"Felt paper and paperboard, in rolls or sheets",2101,"Manufacture of pulp, paper and paperboard",72
480560,"Paper and paperboard, in rolls or sheets, weigh",2101,"Manufacture of pulp, paper and paperboard",72
480570,"Paper..., in rolls or sheets, weighing >150g/m2",2101,"Manufacture of pulp, paper and paperboard",72
480580,"Paper and paperboard, in rolls or sheets, weigh",2101,"Manufacture of pulp, paper and paperboard",72
480610,"Vegetable parchment, in rolls or sheets",2101,"Manufacture of pulp, paper and paperboard",72
480620,"Greaseproof papers, in rolls or sheets",2101,"Manufacture of pulp, paper and paperboard",72
480630,"Tracing papers, in rolls or sheets",2101,"Manufacture of pulp, paper and paperboard",72
480640,Glassine and other glazed transparent or transl,2101,"Manufacture of pulp, paper and paperboard",72
480710,"Composite paper..., laminated with bitumen, etc",2101,"Manufacture of pulp, paper and paperboard",72
480791,"Straw paper and paperboard, in rolls or sheets",2101,"Manufacture of pulp, paper and paperboard",72
480799,"Composite paper and paperboard, in rolls or she",2101,"Manufacture of pulp, paper and paperboard",72
480810,"Corrugated paper and paperboard, in rolls or sh",2102,Manufacture of corrugated paper and paperboard and of containers of paper and paperboard,72
480820,"Sack kraft paper, creped or crinkled, in rolls",2101,"Manufacture of pulp, paper and paperboard",72
480830,"Kraft paper, creped or crinkled, (excl. sack),",2101,"Manufacture of pulp, paper and paperboard",72
480890,"Paper and paperboard, corrugated, creped, etc,",2101,"Manufacture of pulp, paper and paperboard",72
480910,"Carbon or similar copying papers, in rolls or s",2101,"Manufacture of pulp, paper and paperboard",72
480920,"Self-copy paper, in rolls or sheets",2101,"Manufacture of pulp, paper and paperboard",72
480990,"Copying or transfer papers, nes, in rolls or sh",2101,"Manufacture of pulp, paper and paperboard",72
481011,"Paper..., coated with kaolin, etc, weighing =<1",2101,"Manufacture of pulp, paper and paperboard",72
481012,"Paper..., coated with kaolin, etc, weighing >15",2101,"Manufacture of pulp, paper and paperboard",72
481021,"Light-weight coated paper for writing, etc, >10",2101,"Manufacture of pulp, paper and paperboard",72
481029,"Paper... for writing, etc, >10% mechanical fibr",2101,"Manufacture of pulp, paper and paperboard",72
481031,"Kraft paper..., bleached, >95% chemical fibres,",2101,"Manufacture of pulp, paper and paperboard",72
481032,"Kraft paper..., bleached, >95% chemical fibres,",2101,"Manufacture of pulp, paper and paperboard",72
481039,"Kraft paper and paperboard, coated..., nes",2101,"Manufacture of pulp, paper and paperboard",72
481091,"Multi-ply paper and paperboard, coated...",2101,"Manufacture of pulp, paper and paperboard",72
481099,"Paper and paperboard, coated with kaolin, etc,",2101,"Manufacture of pulp, paper and paperboard",72
481110,"Tarred, bituminized or asphalted paper and pape",2101,"Manufacture of pulp, paper and paperboard",72
481121,Self-adhesive paper and paperboard,2101,"Manufacture of pulp, paper and paperboard",72
481129,Gummed paper and paperboard (excl. self-adhesiv,2101,"Manufacture of pulp, paper and paperboard",72
481131,"Paper..., coated... with plastics, bleached and",2101,"Manufacture of pulp, paper and paperboard",72
481139,"Paper and paperboard coated... with plastics, n",2101,"Manufacture of pulp, paper and paperboard",72
481140,"Paper and paperboard coated... with wax, paraff",2101,"Manufacture of pulp, paper and paperboard",72
481190,"Paper, paperboard, coated... surface-decorated",2101,"Manufacture of pulp, paper and paperboard",72
481200,"Filter blocks, slabs and plates, of paper pulp",2109,Manufacture of other articles of paper and paperboard,72
481310,Cigarette paper in the form of booklets or tube,2109,Manufacture of other articles of paper and paperboard,72
481320,Cigarette paper in rolls of a width =<5cm,2109,Manufacture of other articles of paper and paperboard,72
481390,"Cigarette paper, nes",2101,"Manufacture of pulp, paper and paperboard",72
481410,Ingrain paper,2109,Manufacture of other articles of paper and paperboard,72
481420,"Wallpaper, etc, of paper coated with a... layer",2109,Manufacture of other articles of paper and paperboard,72
481430,"Wallpaper, etc, consisting of paper covered wit",2109,Manufacture of other articles of paper and paperboard,72
481490,Wallpaper and other wall coverings; window tran,2109,Manufacture of other articles of paper and paperboard,72
481500,Floor coverings on a base of paper or of paperb,2109,Manufacture of other articles of paper and paperboard,72
481610,Carbon or similar copying papers,2109,Manufacture of other articles of paper and paperboard,72
481620,Self-copy paper,2109,Manufacture of other articles of paper and paperboard,72
481630,Duplicator stencils of paper,2109,Manufacture of other articles of paper and paperboard,72
481690,"Copying or transfer paper, nes; offset plates,",2109,Manufacture of other articles of paper and paperboard,72
481710,Envelopes of paper or paperboard,2109,Manufacture of other articles of paper and paperboard,72
481720,"Letter cards, plain postcards and correspondanc",2109,Manufacture of other articles of paper and paperboard,72
481730,"Boxes, etc, of paper or paperboard containing p",2109,Manufacture of other articles of paper and paperboard,72
481810,Toilet paper,2109,Manufacture of other articles of paper and paperboard,72
481820,Handkerchiefs and cleansing or facial tissues o,2109,Manufacture of other articles of paper and paperboard,72
481830,Tablecloths and serviettes of paper,2109,Manufacture of other articles of paper and paperboard,72
481840,"Sanitary towels and tampons, napkins and napkin",2109,Manufacture of other articles of paper and paperboard,72
481850,"Articles of apparel and clothing of paper, cell",2109,Manufacture of other articles of paper and paperboard,72
481890,"Household, sanitary or hospital articles of pap",2109,Manufacture of other articles of paper and paperboard,72
481910,"Cartons, boxes and cases, of corrugated paper o",2102,Manufacture of corrugated paper and paperboard and of containers of paper and paperboard,72
481920,"Folding cartons, boxes and cases, of non-corrug",2102,Manufacture of corrugated paper and paperboard and of containers of paper and paperboard,72
481930,"Sacks and bags, having a base of a width of >=4",2102,Manufacture of corrugated paper and paperboard and of containers of paper and paperboard,72
481940,"Sacks and bags, including cones of paper, paper",2102,Manufacture of corrugated paper and paperboard and of containers of paper and paperboard,72
481950,"Packing containers, including record sleeves, o",2102,Manufacture of corrugated paper and paperboard and of containers of paper and paperboard,72
481960,"Box files, letter trays, storage boxes, etc, of",2102,Manufacture of corrugated paper and paperboard and of containers of paper and paperboard,72
482010,"Registers, account books, order and receipt boo",2221,Printing,18
482020,Exercise-books,2221,Printing,18
482030,"Binders (other than book covers), folders and f",2221,Printing,18
482040,Manifold business forms and interleaved carbon,2221,Printing,18
482050,Albums for stamps or for collections of paper o,2221,Printing,18
482090,"Blotting pads, book covers and other articles o",2221,Printing,18
482110,Printed paper or paperboard labels of all kinds,2109,Manufacture of other articles of paper and paperboard,72
482190,Paper or paperboard labels of all kinds (excl.,2109,Manufacture of other articles of paper and paperboard,72
482210,"Bobbins, spools..., of paper or paperboard for",2109,Manufacture of other articles of paper and paperboard,72
482290,"Bobbins, spools, cops and similar supports of p",2109,Manufacture of other articles of paper and paperboard,72
482311,"Self-adhesive paper, in strips or rolls",2109,Manufacture of other articles of paper and paperboard,72
482319,"Gummed or adhesive paper (excl. self-adhesive),",2109,Manufacture of other articles of paper and paperboard,72
482320,"Filter paper and paperboard, cut to shape",2109,Manufacture of other articles of paper and paperboard,72
482330,"Cards, not punched, for punch card machines",2109,Manufacture of other articles of paper and paperboard,72
482340,"Rolls, sheets and dials, printed for self-recor",2109,Manufacture of other articles of paper and paperboard,72
482351,"Printed, embossed or perforated paper or paperb",2109,Manufacture of other articles of paper and paperboard,72
482359,"Paper and paperboard writing, printing, etc, cu",2109,Manufacture of other articles of paper and paperboard,72
482360,"Trays, dishes, plates and cups, etc, of paper o",2109,Manufacture of other articles of paper and paperboard,72
482370,Moulded or pressed articles of paper pulp,2109,Manufacture of other articles of paper and paperboard,72
482390,"Paper and paperboard, cut to size and articles",2109,Manufacture of other articles of paper and paperboard,72
491110,"Trade advertising material, commercial catalogu",2221,Printing,18
510119,"Greasy wool (excl. shorn), not carded or combed",1511,"Production, processing and preserving of meat and meat products",5
540210,High tenacity yarn of nylon or other polyamides,2430,Manufacture of man-made fibres,23
540220,"High tenacity yarn of polyesters, nprs",2430,Manufacture of man-made fibres,23
540231,"Textured yarn, of nylon or other polyamides, =<",2430,Manufacture of man-made fibres,23
540232,"Textured yarn, of nylon or other polyamides, >5",2430,Manufacture of man-made fibres,23
540233,"Textured yarn of polyesters, nprs",2430,Manufacture of man-made fibres,23
540239,"Textured yarn, nes, nprs",2430,Manufacture of man-made fibres,23
540241,"Single yarn of nylon or other polyamides, with",2430,Manufacture of man-made fibres,23
540242,"Single yarn of partially oriented polyesters, w",2430,Manufacture of man-made fibres,23
540243,"Single yarn of polyesters, nes, with =<50turns/",2430,Manufacture of man-made fibres,23
540249,"Single synthetic yarn, nes, with =<50turns/m, n",2430,Manufacture of man-made fibres,23
540251,"Single yarn of nylon or other polyamides, with",2430,Manufacture of man-made fibres,23
540252,"Single yarn of polyesters, with >50turns/m, npr",2430,Manufacture of man-made fibres,23
540259,"Single synthetic yarn, nes, with >50turns/m, np",2430,Manufacture of man-made fibres,23
540310,"High tenacity yarn of viscose rayon, nprs",2430,Manufacture of man-made fibres,23
540320,"Artificial textured yarn, nprs",2430,Manufacture of man-made fibres,23
540331,"Single yarn of viscose rayon, with =<120turns/m",2430,Manufacture of man-made fibres,23
540332,"Single yarn of viscose rayon, with >120turns/m,",2430,Manufacture of man-made fibres,23
540333,"Single yarn of cellulose acetate, nprs",2430,Manufacture of man-made fibres,23
540339,"Single artificial yarn, nes, nprs",2430,Manufacture of man-made fibres,23
540410,Synthetic monofilament of >=67decitex,2430,Manufacture of man-made fibres,23
540490,Strip and the like of synthetic textile materia,2430,Manufacture of man-made fibres,23
540500,Monofilament; strip and the like of artificial,2430,Manufacture of man-made fibres,23
550110,Synthetic filament tow of nylon or other polyam,2430,Manufacture of man-made fibres,23
550120,Synthetic filament tow of polyesters,2430,Manufacture of man-made fibres,23
550130,"Synthetic filament tow, acrylic or modacrylic",2430,Manufacture of man-made fibres,23
550190,"Synthetic filament tow, nes",2430,Manufacture of man-made fibres,23
550200,Artificial filament tow,2430,Manufacture of man-made fibres,23
550310,"Synthetic staple fibres, of nylon or other poly",2430,Manufacture of man-made fibres,23
550320,"Synthetic staple fibres, of polyesters, not car",2430,Manufacture of man-made fibres,23
550330,"Acrylic or modacrylic synthetic staple fibres,",2430,Manufacture of man-made fibres,23
550340,"Synthetic staple fibres, of polypropylene, not",2430,Manufacture of man-made fibres,23
550390,"Synthetic staple fibres, nes, not carded, etc",2430,Manufacture of man-made fibres,23
550410,"Artificial staple fibres, of viscose rayon, not",2430,Manufacture of man-made fibres,23
550490,"Artificial staple fibres, (excl. viscose), not",2430,Manufacture of man-made fibres,23
560110,"Sanitary towels and tampons, napkins, etc, of t",1729,Manufacture of other textiles n.e.c.,13
560121,Cotton wadding and articles thereof,1729,Manufacture of other textiles n.e.c.,13
560122,Wadding of man-made fibres and articles thereof,1729,Manufacture of other textiles n.e.c.,13
560129,"Wadding and articles of wadding, nes",1729,Manufacture of other textiles n.e.c.,13
560130,Textile flock and dust and mill neps,1729,Manufacture of other textiles n.e.c.,13
560210,Needleloom felt and stitch-bonded fibre fabrics,1729,Manufacture of other textiles n.e.c.,13
560221,Felt of wool or fine animal hair (excl. impregn,1729,Manufacture of other textiles n.e.c.,13
560229,"Felt of textile materials (excl. impregnated, c",1729,Manufacture of other textiles n.e.c.,13
560290,"Felt, nes",1729,Manufacture of other textiles n.e.c.,13
560300,Nonwovens,1729,Manufacture of other textiles n.e.c.,13
560410,"Rubber thread and cord, textile covered",1729,Manufacture of other textiles n.e.c.,13
560420,"High tenacity yarn of polyesters, of nylon... ,",1729,Manufacture of other textiles n.e.c.,13
560490,"Textile yarn and strip, etc, impregnated or coa",1729,Manufacture of other textiles n.e.c.,13
560500,"Metallized yarn, being textile yarn, or strip,",1729,Manufacture of other textiles n.e.c.,13
560600,Gimped yarn and strip; chenille yarn; loop wale,1729,Manufacture of other textiles n.e.c.,13
560710,"Twine, cordage, ropes and cables, of jute or ot",1723,"Manufacture of cordage, rope, twine and netting",13
560721,"Binder or baler twine of sisal, etc, of the gen",1723,"Manufacture of cordage, rope, twine and netting",13
560729,"Twine, cordage, ropes and cables, of sisal, etc",1723,"Manufacture of cordage, rope, twine and netting",13
560730,"Twine, cordage, ropes and cables, of abaca or o",1723,"Manufacture of cordage, rope, twine and netting",13
560741,Binder or baler twine of polyethylene or polypr,1723,"Manufacture of cordage, rope, twine and netting",13
560749,"Twine, cordage, ropes and cables, of polyethyle",1723,"Manufacture of cordage, rope, twine and netting",13
560750,"Twine, cordage, ropes and cables, of synthetic",1723,"Manufacture of cordage, rope, twine and netting",13
560790,"Twine, cordage, ropes and cables, nes",1723,"Manufacture of cordage, rope, twine and netting",13
560811,Made up fishing nets of man-made textile materi,1723,"Manufacture of cordage, rope, twine and netting",13
560819,Knotted netting of man-made textile materials (,1723,"Manufacture of cordage, rope, twine and netting",13
560890,"Knotted netting of twine, cordage or rope of te",1723,"Manufacture of cordage, rope, twine and netting",13
560900,"Articles of yarn, strip, etc, twine, cordage, r",1723,"Manufacture of cordage, rope, twine and netting",13
570110,"Carpets and other textile floor coverings, of w",1722,Manufacture of carpets and rugs,13
570190,"Carpets and other textile floor coverings, of o",1722,Manufacture of carpets and rugs,13
570210,"Kelem, Schumacks, Karamanie and other similar h",1722,Manufacture of carpets and rugs,13
570220,Floor coverings of coconut fibres (coir),1722,Manufacture of carpets and rugs,13
570231,"Pile floor coverings of wool..., woven, not mad",1722,Manufacture of carpets and rugs,13
570232,"Pile floor coverings of man-made textiles, wove",1722,Manufacture of carpets and rugs,13
570239,"Pile floor coveringsof other textiles, woven, n",1722,Manufacture of carpets and rugs,13
570241,"Pile floor coverings of wool..., woven, made up",1722,Manufacture of carpets and rugs,13
570242,"Pile floor coverings of man-made textiles, wove",1722,Manufacture of carpets and rugs,13
570249,"Pile floor coverings of other textiles, woven,",1722,Manufacture of carpets and rugs,13
570251,"Non-pile floor coverings of wool...woven, not m",1722,Manufacture of carpets and rugs,13
570252,"Non-pile floor coverings of man-made textiles,",1722,Manufacture of carpets and rugs,13
570259,"Non-pile floor coverings of other textiles, wov",1722,Manufacture of carpets and rugs,13
570291,"Non-pile floor coverings of wool..., woven, mad",1722,Manufacture of carpets and rugs,13
570292,"Non-pile floor coverings of man-made textiles,",1722,Manufacture of carpets and rugs,13
570299,"Non-pile floor coverings of textile materials,",1722,Manufacture of carpets and rugs,13
570310,Tufted floor coverings of wool or of fine anima,1722,Manufacture of carpets and rugs,13
570320,Tufted floor coverings of nylon or other polyam,1722,Manufacture of carpets and rugs,13
570330,Tufted floor coverings of man-made textile mate,1722,Manufacture of carpets and rugs,13
570390,"Tufted floor coverings of other textiles, nes",1722,Manufacture of carpets and rugs,13
570410,"Carpet tiles =<0.3m2, of felt, not tufted or fl",1722,Manufacture of carpets and rugs,13
570490,"Floor coverings of felt, nes, not tufted or flo",1722,Manufacture of carpets and rugs,13
570500,"Other carpets and other textile floor coveings,",1722,Manufacture of carpets and rugs,13
580410,Tulles and other net fabrics,1729,Manufacture of other textiles n.e.c.,13
580421,"Lace of man-made fibres in piece, in strips or",1729,Manufacture of other textiles n.e.c.,13
580429,"Lace of other textiles in piece, in strips or i",1729,Manufacture of other textiles n.e.c.,13
580430,"Hand-made lace in pieces, in strips or in motif",1729,Manufacture of other textiles n.e.c.,13
580500,"Hand-woven tapestries of the type Gobelins, Fla",1721,"Manufacture of made-up textile articles, except apparel",13
580610,Narrow woven pile fabrics and chenille fabrics,1729,Manufacture of other textiles n.e.c.,13
580620,"Narrow woven fabrics, with >=5% elastomeric yar",1729,Manufacture of other textiles n.e.c.,13
580631,"Narrow woven fabrics of cotton, nes",1729,Manufacture of other textiles n.e.c.,13
580632,"Narrow woven fabrics of man-made fibres, nes",1729,Manufacture of other textiles n.e.c.,13
580639,"Narrow woven fabrics of other textiles, nes",1729,Manufacture of other textiles n.e.c.,13
580640,Fabrics with warp without weft assembled by an,1729,Manufacture of other textiles n.e.c.,13
580710,"Labels, badges... of textiles, woven, in piece.",1729,Manufacture of other textiles n.e.c.,13
580790,"Labels, badges... of textiles, unwoven, in piec",1729,Manufacture of other textiles n.e.c.,13
580810,"Braids, in the piece",1729,Manufacture of other textiles n.e.c.,13
580890,"Ornamental trimmings in the piece; tassels, pom",1729,Manufacture of other textiles n.e.c.,13
580900,Woven fabrics of metal thread and woven fabrics,1729,Manufacture of other textiles n.e.c.,13
581010,Embroidery without visible ground,1729,Manufacture of other textiles n.e.c.,13
581091,"Cotton embroidery, in the piece, in strips or i",1729,Manufacture of other textiles n.e.c.,13
581092,"Embroidery of man-made fibres, in the piece, in",1729,Manufacture of other textiles n.e.c.,13
581099,"Embroidery of other textiles, in the piece, in",1729,Manufacture of other textiles n.e.c.,13
581100,Quilted textile products in the piece (excl. em,1729,Manufacture of other textiles n.e.c.,13
590110,Textile fabrics coated with gum or amylaceous s,1729,Manufacture of other textiles n.e.c.,13
590190,Tracing cloth; prepared painting canvas; buckra,1729,Manufacture of other textiles n.e.c.,13
590210,Tyre cord fabric of high tenacity yarn of nylon,1729,Manufacture of other textiles n.e.c.,13
590220,Tyre cord fabric of high tenacity yarn of polye,1729,Manufacture of other textiles n.e.c.,13
590290,Tyre cord fabric of high tenacity yarn of visco,1729,Manufacture of other textiles n.e.c.,13
590310,Textile fabrics impregnated... with polyvinyl c,1729,Manufacture of other textiles n.e.c.,13
590320,Textile fabrics impregnated... with polyurethan,1729,Manufacture of other textiles n.e.c.,13
590390,"Textile fabrics impregnated... with plastics, n",1729,Manufacture of other textiles n.e.c.,13
590410,Linoleum,3699,Other manufacturing n.e.c.,72
590491,Floor coverings with coating... on a felt backi,3699,Other manufacturing n.e.c.,72
590492,Floor coverings with coating... on a textile ba,3699,Other manufacturing n.e.c.,72
590500,Textile wall coverings,2109,Manufacture of other articles of paper and paperboard,72
590610,Adhesive tape of a width =<20cm,2519,Manufacture of other rubber products,72
590691,Knitted or crocheted rubberized textile fabrics,2519,Manufacture of other rubber products,72
590699,"Rubberized textile fabrics, nes",2519,Manufacture of other rubber products,72
590700,Textile fabrics otherwise impregnated... ; pain,1729,Manufacture of other textiles n.e.c.,13
590800,Textile wicks for lamps...; incandescent gas ma,1729,Manufacture of other textiles n.e.c.,13
590900,"Textile... tubing, with or without lining, etc,",1729,Manufacture of other textiles n.e.c.,13
591000,"Transmission or conveyor belts or belting, of t",1729,Manufacture of other textiles n.e.c.,13
591110,"Textile fabrics...,coated,covered...with rubber",1729,Manufacture of other textiles n.e.c.,13
591120,Bolting cloth,1729,Manufacture of other textiles n.e.c.,13
591131,"Textile fabrics and felts, for paper-making mac",1729,Manufacture of other textiles n.e.c.,13
591132,"Textile fabrics and felts, for paper-making mac",1729,Manufacture of other textiles n.e.c.,13
591140,"Straining cloth of a kind used in oil presses,",1729,Manufacture of other textiles n.e.c.,13
591190,"Textile articles for technical uses, nes, speci",1729,Manufacture of other textiles n.e.c.,13
600110,"Long pile fabrics, knitted or crocheted",1730,Manufacture of knitted and crocheted fabrics and articles,13
600121,"Looped pile fabrics of cotton, knitted or croch",1730,Manufacture of knitted and crocheted fabrics and articles,13
600122,"Looped pile fabrics of man-made fibres, knitted",1730,Manufacture of knitted and crocheted fabrics and articles,13
600129,"Looped pile fabrics of textile materials, knitt",1730,Manufacture of knitted and crocheted fabrics and articles,13
600191,"Pile fabrics of cotton, nes, knitted or crochet",1730,Manufacture of knitted and crocheted fabrics and articles,13
600192,"Pile fabrics of man-made fibres, nes, knitted o",1730,Manufacture of knitted and crocheted fabrics and articles,13
600199,"Pile fabrics of textile materials, nes, knitted",1730,Manufacture of knitted and crocheted fabrics and articles,13
600210,"Knitted or crocheted fabrics, =<30cm wide, >=5%",1730,Manufacture of knitted and crocheted fabrics and articles,13
600220,"Knitted or crocheted fabrics, =<30cm wide, non-",1730,Manufacture of knitted and crocheted fabrics and articles,13
600230,"Knitted or crocheted fabrics, >30cm wide, >=5%",1730,Manufacture of knitted and crocheted fabrics and articles,13
600241,"Fabrics, warp knit, of wool or fine animal hair",1730,Manufacture of knitted and crocheted fabrics and articles,13
600242,"Fabrics, warp knit, of cotton",1730,Manufacture of knitted and crocheted fabrics and articles,13
600243,"Fabrics, warp knit, of man-made fibres",1730,Manufacture of knitted and crocheted fabrics and articles,13
600249,"Fabrics, warp knit, nes",1730,Manufacture of knitted and crocheted fabrics and articles,13
600291,Weft knits and crocheted fabrics of wool...,1730,Manufacture of knitted and crocheted fabrics and articles,13
600292,Weft knits or crocheted fabrics of cotton,1730,Manufacture of knitted and crocheted fabrics and articles,13
600293,Weft knits or crocheted fabrics of man-made fib,1730,Manufacture of knitted and crocheted fabrics and articles,13
600299,"Weft knits or crocheted fabrics, nes",1730,Manufacture of knitted and crocheted fabrics and articles,13
610110,"Men's or boys' coats, etc, of wool..., knitted",1810,"Manufacture of wearing apparel, except fur apparel",14
610120,"Men's or boys' coats, etc, of cotton, knitted o",1810,"Manufacture of wearing apparel, except fur apparel",14
610130,"Men's or boys' coats, etc, of man-made fibres,",1810,"Manufacture of wearing apparel, except fur apparel",14
610190,"Men's or boys' coats, etc, of other textiles, k",1810,"Manufacture of wearing apparel, except fur apparel",14
610210,"Woman's or girls' coats, etc, of wool..., knitt",1810,"Manufacture of wearing apparel, except fur apparel",14
610220,"Woman's or girls' coats, etc, of cotton, knitte",1810,"Manufacture of wearing apparel, except fur apparel",14
610230,"Woman's or girls' coats, etc, of man-made fibre",1810,"Manufacture of wearing apparel, except fur apparel",14
610290,"Woman's or girls' coats, etc, of other textiles",1810,"Manufacture of wearing apparel, except fur apparel",14
610311,Men's or boys' suits of wool or fine animal hai,1810,"Manufacture of wearing apparel, except fur apparel",14
610312,"Men's or boys' suits of synthetic fibres, knitt",1810,"Manufacture of wearing apparel, except fur apparel",14
610319,"Men's or boys' suits of other textiles, nes, kn",1810,"Manufacture of wearing apparel, except fur apparel",14
610321,"Men's or boys' ensembles of wool or fine hair,",1810,"Manufacture of wearing apparel, except fur apparel",14
610322,"Men's or boys' ensembles of cotton, knitted or",1810,"Manufacture of wearing apparel, except fur apparel",14
610323,"Men's or boys' ensembles of synthetic fibres, k",1810,"Manufacture of wearing apparel, except fur apparel",14
610329,"Men's or boys' ensembles of other textiles, nes",1810,"Manufacture of wearing apparel, except fur apparel",14
610331,"Men's or boys' jackets and blazers of wool...,",1810,"Manufacture of wearing apparel, except fur apparel",14
610332,"Men's or boys' jackets and blazers of cotton, k",1810,"Manufacture of wearing apparel, except fur apparel",14
610333,"Men's or boys' jackets... of synthetic fibres,",1810,"Manufacture of wearing apparel, except fur apparel",14
610339,"Men's or boys' jackets... of other textiles, ne",1810,"Manufacture of wearing apparel, except fur apparel",14
610341,"Men's or boys' trousers, etc, of wool..., knitt",1810,"Manufacture of wearing apparel, except fur apparel",14
610342,"Men's or boys' trousers, etc, of cotton, knitte",1810,"Manufacture of wearing apparel, except fur apparel",14
610343,"Men's or boys' trousers, etc, of synthetic fibr",1810,"Manufacture of wearing apparel, except fur apparel",14
610349,"Men's or boys' trousers, etc, of other textiles",1810,"Manufacture of wearing apparel, except fur apparel",14
610411,"Women's or girls' suits of wool or fine hair, k",1810,"Manufacture of wearing apparel, except fur apparel",14
610412,"Women's or girls' suits of cotton, knitted or c",1810,"Manufacture of wearing apparel, except fur apparel",14
610413,"Women's or girls' suits of synthetic fibres, kn",1810,"Manufacture of wearing apparel, except fur apparel",14
610419,"Women's or girls' suits of other textiles, nes,",1810,"Manufacture of wearing apparel, except fur apparel",14
610421,"Women's or girls' ensembles, of wool..., knitte",1810,"Manufacture of wearing apparel, except fur apparel",14
610422,"Women's or girls' ensembles, of cotton, knitted",1810,"Manufacture of wearing apparel, except fur apparel",14
610423,"Women's or girls' ensembles, of synthetic fibre",1810,"Manufacture of wearing apparel, except fur apparel",14
610429,"Women's or girls' ensembles, of other textiles,",1810,"Manufacture of wearing apparel, except fur apparel",14
610431,"Women's or girls' jackets, of wool..., knitted",1810,"Manufacture of wearing apparel, except fur apparel",14
610432,"Women's or girls' jackets, of cotton, knitted o",1810,"Manufacture of wearing apparel, except fur apparel",14
610433,"Women's or girls' jackets, of synthetic fibres,",1810,"Manufacture of wearing apparel, except fur apparel",14
610439,"Woman's or girls' jackets, of other textiles, k",1810,"Manufacture of wearing apparel, except fur apparel",14
610441,"Dresses of wool or fine animal hair, knitted or",1810,"Manufacture of wearing apparel, except fur apparel",14
610442,"Dresses of cotton, knitted or crocheted",1810,"Manufacture of wearing apparel, except fur apparel",14
610443,"Dresses of synthetic fibres, knitted or crochet",1810,"Manufacture of wearing apparel, except fur apparel",14
610444,"Dresses of artificial fibres, knitted or croche",1810,"Manufacture of wearing apparel, except fur apparel",14
610449,"Dresses of other textile material, nes, knitted",1810,"Manufacture of wearing apparel, except fur apparel",14
610451,"Skirts and divided skirts of wool or fine hair,",1810,"Manufacture of wearing apparel, except fur apparel",14
610452,"Skirts and divided skirts of cotton, knitted or",1810,"Manufacture of wearing apparel, except fur apparel",14
610453,"Skirts and divided skirts of synthetic fibres,",1810,"Manufacture of wearing apparel, except fur apparel",14
610459,"Skirts and divided skirts of other textiles, ne",1810,"Manufacture of wearing apparel, except fur apparel",14
610461,"Women's or girls' trousers, etc, of wool..., kn",1810,"Manufacture of wearing apparel, except fur apparel",14
610462,"Women's or girls' trousers, etc, of cotton, kni",1810,"Manufacture of wearing apparel, except fur apparel",14
610463,"Women's or girls' trousers, etc, of synthetic,",1810,"Manufacture of wearing apparel, except fur apparel",14
610469,"Women's or girls' trousers, etc, of other texti",1810,"Manufacture of wearing apparel, except fur apparel",14
610510,"Men's or boys' shirts of cotton, knitted or cro",1810,"Manufacture of wearing apparel, except fur apparel",14
610520,"Men's or boys' shirts of man-made fibres, knitt",1810,"Manufacture of wearing apparel, except fur apparel",14
610590,"Men's or boys' shirts of other textiles, nes, k",1810,"Manufacture of wearing apparel, except fur apparel",14
610610,"Women's or girls' blouses, etc, of cotton, knit",1810,"Manufacture of wearing apparel, except fur apparel",14
610620,"Women's or girls' blouses, etc, of man-made fib",1810,"Manufacture of wearing apparel, except fur apparel",14
610690,"Women's or girls' blouses, etc, of other textil",1810,"Manufacture of wearing apparel, except fur apparel",14
610711,"Men's or boys' underpants and briefs of cotton,",1810,"Manufacture of wearing apparel, except fur apparel",14
610712,"Men's or boys' underpants, etc, of man-made fib",1810,"Manufacture of wearing apparel, except fur apparel",14
610719,"Men's or boys' underpants, etc, of other textil",1810,"Manufacture of wearing apparel, except fur apparel",14
610721,"Men's or boys' pyjamas of cotton, knitted or cr",1810,"Manufacture of wearing apparel, except fur apparel",14
610722,"Men's or boys' pyjamas of man-made fibres, knit",1810,"Manufacture of wearing apparel, except fur apparel",14
610729,"Men's or boys' pyjamas of other textiles, nes,",1810,"Manufacture of wearing apparel, except fur apparel",14
610791,"Men's or boys' dressing gowns, etc, of cotton,",1810,"Manufacture of wearing apparel, except fur apparel",14
610792,"Men's or boys' dressing gowns, of man-made fibr",1810,"Manufacture of wearing apparel, except fur apparel",14
610799,"Men's or boys' dressing gowns, of other textile",1810,"Manufacture of wearing apparel, except fur apparel",14
610811,"Women's or girls' slips, etc, of man-made fibre",1810,"Manufacture of wearing apparel, except fur apparel",14
610819,"Women's or girls' slips, etc, of other textiles",1810,"Manufacture of wearing apparel, except fur apparel",14
610821,"Women's or girls' briefs and panties of cotton,",1810,"Manufacture of wearing apparel, except fur apparel",14
610822,"Women's or girls' briefs, etc, of man-made fibr",1810,"Manufacture of wearing apparel, except fur apparel",14
610829,"Women's or girls' briefs, etc, of other textile",1810,"Manufacture of wearing apparel, except fur apparel",14
610831,"Women's or girls' nighties..., etc, of cotton,",1810,"Manufacture of wearing apparel, except fur apparel",14
610832,"Women's or girls' pyjamas, etc, of man-made fib",1810,"Manufacture of wearing apparel, except fur apparel",14
610839,"Women's or girls' nighties, etc, of other texti",1810,"Manufacture of wearing apparel, except fur apparel",14
610891,"Women's or girls' dressing gowns..., of cotton,",1810,"Manufacture of wearing apparel, except fur apparel",14
610892,Women's or girls' dressing gowns of man-made fi,1810,"Manufacture of wearing apparel, except fur apparel",14
610899,Women's or girls' dressing gowns of other texti,1810,"Manufacture of wearing apparel, except fur apparel",14
610910,"T-shirts, singlets and other vests, of cotton,",1730,Manufacture of knitted and crocheted fabrics and articles,13
610990,"T-shirts, singlets, etc, of other textiles, nes",1730,Manufacture of knitted and crocheted fabrics and articles,13
611010,"Jerseys, pullovers, etc, of wool..., knitted or",1730,Manufacture of knitted and crocheted fabrics and articles,13
611020,"Jerseys, pullovers, etc, of cotton, knitted or",1730,Manufacture of knitted and crocheted fabrics and articles,13
611030,"Jerseys, pullovers, etc, of man-made fibres, kn",1730,Manufacture of knitted and crocheted fabrics and articles,13
611090,"Jerseys, pullovers, etc, of other textiles, kni",1730,Manufacture of knitted and crocheted fabrics and articles,13
611110,"Babies' garments, etc, of wool or fine animal h",1810,"Manufacture of wearing apparel, except fur apparel",14
611120,"Babies' garments, etc, of cotton, knitted or cr",1810,"Manufacture of wearing apparel, except fur apparel",14
611130,"Babies' garments, etc, of synthetic fibres, kni",1810,"Manufacture of wearing apparel, except fur apparel",14
611190,"Babies' garments, etc, of other textiles, knitt",1810,"Manufacture of wearing apparel, except fur apparel",14
611211,"Track-suits of cotton, knitted or crocheted",1810,"Manufacture of wearing apparel, except fur apparel",14
611212,"Track-suits of synthetic fibres, knitted or cro",1810,"Manufacture of wearing apparel, except fur apparel",14
611219,"Track-suits of other textiles, knitted or croch",1810,"Manufacture of wearing apparel, except fur apparel",14
611220,"Ski-suits, knitted or crocheted",1810,"Manufacture of wearing apparel, except fur apparel",14
611231,"Men's or boys' swimwear of synthetic fibres, kn",1810,"Manufacture of wearing apparel, except fur apparel",14
611239,"Men's or boys' swimwear of other textiles, knit",1810,"Manufacture of wearing apparel, except fur apparel",14
611241,"Women's or girls' swimwear of synthetic fibres,",1810,"Manufacture of wearing apparel, except fur apparel",14
611249,"Women's or girls' swimwear of other textiles, k",1810,"Manufacture of wearing apparel, except fur apparel",14
611300,Garments made up of knitted or crocheted fabric,1810,"Manufacture of wearing apparel, except fur apparel",14
611410,"Garments of wool or fine animal hair, knitted o",1810,"Manufacture of wearing apparel, except fur apparel",14
611420,"Garments of cotton, knitted or crocheted, nes",1810,"Manufacture of wearing apparel, except fur apparel",14
611430,"Garments of man-made fibres, knitted or crochet",1810,"Manufacture of wearing apparel, except fur apparel",14
611490,"Garments of other textiles, knitted or crochete",1810,"Manufacture of wearing apparel, except fur apparel",14
611511,"Panty hose, etc, of synthetic fibres, <67decite",1730,Manufacture of knitted and crocheted fabrics and articles,13
611512,"Panty hose, etc, of synthetic fibres, >=67decit",1730,Manufacture of knitted and crocheted fabrics and articles,13
611519,"Panty hose and tights of other textiles, nes, k",1730,Manufacture of knitted and crocheted fabrics and articles,13
611520,"Women's hosiery of synthetic fibres, <67decitex",1730,Manufacture of knitted and crocheted fabrics and articles,13
611591,"Hosiery and footwear, of wool..., knitted or cr",1730,Manufacture of knitted and crocheted fabrics and articles,13
611592,"Hosiery and footwear, of cotton, knitted or cro",1730,Manufacture of knitted and crocheted fabrics and articles,13
611593,"Hosiery and footwear, of synthetic fibres, knit",1730,Manufacture of knitted and crocheted fabrics and articles,13
611599,"Hosiery and footwear, of other textiles, knitte",1730,Manufacture of knitted and crocheted fabrics and articles,13
611610,"Gloves, impregnated... with plastics or rubber,",1810,"Manufacture of wearing apparel, except fur apparel",14
611691,"Gloves, mittens and mitts, of wool..., knitted",1810,"Manufacture of wearing apparel, except fur apparel",14
611692,"Gloves, mittens and mitts, of cotton, knitted o",1810,"Manufacture of wearing apparel, except fur apparel",14
611693,"Gloves, mittens and mitts, of synthetic fibres,",1810,"Manufacture of wearing apparel, except fur apparel",14
611699,"Gloves, mittens and mitts, of other textiles, k",1810,"Manufacture of wearing apparel, except fur apparel",14
611710,"Shawls, scarves, mufflers, mantillas, veils, et",1810,"Manufacture of wearing apparel, except fur apparel",14
611720,"Ties, bow ties and cravats, knitted or crochete",1810,"Manufacture of wearing apparel, except fur apparel",14
611780,"Other clothing accessories, knitted or crochete",1810,"Manufacture of wearing apparel, except fur apparel",14
611790,"Parts of garments or clothing accessories, knit",1810,"Manufacture of wearing apparel, except fur apparel",14
620111,"Men's or boys' overcoats, etc, of wool or fine",1810,"Manufacture of wearing apparel, except fur apparel",14
620112,"Men's or boys' overcoats, etc, of cotton",1810,"Manufacture of wearing apparel, except fur apparel",14
620113,"Men's or boys' overcoats, etc, of man-made fibr",1810,"Manufacture of wearing apparel, except fur apparel",14
620119,"Men's or boys' overcoats, etc, of other textile",1810,"Manufacture of wearing apparel, except fur apparel",14
620191,"Men's or boys' anoraks, wind-cheaters, etc, of",1810,"Manufacture of wearing apparel, except fur apparel",14
620192,"Men's or boys' anoraks, wind-cheaters, etc, of",1810,"Manufacture of wearing apparel, except fur apparel",14
620193,"Men's or boys' anoraks, wind-cheaters, etc, of",1810,"Manufacture of wearing apparel, except fur apparel",14
620199,"Men's or boys' anoraks, wind-cheaters, etc, of",1810,"Manufacture of wearing apparel, except fur apparel",14
620211,"Woman's or girls' overcoats, etc, of wool or fi",1810,"Manufacture of wearing apparel, except fur apparel",14
620212,"Woman's or girls' overcoats, etc, of cotton",1810,"Manufacture of wearing apparel, except fur apparel",14
620213,"Woman's or girls' overcoats, etc, of man-made f",1810,"Manufacture of wearing apparel, except fur apparel",14
620219,"Woman's or girls' overcoats, etc, of other text",1810,"Manufacture of wearing apparel, except fur apparel",14
620291,"Woman's or girls' anoraks, wind-cheaters, etc,",1810,"Manufacture of wearing apparel, except fur apparel",14
620292,"Woman's or girls' anoraks, wind-cheaters, etc,",1810,"Manufacture of wearing apparel, except fur apparel",14
620293,"Woman's or girls' anoraks, wind-cheaters, etc,",1810,"Manufacture of wearing apparel, except fur apparel",14
620299,"Woman's or girls' anoraks, wind-cheaters, etc,",1810,"Manufacture of wearing apparel, except fur apparel",14
620311,Men's or boys' suits of wool or fine animal hai,1810,"Manufacture of wearing apparel, except fur apparel",14
620312,Men's or boys' suits of synthetic fibres,1810,"Manufacture of wearing apparel, except fur apparel",14
620319,"Men's or boys' suits of other textiles, nes",1810,"Manufacture of wearing apparel, except fur apparel",14
620321,Men's or boys' ensembles of wool or fine animal,1810,"Manufacture of wearing apparel, except fur apparel",14
620322,Men's or boys' ensembles of cotton,1810,"Manufacture of wearing apparel, except fur apparel",14
620323,Men's or boys' ensembles of synthetic fibres,1810,"Manufacture of wearing apparel, except fur apparel",14
620329,"Men's or boys' ensembles of other textiles, nes",1810,"Manufacture of wearing apparel, except fur apparel",14
620331,Men's or boys' jackets and blazers of wool or f,1810,"Manufacture of wearing apparel, except fur apparel",14
620332,Men's or boys' jackets and blazers of cotton,1810,"Manufacture of wearing apparel, except fur apparel",14
620333,Men's or boys' jackets and blazers of synthetic,1810,"Manufacture of wearing apparel, except fur apparel",14
620339,Men's or boys' jackets and blazers of other tex,1810,"Manufacture of wearing apparel, except fur apparel",14
620341,"Men's or boys' trousers, breeches, etc, of wool",1810,"Manufacture of wearing apparel, except fur apparel",14
620342,"Men's or boys' trousers, breeches, etc, of cott",1810,"Manufacture of wearing apparel, except fur apparel",14
620343,"Men's or boys' trousers, breeches of synthetic",1810,"Manufacture of wearing apparel, except fur apparel",14
620349,"Men's or boys' trousers, breeches of other text",1810,"Manufacture of wearing apparel, except fur apparel",14
620411,Women's or girls' suits of wool or fine animal,1810,"Manufacture of wearing apparel, except fur apparel",14
620412,Women's or girls' suits of cotton,1810,"Manufacture of wearing apparel, except fur apparel",14
620413,Women's or girls' suits of synthetic fibres,1810,"Manufacture of wearing apparel, except fur apparel",14
620419,"Women's or girls' suits of other textiles, nes",1810,"Manufacture of wearing apparel, except fur apparel",14
620421,Women's or girls' ensembles of wool or fine ani,1810,"Manufacture of wearing apparel, except fur apparel",14
620422,Women's or girls' ensembles of cotton,1810,"Manufacture of wearing apparel, except fur apparel",14
620423,Women's or girls' ensembles of synthetic fibres,1810,"Manufacture of wearing apparel, except fur apparel",14
620429,"Women's or girls' ensembles of other textiles,",1810,"Manufacture of wearing apparel, except fur apparel",14
620431,Women's or girls' jackets and blazers of wool o,1810,"Manufacture of wearing apparel, except fur apparel",14
620432,Women's or girls' jackets and blazers of cotton,1810,"Manufacture of wearing apparel, except fur apparel",14
620433,Women's or girls' jackets and blazers of synthe,1810,"Manufacture of wearing apparel, except fur apparel",14
620439,Women's or girls' jackets and blazers of other,1810,"Manufacture of wearing apparel, except fur apparel",14
620441,Dresses of wool or fine animal hair,1810,"Manufacture of wearing apparel, except fur apparel",14
620442,Dresses of cotton,1810,"Manufacture of wearing apparel, except fur apparel",14
620443,Dresses of synthetic fibres,1810,"Manufacture of wearing apparel, except fur apparel",14
620444,Dresses of artificial fibres,1810,"Manufacture of wearing apparel, except fur apparel",14
620449,"Dresses of other textiles, nes",1810,"Manufacture of wearing apparel, except fur apparel",14
620451,Skirts and divided skirts of wool or fine anima,1810,"Manufacture of wearing apparel, except fur apparel",14
620452,Skirts and divided skirts of cotton,1810,"Manufacture of wearing apparel, except fur apparel",14
620453,Skirts and divided skirts of synthetic fibres,1810,"Manufacture of wearing apparel, except fur apparel",14
620459,"Skirts and divided skirts of other textiles, ne",1810,"Manufacture of wearing apparel, except fur apparel",14
620461,"Women's or girls' trousers, breeches, etc, of w",1810,"Manufacture of wearing apparel, except fur apparel",14
620462,"Women's or girls' trousers, breeches, etc, of c",1810,"Manufacture of wearing apparel, except fur apparel",14
620463,"Women's or girls' trousers, breeches, etc, of s",1810,"Manufacture of wearing apparel, except fur apparel",14
620469,"Women's or girls' trousers, breeches, etc, of o",1810,"Manufacture of wearing apparel, except fur apparel",14
620510,Men's or boys' shirts of wool or fine animal ha,1810,"Manufacture of wearing apparel, except fur apparel",14
620520,Men's or boys' shirts of cotton,1810,"Manufacture of wearing apparel, except fur apparel",14
620530,Men's or boys' shirts of man-made fibres,1810,"Manufacture of wearing apparel, except fur apparel",14
620590,"Men's or boys' shirts of other textiles, nes",1810,"Manufacture of wearing apparel, except fur apparel",14
620610,"Women's or girls' blouses, shirts, etc, of silk",1810,"Manufacture of wearing apparel, except fur apparel",14
620620,"Women's or girls' blouses, shirts, etc, of wool",1810,"Manufacture of wearing apparel, except fur apparel",14
620630,"Women's or girls' blouses, shirts, etc, of cott",1810,"Manufacture of wearing apparel, except fur apparel",14
620640,"Women's or girls' blouses, shirts, etc, of man-",1810,"Manufacture of wearing apparel, except fur apparel",14
620690,"Women's or girls' blouses, shirts, etc, of othe",1810,"Manufacture of wearing apparel, except fur apparel",14
620711,Men's or boys' underpants and briefs of cotton,1810,"Manufacture of wearing apparel, except fur apparel",14
620719,Men's or boys' underpants and briefs of textile,1810,"Manufacture of wearing apparel, except fur apparel",14
620721,Men's or boys' nightshirts and pyjamas of cotto,1810,"Manufacture of wearing apparel, except fur apparel",14
620722,Men's or boys' nightshirts and pyjamas of man-m,1810,"Manufacture of wearing apparel, except fur apparel",14
620729,Men's or boys' nightshirts and pyjamas of texti,1810,"Manufacture of wearing apparel, except fur apparel",14
620791,"Men's or boys' singlets... dressing gowns, etc,",1810,"Manufacture of wearing apparel, except fur apparel",14
620792,"Men's or boys' singlets... dressing gowns, etc,",1810,"Manufacture of wearing apparel, except fur apparel",14
620799,"Men's or boys' singlets... dressing gowns, etc,",1810,"Manufacture of wearing apparel, except fur apparel",14
620811,Slips and petticoats of man-made fibres,1810,"Manufacture of wearing apparel, except fur apparel",14
620819,"Slips and petticoats of other textiles, nes",1810,"Manufacture of wearing apparel, except fur apparel",14
620821,Women's or girls' nightdresses and pyjamas of c,1810,"Manufacture of wearing apparel, except fur apparel",14
620822,Women's or girls' nightdresses and pyjamas of m,1810,"Manufacture of wearing apparel, except fur apparel",14
620829,Women's or girls' nightdresses and pyjamas of t,1810,"Manufacture of wearing apparel, except fur apparel",14
620891,"Women's or girls' dressing gowns, panties, etc,",1810,"Manufacture of wearing apparel, except fur apparel",14
620892,"Women's or girls' dressing gowns, panties, etc,",1810,"Manufacture of wearing apparel, except fur apparel",14
620899,"Women's or girls' dressing gowns, panties, etc,",1810,"Manufacture of wearing apparel, except fur apparel",14
620910,Bables' garments and clothing accessories of wo,1810,"Manufacture of wearing apparel, except fur apparel",14
620920,Bables' garments and clothing accessories of co,1810,"Manufacture of wearing apparel, except fur apparel",14
620930,Bables' garments and clothing accessories of sy,1810,"Manufacture of wearing apparel, except fur apparel",14
620990,Bables' garments and clothing accessories of ot,1810,"Manufacture of wearing apparel, except fur apparel",14
621010,"Garments, made up of fabrics of 56.02 or 56.03",1810,"Manufacture of wearing apparel, except fur apparel",14
621020,"Garments of 6201.11 to 19, made up of fabrics o",1810,"Manufacture of wearing apparel, except fur apparel",14
621030,"Garments of 6202.11 to 19, made up of fabrics o",1810,"Manufacture of wearing apparel, except fur apparel",14
621040,Men's or boys' garments made up of fabrics of 5,1810,"Manufacture of wearing apparel, except fur apparel",14
621050,Women's or girls' garments made up of fabrics o,1810,"Manufacture of wearing apparel, except fur apparel",14
621111,Men's or boys' swimwear,1810,"Manufacture of wearing apparel, except fur apparel",14
621112,Women's or girls' swimwear,1810,"Manufacture of wearing apparel, except fur apparel",14
621120,Ski suits,1810,"Manufacture of wearing apparel, except fur apparel",14
621131,Men's or boys' garments of wool or fine animal,1810,"Manufacture of wearing apparel, except fur apparel",14
621132,"Men's or boys' garments of cotton, nes",1810,"Manufacture of wearing apparel, except fur apparel",14
621133,"Men's or boys' garments of man-made fibres, nes",1810,"Manufacture of wearing apparel, except fur apparel",14
621139,"Men's or boys' garments of other textiles, nes",1810,"Manufacture of wearing apparel, except fur apparel",14
621141,Women's or girls' garments of wool or fine anim,1810,"Manufacture of wearing apparel, except fur apparel",14
621142,"Women's or girls' garments of cotton, nes",1810,"Manufacture of wearing apparel, except fur apparel",14
621143,"Women's or girls' garments of man-made fibres,",1810,"Manufacture of wearing apparel, except fur apparel",14
621149,"Women's or girls' garments of other textiles, n",1810,"Manufacture of wearing apparel, except fur apparel",14
621210,Brassieres,1810,"Manufacture of wearing apparel, except fur apparel",14
621220,Girdles and panty-girdles,1810,"Manufacture of wearing apparel, except fur apparel",14
621230,Corselettes,1810,"Manufacture of wearing apparel, except fur apparel",14
621290,"Corsets, braces, garters, suspenders and simila",1810,"Manufacture of wearing apparel, except fur apparel",14
621310,Handkerchiefs of silk or silk waste,1810,"Manufacture of wearing apparel, except fur apparel",14
621320,Handkerchiefs of cotton,1810,"Manufacture of wearing apparel, except fur apparel",14
621390,"Handkerchiefs of other textiles, nes",1810,"Manufacture of wearing apparel, except fur apparel",14
621410,"Shawls, scarves, mufflers, mantillas, veils, et",1810,"Manufacture of wearing apparel, except fur apparel",14
621420,"Shawls, scarves, mufflers, mantillas, veils, et",1810,"Manufacture of wearing apparel, except fur apparel",14
621430,"Shawls, scarves, mufflers, mantillas, veils, et",1810,"Manufacture of wearing apparel, except fur apparel",14
621440,"Shawls, scarves, mufflers, mantillas, veils, et",1810,"Manufacture of wearing apparel, except fur apparel",14
621490,"Shawls, scarves, mufflers, mantillas, veils, et",1810,"Manufacture of wearing apparel, except fur apparel",14
621510,"Ties, bow ties and cravats of silk or silk wast",1810,"Manufacture of wearing apparel, except fur apparel",14
621520,"Ties, bow ties and cravats of man-made fibres",1810,"Manufacture of wearing apparel, except fur apparel",14
621590,"Ties, bow ties and cravats of other textiles, n",1810,"Manufacture of wearing apparel, except fur apparel",14
621600,"Gloves, mittens and mitts",1810,"Manufacture of wearing apparel, except fur apparel",14
621710,"Clothing accessories, nes",1810,"Manufacture of wearing apparel, except fur apparel",14
621790,"Parts of garments or clothing accessories, nes",1810,"Manufacture of wearing apparel, except fur apparel",14
630110,Electric blankets,2930,Manufacture of domestic appliances n.e.c.,28
630120,Blankets (excl. electric blankets) and travelli,1721,"Manufacture of made-up textile articles, except apparel",13
630130,Blankets (excl. electric blankets) and travelli,1721,"Manufacture of made-up textile articles, except apparel",13
630140,"Blankets (excl. electric blankets), etc, of syn",1721,"Manufacture of made-up textile articles, except apparel",13
630190,"Other blankets and travelling rugs, nes",1721,"Manufacture of made-up textile articles, except apparel",13
630210,"Bed linen, knitted or crocheted",1721,"Manufacture of made-up textile articles, except apparel",13
630221,Printed bed-linen of cotton (excl. knitted or c,1721,"Manufacture of made-up textile articles, except apparel",13
630222,Printed bed-linen of man-made fibres (excl. kni,1721,"Manufacture of made-up textile articles, except apparel",13
630229,Printed bed-linen of other textiles (excl. knit,1721,"Manufacture of made-up textile articles, except apparel",13
630231,"Bed linen of cotton (excl. printed, knitted or",1721,"Manufacture of made-up textile articles, except apparel",13
630232,"Bed linen of man-made fibres (excl. printed, kn",1721,"Manufacture of made-up textile articles, except apparel",13
630239,"Bad linen of other textiles (excl. printed, kni",1721,"Manufacture of made-up textile articles, except apparel",13
630240,"Table linen, knitted or crocheted",1721,"Manufacture of made-up textile articles, except apparel",13
630251,Table linen of cotton (excl. knitted or crochet,1721,"Manufacture of made-up textile articles, except apparel",13
630252,Table linen of flax (excl. knitted or crocheted,1721,"Manufacture of made-up textile articles, except apparel",13
630253,Table linen of man-made fibres (excl. knitted o,1721,"Manufacture of made-up textile articles, except apparel",13
630259,"Table linen of other textiles, nes (excl. knitt",1721,"Manufacture of made-up textile articles, except apparel",13
630260,"Toilet linen and kitchen linen, of terry fabric",1721,"Manufacture of made-up textile articles, except apparel",13
630291,"Toilet linen and kitchen linen of cotton, nes",1721,"Manufacture of made-up textile articles, except apparel",13
630292,"Toilet linen and kitchen linen of flax, nes",1721,"Manufacture of made-up textile articles, except apparel",13
630293,Toilet linen and kitchen linen of man-made fibr,1721,"Manufacture of made-up textile articles, except apparel",13
630299,Toilet linen and kitchen linen of other textile,1721,"Manufacture of made-up textile articles, except apparel",13
630311,Curtains and interior blinds; valances of cotto,1721,"Manufacture of made-up textile articles, except apparel",13
630312,"Curtains, etc; valances of synthetic fibres, kn",1721,"Manufacture of made-up textile articles, except apparel",13
630319,"Curtains, etc; valances of textile materials, k",1721,"Manufacture of made-up textile articles, except apparel",13
630391,Curtains and interior blinds; curtain or bed va,1721,"Manufacture of made-up textile articles, except apparel",13
630392,Curtains and interior blinds; curtain/bed valan,1721,"Manufacture of made-up textile articles, except apparel",13
630399,Curtains and interior blinds; curtain/bed valan,1721,"Manufacture of made-up textile articles, except apparel",13
630411,Knitted or crocheted bedspreads,1721,"Manufacture of made-up textile articles, except apparel",13
630419,Bedspreads (excl. knitted or crocheted),1721,"Manufacture of made-up textile articles, except apparel",13
630491,"Knitted or crocheted furnishing articles, nes",1721,"Manufacture of made-up textile articles, except apparel",13
630492,"Furnishing articles, nes, of cotton (excl. knit",1721,"Manufacture of made-up textile articles, except apparel",13
630493,Furnishing articles of synthetic fibres (excl.,1721,"Manufacture of made-up textile articles, except apparel",13
630499,Furnishing articles of other textiles (excl. kn,1721,"Manufacture of made-up textile articles, except apparel",13
630510,"Sacks and bags, used for packing goods, of jute",1721,"Manufacture of made-up textile articles, except apparel",13
630520,"Sacks and bags, used for packing goods, of cott",1721,"Manufacture of made-up textile articles, except apparel",13
630531,"Sacks and bags, used for packing goods, of poly",1721,"Manufacture of made-up textile articles, except apparel",13
630539,"Sacks and bags, used for packing goods, of man-",1721,"Manufacture of made-up textile articles, except apparel",13
630590,"Sacks and bags, used for packing goods, of othe",1721,"Manufacture of made-up textile articles, except apparel",13
630611,"Tarpaulins, awnings and sunblinds, of cotton",1721,"Manufacture of made-up textile articles, except apparel",13
630612,"Tarpaulins, awnings and sunblinds, of synthetic",1721,"Manufacture of made-up textile articles, except apparel",13
630619,"Tarpaulins, awnings and sunblinds, of other tex",1721,"Manufacture of made-up textile articles, except apparel",13
630621,Tents of cotton,1721,"Manufacture of made-up textile articles, except apparel",13
630622,Tents of synthetic fibres,1721,"Manufacture of made-up textile articles, except apparel",13
630629,"Tents of other textiles, nes",1721,"Manufacture of made-up textile articles, except apparel",13
630631,Sails of synthetic fibres,1721,"Manufacture of made-up textile articles, except apparel",13
630639,Sails of other textiles (excl. synthetic fibres,1721,"Manufacture of made-up textile articles, except apparel",13
630641,"Pneumatic mattresses, of cotton",1721,"Manufacture of made-up textile articles, except apparel",13
630649,"Pneumatic mattresses, of other textiles (excl.",1721,"Manufacture of made-up textile articles, except apparel",13
630691,"Camping goods, of cotton (excl. tents)",1721,"Manufacture of made-up textile articles, except apparel",13
630699,Camping goods of other textiles (excl. cotton a,1721,"Manufacture of made-up textile articles, except apparel",13
630710,"Floor-cloths, dish-cloths, dusters and similar",1721,"Manufacture of made-up textile articles, except apparel",13
630720,Life-jackets and life-belts,1721,"Manufacture of made-up textile articles, except apparel",13
630790,"Made up articles (incl. dress patterns), nes",1721,"Manufacture of made-up textile articles, except apparel",13
630800,"Sets of woven fabric and yarn, for making up in",1721,"Manufacture of made-up textile articles, except apparel",13
640110,Waterproof footwear incorporating a protective,1920,Manufacture of footwear,16
640191,Waterproof footwear covering the knee...,1920,Manufacture of footwear,16
640192,Waterproof footwear covering the ankle but not,1920,Manufacture of footwear,16
640199,Waterproof footwear (not covering the ankle),1920,Manufacture of footwear,16
640211,Ski-boots and cross-country ski footwear of rub,1920,Manufacture of footwear,16
640219,"Sport footwear, nes, of rubber or plastics",1920,Manufacture of footwear,16
640220,"Footwear with thongs plugged into soles, of rub",1920,Manufacture of footwear,16
640230,"Footwear, with metal toe-cap, of rubber or plas",1920,Manufacture of footwear,16
640291,"Footwear, nes, covering the ankle of rubber or",1920,Manufacture of footwear,16
640299,"Footwear, nes, not covering the ankle, of rubbe",1920,Manufacture of footwear,16
640311,"Ski-boots, etc, with rubber, plastics, leather.",1920,Manufacture of footwear,16
640319,"Sports footwear, with rubber, plastics, leather",1920,Manufacture of footwear,16
640320,"Sandles, with leather soles and straps (over in",1920,Manufacture of footwear,16
640330,"Footwear with a wood base, no inner soles or ca",1920,Manufacture of footwear,16
640340,"Footwear, with a metal toe-cap, leather uppers",1920,Manufacture of footwear,16
640351,"Footwear with leather soles and uppers, coverin",1920,Manufacture of footwear,16
640359,"Footwear with leather soles and uppers, not cov",1920,Manufacture of footwear,16
640391,Footwear with rubber... soles and leather upper,1920,Manufacture of footwear,16
640399,"Footwear with rubber... soles, leather uppers,",1920,Manufacture of footwear,16
640411,"Sports footwear,with rubber or plastic soles an",1920,Manufacture of footwear,16
640419,"Other footwear,with rubber or plastic soles and",1920,Manufacture of footwear,16
640420,Footwear with leather or composition leather so,1920,Manufacture of footwear,16
640510,"Footwear, nes, with leather or composition leat",1920,Manufacture of footwear,16
640520,"Footwear, nes, with textile uppers",1920,Manufacture of footwear,16
640590,"Footwear, nes",1920,Manufacture of footwear,16
640610,Uppers and parts thereof (excl. stiffeners),1920,Manufacture of footwear,16
640620,Outer soles and heels of rubber or plastics,1920,Manufacture of footwear,16
640691,"Wooden parts of footwear (excl. uppers, outer s",1920,Manufacture of footwear,16
640699,"Non-wood parts of footwear (excl. uppers, outer",1920,Manufacture of footwear,16
650100,"Hat-forms, hat bodies and hoods of felt; platea",1810,"Manufacture of wearing apparel, except fur apparel",14
650200,"Hat-shapes, plaited or made by assembling strip",1810,"Manufacture of wearing apparel, except fur apparel",14
650300,"Felt hats and other felt headgear, made from th",1810,"Manufacture of wearing apparel, except fur apparel",14
650400,"Hats and other headgear, plaited or assembled b",1810,"Manufacture of wearing apparel, except fur apparel",14
650510,Hair-nets of any material,1810,"Manufacture of wearing apparel, except fur apparel",14
650590,"Hats and other headgear, knitted or crocheted,",1810,"Manufacture of wearing apparel, except fur apparel",14
650610,Safety headgear,2520,Manufacture of plastics products,72
650691,"Hats and other headgear, of rubber or plastics",2520,Manufacture of plastics products,72
650692,"Hats and other headgear, of furskin",1810,"Manufacture of wearing apparel, except fur apparel",14
650699,"Hats and other headgear, nes",1810,"Manufacture of wearing apparel, except fur apparel",14
650700,"Head-bands, linings, covers, hat foundations, e",1810,"Manufacture of wearing apparel, except fur apparel",14
660110,Garden or similar umbrellas,3699,Other manufacturing n.e.c.,72
660191,"Umbrellas and sun umbrellas, having a telescopi",3699,Other manufacturing n.e.c.,72
660199,"Umbrellas and sun umbrellas, nes",3699,Other manufacturing n.e.c.,72
660200,"Walking-sticks, seat-sticks, whips, riding-crop",3699,Other manufacturing n.e.c.,72
660310,Handles and knobs of articles of 66.01 or 66.02,3699,Other manufacturing n.e.c.,72
660320,"Umbrella frames, including frames mounted on sh",3699,Other manufacturing n.e.c.,72
660390,"Parts, trimmings and accessories of articles of",3699,Other manufacturing n.e.c.,72
670100,"Prepared skins of birds with feathers or down,",3699,Other manufacturing n.e.c.,72
670210,"Artificial flowers, foliage and fruit and artic",3699,Other manufacturing n.e.c.,72
670290,"Artificial flowers, foliage, etc and articles t",3699,Other manufacturing n.e.c.,72
670300,"Human hair, dressed, etc; animal hair and synth",3699,Other manufacturing n.e.c.,72
670411,Complete wigs of synthetic textile materials,3699,Other manufacturing n.e.c.,72
670419,"False beards, eyebrows and eyelashes, etc, of s",3699,Other manufacturing n.e.c.,72
670420,"Wigs, false beards, eyebrows, etc and articles,",3699,Other manufacturing n.e.c.,72
670490,"Wigs, false beards, eyebrows, etc, nes",3699,Other manufacturing n.e.c.,72
680100,"Setts, curbstones and flagstones of natural sto",2696,"Cutting, shaping and finishing of stone",24
680210,Tiles etc rect or not >7 cm etc; arti coloured,2696,"Cutting, shaping and finishing of stone",24
680221,"Monumental/building stone,cut/sawn flat/even,ma",2696,"Cutting, shaping and finishing of stone",24
680222,"Monumental/building stone, cut/sawn flat or eve",2696,"Cutting, shaping and finishing of stone",24
680223,"Monumental/building stone, cut/sawn flat or eve",2696,"Cutting, shaping and finishing of stone",24
680229,"Monumental/building stone, cut/sawn flat or eve",2696,"Cutting, shaping and finishing of stone",24
680291,"Worked monumental/building stone nes, marble, t",2696,"Cutting, shaping and finishing of stone",24
680292,"Worked monumental/building stone nes, calcareou",2696,"Cutting, shaping and finishing of stone",24
680293,"Worked monumental/building stone nes, granite",2696,"Cutting, shaping and finishing of stone",24
680299,Worked monumental/building stone nes,2696,"Cutting, shaping and finishing of stone",24
680300,Worked slate and articles of slate or of agglom,2696,"Cutting, shaping and finishing of stone",24
680410,"Millstones and grindstones for milling, grindin",2699,Manufacture of other non-metallic mineral products n.e.c.,24
680421,"Millstones,grindstones etc of agglomerated synt",2699,Manufacture of other non-metallic mineral products n.e.c.,24
680422,"Millstones, grindstones etc of oth agglomerated",2699,Manufacture of other non-metallic mineral products n.e.c.,24
680423,"Millstones, grindstones etc of natural stone",2699,Manufacture of other non-metallic mineral products n.e.c.,24
680430,Hand sharpening or polishing stones,2699,Manufacture of other non-metallic mineral products n.e.c.,24
680510,Natural or artificial abrasive powder or grain,2699,Manufacture of other non-metallic mineral products n.e.c.,24
680520,Natural or artificial abrasive powder or grain,2699,Manufacture of other non-metallic mineral products n.e.c.,24
680530,Natural or artificial abrasive powder or grain,2699,Manufacture of other non-metallic mineral products n.e.c.,24
680610,"Slag wool, rock wool & similar mineral wools in",2699,Manufacture of other non-metallic mineral products n.e.c.,24
680620,"Exfoliated vermiculite,expanded clays,foamed sl",2699,Manufacture of other non-metallic mineral products n.e.c.,24
680690,"Art. of heat/sound insulating,etc,nes,mineral m",2699,Manufacture of other non-metallic mineral products n.e.c.,24
680710,"Asphalt or similar material articles, in rolls",2699,Manufacture of other non-metallic mineral products n.e.c.,24
680790,Asphalt or similar material articles nes,2699,Manufacture of other non-metallic mineral products n.e.c.,24
680800,"Panels,boards etc of veg fbr,straw etc agglomer",2695,"Manufacture of articles of concrete, cement and plaster",24
680911,Plaster boards etc not ornamental faced or rein,2695,"Manufacture of articles of concrete, cement and plaster",24
680919,Plaster boards etc not ornamental faced or rein,2695,"Manufacture of articles of concrete, cement and plaster",24
680990,Articles of plaster or compositions based on pl,2695,"Manufacture of articles of concrete, cement and plaster",24
681011,"Building blocks and bricks of cement, concrete",2695,"Manufacture of articles of concrete, cement and plaster",24
681019,"Tiles,flagstones and similar art. of cement/con",2695,"Manufacture of articles of concrete, cement and plaster",24
681020,Pipes of cement or concrete,2695,"Manufacture of articles of concrete, cement and plaster",24
681091,Prefabri structural components of buildings etc,2695,"Manufacture of articles of concrete, cement and plaster",24
681099,"Articles of cement, of concrete or of artificia",2695,"Manufacture of articles of concrete, cement and plaster",24
681110,"Corrugated sheets of asbestos-cement,of cellulo",2695,"Manufacture of articles of concrete, cement and plaster",24
681120,"Sheets nes,panels/tiles etc of asbestos-cement,",2695,"Manufacture of articles of concrete, cement and plaster",24
681130,"Tubes,pipes&tube or pipe fittings of asbestos-c",2695,"Manufacture of articles of concrete, cement and plaster",24
681190,"Articles nes, of asbestos-cement of cellulose f",2695,"Manufacture of articles of concrete, cement and plaster",24
681210,Asbestos fibres etc,2699,Manufacture of other non-metallic mineral products n.e.c.,24
681220,Asbestos yarn and thread,2699,Manufacture of other non-metallic mineral products n.e.c.,24
681230,"Asbestos cords and string, whether or not plait",2699,Manufacture of other non-metallic mineral products n.e.c.,24
681240,Asbestos woven or knitted fabric,2699,Manufacture of other non-metallic mineral products n.e.c.,24
681250,"Asbestos clothing, clothing accessories, footwe",2699,Manufacture of other non-metallic mineral products n.e.c.,24
681260,"Asbestos paper, millboard and felt",2699,Manufacture of other non-metallic mineral products n.e.c.,24
681270,"Compressed asbestos fibre jointing, in sheets o",2699,Manufacture of other non-metallic mineral products n.e.c.,24
681290,Asbestos fabricated products nes,2699,Manufacture of other non-metallic mineral products n.e.c.,24
681310,Asbestos brake linings and pads,2699,Manufacture of other non-metallic mineral products n.e.c.,24
681390,Asbestos friction material and articles nes,2699,Manufacture of other non-metallic mineral products n.e.c.,24
681410,"Mica plates,sheets and strips,agglomerated/reco",2699,Manufacture of other non-metallic mineral products n.e.c.,24
681490,Worked mica and articles of mica nes,2699,Manufacture of other non-metallic mineral products n.e.c.,24
681510,Non-electrical articles of graphite or other ca,2699,Manufacture of other non-metallic mineral products n.e.c.,24
681520,Articles of peat,2699,Manufacture of other non-metallic mineral products n.e.c.,24
681591,"Articles containing magnesite, dolomite or chro",2692,Manufacture of refractory ceramic products,24
681599,Articles of stone or of other mineral substance,2699,Manufacture of other non-metallic mineral products n.e.c.,24
690100,"Bricks, blocks etc&ceramic gds of siliceous fos",2692,Manufacture of refractory ceramic products,24
690210,"Refractory bricks etc >50% Mg, Ca or Cr express",2692,Manufacture of refractory ceramic products,24
690220,"Refractory bricks etc >50% alumina Al2O3, silic",2692,Manufacture of refractory ceramic products,24
690290,Refractory bricks etc nes,2692,Manufacture of refractory ceramic products,24
690310,"Refractory ceramic gds nes, >50% of graphite or",2692,Manufacture of refractory ceramic products,24
690320,"Refractory ceramic gds nes,>50% of Al2O3 or mx/",2692,Manufacture of refractory ceramic products,24
690390,Refractory ceramic goods nes,2692,Manufacture of refractory ceramic products,24
690410,Building bricks,2693,Manufacture of structural non-refractory clay and ceramic products,24
690490,"Ceramic flooring blocks, support or filler tile",2693,Manufacture of structural non-refractory clay and ceramic products,24
690510,"Roofing tiles, ceramic",2693,Manufacture of structural non-refractory clay and ceramic products,24
690590,"Chimney-pots, cowls, chimney liners etc&oth cer",2693,Manufacture of structural non-refractory clay and ceramic products,24
690600,"Ceramic pipes, conduits, guttering and pipe fit",2693,Manufacture of structural non-refractory clay and ceramic products,24
690710,"Tiles, cubes and sim <7 cm rect or not etc, ung",2693,Manufacture of structural non-refractory clay and ceramic products,24
690790,"Tiles, cubes and sim nes, unglazed ceramics",2693,Manufacture of structural non-refractory clay and ceramic products,24
690810,"Tiles, cubes and sim <7 cm rect or not etc, gla",2693,Manufacture of structural non-refractory clay and ceramic products,24
690890,"Tiles, cubes and sim nes, glazed ceramics",2693,Manufacture of structural non-refractory clay and ceramic products,24
690911,"Ceramic wares laboratory,chemical/oth technical",2691,Manufacture of non-structural non-refractory ceramic ware,24
690919,"Ceramic wares laboratory, chemical/other techni",2691,Manufacture of non-structural non-refractory ceramic ware,24
690990,"Ceramic troughs, tubes etc used in agriculture,",2691,Manufacture of non-structural non-refractory ceramic ware,24
691010,"Ceramic sinks,wash basins etc&similar sanitary",2691,Manufacture of non-structural non-refractory ceramic ware,24
691090,"Ceramic sinks, wash basins etc & similar sanita",2691,Manufacture of non-structural non-refractory ceramic ware,24
691110,Tableware and kitchenware of porcelain or china,2691,Manufacture of non-structural non-refractory ceramic ware,24
691190,Household articles nes & toilet articles of por,2691,Manufacture of non-structural non-refractory ceramic ware,24
691200,"Ceramic tableware, kitchenware, other household",2691,Manufacture of non-structural non-refractory ceramic ware,24
691310,Statuettes and other ornamental articles of por,2691,Manufacture of non-structural non-refractory ceramic ware,24
691390,Statuettes and other ornamental articles of cer,2691,Manufacture of non-structural non-refractory ceramic ware,24
691410,Articles of porcelain or china nes,2691,Manufacture of non-structural non-refractory ceramic ware,24
691490,Articles of ceramics nes,2691,Manufacture of non-structural non-refractory ceramic ware,24
700100,Cullet and other waste and scrap of glass; glas,2610,Manufacture of glass and glass products,72
700210,"Balls, glass exc microspheres of No 70.18",2610,Manufacture of glass and glass products,72
700220,"Rods, glass",2610,Manufacture of glass and glass products,72
700231,Tubes of fused quartz or other fused silica,2610,Manufacture of glass and glass products,72
700232,Tubes of glass linear coef of exp =<5 X 10-6 pe,2610,Manufacture of glass and glass products,72
700239,Tubes of glass nes,2610,Manufacture of glass and glass products,72
700311,Cast gls sheets non-wired coloured etc having a,2610,Manufacture of glass and glass products,72
700319,Cast glass sheets non-wired nes,2610,Manufacture of glass and glass products,72
700320,Cast glass sheets wired,2610,Manufacture of glass and glass products,72
700330,Cast glass profiles,2610,Manufacture of glass and glass products,72
700410,"Drawn glass sheets, coloured etc having an abso",2610,Manufacture of glass and glass products,72
700490,Drawn glass in sheets nes,2610,Manufacture of glass and glass products,72
700510,"Float gls etc in sheets,non-wired having an abs",2610,Manufacture of glass and glass products,72
700521,"Float glass etc in sheets, non-wired coloured t",2610,Manufacture of glass and glass products,72
700529,"Float glass etc in sheets, non-wired nes",2610,Manufacture of glass and glass products,72
700530,"Float glass etc in sheets, wired",2610,Manufacture of glass and glass products,72
700600,"Glass of 70.03, 70.04, 70.05 bent, edge-worked",2610,Manufacture of glass and glass products,72
700711,"Safety gls toughened (tempered) for vehicles,ai",2610,Manufacture of glass and glass products,72
700719,Safety glass toughened (tempered) nes,2610,Manufacture of glass and glass products,72
700721,"Safety glass laminated for vehicles, aircraft,",2610,Manufacture of glass and glass products,72
700729,Safety glass laminated nes,2610,Manufacture of glass and glass products,72
700800,Multiple-walled insulating units of glass,2610,Manufacture of glass and glass products,72
700910,Rear-view mirrors for vehicles,2610,Manufacture of glass and glass products,72
700991,"Glass mirrors, unframed",2610,Manufacture of glass and glass products,72
700992,"Glass mirrors, framed",2610,Manufacture of glass and glass products,72
701010,Ampoules of glass conveyance or packing,2610,Manufacture of glass and glass products,72
701090,Carboys/bottles/flasks etc for conveyance of gd,2610,Manufacture of glass and glass products,72
701110,Glass envelopes (including bulbs/tubes) for ele,2610,Manufacture of glass and glass products,72
701120,Glass envelopes (including bulbs/tubes) for cat,2610,Manufacture of glass and glass products,72
701190,Glass envelopes (including bulbs/tubes) nes,2610,Manufacture of glass and glass products,72
701200,Glass inners for vacuum flasks or for other vac,2610,Manufacture of glass and glass products,72
701310,"Glassware of a kind used for table kitchen, etc",2610,Manufacture of glass and glass products,72
701321,"Drinking glasses other than glass-ceramics, of",2610,Manufacture of glass and glass products,72
701329,Drinking glasses other than glass-ceramics nes,2610,Manufacture of glass and glass products,72
701331,Table/kitchenware (exc drinking gls) o/t gls-ce,2610,Manufacture of glass and glass products,72
701332,Table/kitchenware (exc drinking gls) o/t gls ce,2610,Manufacture of glass and glass products,72
701339,Table/kitchenware (exc drinking glasses) other,2610,Manufacture of glass and glass products,72
701391,Glassware nes of lead crystal (other than that,2610,Manufacture of glass and glass products,72
701399,Glassware nes (other than that of 70.10 or 70.1,2610,Manufacture of glass and glass products,72
701400,Signalling glsware&optical elements gls (o/t 70,2610,Manufacture of glass and glass products,72
701510,"Glasses for corrective spectacles, not opticall",2610,Manufacture of glass and glass products,72
701590,Clock or watch glasses etc curved/bent not opti,2610,Manufacture of glass and glass products,72
701610,Gls cubes&oth gls smallwares backed or not for,2610,Manufacture of glass and glass products,72
701690,"Paving blocks etc for building/const etc, leade",2610,Manufacture of glass and glass products,72
701710,"Laboratory,hygienic or pharmaceutical glsware e",2610,Manufacture of glass and glass products,72
701720,Laboratory glassware etc of other glass linear,2610,Manufacture of glass and glass products,72
701790,"Laboratory, hygienic or pharmaceutical glasswar",2610,Manufacture of glass and glass products,72
701810,"Glass beads, imitation pearls, imitation precio",2610,Manufacture of glass and glass products,72
701820,Glass microspheres not exceeding 1 mm in diamet,2610,Manufacture of glass and glass products,72
701890,"Articles of glass etc exc jewellery, glass eyes",2610,Manufacture of glass and glass products,72
701910,"Slivers, rovings, yarn and chopped strands of g",2610,Manufacture of glass and glass products,72
701931,Mats of glass fibres,2610,Manufacture of glass and glass products,72
701932,Thin sheets (voiles) of glass fibres,2610,Manufacture of glass and glass products,72
701939,"Webs, mattresses, boards and similar nonwoven p",2610,Manufacture of glass and glass products,72
701990,Glass fibres (including glass wool) and article,2610,Manufacture of glass and glass products,72
702000,Articles of glass nes,2610,Manufacture of glass and glass products,72
710122,Pearls cultured worked,3691,Manufacture of jewellery and related articles,72
710229,Diamonds industrial nes excluding mounted or se,3691,Manufacture of jewellery and related articles,72
710239,Diamonds non-industrial nes excluding mounted o,3691,Manufacture of jewellery and related articles,72
710391,"Rubies, sapphires and emeralds further worked t",3691,Manufacture of jewellery and related articles,72
710399,Precious or semi-precious stones nes further wk,3691,Manufacture of jewellery and related articles,72
710410,Piezo-electric quartz whether or not worked or,2411,"Manufacture of basic chemicals, except fertilizers and nitrogen compounds",22
710420,Syn or reconstr prec/semi-prec stones unwkd (si,2411,"Manufacture of basic chemicals, except fertilizers and nitrogen compounds",22
710490,Syn or reconstr prec/semi-prec stones further w,3691,Manufacture of jewellery and related articles,72
710510,Diamond dust or powder,3691,Manufacture of jewellery and related articles,72
710590,Natural or synthetic precious or semi-precious,3691,Manufacture of jewellery and related articles,72
710610,Silver powder,2720,Manufacture of basic precious and non-ferrous metals,26
710691,Silver in unwrought forms,2720,Manufacture of basic precious and non-ferrous metals,26
710692,Silver in oth semi-manufactured forms (silver p,2720,Manufacture of basic precious and non-ferrous metals,26
710700,"Base metals clad with silver, not further worke",2720,Manufacture of basic precious and non-ferrous metals,26
710811,Gold powder non-monetary,2720,Manufacture of basic precious and non-ferrous metals,26
710812,Gold in unwrought forms non-monetary,2720,Manufacture of basic precious and non-ferrous metals,26
710813,"Gold in oth semi-manufactured forms,non-monetar",2720,Manufacture of basic precious and non-ferrous metals,26
710820,Monetary gold,2720,Manufacture of basic precious and non-ferrous metals,26
710900,"Base metals or silver, clad with gold, not furt",2720,Manufacture of basic precious and non-ferrous metals,26
711011,Platinum unwrought or in powder form,2720,Manufacture of basic precious and non-ferrous metals,26
711019,Platinum in other semi-manufactured forms,2720,Manufacture of basic precious and non-ferrous metals,26
711021,Palladium unwrought or in powder form,2720,Manufacture of basic precious and non-ferrous metals,26
711029,Palladium in other semi-manufactured forms,2720,Manufacture of basic precious and non-ferrous metals,26
711031,Rhodium unwrought or in powder form,2720,Manufacture of basic precious and non-ferrous metals,26
711039,Rhodium in other semi-manufactured forms,2720,Manufacture of basic precious and non-ferrous metals,26
711041,"Iridium, osmium and ruthenium unwrought or in p",2720,Manufacture of basic precious and non-ferrous metals,26
711049,"Iridium, osmium and ruthenium in other semi-man",2720,Manufacture of basic precious and non-ferrous metals,26
711100,"Base metals, silver or gold clad with platinum",2720,Manufacture of basic precious and non-ferrous metals,26
711311,Art. of jewellery and pts thereof of silver w/n,3691,Manufacture of jewellery and related articles,72
711319,Art. of jewellery and pts thereof of/o prec mtl,3691,Manufacture of jewellery and related articles,72
711320,Art. of jewellery and pts thereof of base mtl c,3691,Manufacture of jewellery and related articles,72
711411,Art. of gold or silversmiths&parts of silver w/,3691,Manufacture of jewellery and related articles,72
711419,Art. of gold or silversmiths&parts of prec mtl,3691,Manufacture of jewellery and related articles,72
711420,Articles of gold or silversmiths & parts of bas,3691,Manufacture of jewellery and related articles,72
711510,"Catalysts in the form of wire cloth or grill, o",3691,Manufacture of jewellery and related articles,72
711590,Articles of precious metal or of metal clad wit,3691,Manufacture of jewellery and related articles,72
711610,Articles of natural or cultured pearls,3691,Manufacture of jewellery and related articles,72
711620,"Art. of precious or semi-precious stones,natura",3691,Manufacture of jewellery and related articles,72
711711,Imitation jewellery cuff-links &studs of base m,3699,Other manufacturing n.e.c.,72
711719,Imitation jewellery nes of base mtl whether or,3699,Other manufacturing n.e.c.,72
711790,Imitation jewellery nes,3699,Other manufacturing n.e.c.,72
711810,Coin (other than gold coin) not being legal ten,3691,Manufacture of jewellery and related articles,72
711890,Coin nes,3691,Manufacture of jewellery and related articles,72
720110,"Pig iron,non-alloy,containing by wt.=<0.5% of p",2710,Manufacture of basic iron and steel,25
720120,"Pig iron,non-alloy,containing by wt. >0.5% of p",2710,Manufacture of basic iron and steel,25
720130,"Pig iron, alloy in primary forms",2710,Manufacture of basic iron and steel,25
720140,Spiegeleisen in primary forms,2710,Manufacture of basic iron and steel,25
720211,"Ferro-manganese, containing by weight more than",2710,Manufacture of basic iron and steel,25
720219,"Ferro-manganese, nes",2710,Manufacture of basic iron and steel,25
720221,"Ferro-silicon, containing by weight more than 5",2710,Manufacture of basic iron and steel,25
720229,"Ferro-silicon, nes",2710,Manufacture of basic iron and steel,25
720230,Ferro-silico-manganese,2710,Manufacture of basic iron and steel,25
720241,Ferro-chromium containing by weight more than 4,2710,Manufacture of basic iron and steel,25
720249,"Ferro-chromium, nes",2710,Manufacture of basic iron and steel,25
720250,Ferro-silico-chromium,2710,Manufacture of basic iron and steel,25
720260,Ferro-nickel,2710,Manufacture of basic iron and steel,25
720270,Ferro-molybdenum,2710,Manufacture of basic iron and steel,25
720280,Ferro-tungsten and ferro-silico-tungsten,2710,Manufacture of basic iron and steel,25
720291,Ferro-titanium and ferro-silico-titanium,2710,Manufacture of basic iron and steel,25
720292,Ferro-vanadium,2710,Manufacture of basic iron and steel,25
720293,Ferro-niobium,2710,Manufacture of basic iron and steel,25
720299,"Ferro-alloys, nes",2710,Manufacture of basic iron and steel,25
720310,Ferrous products obtained by direct reduction o,2710,Manufacture of basic iron and steel,25
720390,"Spongy ferrous products, or iron having a minim",2710,Manufacture of basic iron and steel,25
720510,Granules of pig iron or spiegeleisen,2710,Manufacture of basic iron and steel,25
720521,"Powders, alloy steel",2710,Manufacture of basic iron and steel,25
720529,"Powders, iron or steel, other than alloy",2710,Manufacture of basic iron and steel,25
720610,"Ingots, iron or non-alloy steel, of a purity of",2710,Manufacture of basic iron and steel,25
720690,"Primary forms, iron or non-alloy steel, nes, of",2710,Manufacture of basic iron and steel,25
720711,"Semi-fin prod,i/nas,rect/sq cross-sect cntg by",2710,Manufacture of basic iron and steel,25
720712,"Semi-fin prod,iron or n-al steel,rect/ sq cross",2710,Manufacture of basic iron and steel,25
720719,"Semi-fin prod, iron or non-alloy steel, cntg by",2710,Manufacture of basic iron and steel,25
720720,"Semi-fin prod, iron or non-alloy steel, w/ carb",2710,Manufacture of basic iron and steel,25
720811,"Flat rlld prod, i/nas, in coil, hr,=>600mm w, >",2710,Manufacture of basic iron and steel,25
720812,"Flat rlld prod, i/nas, in coil, hr,=>600mm w, 4",2710,Manufacture of basic iron and steel,25
720813,"Flat rlld prod, i/nas, in coil, hr,=>600mm w, 3",2710,Manufacture of basic iron and steel,25
720814,"Flat rolled prod, i/nas, in coil, hr, =>600mm w",2710,Manufacture of basic iron and steel,25
720821,"Flat rolled prod, i/nas, in coil, hr, =>600mm w",2710,Manufacture of basic iron and steel,25
720822,"Flat rlld prod, i/nas, in coil, hr,=>600mm w, 4",2710,Manufacture of basic iron and steel,25
720823,"Flat rlld prod, i/nas, in coil, hr,=>600mm w, 3",2710,Manufacture of basic iron and steel,25
720824,"Flat rlld prod, i/nas, in coil, hr,=>600mm w, l",2710,Manufacture of basic iron and steel,25
720831,"Flat rolled prod, i/nas,nic,hr,=>600mm width, =",2710,Manufacture of basic iron and steel,25
720832,"Flat rolled prod, i/nas, nic, hr =>600mm wide,",2710,Manufacture of basic iron and steel,25
720833,"Flat rlld prod, i/nas, nic, hr=>600mm w, 4.75mm",2710,Manufacture of basic iron and steel,25
720834,"Flat rolled prod, i/nas,nic,hr=>600mm wide, 3mm",2710,Manufacture of basic iron and steel,25
720835,"Flat rolled prod, i/nas,nic,hr=>600mm wide, les",2710,Manufacture of basic iron and steel,25
720841,"Flat rolled prod, i/nas, nic, hr 600mm =<width",2710,Manufacture of basic iron and steel,25
720842,"Flat rolled prod, i/nas, not in coil, hr =>600m",2710,Manufacture of basic iron and steel,25
720843,"Flat rlld prod, i/nas, not in coil, hr=>600mm w",2710,Manufacture of basic iron and steel,25
720844,"Flat rolled prod, i/nas, not in coil, hr =>600m",2710,Manufacture of basic iron and steel,25
720845,"Flat rolled prod, i/nas, not in coil, hr =>600m",2710,Manufacture of basic iron and steel,25
720890,"Flat rolled prod, i/nas, not further worked tha",2710,Manufacture of basic iron and steel,25
720911,"Flat rolled prod, i/nas, in coil, cr, =>600mm w",2710,Manufacture of basic iron and steel,25
720912,"Flat rlld prod, i/nas, in coil, cr,=>600mm w, 1",2710,Manufacture of basic iron and steel,25
720913,"Flat rlld prod,i/nas,in coil,cr,=>600mm w,0.5mm",2710,Manufacture of basic iron and steel,25
720914,"Flat rlld prod, i/nas, in coil, cr,=>600mm w, <",2710,Manufacture of basic iron and steel,25
720921,"Flat rolled prod, i/nas, in coil, cr, =>600mm w",2710,Manufacture of basic iron and steel,25
720922,"Flat rolled prod, i/nas, in coil, cr, =>600mm w",2710,Manufacture of basic iron and steel,25
720923,"Flat rlld prod, i/nas, in coil, cr,=>600mm w, 0",2710,Manufacture of basic iron and steel,25
720924,"Flat rlld prod, i/nas, in coil, cr,=>600mm w, l",2710,Manufacture of basic iron and steel,25
720931,"Flat rlld prod, i/nas, not in coil, cr=>600mm w",2710,Manufacture of basic iron and steel,25
720932,"Flat rolled prod, i/nas, not in coil,cr=>600mm",2710,Manufacture of basic iron and steel,25
720933,"Flat rlld prod,i/nas,not in coil,cr=>600mm w,0.",2710,Manufacture of basic iron and steel,25
720934,"Flat rlld prod, i/nas, not in coil, cr=>600mm w",2710,Manufacture of basic iron and steel,25
720941,"Flat rlld prod, i/nas, not in coil, cr=>600mm w",2710,Manufacture of basic iron and steel,25
720942,"Flat rolled prod, i/nas, not in coil, cr =>600m",2710,Manufacture of basic iron and steel,25
720943,"Flat rolled prod, i/nas, not in coil, cr =>600m",2710,Manufacture of basic iron and steel,25
720944,"Flat rlld prod, i/nas, not in coil, cr=>600mm w",2710,Manufacture of basic iron and steel,25
720990,"Flat rolled prod, i/nas, not in coil, cr =>600m",2710,Manufacture of basic iron and steel,25
721011,"Flat rolled prod,i/nas, plated or coated with t",2710,Manufacture of basic iron and steel,25
721012,"Flat rlld prod, i/nas, plated or coated with ti",2710,Manufacture of basic iron and steel,25
721020,"Flat rlld prod,plated or coated with lead,=>600",2710,Manufacture of basic iron and steel,25
721031,"Flat rolled prod,steel,electro pltd/w/ zinc,<3m",2710,Manufacture of basic iron and steel,25
721039,"Flat rolled prod, i/nas, electro pltd or ctd w",2710,Manufacture of basic iron and steel,25
721041,"Flat rolled prod, i/nas, pltd or ctd w zinc, co",2710,Manufacture of basic iron and steel,25
721049,"Flat rolled prod, i/nas, plated or coated with",2710,Manufacture of basic iron and steel,25
721050,"Flat rlld prod,i/nas,pltd or ctd w chrom oxides",2710,Manufacture of basic iron and steel,25
721060,"Flat rolled prod, i/nas, plated or coated with",2710,Manufacture of basic iron and steel,25
721070,"Flat rolled prod,i/nas,painted,varnish./coated",2710,Manufacture of basic iron and steel,25
721090,"Flat rolled prod, i/nas, clad, plated or coated",2710,Manufacture of basic iron and steel,25
721111,"Flat rlld prod,i/nas,hr,rlld on 4 face,150mm <w",2710,Manufacture of basic iron and steel,25
721112,"Flat rolled prod, i/nas, hr, <600mm wide =>4.75",2710,Manufacture of basic iron and steel,25
721119,"Flat rlld prod,i/nas,hr,<600mm wide <3mm thk my",2710,Manufacture of basic iron and steel,25
721121,"Flat rlld prod,i/nas,hr,rlld on 4 faces,150mm <",2710,Manufacture of basic iron and steel,25
721122,"Flat rolled prod, i/nas, hr, <600mm wide, =>4.7",2710,Manufacture of basic iron and steel,25
721129,"Flat rolled prod, i/nas, hr, <600mm wide nes",2710,Manufacture of basic iron and steel,25
721130,"Flat rlld prod,i/nas,cr,<600mm wide<3mm thk myp",2710,Manufacture of basic iron and steel,25
721141,"Flat rlld prod,i/nas,cr,<600mm wide cntg by wt",2710,Manufacture of basic iron and steel,25
721149,"Flat rolled prod, i/nas, cold rolled or cold re",2710,Manufacture of basic iron and steel,25
721190,"Flat rolled prod, i/nas, <600mm wide, not clad,",2710,Manufacture of basic iron and steel,25
721210,"Flat rolled prod, i/nas, <600mm wide, plated or",2710,Manufacture of basic iron and steel,25
721221,"Flat rlld prod, steel, <600mm w, <3mm thk myp 2",2710,Manufacture of basic iron and steel,25
721229,"Flat rolled prod, i/nas, <600mm wide, clad, pla",2710,Manufacture of basic iron and steel,25
721230,"Flat rolled prod, i/nas, <600mm wide, o/w plate",2710,Manufacture of basic iron and steel,25
721240,"Flat rolled prod,i/nas,<600mm wide,painted,varn",2710,Manufacture of basic iron and steel,25
721250,"Flat rolled prod, i/nas, <600mm wide, plated or",2710,Manufacture of basic iron and steel,25
721260,"Flat rolled prod, i/nas, <600mm wide, clad",2710,Manufacture of basic iron and steel,25
721310,"Bars & rods, i/nas, hr,in irreg wound coils,cnt",2710,Manufacture of basic iron and steel,25
721320,"Bars & rods, i/nas, hr, in irreg wound coils, o",2710,Manufacture of basic iron and steel,25
721331,"Bars/rods,i/nas,hr,in irreg wnd coils of circ c",2710,Manufacture of basic iron and steel,25
721339,"Bars & rods, i/nas, hr, containing by weight le",2710,Manufacture of basic iron and steel,25
721341,"Bars&rods,i/nas,hr,of circ cross sect<14mm dia,",2710,Manufacture of basic iron and steel,25
721349,"Bars & rods, i/nas, hr, containing by wght 0.25",2710,Manufacture of basic iron and steel,25
721350,"Bars&rods,iron or non-alloy steel,hr containing",2710,Manufacture of basic iron and steel,25
721410,"Bars & rods, iron or non-alloy steel forged",2710,Manufacture of basic iron and steel,25
721420,"Bars&rods,i/nas,hr,hd or he,cntg indent,ribs,et",2710,Manufacture of basic iron and steel,25
721430,"Bars&rods, i/nas, hot rlld drawn or extruded of",2710,Manufacture of basic iron and steel,25
721440,"Bars&rods,i/nas,hot rlld,drawn/extruded,cntg by",2710,Manufacture of basic iron and steel,25
721450,"Bars & rods, i/nas, hr, hd or he, cntg by wght",2710,Manufacture of basic iron and steel,25
721460,"Bars & rods, i/nas, hr, hd or he, cntg by wght",2710,Manufacture of basic iron and steel,25
721510,"Bars&rods,i/nas,nfw than cold formed or finishe",2710,Manufacture of basic iron and steel,25
721520,"Bars & rods, i/nas, nfw than cold formed or fin",2710,Manufacture of basic iron and steel,25
721530,"Bars&rods,i/nas,nfw than cold formed or finishe",2710,Manufacture of basic iron and steel,25
721540,"Bars & rods, i/nas, nfw than cold formed or fin",2710,Manufacture of basic iron and steel,25
721590,"Bars & rods, i/nas, nes",2710,Manufacture of basic iron and steel,25
721610,"Sections, U,I or H,i/nas,nfw than hot rolled/dr",2710,Manufacture of basic iron and steel,25
721621,"Sections,L,i/nas,nfw than hot rlld,drawn/extrud",2710,Manufacture of basic iron and steel,25
721622,"Sections,T,i/nas,nfw than hot rlld,drawn/extrud",2710,Manufacture of basic iron and steel,25
721631,"Sections,U,i/nas,nfw than hot rlld,drawn/extrud",2710,Manufacture of basic iron and steel,25
721632,"Sections,I,i/nas,nfw than hot rlld,drawn/extrud",2710,Manufacture of basic iron and steel,25
721633,"Sections,H,i/nas,nfw than hot rlld,drawn/extrud",2710,Manufacture of basic iron and steel,25
721640,"Sections, L or T, i/nas, nfw than hot rlld, dra",2710,Manufacture of basic iron and steel,25
721650,"Angles,shapes and sect,i/nas,nfw than hot rlld/",2710,Manufacture of basic iron and steel,25
721660,"Angles, shapes and sections, i/nas, nfw than co",2710,Manufacture of basic iron and steel,25
721690,"Angles, shapes and sections, iron or non-alloy",2710,Manufacture of basic iron and steel,25
721711,"Wire,i/nas,polished or not,but not plated or co",2710,Manufacture of basic iron and steel,25
721712,"Wire,i/nas,plated or coated with zinc,containin",2710,Manufacture of basic iron and steel,25
721713,"Wire,i/nas,plated or coated with oth base mtls",2710,Manufacture of basic iron and steel,25
721719,"Wire, i/nas, containing by weight less than 0.2",2710,Manufacture of basic iron and steel,25
721721,"Wire, i/nas,polished or not,but not pltd or ctd",2710,Manufacture of basic iron and steel,25
721722,"Wire, i/nas, plated or coated with zinc contnng",2710,Manufacture of basic iron and steel,25
721723,"Wire,i/nas,pltd or ctd with oth base mtls nes,c",2710,Manufacture of basic iron and steel,25
721729,"Wire, iron or non-alloy steel, nes containing b",2710,Manufacture of basic iron and steel,25
721731,"Wire,i/nas,polished or not,but not pltd or ctd,",2710,Manufacture of basic iron and steel,25
721732,"Wire,i/nas,plated or coated with zinc containin",2710,Manufacture of basic iron and steel,25
721733,"Wire,i/nas,pltd or ctd with oth base mtls nes,c",2710,Manufacture of basic iron and steel,25
721739,"Wire, iron or non-alloy steel, nes containing b",2710,Manufacture of basic iron and steel,25
721810,"Ingots and other primary forms, stainless steel",2710,Manufacture of basic iron and steel,25
721890,"Semi-finished products, stainless steel",2710,Manufacture of basic iron and steel,25
721911,"Flat rlld prod,stainless steel,hr,in coil,=>600",2710,Manufacture of basic iron and steel,25
721912,"Flat rlld prod, stainless steel, hr, in coil,=>",2710,Manufacture of basic iron and steel,25
721913,"Flat rlld prod, stainless steel, hr in coil,=>6",2710,Manufacture of basic iron and steel,25
721914,"Flat rlld prod, stainless steel, hr in coil,=>6",2710,Manufacture of basic iron and steel,25
721921,"Flat rlld prod, stainless steel, hr, nic,=>600m",2710,Manufacture of basic iron and steel,25
721922,"Flat rlld prod, stainless steel, hr, nic, >600m",2710,Manufacture of basic iron and steel,25
721923,"Flat rlld prod, stainless steel, hr, nic, >600m",2710,Manufacture of basic iron and steel,25
721924,"Flat rlld prod, stainless steel, hr, nic, >600m",2710,Manufacture of basic iron and steel,25
721931,"Flat rolled prod, stainless steel, cr, >600mm w",2710,Manufacture of basic iron and steel,25
721932,"Flat rolled prod, stainless steel, cr, >600mm w",2710,Manufacture of basic iron and steel,25
721933,"Flat rolled prod, stainless steel, cr, 600mm wi",2710,Manufacture of basic iron and steel,25
721934,"Flat rolled prod, stainless steel, cr, >600mm w",2710,Manufacture of basic iron and steel,25
721935,"Flat rolled prod, stainless steel, cr, >600mm w",2710,Manufacture of basic iron and steel,25
721990,"Flat rolled prod, stainless steel, 600mm or mor",2710,Manufacture of basic iron and steel,25
722011,"Flat rolled prod, stainless steel, hr <600mm wi",2710,Manufacture of basic iron and steel,25
722012,"Flat rolled prod, stainless steel, hr <600mm wi",2710,Manufacture of basic iron and steel,25
722020,"Flat rolled prod, stainless steel, <600mm wide,",2710,Manufacture of basic iron and steel,25
722090,"Flat rolled prod, stainless steel, cr <600mm wi",2710,Manufacture of basic iron and steel,25
722100,"Bars & rods, stainless steel, hot rolled in irr",2710,Manufacture of basic iron and steel,25
722210,"Bars & rods, stainless steel, nfw than hot roll",2710,Manufacture of basic iron and steel,25
722220,"Bars & rods, stainless steel, nfw than cold for",2710,Manufacture of basic iron and steel,25
722230,"Bars & rods, stainless steel, nes",2710,Manufacture of basic iron and steel,25
722240,"Angles, shapes and sections, stainless steel",2710,Manufacture of basic iron and steel,25
722300,Wire of stainless steel,2710,Manufacture of basic iron and steel,25
722410,"Ingots & other primary forms of alloy steel, o/",2710,Manufacture of basic iron and steel,25
722490,Semi-finished products of alloy steel o/t stain,2710,Manufacture of basic iron and steel,25
722510,Flat rolled products of silicon-electrical stee,2710,Manufacture of basic iron and steel,25
722520,Flat rolled products of high speed steel =>600m,2710,Manufacture of basic iron and steel,25
722530,"Flat rlld prod, as, o/t stainless, in coils, nf",2710,Manufacture of basic iron and steel,25
722540,"Flat rolled prod, as, o/t stainless, nic nfw th",2710,Manufacture of basic iron and steel,25
722550,"Flat rlld prod, as, o/t stainless, nfw than col",2710,Manufacture of basic iron and steel,25
722590,"Flat rolled prod, as, o/t stainless, =>600mm wi",2710,Manufacture of basic iron and steel,25
722610,"Flat rolled prod, of silicon electrical steel,",2710,Manufacture of basic iron and steel,25
722620,"Flat rolled prod, of high speed steel, <600mm w",2710,Manufacture of basic iron and steel,25
722691,"Flat rlld prod, as, o/t stainless, nfw than hot",2710,Manufacture of basic iron and steel,25
722692,"Flat rolled prod, as, o/t stainless, nfw than c",2710,Manufacture of basic iron and steel,25
722699,"Flat rolled prod, as, o/t stainless, <600mm wid",2710,Manufacture of basic iron and steel,25
722710,"Bars & rods, of high speed steel, hr, in irregu",2710,Manufacture of basic iron and steel,25
722720,"Bars & rods, of silico-manganese steel, hr, in",2710,Manufacture of basic iron and steel,25
722790,"Bars&rods,alloy steel,o/t stainless hr,in irreg",2710,Manufacture of basic iron and steel,25
722810,"Bars and rods of high speed steel, nes",2710,Manufacture of basic iron and steel,25
722820,Bars and rods of silico-manganese steel nes,2710,Manufacture of basic iron and steel,25
722830,"Bars&rods,alloy steel,o/t stainless nfw than ho",2710,Manufacture of basic iron and steel,25
722840,"Bars & rods, as, o/t stainless, not further wor",2710,Manufacture of basic iron and steel,25
722850,"Bars&rods, as, o/t stainless, not further wkd t",2710,Manufacture of basic iron and steel,25
722860,"Bars & rods, as, o/t stainless, nes",2710,Manufacture of basic iron and steel,25
722870,"Angles, shapes and sections, as, o/t stainless,",2710,Manufacture of basic iron and steel,25
722880,"Bars & rods, hollow drill, alloy or non-alloy s",2710,Manufacture of basic iron and steel,25
722910,Wire of high speed steel,2710,Manufacture of basic iron and steel,25
722920,Wire of silico-manganese steel,2710,Manufacture of basic iron and steel,25
722990,"Wire of alloy steel, o/t stainless",2710,Manufacture of basic iron and steel,25
730110,"Sheet piling,i or s whether or not drilled/punc",2710,Manufacture of basic iron and steel,25
730120,"Angles, shapes and sections, welded, iron or st",2710,Manufacture of basic iron and steel,25
730210,"Rails, iron or steel",2710,Manufacture of basic iron and steel,25
730220,"Sleepers (cross-ties), iron or steel",2710,Manufacture of basic iron and steel,25
730230,"Switch blades, crossing frogs, point rods & oth",2710,Manufacture of basic iron and steel,25
730240,"Fish plates and sole plates, iron or steel",2710,Manufacture of basic iron and steel,25
730290,Rail or tramway construction material of iron o,2710,Manufacture of basic iron and steel,25
730300,"Tubes, pipes and hollow profiles of cast iron",2710,Manufacture of basic iron and steel,25
730410,"Pipes, line, iron or steel, smls, of a kind use",2710,Manufacture of basic iron and steel,25
730420,"Casings,tubing&drill pipe,i/st,smls,for use in",2710,Manufacture of basic iron and steel,25
730431,"Tubes,pipe&hollow profiles,i or nas,smls,cd/cr,",2710,Manufacture of basic iron and steel,25
730439,"Tubes, pipe & hollow profiles, i or nas, smls,",2710,Manufacture of basic iron and steel,25
730441,"Tubes,pipe&hollow profiles,stain steel,smls,cd/",2710,Manufacture of basic iron and steel,25
730449,"Tubes, pipe & hollow profiles, stainless steel,",2710,Manufacture of basic iron and steel,25
730451,"Tubes,pipe&hollow profiles,as,(o/t stain) smls,",2710,Manufacture of basic iron and steel,25
730459,"Tubes,pipe&hollow profiles,as,(o/t stainless) s",2710,Manufacture of basic iron and steel,25
730490,"Tubes, pipe & hollow profiles, iron or steel, s",2710,Manufacture of basic iron and steel,25
730511,"Pipe,line,i or s,longitudinally subm arc wld,in",2710,Manufacture of basic iron and steel,25
730512,"Pipe,line,i or s,longitudinally wld w int/ext c",2710,Manufacture of basic iron and steel,25
730519,"Pipe, line, i or s, int/ext circ cross sect, wl",2710,Manufacture of basic iron and steel,25
730520,"Casings,i/s,int/ext circ c sect,wld ext dia >40",2710,Manufacture of basic iron and steel,25
730531,"Tubes & pipe, i or s, longitudinally welded, ex",2710,Manufacture of basic iron and steel,25
730539,"Tubes&pipe,i or s,welded,riveted or sim closed,",2710,Manufacture of basic iron and steel,25
730590,"Tubes & pipe, i or s, riveted or sim closed, ex",2710,Manufacture of basic iron and steel,25
730610,"Pipe,line,i or s,welded,riveted or sim closed,n",2710,Manufacture of basic iron and steel,25
730620,"Casing/tubing,i or s,welded,riveted or sim clsd",2710,Manufacture of basic iron and steel,25
730630,"Tubes,pipe&hollow profiles,iron or nas,welded,o",2710,Manufacture of basic iron and steel,25
730640,"Tubes,pipe&hollow profiles,stainless steel,weld",2710,Manufacture of basic iron and steel,25
730650,"Tubes, pipe & hollow profiles,al/s,(o/t stain)",2710,Manufacture of basic iron and steel,25
730660,"Tubes, pipe & hollow profiles, i/s, welded, of",2710,Manufacture of basic iron and steel,25
730690,"Tubes, pipe & hollow profiles, iron or steel, w",2710,Manufacture of basic iron and steel,25
730711,"Fittings, pipe or tube, of non-malleable cast i",2710,Manufacture of basic iron and steel,25
730719,"Fittings, pipe or tube, cast, of iron or steel,",2710,Manufacture of basic iron and steel,25
730721,"Flanges, stainless steel",2710,Manufacture of basic iron and steel,25
730722,"Threaded elbows, bends and sleeves of stainless",2710,Manufacture of basic iron and steel,25
730723,"Fittings, butt welding, stainless steel",2710,Manufacture of basic iron and steel,25
730729,"Fittings pipe or tube of stainless steel, nes",2710,Manufacture of basic iron and steel,25
730791,"Flanges, iron or steel, nes",2710,Manufacture of basic iron and steel,25
730792,"Threaded elbows, bend and sleeves, iron or stee",2710,Manufacture of basic iron and steel,25
730793,"Fittings, but welding, iron or steel, nes",2710,Manufacture of basic iron and steel,25
730799,"Fittings, pipe or tube, iron or steel, nes",2710,Manufacture of basic iron and steel,25
730810,"Bridges and bridge sections, iron or steel",2811,Manufacture of structural metal products,72
730820,"Towers and lattice masts, iron or steel",2811,Manufacture of structural metal products,72
730830,"Doors, windows and their frames and thresholds",2811,Manufacture of structural metal products,72
730840,"Equipment for scaffolding, shuttering, propping",2811,Manufacture of structural metal products,72
730890,"Structures and parts of structures,i or s",2811,Manufacture of structural metal products,72
730900,"Reservoirs, tanks, vats & sim ctnr, cap >300L,",2812,"Manufacture of tanks, reservoirs and containers of metal",72
731010,"Tanks, casks, drums, cans, boxes&sim contr, i o",2899,Manufacture of other fabricated metal products n.e.c.,72
731021,"Cans,iron or steel,cap<50 litres,to be closed b",2899,Manufacture of other fabricated metal products n.e.c.,72
731029,"Cans, iron or steel, capacity <50 litres nes",2899,Manufacture of other fabricated metal products n.e.c.,72
731100,Containers for compressed or liquefied gas of i,2812,"Manufacture of tanks, reservoirs and containers of metal",72
731210,"Stranded wire,ropes and cables of iron or steel",2899,Manufacture of other fabricated metal products n.e.c.,72
731290,"Plaited bands, slings and the like of iron or s",2899,Manufacture of other fabricated metal products n.e.c.,72
731300,"Wire,barbed,twisted hoop,single flat or twisted",2899,Manufacture of other fabricated metal products n.e.c.,72
731411,"Woven products, stainless steel",2899,Manufacture of other fabricated metal products n.e.c.,72
731419,"Woven products, iron or steel, other than stain",2899,Manufacture of other fabricated metal products n.e.c.,72
731420,"Grill,netting,fencing,i or s,welded inter,cross",2899,Manufacture of other fabricated metal products n.e.c.,72
731430,"Grill, netting, fencing, iron or steel, welded",2899,Manufacture of other fabricated metal products n.e.c.,72
731441,"Grill, netting, fencing, iron or steel, plated",2899,Manufacture of other fabricated metal products n.e.c.,72
731442,"Grill, netting, fencing, iron or steel, coated",2899,Manufacture of other fabricated metal products n.e.c.,72
731449,"Grill, netting, fencing, iron or steel, nes",2899,Manufacture of other fabricated metal products n.e.c.,72
731450,"Expanded metal, iron or steel",2899,Manufacture of other fabricated metal products n.e.c.,72
731511,"Chain, roller, iron or steel",2913,"Manufacture of bearings, gears, gearing and driving elements",72
731512,"Chain, articulated link, iron or steel, nes",2913,"Manufacture of bearings, gears, gearing and driving elements",72
731519,"Chain parts, articulated link, iron or steel",2913,"Manufacture of bearings, gears, gearing and driving elements",72
731520,"Chain, skid, iron or steel",2899,Manufacture of other fabricated metal products n.e.c.,72
731581,"Chain, stud link, iron or steel",2899,Manufacture of other fabricated metal products n.e.c.,72
731582,"Chain, welded link, iron or steel, nes",2899,Manufacture of other fabricated metal products n.e.c.,72
731589,"Chain, iron or steel, nes",2899,Manufacture of other fabricated metal products n.e.c.,72
731590,"Chain parts, iron or steel, nes",2899,Manufacture of other fabricated metal products n.e.c.,72
731600,"Anchors, grapnels and parts thereof of iron or",2899,Manufacture of other fabricated metal products n.e.c.,72
731700,"Nails, staples & sim art, i or s,excl art of he",2899,Manufacture of other fabricated metal products n.e.c.,72
731811,"Screws, coach, iron or steel",2899,Manufacture of other fabricated metal products n.e.c.,72
731812,"Screws, wood, iron or steel, nes",2899,Manufacture of other fabricated metal products n.e.c.,72
731813,Screw hooks and screw rings of iron or steel,2899,Manufacture of other fabricated metal products n.e.c.,72
731814,"Screws, self-tapping, iron or steel",2899,Manufacture of other fabricated metal products n.e.c.,72
731815,"Bolts or screws nes, with or without their nuts",2899,Manufacture of other fabricated metal products n.e.c.,72
731816,"Nuts, iron or steel, nes",2899,Manufacture of other fabricated metal products n.e.c.,72
731819,"Threaded articles of iron or steel, nes",2899,Manufacture of other fabricated metal products n.e.c.,72
731821,"Washers, spring or lock, iron or steel",2899,Manufacture of other fabricated metal products n.e.c.,72
731822,"Washers, iron or steel, nes",2899,Manufacture of other fabricated metal products n.e.c.,72
731823,"Rivets, iron or steel",2899,Manufacture of other fabricated metal products n.e.c.,72
731824,"Cotters and cotter-pins, iron or steel",2899,Manufacture of other fabricated metal products n.e.c.,72
731829,"Non-threaded articles of iron or steel, nes",2899,Manufacture of other fabricated metal products n.e.c.,72
731910,"Needles, sewing, darning or embroidery, iron or",2899,Manufacture of other fabricated metal products n.e.c.,72
731920,"Pins, safety, iron or steel",2899,Manufacture of other fabricated metal products n.e.c.,72
731930,"Pins, iron or steel, nes",2899,Manufacture of other fabricated metal products n.e.c.,72
731990,"Articles for use in the hand, i or s, similar t",2899,Manufacture of other fabricated metal products n.e.c.,72
732010,"Springs, leaf and leaves therefor, iron or stee",2899,Manufacture of other fabricated metal products n.e.c.,72
732020,"Springs, helical, iron or steel",2899,Manufacture of other fabricated metal products n.e.c.,72
732090,"Springs, iron or steel, nes",2899,Manufacture of other fabricated metal products n.e.c.,72
732111,Cooking appliances&plate warmers for gas fuel o,2930,Manufacture of domestic appliances n.e.c.,28
732112,Cooking appliances & plate warmers for liquid f,2930,Manufacture of domestic appliances n.e.c.,28
732113,Cooking appliances & plate warmers for solid fu,2930,Manufacture of domestic appliances n.e.c.,28
732181,"Household or camping appliances,i/s,for htg or",2930,Manufacture of domestic appliances n.e.c.,28
732182,"Household or camping appliances,i/s,for htg or",2930,Manufacture of domestic appliances n.e.c.,28
732183,"Household or camping appliances,i/s,for htg or",2930,Manufacture of domestic appliances n.e.c.,28
732190,Appliance parts clearly identifiable as for hou,2930,Manufacture of domestic appliances n.e.c.,28
732211,"Radiators and parts thereof, cast iron",2812,"Manufacture of tanks, reservoirs and containers of metal",72
732219,"Radiators and parts thereof, iron or steel, oth",2812,"Manufacture of tanks, reservoirs and containers of metal",72
732290,"Air heaters,hot air distributors,iron or steel&",2930,Manufacture of domestic appliances n.e.c.,28
732310,"Iron or steel wool,incl pot scourers,polishing",2899,Manufacture of other fabricated metal products n.e.c.,72
732391,"Table,kitchen or oth household art&parts thereo",2899,Manufacture of other fabricated metal products n.e.c.,72
732392,"Table, kitchen or other household art & parts,",2899,Manufacture of other fabricated metal products n.e.c.,72
732393,"Table, kitchen or oth household art&parts there",2899,Manufacture of other fabricated metal products n.e.c.,72
732394,"Table, kitchen or other household art & parts t",2899,Manufacture of other fabricated metal products n.e.c.,72
732399,"Table,kitchen or oth household art&parts thereo",2899,Manufacture of other fabricated metal products n.e.c.,72
732410,"Sinks and wash basins, stainless steel",2899,Manufacture of other fabricated metal products n.e.c.,72
732421,"Baths, cast iron, enamelled or not",2899,Manufacture of other fabricated metal products n.e.c.,72
732429,"Baths, iron or steel, nes",2899,Manufacture of other fabricated metal products n.e.c.,72
732490,"Sanitary ware&parts thereof,i or s,nes,for exam",2899,Manufacture of other fabricated metal products n.e.c.,72
732510,Cast articles of non-malleable cast iron nes,2899,Manufacture of other fabricated metal products n.e.c.,72
732591,"Balls, grinding and similar articles of iron or",2899,Manufacture of other fabricated metal products n.e.c.,72
732599,"Articles of iron or steel, cast, nes",2899,Manufacture of other fabricated metal products n.e.c.,72
732611,"Balls,grinding and similar art. of i or s,forge",2899,Manufacture of other fabricated metal products n.e.c.,72
732619,"Articles of iron or steel, forged or stamped, b",2899,Manufacture of other fabricated metal products n.e.c.,72
732620,"Articles of wire, iron or steel, nes",2899,Manufacture of other fabricated metal products n.e.c.,72
732690,"Articles, iron or steel, nes",2899,Manufacture of other fabricated metal products n.e.c.,72
740110,Copper mattes,2720,Manufacture of basic precious and non-ferrous metals,26
740120,Cement copper (precipitated copper),2720,Manufacture of basic precious and non-ferrous metals,26
740200,"Copper unrefined, copper anodes for electrolyti",2720,Manufacture of basic precious and non-ferrous metals,26
740311,Copper cathodes and sections of cathodes unwrou,2720,Manufacture of basic precious and non-ferrous metals,26
740312,"Wire bars, copper, unwrought",2720,Manufacture of basic precious and non-ferrous metals,26
740313,"Billets, copper, unwrought",2720,Manufacture of basic precious and non-ferrous metals,26
740319,"Refined copper products, unwrought, nes",2720,Manufacture of basic precious and non-ferrous metals,26
740321,"Copper-zinc base alloys, unwrought",2720,Manufacture of basic precious and non-ferrous metals,26
740322,"Copper-tin base alloys, unwrought",2720,Manufacture of basic precious and non-ferrous metals,26
740323,Copper-nickel base alloys or copper-nickel-zinc,2720,Manufacture of basic precious and non-ferrous metals,26
740329,"Copper alloys, unwrought (other than master all",2720,Manufacture of basic precious and non-ferrous metals,26
740500,Master alloys of copper,2720,Manufacture of basic precious and non-ferrous metals,26
740610,"Powders, copper, of non-lamellar structure",2720,Manufacture of basic precious and non-ferrous metals,26
740620,"Powders, copper, of lamellar structure and flak",2720,Manufacture of basic precious and non-ferrous metals,26
740710,"Bars, rods and profiles of refined copper",2720,Manufacture of basic precious and non-ferrous metals,26
740721,"Bars, rods and profiles of copper-zinc base all",2720,Manufacture of basic precious and non-ferrous metals,26
740722,"Bars,rods and profiles of copper-nickel or copp",2720,Manufacture of basic precious and non-ferrous metals,26
740729,"Bars, rods and profiles, copper alloy nes",2720,Manufacture of basic precious and non-ferrous metals,26
740811,Wire of refined copper of which the max cross s,2720,Manufacture of basic precious and non-ferrous metals,26
740819,Wire of refined copper of which the max cross s,2720,Manufacture of basic precious and non-ferrous metals,26
740821,"Wire, copper-zinc base alloy",2720,Manufacture of basic precious and non-ferrous metals,26
740822,"Wire, copper-nickel base alloy or copper-nickel",2720,Manufacture of basic precious and non-ferrous metals,26
740829,"Wire, copper alloy, nes",2720,Manufacture of basic precious and non-ferrous metals,26
740911,"Plate, sheet & strip of refined copper, in coil",2720,Manufacture of basic precious and non-ferrous metals,26
740919,"Plate,sheet&strip of refined copper,not in coil",2720,Manufacture of basic precious and non-ferrous metals,26
740921,"Plate,sheet&strip of copper-zinc base alloys,in",2720,Manufacture of basic precious and non-ferrous metals,26
740929,"Plate,sheet&strip of copper-zinc base alloys,no",2720,Manufacture of basic precious and non-ferrous metals,26
740931,"Plate, sheet & strip of copper-tin base alloys,",2720,Manufacture of basic precious and non-ferrous metals,26
740939,"Plate,sheet&strip of copper-tin base alloys,not",2720,Manufacture of basic precious and non-ferrous metals,26
740940,"Plate,sheet&strip of copper-nickel or cop-nick-",2720,Manufacture of basic precious and non-ferrous metals,26
740990,"Plate, sheet & strip of copper alloy, nes",2720,Manufacture of basic precious and non-ferrous metals,26
741011,"Foil of refined copper, not backed",2720,Manufacture of basic precious and non-ferrous metals,26
741012,"Foil, copper alloy, not backed",2720,Manufacture of basic precious and non-ferrous metals,26
741021,"Foil of refined copper, backed",2720,Manufacture of basic precious and non-ferrous metals,26
741022,"Foil, copper alloy, backed",2720,Manufacture of basic precious and non-ferrous metals,26
741110,"Pipes and tubes, refined copper",2720,Manufacture of basic precious and non-ferrous metals,26
741121,"Pipes and tubes, copper-zinc base alloy",2720,Manufacture of basic precious and non-ferrous metals,26
741122,"Pipes and tubes,copper-nickel base alloy or cop",2720,Manufacture of basic precious and non-ferrous metals,26
741129,"Pipes and tubes, copper alloy, nes",2720,Manufacture of basic precious and non-ferrous metals,26
741210,"Fittings, pipe or tube, of refined copper",2720,Manufacture of basic precious and non-ferrous metals,26
741220,"Fittings, pipe or tube, copper alloy",2720,Manufacture of basic precious and non-ferrous metals,26
741300,"Stranded wire,cable,plaited bands and like of c",2899,Manufacture of other fabricated metal products n.e.c.,72
741410,Endless bands of copper wire for machinery,2899,Manufacture of other fabricated metal products n.e.c.,72
741490,"Cloth, grill and netting of copper wire and exp",2899,Manufacture of other fabricated metal products n.e.c.,72
741510,"Nails, tacks, drawing pins,staples & sim art of",2899,Manufacture of other fabricated metal products n.e.c.,72
741521,"Washers, copper, including spring washers",2899,Manufacture of other fabricated metal products n.e.c.,72
741529,"Art. of copper,not threaded,nes,similar to thos",2899,Manufacture of other fabricated metal products n.e.c.,72
741531,"Screws, copper, for wood",2899,Manufacture of other fabricated metal products n.e.c.,72
741532,"Screws, bolts and nuts of copper excluding wood",2899,Manufacture of other fabricated metal products n.e.c.,72
741539,"Articles of copper threaded, nes similar to bol",2899,Manufacture of other fabricated metal products n.e.c.,72
741600,"Springs, copper",2899,Manufacture of other fabricated metal products n.e.c.,72
741700,"Cooking or heating apparatus, domestic, non-ele",2930,Manufacture of domestic appliances n.e.c.,28
741810,"Table, kitchen or other household articles and",2899,Manufacture of other fabricated metal products n.e.c.,72
741820,Sanitary ware and parts thereof of copper,2899,Manufacture of other fabricated metal products n.e.c.,72
741910,Chain and parts thereof of copper,2899,Manufacture of other fabricated metal products n.e.c.,72
741991,"Articles of copper, not further wkd than cast,",2899,Manufacture of other fabricated metal products n.e.c.,72
741999,"Articles of copper, nes",2899,Manufacture of other fabricated metal products n.e.c.,72
750110,Nickel mattes,2720,Manufacture of basic precious and non-ferrous metals,26
750120,Nickel oxide sinters and other intermediate pro,2720,Manufacture of basic precious and non-ferrous metals,26
750210,"Nickel unwrought, not alloyed",2720,Manufacture of basic precious and non-ferrous metals,26
750220,"Nickel unwrought, alloyed",2720,Manufacture of basic precious and non-ferrous metals,26
750400,"Powders and flakes, nickel",2720,Manufacture of basic precious and non-ferrous metals,26
750511,"Bars, rods and profiles, nickel, not alloyed",2720,Manufacture of basic precious and non-ferrous metals,26
750512,"Bars, rods and profiles, nickel alloy",2720,Manufacture of basic precious and non-ferrous metals,26
750521,"Wire, nickel, not alloyed",2720,Manufacture of basic precious and non-ferrous metals,26
750522,"Wire, nickel alloy",2720,Manufacture of basic precious and non-ferrous metals,26
750610,"Plates, sheet, strip and foil, nickel, not allo",2720,Manufacture of basic precious and non-ferrous metals,26
750620,"Plates, sheet, strip and foil, nickel alloy",2720,Manufacture of basic precious and non-ferrous metals,26
750711,"Tubes and pipe, nickel, not alloyed",2720,Manufacture of basic precious and non-ferrous metals,26
750712,"Tubes and pipe, nickel alloy",2720,Manufacture of basic precious and non-ferrous metals,26
750720,"Fittings, pipe and tube, nickel",2720,Manufacture of basic precious and non-ferrous metals,26
750800,"Articles of nickel, nes",2899,Manufacture of other fabricated metal products n.e.c.,72
760110,"Aluminium unwrought, not alloyed",2720,Manufacture of basic precious and non-ferrous metals,26
760120,"Aluminium unwrought, alloyed",2720,Manufacture of basic precious and non-ferrous metals,26
760310,"Powders, aluminium, of non-lamellar structure",2720,Manufacture of basic precious and non-ferrous metals,26
760320,"Powders, aluminium, of lamellar structure, incl",2720,Manufacture of basic precious and non-ferrous metals,26
760410,"Bars, rods and profiles, aluminium, not alloyed",2720,Manufacture of basic precious and non-ferrous metals,26
760421,"Profiles, hollow, aluminium, alloyed",2720,Manufacture of basic precious and non-ferrous metals,26
760429,"Bars, rods and other profiles, aluminium alloye",2720,Manufacture of basic precious and non-ferrous metals,26
760511,"Wire,aluminium,not alloyed,with a max cross sec",2720,Manufacture of basic precious and non-ferrous metals,26
760519,"Wire,aluminium,not alloyed,with a max cross sec",2720,Manufacture of basic precious and non-ferrous metals,26
760521,"Wire, aluminium alloy, with a maximum cross sec",2720,Manufacture of basic precious and non-ferrous metals,26
760529,"Wire, aluminium alloy, with a maximum cross sec",2720,Manufacture of basic precious and non-ferrous metals,26
760611,"Plate,sheet or strip,aluminium,not alloyed,rect",2720,Manufacture of basic precious and non-ferrous metals,26
760612,"Plate, sheet or strip, aluminium alloy, rect or",2720,Manufacture of basic precious and non-ferrous metals,26
760691,"Plate, sheet or strip, aluminium, not alloyed,",2720,Manufacture of basic precious and non-ferrous metals,26
760692,"Plate, sheet or strip, aluminium alloy, exceedi",2720,Manufacture of basic precious and non-ferrous metals,26
760711,"Foil, aluminium, not backed, rolled but not fur",2720,Manufacture of basic precious and non-ferrous metals,26
760719,"Foil, aluminium, not backed and not exceeding 0",2720,Manufacture of basic precious and non-ferrous metals,26
760720,"Foil, aluminium, backed, not exceeding 0.2mm th",2720,Manufacture of basic precious and non-ferrous metals,26
760810,"Tubes and pipe, aluminium, not alloyed",2720,Manufacture of basic precious and non-ferrous metals,26
760820,"Tubes and pipe, aluminium alloy",2720,Manufacture of basic precious and non-ferrous metals,26
760900,"Fittings,pipe or tube,aluminium,for example cou",2720,Manufacture of basic precious and non-ferrous metals,26
761010,"Doors, windows and their frames and thresholds",2811,Manufacture of structural metal products,72
761090,"Structures&parts,alum,eg plate,rods etc,for str",2811,Manufacture of structural metal products,72
761100,"Reservoirs,vats&similar cont of aluminium,cap >",2812,"Manufacture of tanks, reservoirs and containers of metal",72
761210,"Containers, collapsible tubular, aluminium",2899,Manufacture of other fabricated metal products n.e.c.,72
761290,"Containers, alum, cap <300L, lined or heated, n",2899,Manufacture of other fabricated metal products n.e.c.,72
761300,"Containers, aluminium, for compressed or liquef",2812,"Manufacture of tanks, reservoirs and containers of metal",72
761410,"Stranded wire,cables,plaited bands,etc,alum,ste",2899,Manufacture of other fabricated metal products n.e.c.,72
761490,"Stranded wire,cables,plaited bands and like or",2899,Manufacture of other fabricated metal products n.e.c.,72
761510,"Table,kitchen&household art,alum&parts,nes,eg p",2899,Manufacture of other fabricated metal products n.e.c.,72
761520,"Sanitary ware&parts thereof,aluminium for the k",2899,Manufacture of other fabricated metal products n.e.c.,72
761610,"Nails,tacks,staples,bolts,nuts&sim art,aluminiu",2899,Manufacture of other fabricated metal products n.e.c.,72
761690,"Articles of aluminium, nes, for example casting",2899,Manufacture of other fabricated metal products n.e.c.,72
780110,Lead refined unwrought,2720,Manufacture of basic precious and non-ferrous metals,26
780191,Lead unwrought containing by wt. antimony as th,2720,Manufacture of basic precious and non-ferrous metals,26
780199,Lead unwrought nes,2720,Manufacture of basic precious and non-ferrous metals,26
780300,"Lead bars, rods, profiles and wire",2720,Manufacture of basic precious and non-ferrous metals,26
780411,"Lead sheets, strip and foil of a thickness (exc",2720,Manufacture of basic precious and non-ferrous metals,26
780419,"Lead plates, sheet, strip and foil nes",2720,Manufacture of basic precious and non-ferrous metals,26
780420,Lead powders and flakes,2720,Manufacture of basic precious and non-ferrous metals,26
780500,"Lead pipes or tubes and fittings (for example,c",2720,Manufacture of basic precious and non-ferrous metals,26
780600,Articles of lead nes,2899,Manufacture of other fabricated metal products n.e.c.,72
790111,Zinc not alloyed unwrought containing by weight,2720,Manufacture of basic precious and non-ferrous metals,26
790112,Zinc not alloyed unwrought containing by weight,2720,Manufacture of basic precious and non-ferrous metals,26
790120,Zinc alloys unwrought,2720,Manufacture of basic precious and non-ferrous metals,26
790310,Zinc dust,2720,Manufacture of basic precious and non-ferrous metals,26
790390,Zinc powders and flakes,2720,Manufacture of basic precious and non-ferrous metals,26
790400,"Zinc bars, rods, profiles and wire",2720,Manufacture of basic precious and non-ferrous metals,26
790500,"Zinc plates, sheets, strip and foil",2720,Manufacture of basic precious and non-ferrous metals,26
790600,Zinc pipes or tubes and fittings (e.g. coupling,2720,Manufacture of basic precious and non-ferrous metals,26
790710,"Zinc fabricated building components(ex gutters,",2899,Manufacture of other fabricated metal products n.e.c.,72
790790,Articles of zinc nes,2899,Manufacture of other fabricated metal products n.e.c.,72
800110,Tin not alloyed unwrought,2720,Manufacture of basic precious and non-ferrous metals,26
800120,Tin alloys unwrought,2720,Manufacture of basic precious and non-ferrous metals,26
800300,"Tin bars, rods, profiles and wire",2720,Manufacture of basic precious and non-ferrous metals,26
800400,"Tin plates, sheets and strip, of a thickness ex",2720,Manufacture of basic precious and non-ferrous metals,26
800510,Tin foil (w/n printed or backed of a thickness,2720,Manufacture of basic precious and non-ferrous metals,26
800520,Tin powders and flakes,2720,Manufacture of basic precious and non-ferrous metals,26
800600,"Tin pipes or tubes and fittings (for example,co",2720,Manufacture of basic precious and non-ferrous metals,26
800700,Tin articles nes,2899,Manufacture of other fabricated metal products n.e.c.,72
810110,"Powders, tungsten (wolfram)",2720,Manufacture of basic precious and non-ferrous metals,26
810191,"Tungsten (wolfram) unwrought,including bars&rod",2720,Manufacture of basic precious and non-ferrous metals,26
810192,"Tungsten profiles,plate,sheet,strip and foil,in",2720,Manufacture of basic precious and non-ferrous metals,26
810193,"Wire, tungsten (wolfram)",2720,Manufacture of basic precious and non-ferrous metals,26
810199,Tungsten (wolfram) and articles thereof nes,2720,Manufacture of basic precious and non-ferrous metals,26
810210,"Powders, molybdenum",2720,Manufacture of basic precious and non-ferrous metals,26
810291,"Molybdenum,unwrought,including bars or rods sim",2720,Manufacture of basic precious and non-ferrous metals,26
810292,"Molybdenum profiles,plate,sheet,strip or foil,i",2720,Manufacture of basic precious and non-ferrous metals,26
810293,"Wire, molybdenum",2720,Manufacture of basic precious and non-ferrous metals,26
810299,Molybdenum and articles thereof nes,2720,Manufacture of basic precious and non-ferrous metals,26
810310,Tantalum unwrought including bars&rods simply s,2720,Manufacture of basic precious and non-ferrous metals,26
810390,Tantalum and articles thereof nes,2720,Manufacture of basic precious and non-ferrous metals,26
810411,Magnesium unwrought containing by weight at lea,2720,Manufacture of basic precious and non-ferrous metals,26
810419,Magnesium unwrought nes,2720,Manufacture of basic precious and non-ferrous metals,26
810420,Magnesium waste and scrap,2720,Manufacture of basic precious and non-ferrous metals,26
810430,"Magnesium raspings,turnings or granules graded",2720,Manufacture of basic precious and non-ferrous metals,26
810490,Magnesium and articles thereof nes,2720,Manufacture of basic precious and non-ferrous metals,26
810510,"Cobalt,unwrought,matte and oth intermediate pro",2720,Manufacture of basic precious and non-ferrous metals,26
810590,"Cobalt and articles thereof, nes",2720,Manufacture of basic precious and non-ferrous metals,26
810600,"Bismuth and articles thereof, including waste a",2720,Manufacture of basic precious and non-ferrous metals,26
810710,"Cadmium, unwrought; waste and scrap; powders",2720,Manufacture of basic precious and non-ferrous metals,26
810790,"Cadmium and articles thereof, nes",2720,Manufacture of basic precious and non-ferrous metals,26
810810,Titanium unwrought; waste and scrap; powders,2720,Manufacture of basic precious and non-ferrous metals,26
810890,"Titanium and articles thereof, nes",2720,Manufacture of basic precious and non-ferrous metals,26
810910,Zirconium unwrought; waste and scrap; powders,2720,Manufacture of basic precious and non-ferrous metals,26
810990,"Zirconium and articles thereof, nes",2720,Manufacture of basic precious and non-ferrous metals,26
811000,"Antimony and articles thereof, including waste",2720,Manufacture of basic precious and non-ferrous metals,26
811100,"Manganese and articles thereof, including waste",2720,Manufacture of basic precious and non-ferrous metals,26
811211,Beryllium unwrought; waste and scrap; powders,2720,Manufacture of basic precious and non-ferrous metals,26
811219,"Beryllium and articles thereof, nes",2720,Manufacture of basic precious and non-ferrous metals,26
811220,"Chromium and articles thereof, including waste,",2720,Manufacture of basic precious and non-ferrous metals,26
811230,"Germanium and articles thereof, including waste",2720,Manufacture of basic precious and non-ferrous metals,26
811240,"Vanadium and articles thereof, including waste,",2720,Manufacture of basic precious and non-ferrous metals,26
811291,"Gallium,hafnium,indium,niobium,rhenium or thall",2720,Manufacture of basic precious and non-ferrous metals,26
811299,"Gallium,hafnium,indium,niobium,rhenium or thall",2720,Manufacture of basic precious and non-ferrous metals,26
811300,"Cermets and articles thereof, including waste a",2720,Manufacture of basic precious and non-ferrous metals,26
820110,Spades and shovels,2893,"Manufacture of cutlery, hand tools and general hardware",72
820120,Forks,2893,"Manufacture of cutlery, hand tools and general hardware",72
820130,"Mattocks, picks, hoes and rakes",2893,"Manufacture of cutlery, hand tools and general hardware",72
820140,"Aces, bill hooks and similar hewing tools",2893,"Manufacture of cutlery, hand tools and general hardware",72
820150,Secateurs and similar one-handed pruners and sh,2893,"Manufacture of cutlery, hand tools and general hardware",72
820160,"Hedge shears, two-handed pruning shears and sim",2893,"Manufacture of cutlery, hand tools and general hardware",72
820190,"Scythes, sickles and oth hand tools used in agr",2893,"Manufacture of cutlery, hand tools and general hardware",72
820210,Hand saws,2893,"Manufacture of cutlery, hand tools and general hardware",72
820220,Band saw blades,2893,"Manufacture of cutlery, hand tools and general hardware",72
820231,Circular saw blades with working part of steel,2893,"Manufacture of cutlery, hand tools and general hardware",72
820232,Circular saw blades with working part of other,2893,"Manufacture of cutlery, hand tools and general hardware",72
820240,Chain saw blades,2893,"Manufacture of cutlery, hand tools and general hardware",72
820291,"Straight saw blades, for working metal",2893,"Manufacture of cutlery, hand tools and general hardware",72
820299,"Stone cutting saw blades, friction discs for cu",2893,"Manufacture of cutlery, hand tools and general hardware",72
820310,"Files, rasps and similar tools",2893,"Manufacture of cutlery, hand tools and general hardware",72
820320,"Pliers (including cutting pliers), pincers, twe",2893,"Manufacture of cutlery, hand tools and general hardware",72
820330,"Metal cutting shears, tinmen's snips and oth me",2893,"Manufacture of cutlery, hand tools and general hardware",72
820340,"Pipe-cutters, bolt croppers, perforating punche",2893,"Manufacture of cutlery, hand tools and general hardware",72
820411,"Wrenches, hand-operated, with non-adjustable ja",2893,"Manufacture of cutlery, hand tools and general hardware",72
820412,"Wrenches, hand-operated, with adjustable jaws",2893,"Manufacture of cutlery, hand tools and general hardware",72
820420,Wrench sockets including ratchet handles extens,2893,"Manufacture of cutlery, hand tools and general hardware",72
820510,"Drilling, threading or tapping tools",2893,"Manufacture of cutlery, hand tools and general hardware",72
820520,Hammers and sledge hammers,2893,"Manufacture of cutlery, hand tools and general hardware",72
820530,"Planes, chisels, gouges and similar cutting too",2893,"Manufacture of cutlery, hand tools and general hardware",72
820540,Screwdrivers,2893,"Manufacture of cutlery, hand tools and general hardware",72
820551,"Curling irons, cork screws, nut-crackers and ot",2893,"Manufacture of cutlery, hand tools and general hardware",72
820559,"Tools for masons, watchmakers, miners and hand",2893,"Manufacture of cutlery, hand tools and general hardware",72
820560,Blow torches,2893,"Manufacture of cutlery, hand tools and general hardware",72
820570,"Vices, clamps and the like",2893,"Manufacture of cutlery, hand tools and general hardware",72
820580,"Anvils, portable forges and hand or pedal-opera",2893,"Manufacture of cutlery, hand tools and general hardware",72
820590,Sets of articles of two or more of the foregoin,2893,"Manufacture of cutlery, hand tools and general hardware",72
820600,Tools of two or more of the heading Nos 82.02 t,2893,"Manufacture of cutlery, hand tools and general hardware",72
820711,Rock drilling or earth boring tools with workin,2893,"Manufacture of cutlery, hand tools and general hardware",72
820712,Rock drilling or earth boring tools with workin,2893,"Manufacture of cutlery, hand tools and general hardware",72
820720,Dies for drawing or extruding metal,2893,"Manufacture of cutlery, hand tools and general hardware",72
820730,"Tools for pressing, stamping or punching",2893,"Manufacture of cutlery, hand tools and general hardware",72
820740,Tools for taping or threading,2893,"Manufacture of cutlery, hand tools and general hardware",72
820750,"Tools for drilling, other than for rock drillin",2893,"Manufacture of cutlery, hand tools and general hardware",72
820760,Tools for boring or broaching,2893,"Manufacture of cutlery, hand tools and general hardware",72
820770,Tools for milling,2893,"Manufacture of cutlery, hand tools and general hardware",72
820780,Tools for turning,2893,"Manufacture of cutlery, hand tools and general hardware",72
820790,"Screwdriver bits, lapping tools and other inter",2893,"Manufacture of cutlery, hand tools and general hardware",72
820810,Knives and blades for machines or mechanical ap,2893,"Manufacture of cutlery, hand tools and general hardware",72
820820,Knives and blades for machines or mechanical ap,2893,"Manufacture of cutlery, hand tools and general hardware",72
820830,Knives and blades for kitchen appliances or foo,2893,"Manufacture of cutlery, hand tools and general hardware",72
820840,"Knives and blades for agricultural, horticultur",2893,"Manufacture of cutlery, hand tools and general hardware",72
820890,"Knives and blades for leather, paper, tobacco m",2893,"Manufacture of cutlery, hand tools and general hardware",72
820900,"Plates, tips and the like for tools of sintered",2893,"Manufacture of cutlery, hand tools and general hardware",72
821000,"Hand-operated mechanical appliances,weighing 10",2899,Manufacture of other fabricated metal products n.e.c.,72
821110,Sets of different knives or sets of different a,2893,"Manufacture of cutlery, hand tools and general hardware",72
821191,Table knives having fixed blades,2893,"Manufacture of cutlery, hand tools and general hardware",72
821192,"Butcher's knives, hunting knives and other kniv",2893,"Manufacture of cutlery, hand tools and general hardware",72
821193,Pocket and pen knives and other knives with fol,2893,"Manufacture of cutlery, hand tools and general hardware",72
821194,Blades for knives of hd 8211.10 to 8211.94,2893,"Manufacture of cutlery, hand tools and general hardware",72
821210,Razors including safety razors and open blade t,2893,"Manufacture of cutlery, hand tools and general hardware",72
821220,"Safety razor blades, including razor blade blan",2893,"Manufacture of cutlery, hand tools and general hardware",72
821290,Parts of non-electric razors,2893,"Manufacture of cutlery, hand tools and general hardware",72
821300,"Scissors, tailors' shears and similar shears, a",2893,"Manufacture of cutlery, hand tools and general hardware",72
821410,"Paper knives,letter openers,erasing knives,penc",2893,"Manufacture of cutlery, hand tools and general hardware",72
821420,Manicure or pedicure sets and instruments (incl,2893,"Manufacture of cutlery, hand tools and general hardware",72
821490,"Kitchen chopper, cleavers and mincing knives an",2893,"Manufacture of cutlery, hand tools and general hardware",72
821510,Tableware sets containing at least one article,2893,"Manufacture of cutlery, hand tools and general hardware",72
821520,Tableware sets not containing articles plated w,2893,"Manufacture of cutlery, hand tools and general hardware",72
821591,Tableware articles not in sets plated with prec,2893,"Manufacture of cutlery, hand tools and general hardware",72
821599,Tableware articles not in sets and not plated w,2893,"Manufacture of cutlery, hand tools and general hardware",72
830110,Padlocks of base metal,2893,"Manufacture of cutlery, hand tools and general hardware",72
830120,Locks of a kind used for motor vehicles of base,2893,"Manufacture of cutlery, hand tools and general hardware",72
830130,Locks of a kind used for furniture of base meta,2893,"Manufacture of cutlery, hand tools and general hardware",72
830140,"Locks of base metal, nes",2893,"Manufacture of cutlery, hand tools and general hardware",72
830150,"Clasps and frames with clasps, incorporating lo",2893,"Manufacture of cutlery, hand tools and general hardware",72
830160,"Lock parts,including parts of clasps or frames",2893,"Manufacture of cutlery, hand tools and general hardware",72
830170,"Keys, including blanks for keys presented separ",2893,"Manufacture of cutlery, hand tools and general hardware",72
830210,Hinges of base metal,2899,Manufacture of other fabricated metal products n.e.c.,72
830220,Castors of base metal,2899,Manufacture of other fabricated metal products n.e.c.,72
830230,"Mountings,fittings and similar art. of base mtl",2899,Manufacture of other fabricated metal products n.e.c.,72
830241,"Mountings, fittings and similar articles of bas",2899,Manufacture of other fabricated metal products n.e.c.,72
830242,"Mountings, fittings and similar articles of bas",2899,Manufacture of other fabricated metal products n.e.c.,72
830249,"Mountings, fittings and similar articles of bas",2899,Manufacture of other fabricated metal products n.e.c.,72
830250,"Hat-racks, hat-pegs, brackets and similar fixtu",2899,Manufacture of other fabricated metal products n.e.c.,72
830260,"Door closures, automatic, of base metal",2899,Manufacture of other fabricated metal products n.e.c.,72
830300,"Safes,safe deposit lockers,cash,deep or strong",2899,Manufacture of other fabricated metal products n.e.c.,72
830400,"Office/desk equipment,base mtl eg filing cab,tr",2899,Manufacture of other fabricated metal products n.e.c.,72
830510,Fitting for loose-leaf binders or files of base,2899,Manufacture of other fabricated metal products n.e.c.,72
830520,"Staples in strips,base mtl,nes (eg for offices,",2899,Manufacture of other fabricated metal products n.e.c.,72
830590,"Letter corners,letter or paper clips and simila",2899,Manufacture of other fabricated metal products n.e.c.,72
830610,"Bells, gongs and the like, of base metal",2899,Manufacture of other fabricated metal products n.e.c.,72
830621,Statuettes and other ornaments plated with prec,2899,Manufacture of other fabricated metal products n.e.c.,72
830629,"Statuettes and other ornaments, nes",2899,Manufacture of other fabricated metal products n.e.c.,72
830630,"Photograph, picture, or similar frames and mirr",2899,Manufacture of other fabricated metal products n.e.c.,72
830710,"Tubing, flexible, with or without fittings of i",2899,Manufacture of other fabricated metal products n.e.c.,72
830790,"Tubing, flexible, with or without fittings, of",2899,Manufacture of other fabricated metal products n.e.c.,72
830810,"Hooks,eyes and eyelets of base mtl for clothing",2899,Manufacture of other fabricated metal products n.e.c.,72
830820,"Rivets,tubular or bifurcated,of base mtl for cl",2899,Manufacture of other fabricated metal products n.e.c.,72
830890,"Beads, spangles & other made up art nes,for clo",2899,Manufacture of other fabricated metal products n.e.c.,72
830910,"Corks, crown, of base metal",2899,Manufacture of other fabricated metal products n.e.c.,72
830990,"Stoppers,caps,lids,seals and oth packing access",2899,Manufacture of other fabricated metal products n.e.c.,72
831000,"Letters,numbers,sign plates&sim art of base mtl",2899,Manufacture of other fabricated metal products n.e.c.,72
831110,"Electrodes, coated, of base metal, for electric",2899,Manufacture of other fabricated metal products n.e.c.,72
831120,"Wire, cored, of base metal, for electric arc we",2899,Manufacture of other fabricated metal products n.e.c.,72
831130,Coated rods and cored wire of base mtl for sold,2899,Manufacture of other fabricated metal products n.e.c.,72
831190,"Electrodes&sim prod of base mtl/mtl carbd,nes,f",2899,Manufacture of other fabricated metal products n.e.c.,72
840110,Nuclear reactors,2813,"Manufacture of steam generators, except central heating hot water boilers",72
840120,Machinery and apparatus for isotopic separation,2929,Manufacture of other special purpose machinery,72
840130,"Fuel elements (cartridges), non-irradiated, for",2330,Processing of nuclear fuel,22
840140,Parts of nuclear reactors,2813,"Manufacture of steam generators, except central heating hot water boilers",72
840211,Watertube boilers with a steam production excee,2813,"Manufacture of steam generators, except central heating hot water boilers",72
840212,Watertube boilers with a steam production not e,2813,"Manufacture of steam generators, except central heating hot water boilers",72
840219,"Vapour generating boilers nes, including hybrid",2813,"Manufacture of steam generators, except central heating hot water boilers",72
840220,Super-heated water boilers,2813,"Manufacture of steam generators, except central heating hot water boilers",72
840290,Parts of steam or vapour generating boilers nes,2813,"Manufacture of steam generators, except central heating hot water boilers",72
840310,Central heating boilers nes,2930,Manufacture of domestic appliances n.e.c.,28
840390,Parts of central heating boiler nes,2930,Manufacture of domestic appliances n.e.c.,28
840410,Auxiliary plant for use with steam or vapour ge,2813,"Manufacture of steam generators, except central heating hot water boilers",72
840420,Condensers for steam or vapour power units,2813,"Manufacture of steam generators, except central heating hot water boilers",72
840490,Parts for auxiliary plant & condenser for steam,2813,"Manufacture of steam generators, except central heating hot water boilers",72
840510,Producer gas or water gas generators acetylene,2919,Manufacture of other general purpose machinery,72
840590,"Parts of prod gas or wat gas gen,acetylene gas",2919,Manufacture of other general purpose machinery,72
840611,Steam and vapour turbines for marine propulsion,2911,"Manufacture of engines and turbines, except aircraft, vehicle and cycle engines",72
840619,Steam and vapour turbines nes,2911,"Manufacture of engines and turbines, except aircraft, vehicle and cycle engines",72
840690,Parts of steam and vapour turbines,2911,"Manufacture of engines and turbines, except aircraft, vehicle and cycle engines",72
840710,"Aircraft engines, spark-ignition reciprocating",3530,Manufacture of aircraft and spacecraft,72
840721,"Outboard motors, spark-ignition reciprocating o",2911,"Manufacture of engines and turbines, except aircraft, vehicle and cycle engines",72
840729,Marine engines nes of the spark-ignition recipr,2911,"Manufacture of engines and turbines, except aircraft, vehicle and cycle engines",72
840731,"Engines, spark-ignition reciprocating, displaci",3410,Manufacture of motor vehicles,72
840732,"Engines, spark-ignition reciprocating, displaci",3410,Manufacture of motor vehicles,72
840733,"Engines, spark-ignition reciprocating displacin",3410,Manufacture of motor vehicles,72
840734,"Engines, spark-ignition reciprocating displacin",3410,Manufacture of motor vehicles,72
840790,"Engines, spark-ignition type nes",2911,"Manufacture of engines and turbines, except aircraft, vehicle and cycle engines",72
840810,"Marine propulsion engines, diesel",2911,"Manufacture of engines and turbines, except aircraft, vehicle and cycle engines",72
840820,"Engines, diesel, for the vehicles of Chapter 87",3410,Manufacture of motor vehicles,72
840890,"Engines, diesel nes",2911,"Manufacture of engines and turbines, except aircraft, vehicle and cycle engines",72
840910,Parts for spark-ignition type aircraft engines,3530,Manufacture of aircraft and spacecraft,72
840991,Parts for spark-ignition type engines nes,3430,Manufacture of parts and accessories for motor vehicles and their engines,72
840999,Parts for diesel and semi-diesel engines,3430,Manufacture of parts and accessories for motor vehicles and their engines,72
841011,Hydraulic turbines & water wheels of a power no,2911,"Manufacture of engines and turbines, except aircraft, vehicle and cycle engines",72
841012,Hyd turbines & water wheels of a power exc 1000,2911,"Manufacture of engines and turbines, except aircraft, vehicle and cycle engines",72
841013,Hydraulic turbines and water wheels of a power,2911,"Manufacture of engines and turbines, except aircraft, vehicle and cycle engines",72
841090,Parts of hydraulic turbines & water wheels incl,2911,"Manufacture of engines and turbines, except aircraft, vehicle and cycle engines",72
841111,Turbo-jets of a thrust not exceeding 25 KN,3530,Manufacture of aircraft and spacecraft,72
841112,Turbo-jets of a thrust exceeding 25 KN,3530,Manufacture of aircraft and spacecraft,72
841121,Turbo-propellers of a power not exceeding 1100,3530,Manufacture of aircraft and spacecraft,72
841122,Turbo-propellers of a power exceeding 1100 KW,3530,Manufacture of aircraft and spacecraft,72
841181,Gas turbines nes of a power not exceeding 5000,2911,"Manufacture of engines and turbines, except aircraft, vehicle and cycle engines",72
841182,Gas turbines nes of a power exceeding 5000 KW,2911,"Manufacture of engines and turbines, except aircraft, vehicle and cycle engines",72
841191,Parts of turbo-jets or turbo-propellers,3530,Manufacture of aircraft and spacecraft,72
841199,Parts of gas turbines nes,2911,"Manufacture of engines and turbines, except aircraft, vehicle and cycle engines",72
841210,Reaction engines nes other than turbo jets,3530,Manufacture of aircraft and spacecraft,72
841221,Hydraulic power engines & motors linear acting,2912,"Manufacture of pumps, compressors, taps and valves",72
841229,Hydraulic power engines & motors nes,2912,"Manufacture of pumps, compressors, taps and valves",72
841231,Pneumatic power engines & motors linear acting,2912,"Manufacture of pumps, compressors, taps and valves",72
841239,Pneumatic power engines & motors nes,2912,"Manufacture of pumps, compressors, taps and valves",72
841280,Engines and motors nes,2912,"Manufacture of pumps, compressors, taps and valves",72
841290,Parts of hydraulic & pneumatic & other power en,2912,"Manufacture of pumps, compressors, taps and valves",72
841311,Pumps with or w/o a meas device for disp fuel/l,2912,"Manufacture of pumps, compressors, taps and valves",72
841319,Pumps fitted or designed to be fitted with a me,2912,"Manufacture of pumps, compressors, taps and valves",72
841320,"Hand pumps nes, o/t those of subheading No 8413",2912,"Manufacture of pumps, compressors, taps and valves",72
841330,"Fuel, lubricating or cooling medium pumps for i",2912,"Manufacture of pumps, compressors, taps and valves",72
841340,Concrete pumps,2912,"Manufacture of pumps, compressors, taps and valves",72
841350,Reciprocating positive displacement pumps nes,2912,"Manufacture of pumps, compressors, taps and valves",72
841360,Rotary positive displacement pumps nes,2912,"Manufacture of pumps, compressors, taps and valves",72
841370,Centrifugal pumps nes,2912,"Manufacture of pumps, compressors, taps and valves",72
841381,Pumps nes,2912,"Manufacture of pumps, compressors, taps and valves",72
841382,Liquid elevators,2912,"Manufacture of pumps, compressors, taps and valves",72
841391,Parts of pumps for liquid whether or not fitted,2912,"Manufacture of pumps, compressors, taps and valves",72
841392,Parts of liquid elevators,2912,"Manufacture of pumps, compressors, taps and valves",72
841410,Vacuum pumps,2912,"Manufacture of pumps, compressors, taps and valves",72
841420,Hand or foot-operated air pumps,2912,"Manufacture of pumps, compressors, taps and valves",72
841430,Compressors of a kind used in refrigerating equ,2912,"Manufacture of pumps, compressors, taps and valves",72
841440,Air compressors mounted on a wheeled chassis fo,2912,"Manufacture of pumps, compressors, taps and valves",72
841451,"Fans: table,roof etc with a self-cont elec mtr",2930,Manufacture of domestic appliances n.e.c.,28
841459,Fans nes,2919,Manufacture of other general purpose machinery,72
841460,Hoods having a maximum horizontal side not exce,2930,Manufacture of domestic appliances n.e.c.,28
841480,"Air or gas compressors, hoods",2912,"Manufacture of pumps, compressors, taps and valves",72
841490,"Parts of vacuum pumps, compressors, fans, blowe",2912,"Manufacture of pumps, compressors, taps and valves",72
841510,"Air conditioning machines window or wall types,",2919,Manufacture of other general purpose machinery,72
841581,Air cond mach nes inc a ref unit and a valve fo,2919,Manufacture of other general purpose machinery,72
841582,"Air cond mach nes, inc a refrigerating unit",2919,Manufacture of other general purpose machinery,72
841583,"Air cond mach nes, not incorporating refrigerat",2919,Manufacture of other general purpose machinery,72
841590,Parts of air conditioning machines,2919,Manufacture of other general purpose machinery,72
841610,Furnace burners for liquid fuel,2914,"Manufacture of ovens, furnaces and furnace burners",72
841620,"Furnace burners nes, including combination burn",2914,"Manufacture of ovens, furnaces and furnace burners",72
841630,"Mech.stokers, mech.grates, mech.ash dischargers",2914,"Manufacture of ovens, furnaces and furnace burners",72
841690,"Parts of furnace burners,mech stokers grates,as",2914,"Manufacture of ovens, furnaces and furnace burners",72
841710,"Furnaces&ovens n-elec for the roast,melt or h-t",2914,"Manufacture of ovens, furnaces and furnace burners",72
841720,"Bakery ovens, including biscuit ovens, non-elec",2925,"Manufacture of machinery for food, beverage and tobacco processing",72
841780,"Industrial or lab furnaces & ovens, inc inciner",2914,"Manufacture of ovens, furnaces and furnace burners",72
841790,Parts of industrial or lab furnaces & ovens inc,2914,"Manufacture of ovens, furnaces and furnace burners",72
841810,"Combined refrigerator-freezers, fitted with sep",2930,Manufacture of domestic appliances n.e.c.,28
841821,"Refrigerators, household type, compression-type",2930,Manufacture of domestic appliances n.e.c.,28
841822,"Refrigerators, household type, absorption-type,",2930,Manufacture of domestic appliances n.e.c.,28
841829,"Refrigerators, household type, nes",2930,Manufacture of domestic appliances n.e.c.,28
841830,"Freezers of the chest type, not exceeding 800 l",2930,Manufacture of domestic appliances n.e.c.,28
841840,"Freezers of the upright type, not exceeding 900",2930,Manufacture of domestic appliances n.e.c.,28
841850,"Other refrigerating or freezing chests,cabinets",2919,Manufacture of other general purpose machinery,72
841861,Compression type refrigrting or freez equip who,2919,Manufacture of other general purpose machinery,72
841869,Refrigerating or freezing equipment nes,2919,Manufacture of other general purpose machinery,72
841891,Furniture designed to receive refrigerating or,2919,Manufacture of other general purpose machinery,72
841899,"Parts of refrigerating or freezing equipment, n",2919,Manufacture of other general purpose machinery,72
841911,Instantaneous gas water heaters,2930,Manufacture of domestic appliances n.e.c.,28
841919,"Instantaneous or storage water heaters, non-ele",2930,Manufacture of domestic appliances n.e.c.,28
841920,"Medical, surgical or laboratory sterilizers",3311,Manufacture of medical and surgical equipment and orthopaedic appliances,72
841931,Dryers for agricultural products,2925,"Manufacture of machinery for food, beverage and tobacco processing",72
841932,"Dryers for wood, paper pulp, paper or paperboar",2929,Manufacture of other special purpose machinery,72
841939,"Non-domestic, non-electric dryers nes",2929,Manufacture of other special purpose machinery,72
841940,Distilling or rectifying plant,2919,Manufacture of other general purpose machinery,72
841950,"Heat exchange units, non-domestic, non-electric",2919,Manufacture of other general purpose machinery,72
841960,Machinery for liquefying air or other gases,2919,Manufacture of other general purpose machinery,72
841981,Machinery for making hot drinks or for cooking,2925,"Manufacture of machinery for food, beverage and tobacco processing",72
841989,"Machinery, plant or laboratory equip for treat",2919,Manufacture of other general purpose machinery,72
841990,"Parts of machinery, plant and equipment of head",2919,Manufacture of other general purpose machinery,72
842010,"Calendering or rolling machines, excluding for",2919,Manufacture of other general purpose machinery,72
842091,"Cylinders for calendering or rolling mach, excl",2919,Manufacture of other general purpose machinery,72
842099,"Parts of calendering or rolling mach nes, exclu",2919,Manufacture of other general purpose machinery,72
842111,Cream separators,2925,"Manufacture of machinery for food, beverage and tobacco processing",72
842112,"Clothes-dryers, centrifugal",2929,Manufacture of other special purpose machinery,72
842119,Centrifuges nes,2919,Manufacture of other general purpose machinery,72
842121,Filtering or purifying machinery and apparatus,2919,Manufacture of other general purpose machinery,72
842122,Filtering or purifying machinery and apparatus,2919,Manufacture of other general purpose machinery,72
842123,Oil or petrol-filters for internal combustion e,2919,Manufacture of other general purpose machinery,72
842129,Filtering or purifying machinery and apparatus,2919,Manufacture of other general purpose machinery,72
842131,Intake air filters for internal combustion engi,2919,Manufacture of other general purpose machinery,72
842139,Filtering or purifying machinery and apparatus,2919,Manufacture of other general purpose machinery,72
842191,"Parts of centrifuges, including centrifugal dry",2919,Manufacture of other general purpose machinery,72
842199,Parts for filtering or purifying mchy & apparat,2919,Manufacture of other general purpose machinery,72
842211,Dish washing machines of the HH type,2930,Manufacture of domestic appliances n.e.c.,28
842219,Dish washing machines nes,3190,Manufacture of other electrical equipment n.e.c.,72
842220,Machinery for cleaning or drying bottles or con,2919,Manufacture of other general purpose machinery,72
842230,Mach for fil/clos/seal/etc.btle/can/box/bag/ctn,2919,Manufacture of other general purpose machinery,72
842240,Packing or wrapping machinery nes,2919,Manufacture of other general purpose machinery,72
842290,"Pts of dish washing,cleaning or drying containe",2919,Manufacture of other general purpose machinery,72
842310,"Personal weighing machines, including baby scal",2919,Manufacture of other general purpose machinery,72
842320,Scales for continuous weighing of goods on conv,2919,Manufacture of other general purpose machinery,72
842330,"Constant weight scales, including hopper scales",2919,Manufacture of other general purpose machinery,72
842381,Weighing machinery having a maximum weighing ca,2919,Manufacture of other general purpose machinery,72
842382,Weighing machinery having a maximum weighing ca,2919,Manufacture of other general purpose machinery,72
842389,"Weighing machinery, nes",2919,Manufacture of other general purpose machinery,72
842390,Weighing machine weights of all kinds; parts of,2919,Manufacture of other general purpose machinery,72
842410,"Fire extinguishers, whether or not charged",2919,Manufacture of other general purpose machinery,72
842420,Spray guns and similar appliances,2919,Manufacture of other general purpose machinery,72
842430,Steam or sand blasting machines and similar jet,2919,Manufacture of other general purpose machinery,72
842481,Mech appl for proj/disp or spraying liquids or,2921,Manufacture of agricultural and forestry machinery,72
842489,Mech appl (whether or not hand-op) for proj/dis,2919,Manufacture of other general purpose machinery,72
842490,Pts of mech app (hand-op or not) for proj/disp,2919,Manufacture of other general purpose machinery,72
842511,Pulley tackle/hoists electric (exc skip hoists/,2915,Manufacture of lifting and handling equipment,72
842519,Pulley tackle/hoists nes (exc skip hoists or ho,2915,Manufacture of lifting and handling equipment,72
842520,Pit-head winding gear winches specially designe,2915,Manufacture of lifting and handling equipment,72
842531,Winches or capstans nes powered by electric mot,2915,Manufacture of lifting and handling equipment,72
842539,Winches or captsans nes,2915,Manufacture of lifting and handling equipment,72
842541,Built-in jacking systems of a type used in gara,2915,Manufacture of lifting and handling equipment,72
842542,Jacks & hoists nes hydraulic,2915,Manufacture of lifting and handling equipment,72
842549,Jacks & hoists nes,2915,Manufacture of lifting and handling equipment,72
842611,Gantry & overhead travelling cranes on fixed su,2915,Manufacture of lifting and handling equipment,72
842612,Mobile lifting frames on tyres and straddle car,2915,Manufacture of lifting and handling equipment,72
842619,Transporter or bridge cranes,2915,Manufacture of lifting and handling equipment,72
842620,Tower cranes,2915,Manufacture of lifting and handling equipment,72
842630,Portal or pedestal jib cranes,2915,Manufacture of lifting and handling equipment,72
842641,Derricks/cranes or works trucks fitted with a c,2915,Manufacture of lifting and handling equipment,72
842649,"Derricks, cranes or work trucks fitted with a c",2915,Manufacture of lifting and handling equipment,72
842691,Cranes designed for mounting on road vehicles,2915,Manufacture of lifting and handling equipment,72
842699,Cranes or derricks nes,2915,Manufacture of lifting and handling equipment,72
842710,Self-propelled works trucks powered by an elect,2915,Manufacture of lifting and handling equipment,72
842720,Self-propelled works trucks nes,2915,Manufacture of lifting and handling equipment,72
842790,Trucks fitted with lifting or handling equipmen,2915,Manufacture of lifting and handling equipment,72
842810,Lifts and skip hoists,2915,Manufacture of lifting and handling equipment,72
842820,Pneumatic elevators and conveyors,2915,Manufacture of lifting and handling equipment,72
842831,Cont-action elevators/conveyors for goods/mat s,2924,"Manufacture of machinery for mining, quarrying and construction",72
842832,"Cont-action elevators/conveyors for goods/mat,",2915,Manufacture of lifting and handling equipment,72
842833,"Cont-action elevators/conveyors for goods/mat,",2915,Manufacture of lifting and handling equipment,72
842839,Cont-action elevators/conveyors for goods/mat n,2915,Manufacture of lifting and handling equipment,72
842840,Escalators and moving walkways,2915,Manufacture of lifting and handling equipment,72
842850,Wagon handling equipment,2915,Manufacture of lifting and handling equipment,72
842860,"Teleferics,chair-lifts,ski-draglines; traction",2915,Manufacture of lifting and handling equipment,72
842890,"Lifting, handling, loading or unloading machine",2915,Manufacture of lifting and handling equipment,72
842911,"Bulldozers and angledozers, crawler type",2924,"Manufacture of machinery for mining, quarrying and construction",72
842919,"Bulldozers and angledozers, wheeled",2924,"Manufacture of machinery for mining, quarrying and construction",72
842920,"Graders and levellers, self-propelled",2924,"Manufacture of machinery for mining, quarrying and construction",72
842930,"Scrapers, self-propelled",2924,"Manufacture of machinery for mining, quarrying and construction",72
842940,"Tamping machines and road rollers, self-propell",2924,"Manufacture of machinery for mining, quarrying and construction",72
842951,Front end shovel loaders,2924,"Manufacture of machinery for mining, quarrying and construction",72
842952,Shovels and excavators with a 360 revolving sup,2924,"Manufacture of machinery for mining, quarrying and construction",72
842959,Self-propelled excavating machinery nes,2924,"Manufacture of machinery for mining, quarrying and construction",72
843010,Pile-drivers and pile-extractors,2924,"Manufacture of machinery for mining, quarrying and construction",72
843020,"Snow-ploughs and snow-blowers, not self-propell",2924,"Manufacture of machinery for mining, quarrying and construction",72
843031,"Coal or rock cutters, self-propelled",2924,"Manufacture of machinery for mining, quarrying and construction",72
843039,"Coal or rock cutters, not self-propelled",2924,"Manufacture of machinery for mining, quarrying and construction",72
843041,"Boring or sinking machinery nes, self-propelled",2924,"Manufacture of machinery for mining, quarrying and construction",72
843049,"Boring or sinking machinery nes, not self-prope",2924,"Manufacture of machinery for mining, quarrying and construction",72
843050,"Construction equipment, self-propelled nes",2924,"Manufacture of machinery for mining, quarrying and construction",72
843061,"Tamping or compacting machinery, not self-prope",2924,"Manufacture of machinery for mining, quarrying and construction",72
843062,"Scrapers, not self-propelled",2924,"Manufacture of machinery for mining, quarrying and construction",72
843069,"Construction equipment, not self-propelled nes",2924,"Manufacture of machinery for mining, quarrying and construction",72
843110,Parts of machinery of heading No 84.25,2915,Manufacture of lifting and handling equipment,72
843120,Parts of fork-lift and other works trucks fitte,2915,Manufacture of lifting and handling equipment,72
843131,"Parts of lifts, skip hoist or escalators",2915,Manufacture of lifting and handling equipment,72
843139,"Parts of lifting, handling, loading or unloadin",2915,Manufacture of lifting and handling equipment,72
843141,"Buckets, shovels, grabs and grips of excavating",2915,Manufacture of lifting and handling equipment,72
843142,Bulldozer and angledozer blades,2924,"Manufacture of machinery for mining, quarrying and construction",72
843143,"Parts of boring or sinking machinery, whether o",2924,"Manufacture of machinery for mining, quarrying and construction",72
843149,"Parts of cranes, work-trucks, shovels, and othe",2924,"Manufacture of machinery for mining, quarrying and construction",72
843210,Ploughs,2921,Manufacture of agricultural and forestry machinery,72
843221,Disc harrows,2921,Manufacture of agricultural and forestry machinery,72
843229,"Scarifiers, cultivators, weeders and hoes",2921,Manufacture of agricultural and forestry machinery,72
843230,"Seeders, planters and transplanters",2921,Manufacture of agricultural and forestry machinery,72
843240,Manure spreaders and fertiliser distributors,2921,Manufacture of agricultural and forestry machinery,72
843280,"Rollers, stone-removers and oth soil preparatio",2921,Manufacture of agricultural and forestry machinery,72
843290,Parts for rollers and other soil preparation or,2921,Manufacture of agricultural and forestry machinery,72
843311,"Mowers, powered, lawn, with horizontal cutting",2921,Manufacture of agricultural and forestry machinery,72
843319,"Mowers, powered, lawn, nes",2921,Manufacture of agricultural and forestry machinery,72
843320,Mowers for hay etc including cutter bars for tr,2921,Manufacture of agricultural and forestry machinery,72
843330,Hay tedders and rakes and other haymaking machi,2921,Manufacture of agricultural and forestry machinery,72
843340,"Straw or fodder balers, including pick-up baler",2921,Manufacture of agricultural and forestry machinery,72
843351,Combine harvester-threshers,2921,Manufacture of agricultural and forestry machinery,72
843352,Threshing machinery nes,2921,Manufacture of agricultural and forestry machinery,72
843353,Root or tuber harvesting machines,2921,Manufacture of agricultural and forestry machinery,72
843359,Harvesting machinery nes,2921,Manufacture of agricultural and forestry machinery,72
843360,"Machines for cleaning, sorting or grading eggs,",2921,Manufacture of agricultural and forestry machinery,72
843390,"Parts of harvesting, threshing and oth agricult",2921,Manufacture of agricultural and forestry machinery,72
843410,Milking machines,2921,Manufacture of agricultural and forestry machinery,72
843420,Dairy machinery,2925,"Manufacture of machinery for food, beverage and tobacco processing",72
843490,Parts of milking machines and dairy machinery,2925,"Manufacture of machinery for food, beverage and tobacco processing",72
843510,"Presses, crushers &sim mach used in the mfg of",2925,"Manufacture of machinery for food, beverage and tobacco processing",72
843590,"Parts of presses, crushers & sim mach used in t",2925,"Manufacture of machinery for food, beverage and tobacco processing",72
843610,Machinery for preparing animal feeding stuffs,2921,Manufacture of agricultural and forestry machinery,72
843621,Poultry incubators and brooders,2921,Manufacture of agricultural and forestry machinery,72
843629,"Poultry-keeping machinery, nes",2921,Manufacture of agricultural and forestry machinery,72
843680,Agri/hortic/forestry bee-keeping mach nes inc g,2921,Manufacture of agricultural and forestry machinery,72
843691,Parts of poultry-keeping machinery,2921,Manufacture of agricultural and forestry machinery,72
843699,Parts of agr/hort/forestry/bee-keeping mach nes,2921,Manufacture of agricultural and forestry machinery,72
843710,"Machines for cleaning/sorting or grading seed,g",2921,Manufacture of agricultural and forestry machinery,72
843780,Mach for milling/working of cereals/ dried legu,2925,"Manufacture of machinery for food, beverage and tobacco processing",72
843790,"Pts of clean/sort mach etc for seed/grn, mill/w",2925,"Manufacture of machinery for food, beverage and tobacco processing",72
843810,"Bakery mach and machy for the mfg of macaroni,",2925,"Manufacture of machinery for food, beverage and tobacco processing",72
843820,"Machinery for the manufacture of confectionary,",2925,"Manufacture of machinery for food, beverage and tobacco processing",72
843830,Machinery for sugar manufacture,2925,"Manufacture of machinery for food, beverage and tobacco processing",72
843840,Brewery machinery,2925,"Manufacture of machinery for food, beverage and tobacco processing",72
843850,Machinery for the preparation of meat or poultr,2925,"Manufacture of machinery for food, beverage and tobacco processing",72
843860,"Machinery for the preparation of fruits, nuts o",2925,"Manufacture of machinery for food, beverage and tobacco processing",72
843880,Mach for the ind prep/mfr of food/ drink exc fo,2925,"Manufacture of machinery for food, beverage and tobacco processing",72
843890,Pts of mach for the ind prep/mfr of food etc ex,2925,"Manufacture of machinery for food, beverage and tobacco processing",72
843910,Machinery for making pulp of fibrous cellulosic,2929,Manufacture of other special purpose machinery,72
843920,Machinery for making paper or paperboard,2929,Manufacture of other special purpose machinery,72
843930,Machinery for finishing paper or paperboard,2929,Manufacture of other special purpose machinery,72
843991,Parts of mach for making pulp of fibrous cellul,2929,Manufacture of other special purpose machinery,72
843999,Parts of mach for making or finishing paper or,2929,Manufacture of other special purpose machinery,72
844010,"Book-binding machinery, including book-sewing m",2929,Manufacture of other special purpose machinery,72
844090,Parts of book-binding machinery including book-,2929,Manufacture of other special purpose machinery,72
844110,"Cutting machines for paper pulp, paper or paper",2929,Manufacture of other special purpose machinery,72
844120,"Machines for making bags, sacks or envelopes of",2929,Manufacture of other special purpose machinery,72
844130,"Mach for making boxes or sim cont, of paper or",2929,Manufacture of other special purpose machinery,72
844140,"Machines for moulding articles in paper pulp, p",2929,Manufacture of other special purpose machinery,72
844180,"Machinery for making up paper pulp, paper or pa",2929,Manufacture of other special purpose machinery,72
844190,"Pts of mach for making up paper pulp,paper or p",2929,Manufacture of other special purpose machinery,72
844210,Phototype-setting and composing machines,2929,Manufacture of other special purpose machinery,72
844220,Mach app&equip for type-set or comp by oth proc,2929,Manufacture of other special purpose machinery,72
844230,Mach app & equip for preparing or making printi,2929,Manufacture of other special purpose machinery,72
844240,Pts of mach/app&equip for type-set or type-foun,2929,Manufacture of other special purpose machinery,72
844250,"Printing type,blocks,plates,cylinders&oth print",2222,Service activities related to printing,18
844311,Reel fed offset printing machinery,2929,Manufacture of other special purpose machinery,72
844312,"Sheet fed, office type (sheet size not exc-22x3",3000,"Manufacture of office, accounting and computing machinery",72
844319,Offset printing machinery nes,2929,Manufacture of other special purpose machinery,72
844321,Reel fed letterpress printing mach exc flexogra,2929,Manufacture of other special purpose machinery,72
844329,Letterpress printing machinery nes exc flexogra,2929,Manufacture of other special purpose machinery,72
844330,Flexographic printing machinery,2929,Manufacture of other special purpose machinery,72
844340,Gravure printing machinery,2929,Manufacture of other special purpose machinery,72
844350,Printing machinery nes,2929,Manufacture of other special purpose machinery,72
844360,Machines for uses ancillary to printing,2929,Manufacture of other special purpose machinery,72
844390,Parts of printing machinery & machines for uses,2929,Manufacture of other special purpose machinery,72
844400,"Machines for extruding, drawing, text or cuttin",2926,"Manufacture of machinery for textile, apparel and leather production",72
844511,Textile carding machines,2926,"Manufacture of machinery for textile, apparel and leather production",72
844512,Textile combing machines,2926,"Manufacture of machinery for textile, apparel and leather production",72
844513,Textile drawing or roving machines,2926,"Manufacture of machinery for textile, apparel and leather production",72
844519,Textile preparing machines nes,2926,"Manufacture of machinery for textile, apparel and leather production",72
844520,Textile spinning machines,2926,"Manufacture of machinery for textile, apparel and leather production",72
844530,Textile doubling or twisting machines,2926,"Manufacture of machinery for textile, apparel and leather production",72
844540,Textile winding (including weft-winding) or ree,2926,"Manufacture of machinery for textile, apparel and leather production",72
844590,Machinery for producing or preparing textile ya,2926,"Manufacture of machinery for textile, apparel and leather production",72
844610,Machines for weaving fabrics of a width not exc,2926,"Manufacture of machinery for textile, apparel and leather production",72
844621,Machines for weaving fabrics of a width exc 30,2926,"Manufacture of machinery for textile, apparel and leather production",72
844629,Machines for weaving fabrics of a width exceedi,2926,"Manufacture of machinery for textile, apparel and leather production",72
844630,Machines for weaving fabrics of a width exceedi,2926,"Manufacture of machinery for textile, apparel and leather production",72
844711,Circular knitting machines with cylinder diamet,2926,"Manufacture of machinery for textile, apparel and leather production",72
844712,Circular knitting machines with cylinder diamet,2926,"Manufacture of machinery for textile, apparel and leather production",72
844720,Flat knitting machines; stitch-bonding machines,2926,"Manufacture of machinery for textile, apparel and leather production",72
844790,Mach for making gimped yarn/tulle/lace/embroide,2926,"Manufacture of machinery for textile, apparel and leather production",72
844811,"Dobbies,Jacquards,card reducing, for use with m",2926,"Manufacture of machinery for textile, apparel and leather production",72
844819,Auxiliary machinery nes for machines of heading,2926,"Manufacture of machinery for textile, apparel and leather production",72
844820,Pts & access of mach of hdg No 84.44 or of thei,2926,"Manufacture of machinery for textile, apparel and leather production",72
844831,Card clothing for hdg No 84.45,2926,"Manufacture of machinery for textile, apparel and leather production",72
844832,"Pts&access of mach for prep text fib,(exc card",2926,"Manufacture of machinery for textile, apparel and leather production",72
844833,"Spindles,spindle flyers,spinning rings&ring tra",2926,"Manufacture of machinery for textile, apparel and leather production",72
844839,Pts & access of mach of heading No 84.45 or of,2926,"Manufacture of machinery for textile, apparel and leather production",72
844841,Shuttles for weaving machines (looms),2926,"Manufacture of machinery for textile, apparel and leather production",72
844842,"Reeds for looms, healds & heald-frames for weav",2926,"Manufacture of machinery for textile, apparel and leather production",72
844849,Parts and accessories of weaving mches or of th,2926,"Manufacture of machinery for textile, apparel and leather production",72
844851,"Sinkers,needles&oth art. used in form stitches",2926,"Manufacture of machinery for textile, apparel and leather production",72
844859,Parts&access of machines of hdg No 84.47 or of,2926,"Manufacture of machinery for textile, apparel and leather production",72
844900,Mach for the mfr or fin of felt or n-wov in the,2926,"Manufacture of machinery for textile, apparel and leather production",72
845011,"Automatic washing machines, of a dry linen capa",2930,Manufacture of domestic appliances n.e.c.,28
845012,Washing machines of a dry linen capacity =<10kg,2930,Manufacture of domestic appliances n.e.c.,28
845019,Household or laundry-type washing mach of a dry,2930,Manufacture of domestic appliances n.e.c.,28
845020,Household or laundry-type washing mach of a dry,2926,"Manufacture of machinery for textile, apparel and leather production",72
845090,Parts of household or laundry-type washing mach,2926,"Manufacture of machinery for textile, apparel and leather production",72
845110,Dry-cleaning machines o/t hdg No 84.50,2926,"Manufacture of machinery for textile, apparel and leather production",72
845121,Drying machines (o/t hdg No 84.50) each of a dr,2930,Manufacture of domestic appliances n.e.c.,28
845129,Drying machines (o/t No 84.50) nes,2926,"Manufacture of machinery for textile, apparel and leather production",72
845130,Ironing mach & presses (including fusing presse,2926,"Manufacture of machinery for textile, apparel and leather production",72
845140,"Washing, bleaching or dyeing machines (o/t mach",2926,"Manufacture of machinery for textile, apparel and leather production",72
845150,"Mach for reeling,unreeling,folding,cut or pink",2926,"Manufacture of machinery for textile, apparel and leather production",72
845180,Mach for wring/dress/finishing/coating or impre,2926,"Manufacture of machinery for textile, apparel and leather production",72
845190,Pts of washing/cleaning/drying/ironing/ dyeing,2926,"Manufacture of machinery for textile, apparel and leather production",72
845210,Household type sewing machines,2926,"Manufacture of machinery for textile, apparel and leather production",72
845221,"Automatic sewing machines, other than book-sewi",2926,"Manufacture of machinery for textile, apparel and leather production",72
845229,"Sewing machines, other than book-sewing machine",2926,"Manufacture of machinery for textile, apparel and leather production",72
845230,Sewing machine needles,2926,"Manufacture of machinery for textile, apparel and leather production",72
845240,"Furniture, bases and covers for sewing machines",2926,"Manufacture of machinery for textile, apparel and leather production",72
845290,"Parts of sewing machines, nes",2926,"Manufacture of machinery for textile, apparel and leather production",72
845310,"Machinery for preparing,tanning or working hide",2926,"Manufacture of machinery for textile, apparel and leather production",72
845320,Machinery for making or repairing footwear,2926,"Manufacture of machinery for textile, apparel and leather production",72
845380,"Mach for making or repair art of hides,skins or",2926,"Manufacture of machinery for textile, apparel and leather production",72
845390,Pts of mach for prep etc hides skin leather or,2926,"Manufacture of machinery for textile, apparel and leather production",72
845410,Converters used in metallurgy or metal foundrie,2923,Manufacture of machinery for metallurgy,72
845420,Ingot moulds & ladles used in metallurgy or met,2923,Manufacture of machinery for metallurgy,72
845430,Casting machines used in metallurgy or metal fo,2923,Manufacture of machinery for metallurgy,72
845490,Pts of converters/ladles/ingot moulds&casting m,2923,Manufacture of machinery for metallurgy,72
845510,"Tube mills, metal rolling",2923,Manufacture of machinery for metallurgy,72
845521,Hot or combination hot & cold metal rolling mil,2923,Manufacture of machinery for metallurgy,72
845522,Cold metal rolling mills,2923,Manufacture of machinery for metallurgy,72
845530,Rolls for metal rolling mills,2923,Manufacture of machinery for metallurgy,72
845590,Parts of metal rolling mills & rolls,2923,Manufacture of machinery for metallurgy,72
845610,Mach-tls for work any mat by rem of mat optd by,2922,Manufacture of machine-tools,72
845620,Mach-tls for work any mat by rem of mat optd by,2922,Manufacture of machine-tools,72
845630,Mach-tls for work any mat by rem of mat optd by,2922,Manufacture of machine-tools,72
845690,Mach-tls for work any mat by rem of mat optd by,2922,Manufacture of machine-tools,72
845710,"Machining centres, for working metal",2922,Manufacture of machine-tools,72
845720,Unit construction machines (single sta) for wor,2922,Manufacture of machine-tools,72
845730,Multi-station transfer machines for working met,2922,Manufacture of machine-tools,72
845811,Horizontal lathes numerically controlled for re,2922,Manufacture of machine-tools,72
845819,Horizontal lathes nes for removing metal,2922,Manufacture of machine-tools,72
845891,Lathes nes numerically controlled for removing,2922,Manufacture of machine-tools,72
845899,Lathes nes for removing metal,2922,Manufacture of machine-tools,72
845910,Way-type unit head mches for removing metal,2922,Manufacture of machine-tools,72
845921,Drilling mches nes; numerically controlled for,2922,Manufacture of machine-tools,72
845929,"Drilling mches nes, for removing metal",2922,Manufacture of machine-tools,72
845931,"Boring-milling mches nes, numerically controlle",2922,Manufacture of machine-tools,72
845939,Boring-milling mches nes for removing metal,2922,Manufacture of machine-tools,72
845940,Boring machines nes for removing metal,2922,Manufacture of machine-tools,72
845951,"Milling mach, knee-type numerically controlled",2922,Manufacture of machine-tools,72
845959,"Milling mach, knee-type nes for removing metal",2922,Manufacture of machine-tools,72
845961,"Milling machines nes, numerically controlled fo",2922,Manufacture of machine-tools,72
845969,"Milling machines nes, for removing metal",2922,Manufacture of machine-tools,72
845970,Threading or tapping machines nes for removing,2922,Manufacture of machine-tools,72
846011,Fl-surf grinding mach where the pos of one axis,2922,Manufacture of machine-tools,72
846019,Fl-surf grinding mach where the pos of one axis,2922,Manufacture of machine-tools,72
846021,Grinding mach where pos of one axis to an acc t,2922,Manufacture of machine-tools,72
846029,Grinding mach where pos of one axis to an acc t,2922,Manufacture of machine-tools,72
846031,Sharpening (tool or cutter grinding) mach n/c f,2922,Manufacture of machine-tools,72
846039,Sharpening (tool or cutter grinding) mach nes f,2922,Manufacture of machine-tools,72
846040,Honing or lapping machines for removing metal,2922,Manufacture of machine-tools,72
846090,Mach-tools for deburring polishing etc for fin,2922,Manufacture of machine-tools,72
846110,Planing machines by removing metal,2922,Manufacture of machine-tools,72
846120,Shaping or slotting machines by removing metal,2922,Manufacture of machine-tools,72
846130,Broaching machines by removing metal,2922,Manufacture of machine-tools,72
846140,"Gear cutting, gear grinding or gear finishing m",2922,Manufacture of machine-tools,72
846150,Sawing or cutting-off machines by removing meta,2922,Manufacture of machine-tools,72
846190,Filing or engraving mach(o/t those of hdg 84.59,2922,Manufacture of machine-tools,72
846210,Forging or die-stamping mach (inc presses) and,2922,Manufacture of machine-tools,72
846221,Bending folding stgting or flattening mach (inc,2922,Manufacture of machine-tools,72
846229,Bending/folding/stgting or flattening mach (inc,2922,Manufacture of machine-tools,72
846231,Shearing mach (inc presses) o/t combined punch/,2922,Manufacture of machine-tools,72
846239,Shearing mach (inc presses) o/t combined pnnch/,2922,Manufacture of machine-tools,72
846241,Punching/notching mach including comb punch/she,2922,Manufacture of machine-tools,72
846249,Punching/notching mach including comb punch/she,2922,Manufacture of machine-tools,72
846291,Hydraulic presses for working metal,2922,Manufacture of machine-tools,72
846299,Presses nes for working metal,2922,Manufacture of machine-tools,72
846310,Draw-benches for bars/tubes/profiles wire or th,2922,Manufacture of machine-tools,72
846320,Thread rolling machines for working metal,2922,Manufacture of machine-tools,72
846330,Machines for working metal wire,2922,Manufacture of machine-tools,72
846390,Mach-tls for wrkg mtl/sntrd mtl carbd or cermet,2922,Manufacture of machine-tools,72
846410,Sawing mach for wrkg stone/ceram/concr/asb/ceme,2922,Manufacture of machine-tools,72
846420,Grindg/polish mach for wrkg ston/ceram/concr/as,2922,Manufacture of machine-tools,72
846490,Mach-tls for wrkg ston/ceram/concr/asb-cement e,2922,Manufacture of machine-tools,72
846510,Mach which can c/o diff typ of mach op w/o tl c,2922,Manufacture of machine-tools,72
846591,Sawing machines for working wood/cork/ bone/har,2922,Manufacture of machine-tools,72
846592,Planing/milling or moulding (by cutting) mach f,2922,Manufacture of machine-tools,72
846593,Grinding/sanding or polishing mach for working,2922,Manufacture of machine-tools,72
846594,Bending or assy mach for wrkg wood/cork/ bone/h,2922,Manufacture of machine-tools,72
846595,Drilling or morticing mach for wrkg wood /cork/,2922,Manufacture of machine-tools,72
846596,Splitting/slicing or paring mach for wrkg wood/,2922,Manufacture of machine-tools,72
846599,Mach-tls for working wod/crk/bne/hrd rubber/hrd,2922,Manufacture of machine-tools,72
846610,Tool holders and self-opening dieheads for use,2922,Manufacture of machine-tools,72
846620,Work holders for use with mach of hdg 84.56 to,2922,Manufacture of machine-tools,72
846630,Dividg heads & other spec attach for mch for us,2922,Manufacture of machine-tools,72
846691,Parts and accessories nes for use on machines o,2922,Manufacture of machine-tools,72
846692,Parts and accessories nes for use on machines o,2922,Manufacture of machine-tools,72
846693,Parts and accessories nes for use on machines o,2922,Manufacture of machine-tools,72
846694,Parts and accessories nes for use on machines o,2922,Manufacture of machine-tools,72
846711,"Tools for working in the hand, pneumatic rotary",2922,Manufacture of machine-tools,72
846719,"Tools for working in the hand, pneumatic type n",2922,Manufacture of machine-tools,72
846781,Chain saws,2922,Manufacture of machine-tools,72
846789,Tools for working in the hand with self-contain,2922,Manufacture of machine-tools,72
846791,Chain saw parts,2922,Manufacture of machine-tools,72
846792,Pneumatic hand tool parts,2922,Manufacture of machine-tools,72
846799,"Hand tools nes, parts of",2922,Manufacture of machine-tools,72
846810,"Torches, hand-held, for soldering, brazing or w",2922,Manufacture of machine-tools,72
846820,Gas-operated machinery for welding nes,2922,Manufacture of machine-tools,72
846880,Welding machinery not gas-operated,2922,Manufacture of machine-tools,72
846890,Welding machinery parts,2922,Manufacture of machine-tools,72
846910,Automatic typewriters and word-processing machi,3000,"Manufacture of office, accounting and computing machinery",72
846921,"Typewriters, electric, weighing not more than 1",3000,"Manufacture of office, accounting and computing machinery",72
846929,"Typewriters, electric, nes",3000,"Manufacture of office, accounting and computing machinery",72
846931,"Typewriters, non-electric, weighing not more th",3000,"Manufacture of office, accounting and computing machinery",72
846939,"Typewriters, non-electric, nes",3000,"Manufacture of office, accounting and computing machinery",72
847010,Electronic calculators capable of oper without,3000,"Manufacture of office, accounting and computing machinery",72
847021,"Electronic calculating machines, incorporating",3000,"Manufacture of office, accounting and computing machinery",72
847029,"Electronic calculating machines, nes",3000,"Manufacture of office, accounting and computing machinery",72
847030,"Calculating machines, nes",3000,"Manufacture of office, accounting and computing machinery",72
847040,Accounting machines,3000,"Manufacture of office, accounting and computing machinery",72
847050,Cash registers,3000,"Manufacture of office, accounting and computing machinery",72
847090,Postage franking mchy ticket-issuing mchy etc i,3000,"Manufacture of office, accounting and computing machinery",72
847110,Analogue or hybrid automatic data processing ma,3000,"Manufacture of office, accounting and computing machinery",72
847120,Digital auto data process mach cntg in the same,3000,"Manufacture of office, accounting and computing machinery",72
847191,Digital process units whether or not presented,3000,"Manufacture of office, accounting and computing machinery",72
847192,"Input or output units, whether or not presented",3000,"Manufacture of office, accounting and computing machinery",72
847193,"Storage units, whether or not presented with th",3000,"Manufacture of office, accounting and computing machinery",72
847199,Automatic data processing machines and units th,3000,"Manufacture of office, accounting and computing machinery",72
847210,Office duplicating machines,3000,"Manufacture of office, accounting and computing machinery",72
847220,Addressing machines and address plate embossing,3000,"Manufacture of office, accounting and computing machinery",72
847230,Mchy for sorting or folding mail etc & mchy for,3000,"Manufacture of office, accounting and computing machinery",72
847290,"Office machines, nes",3000,"Manufacture of office, accounting and computing machinery",72
847310,Parts and accessories of typewriters and word-p,3000,"Manufacture of office, accounting and computing machinery",72
847321,Parts and accessories of electronic calculating,3000,"Manufacture of office, accounting and computing machinery",72
847329,Parts and accessories of calculating & accounti,3000,"Manufacture of office, accounting and computing machinery",72
847330,Parts and accessories of automatic data process,3000,"Manufacture of office, accounting and computing machinery",72
847340,"Parts and accessories of other office machines,",3000,"Manufacture of office, accounting and computing machinery",72
847410,Sorting/screening/separating or washing mach fo,2924,"Manufacture of machinery for mining, quarrying and construction",72
847420,Crushing/grinding machines for earth/ stone/ore,2924,"Manufacture of machinery for mining, quarrying and construction",72
847431,Concrete or mortar mixers,2924,"Manufacture of machinery for mining, quarrying and construction",72
847432,Machines for mixing mineral substances with bit,2924,"Manufacture of machinery for mining, quarrying and construction",72
847439,Mixing or kneading machines nes for earth or ot,2924,"Manufacture of machinery for mining, quarrying and construction",72
847480,"Mach for agglomerating minerals fuels,mach for",2924,"Manufacture of machinery for mining, quarrying and construction",72
847490,Pts of sorting/screening/mixing/crushing/grindi,2924,"Manufacture of machinery for mining, quarrying and construction",72
847510,"Mach for assembling electric lamps, tubes, flas",2929,Manufacture of other special purpose machinery,72
847520,Machines for manufacturing or hot working glass,2929,Manufacture of other special purpose machinery,72
847590,Parts of glass working machines,2929,Manufacture of other special purpose machinery,72
847611,Automatic gds-vending mach incorporating heatin,2919,Manufacture of other general purpose machinery,72
847619,"Automatic goods-vending machines, nes",2919,Manufacture of other general purpose machinery,72
847690,Parts of automatic goods-vending machine,2919,Manufacture of other general purpose machinery,72
847710,Injection-moulding machines for working rubber,2929,Manufacture of other special purpose machinery,72
847720,Extruders for working rubber or plastics nes,2929,Manufacture of other special purpose machinery,72
847730,Blow moulding machines for working rubber or pl,2929,Manufacture of other special purpose machinery,72
847740,Vacuum mld mach & other thermoforming mach to w,2929,Manufacture of other special purpose machinery,72
847751,Mach for moulding/retreading pneu tires or to m,2929,Manufacture of other special purpose machinery,72
847759,Mach for moulding or otherwise forming rubber o,2929,Manufacture of other special purpose machinery,72
847780,Mach for working rubber or plastics or for the,2929,Manufacture of other special purpose machinery,72
847790,Pts of mach for wrkg rubber or plas or for the,2929,Manufacture of other special purpose machinery,72
847810,Machinery for preparing or making up tobacco ne,2925,"Manufacture of machinery for food, beverage and tobacco processing",72
847890,Parts of machinery for preparing or making up t,2925,"Manufacture of machinery for food, beverage and tobacco processing",72
847910,"Mach for public works,building or the like,nes",2924,"Manufacture of machinery for mining, quarrying and construction",72
847920,Mach for the extraction/prep of animal/ fixed f,2925,"Manufacture of machinery for food, beverage and tobacco processing",72
847930,Press for the mfr of part/fib board or for trea,2922,Manufacture of machine-tools,72
847940,"Rope or cable-making machines, nes having indiv",2929,Manufacture of other special purpose machinery,72
847981,Mach for treating mtl inc electric wire coil-wi,2929,Manufacture of other special purpose machinery,72
847982,Mach for mixing/kneading/crushing/grinding etc,2929,Manufacture of other special purpose machinery,72
847989,Machines & mechanical appliances nes having ind,2929,Manufacture of other special purpose machinery,72
847990,Parts of machines & mechanical appliances nes h,2929,Manufacture of other special purpose machinery,72
848010,"Boxes, moulding, for metal foundry",2929,Manufacture of other special purpose machinery,72
848020,"Bases, mould",2929,Manufacture of other special purpose machinery,72
848030,"Patterns, moulding",2929,Manufacture of other special purpose machinery,72
848041,"Moulds, injection or compression types, for met",2929,Manufacture of other special purpose machinery,72
848049,"Moulds for metal or metal carbides, nes",2929,Manufacture of other special purpose machinery,72
848050,Moulds for glass,2929,Manufacture of other special purpose machinery,72
848060,Moulds for mineral materials,2929,Manufacture of other special purpose machinery,72
848071,"Moulds, injection or compression types, for rub",2929,Manufacture of other special purpose machinery,72
848079,"Moulds for rubber or plastics, nes",2929,Manufacture of other special purpose machinery,72
848110,"Valves, pressure reducing",2912,"Manufacture of pumps, compressors, taps and valves",72
848120,Valves for oleohydraulic or pneumatic transmiss,2912,"Manufacture of pumps, compressors, taps and valves",72
848130,"Valves, check",2912,"Manufacture of pumps, compressors, taps and valves",72
848140,"Valves, safety or relief",2912,"Manufacture of pumps, compressors, taps and valves",72
848180,"Taps, cocks, valves and similar appliances, nes",2912,"Manufacture of pumps, compressors, taps and valves",72
848190,"Parts of taps, cocks, valves or similar applian",2912,"Manufacture of pumps, compressors, taps and valves",72
848210,"Bearings, ball",2913,"Manufacture of bearings, gears, gearing and driving elements",72
848220,"Bearings, tapered roller, including cone and ta",2913,"Manufacture of bearings, gears, gearing and driving elements",72
848230,"Bearings, spherical roller",2913,"Manufacture of bearings, gears, gearing and driving elements",72
848240,"Bearings, needle roller",2913,"Manufacture of bearings, gears, gearing and driving elements",72
848250,"Bearings, cylindrical roller, nes",2913,"Manufacture of bearings, gears, gearing and driving elements",72
848280,"Bearings, ball or roller, nes, including combin",2913,"Manufacture of bearings, gears, gearing and driving elements",72
848291,"Balls, needles and rollers for bearings",2913,"Manufacture of bearings, gears, gearing and driving elements",72
848299,"Bearing parts, nes",2913,"Manufacture of bearings, gears, gearing and driving elements",72
848310,"Transmission shafts and cranks, including cam s",2913,"Manufacture of bearings, gears, gearing and driving elements",72
848320,"Bearing housings, incorporating ball or roller",2913,"Manufacture of bearings, gears, gearing and driving elements",72
848330,"Bearing housings,not incorporating ball/roller",2913,"Manufacture of bearings, gears, gearing and driving elements",72
848340,"Gears and gearing,ball screws,gear boxes,speed",2913,"Manufacture of bearings, gears, gearing and driving elements",72
848350,"Flywheels and pulleys, including pulley blocks",2913,"Manufacture of bearings, gears, gearing and driving elements",72
848360,Clutches and shaft couplings (including univers,2913,"Manufacture of bearings, gears, gearing and driving elements",72
848390,Parts of power transmission equipment or oth gd,2913,"Manufacture of bearings, gears, gearing and driving elements",72
848410,Gaskets of metal sheeting combined with other m,2919,Manufacture of other general purpose machinery,72
848490,Gasket sets consisting of gaskets of different,2919,Manufacture of other general purpose machinery,72
848510,Ships' or boats propellers and blades therefor,2899,Manufacture of other fabricated metal products n.e.c.,72
848590,"Machinery parts, non-electrical, nes",2919,Manufacture of other general purpose machinery,72
850110,Electric motors of an output not exceeding 37.5,3110,"Manufacture of electric motors, generators and transformers",72
850120,Universal AC/DC motors of an output exceeding 3,3110,"Manufacture of electric motors, generators and transformers",72
850131,"DC motors, DC generators, of an output not exce",3110,"Manufacture of electric motors, generators and transformers",72
850132,"DC motors,DC generators,of an output exceeding",3110,"Manufacture of electric motors, generators and transformers",72
850133,"DC motors,DC generators,of an output exceeding",3110,"Manufacture of electric motors, generators and transformers",72
850134,"DC motors, DC generators, of an output exceedin",3110,"Manufacture of electric motors, generators and transformers",72
850140,"AC motors, single-phase, nes",3110,"Manufacture of electric motors, generators and transformers",72
850151,"AC motors, multi-phase, of an output not exceed",3110,"Manufacture of electric motors, generators and transformers",72
850152,"AC motors, multi-phase, of an output exceeding",3110,"Manufacture of electric motors, generators and transformers",72
850153,"AC motors, multi-phase, of an output exceeding",3110,"Manufacture of electric motors, generators and transformers",72
850161,"AC generators (alternators), of an output not e",3110,"Manufacture of electric motors, generators and transformers",72
850162,"AC generators, of an output exceeding 75 KVA bu",3110,"Manufacture of electric motors, generators and transformers",72
850163,"AC generators, of an output exceeding 375 KVA b",3110,"Manufacture of electric motors, generators and transformers",72
850164,"AC generators, of an output exceeding 750 KVA",3110,"Manufacture of electric motors, generators and transformers",72
850211,"Generating sets,diesel or semi-diesel engines,o",3110,"Manufacture of electric motors, generators and transformers",72
850212,"Generating sets,diesel or semi-diesel exceeding",3110,"Manufacture of electric motors, generators and transformers",72
850213,"Generating sets,diesel or semi-diesel engines,o",3110,"Manufacture of electric motors, generators and transformers",72
850220,Generating sets with spark-ignition internal co,3110,"Manufacture of electric motors, generators and transformers",72
850230,"Electric generating sets, nes",3110,"Manufacture of electric motors, generators and transformers",72
850240,Electric rotary converters,3110,"Manufacture of electric motors, generators and transformers",72
850300,"Parts of electric motors,generators,generating",3110,"Manufacture of electric motors, generators and transformers",72
850410,Ballasts for discharge lamps or tubes,3110,"Manufacture of electric motors, generators and transformers",72
850421,Liquid dielectric transformers having a power h,3110,"Manufacture of electric motors, generators and transformers",72
850422,Liq dielectric transf having a power handling c,3110,"Manufacture of electric motors, generators and transformers",72
850423,Liq dielectric transf having a power handling c,3110,"Manufacture of electric motors, generators and transformers",72
850431,Transformers electric power handling capacity n,3110,"Manufacture of electric motors, generators and transformers",72
850432,Transformers electric power handling capacity >,3110,"Manufacture of electric motors, generators and transformers",72
850433,Transformers electric power handling capacity >,3110,"Manufacture of electric motors, generators and transformers",72
850434,Transformers electric having a power handling c,3110,"Manufacture of electric motors, generators and transformers",72
850440,"Static converters, nes",3110,"Manufacture of electric motors, generators and transformers",72
850450,"Inductors, electric",3110,"Manufacture of electric motors, generators and transformers",72
850490,"Parts of electrical transformers, static conver",3110,"Manufacture of electric motors, generators and transformers",72
850511,Permanent magnets and art. intended to become p,3190,Manufacture of other electrical equipment n.e.c.,72
850519,Permanent magnets and articles intended to beco,3190,Manufacture of other electrical equipment n.e.c.,72
850520,"Electro-magnetic couplings, clutches and brakes",3190,Manufacture of other electrical equipment n.e.c.,72
850530,Electro-magnetic lifting heads,3190,Manufacture of other electrical equipment n.e.c.,72
850590,Electro-magnets nes and parts of heading No 85.,3190,Manufacture of other electrical equipment n.e.c.,72
850611,Manganese dioxide primary cells&batt of an exte,3140,"Manufacture of accumulators, primary cells and primary batteries",72
850612,Mercuric oxide primary cells & batteries of an,3140,"Manufacture of accumulators, primary cells and primary batteries",72
850613,Silver oxide primary cells&batteries of an exte,3140,"Manufacture of accumulators, primary cells and primary batteries",72
850619,Primary cells and primary batteries of an exter,3140,"Manufacture of accumulators, primary cells and primary batteries",72
850620,Primary cells and primary batteries of an exter,3140,"Manufacture of accumulators, primary cells and primary batteries",72
850690,Parts of primary cells and primary batteries,3140,"Manufacture of accumulators, primary cells and primary batteries",72
850710,Lead-acid electric accumulators of a kind used,3140,"Manufacture of accumulators, primary cells and primary batteries",72
850720,Lead-acid electric accumulators nes,3140,"Manufacture of accumulators, primary cells and primary batteries",72
850730,Nickel-cadmium electric accumulators,3140,"Manufacture of accumulators, primary cells and primary batteries",72
850740,Nickel-iron electric accumultors,3140,"Manufacture of accumulators, primary cells and primary batteries",72
850780,"Electric accumulators, nes",3140,"Manufacture of accumulators, primary cells and primary batteries",72
850790,"Parts of electric accumulators, including separ",3140,"Manufacture of accumulators, primary cells and primary batteries",72
850810,"Drills, hand-held, with self-contained electric",2922,Manufacture of machine-tools,72
850820,"Saws, hand-held, with self-contained electric m",2922,Manufacture of machine-tools,72
850880,"Tools, nes, hand-held, with self-contained elec",2922,Manufacture of machine-tools,72
850890,Parts of hand tools with self-contained electri,2922,Manufacture of machine-tools,72
850910,Domestic vacuum cleaners,2930,Manufacture of domestic appliances n.e.c.,28
850920,Domestic floor polishers,2930,Manufacture of domestic appliances n.e.c.,28
850930,Domestic kitchen waste disposers,2930,Manufacture of domestic appliances n.e.c.,28
850940,Domestic food grinders and mixers; fruit or veg,2930,Manufacture of domestic appliances n.e.c.,28
850980,"Electro-mechanical domestic appliances,with sel",2930,Manufacture of domestic appliances n.e.c.,28
850990,Parts of electro-mech dom appliances with self-,2930,Manufacture of domestic appliances n.e.c.,28
851010,"Shavers, with self-contained electric motor",2930,Manufacture of domestic appliances n.e.c.,28
851020,"Hair clippers, with self-contained electric mot",2930,Manufacture of domestic appliances n.e.c.,28
851090,"Parts of shavers and hair clippers, with self-c",2930,Manufacture of domestic appliances n.e.c.,28
851110,Spark plugs,3190,Manufacture of other electrical equipment n.e.c.,72
851120,"Ignition magnetos, magneto-generators and magne",3190,Manufacture of other electrical equipment n.e.c.,72
851130,Distributors and ignition coils,3190,Manufacture of other electrical equipment n.e.c.,72
851140,Starter motors,3190,Manufacture of other electrical equipment n.e.c.,72
851150,Generators and alternators,3190,Manufacture of other electrical equipment n.e.c.,72
851180,Glow plugs and other ignition or starting equip,3190,Manufacture of other electrical equipment n.e.c.,72
851190,Parts of electrical ignition or starting equipm,3190,Manufacture of other electrical equipment n.e.c.,72
851210,Lighting or signalling equipment of a kind used,3190,Manufacture of other electrical equipment n.e.c.,72
851220,Lighting or visual signalling equipment nes,3190,Manufacture of other electrical equipment n.e.c.,72
851230,Sound signalling equipment,3190,Manufacture of other electrical equipment n.e.c.,72
851240,"Windscreen wipes, defrosters and demisters",3190,Manufacture of other electrical equipment n.e.c.,72
851290,"Parts of electrical lighting, signalling and de",3190,Manufacture of other electrical equipment n.e.c.,72
851310,Portable electric lamps designed to function by,3150,Manufacture of electric lamps and lighting equipment,72
851390,Parts of portable elect lamps designed to funct,3150,Manufacture of electric lamps and lighting equipment,72
851410,Industrial & laboratory electric resistance hea,2914,"Manufacture of ovens, furnaces and furnace burners",72
851420,Industrial&laboratory electric induction or die,2914,"Manufacture of ovens, furnaces and furnace burners",72
851430,Industrial & laboratory electric furnaces & ove,2914,"Manufacture of ovens, furnaces and furnace burners",72
851440,Industrial&laboratory electric induction or die,2914,"Manufacture of ovens, furnaces and furnace burners",72
851490,Parts of industrial or laboratory electric furn,2914,"Manufacture of ovens, furnaces and furnace burners",72
851511,Electric soldering irons & guns,2922,Manufacture of machine-tools,72
851519,Electric brazing or soldering machines and appa,2922,Manufacture of machine-tools,72
851521,Electric mach/app for resistance welding of met,2922,Manufacture of machine-tools,72
851529,Electric mach/app for resistance welding of met,2922,Manufacture of machine-tools,72
851531,Elec mach&app for arc (inc plasma arc) welding,2922,Manufacture of machine-tools,72
851539,Electric mach/app for arc (inc plasma arc) weld,2922,Manufacture of machine-tools,72
851580,Electric/laser/ultrasonic mach for weld/cut nes,2922,Manufacture of machine-tools,72
851590,Pts of electric/laser/ultrasonic mach for weld/,2922,Manufacture of machine-tools,72
851610,Electric instantaneous or storage water heaters,2930,Manufacture of domestic appliances n.e.c.,28
851621,"Electric space heating apparatus, having storag",2930,Manufacture of domestic appliances n.e.c.,28
851629,Electric space heating apparatus and electric s,2930,Manufacture of domestic appliances n.e.c.,28
851631,Electro-thermic hair dryers,2930,Manufacture of domestic appliances n.e.c.,28
851632,"Electro-thermic hair-dressing apparatus, nes",2930,Manufacture of domestic appliances n.e.c.,28
851633,Electro-thermic hand-drying apparatus,2930,Manufacture of domestic appliances n.e.c.,28
851640,Electric smoothing irons,2930,Manufacture of domestic appliances n.e.c.,28
851650,Microwave ovens,2930,Manufacture of domestic appliances n.e.c.,28
851660,"Ovens; cookers,cooking plates,boiling rings,gri",2930,Manufacture of domestic appliances n.e.c.,28
851671,"Electro-thermic coffee or tea makers, domestic,",2930,Manufacture of domestic appliances n.e.c.,28
851672,"Electro-thermic toasters, domestic",2930,Manufacture of domestic appliances n.e.c.,28
851679,"Electro-thermic appliances, domestic, nes",2930,Manufacture of domestic appliances n.e.c.,28
851680,Electric heating resistors,2930,Manufacture of domestic appliances n.e.c.,28
851690,Parts of electro-thermic apparatus of heading N,2930,Manufacture of domestic appliances n.e.c.,28
851710,Telephone sets,3220,Manufacture of television and radio transmitters and apparatus for line telephony and line telegraph,72
851720,Teleprinters,3220,Manufacture of television and radio transmitters and apparatus for line telephony and line telegraph,72
851730,Telephonic or telegraphic switching apparatus,3220,Manufacture of television and radio transmitters and apparatus for line telephony and line telegraph,72
851740,"Apparatus, for carrier-current line systems, ne",3220,Manufacture of television and radio transmitters and apparatus for line telephony and line telegraph,72
851781,"Telephonic apparatus, nes",3220,Manufacture of television and radio transmitters and apparatus for line telephony and line telegraph,72
851782,"Telegraphic apparatus, nes",3220,Manufacture of television and radio transmitters and apparatus for line telephony and line telegraph,72
851790,Parts of electrical apparatus for line telephon,3220,Manufacture of television and radio transmitters and apparatus for line telephony and line telegraph,72
851810,Microphones and stands therefor,3230,"Manufacture of television and radio receivers, sound or video recording or reproducing apparatus, an",29
851821,"Single loudspeakers, mounted in the same enclos",3230,"Manufacture of television and radio receivers, sound or video recording or reproducing apparatus, an",29
851822,"Multiple loudspeakers, mounted in the same encl",3230,"Manufacture of television and radio receivers, sound or video recording or reproducing apparatus, an",29
851829,"Loudspeakers, nes",3230,"Manufacture of television and radio receivers, sound or video recording or reproducing apparatus, an",29
851830,"Headphones, earphones and combined microphone/s",3230,"Manufacture of television and radio receivers, sound or video recording or reproducing apparatus, an",29
851840,Audio-frequency electric amplifiers,3230,"Manufacture of television and radio receivers, sound or video recording or reproducing apparatus, an",29
851850,Electric sound amplifier sets,3230,"Manufacture of television and radio receivers, sound or video recording or reproducing apparatus, an",29
851890,"Parts of microphones,loudspeakers,headphones,ea",3230,"Manufacture of television and radio receivers, sound or video recording or reproducing apparatus, an",29
851910,Coin or disc-operated record-players,3230,"Manufacture of television and radio receivers, sound or video recording or reproducing apparatus, an",29
851921,"Record-players without loudspeaker, nes",3230,"Manufacture of television and radio receivers, sound or video recording or reproducing apparatus, an",29
851929,"Record-players, nes",3230,"Manufacture of television and radio receivers, sound or video recording or reproducing apparatus, an",29
851931,Turntables with automatic record changing mecha,3230,"Manufacture of television and radio receivers, sound or video recording or reproducing apparatus, an",29
851939,"Turntables, nes",3230,"Manufacture of television and radio receivers, sound or video recording or reproducing apparatus, an",29
851940,Transcribing machines,3230,"Manufacture of television and radio receivers, sound or video recording or reproducing apparatus, an",29
851991,"Sound reproducing apparatus,cassette type,not i",3230,"Manufacture of television and radio receivers, sound or video recording or reproducing apparatus, an",29
851999,"Sound reproducing apparatus, not incorporating",3230,"Manufacture of television and radio receivers, sound or video recording or reproducing apparatus, an",29
852010,Dictating mach not capable of operating without,3230,"Manufacture of television and radio receivers, sound or video recording or reproducing apparatus, an",29
852020,Telephone answering machines,3230,"Manufacture of television and radio receivers, sound or video recording or reproducing apparatus, an",29
852031,Magnetic tape rec incorporating sound reproduci,3230,"Manufacture of television and radio receivers, sound or video recording or reproducing apparatus, an",29
852039,Magnetic tape recorders incorporating sound rep,3230,"Manufacture of television and radio receivers, sound or video recording or reproducing apparatus, an",29
852090,Magnetic tape recorders and other sound recordi,3230,"Manufacture of television and radio receivers, sound or video recording or reproducing apparatus, an",29
852110,Video recording or reproducing apparatus magnet,3230,"Manufacture of television and radio receivers, sound or video recording or reproducing apparatus, an",29
852190,Video recording or reproducing apparatus nes,3230,"Manufacture of television and radio receivers, sound or video recording or reproducing apparatus, an",29
852210,Pick-up cartridges,3230,"Manufacture of television and radio receivers, sound or video recording or reproducing apparatus, an",29
852290,Parts and accessories of apparatus of heading N,3230,"Manufacture of television and radio receivers, sound or video recording or reproducing apparatus, an",29
852311,"Unrecorded magnetic tapes, of a width not excee",2429,Manufacture of other chemical products n.e.c.,22
852312,"Unrecorded magnetic tapes,of a width exceeding",2429,Manufacture of other chemical products n.e.c.,22
852313,"Unrecorded magnetic tapes, of a width exceeding",2429,Manufacture of other chemical products n.e.c.,22
852320,Unrecorded magnetic discs,2429,Manufacture of other chemical products n.e.c.,22
852390,Prepared unrecorded media for sound recording o,2429,Manufacture of other chemical products n.e.c.,22
852510,Transmission apparatus for radio-teleph radio-b,3220,Manufacture of television and radio transmitters and apparatus for line telephony and line telegraph,72
852520,"Transmission apparatus, for radioteleph incorpo",3220,Manufacture of television and radio transmitters and apparatus for line telephony and line telegraph,72
852530,Television cameras,3220,Manufacture of television and radio transmitters and apparatus for line telephony and line telegraph,72
852610,Radar aparatus,3312,"Manufacture of instruments and appliances for measuring, checking, testing, navigating and other pur",72
852691,Radio navigational aid apparatus,3312,"Manufacture of instruments and appliances for measuring, checking, testing, navigating and other pur",72
852692,Radio remote control apparatus,3312,"Manufacture of instruments and appliances for measuring, checking, testing, navigating and other pur",72
852711,Radio broad rece capable of op w/o an external,3230,"Manufacture of television and radio receivers, sound or video recording or reproducing apparatus, an",29
852719,Radio broad rece capable of op w/o an external,3230,"Manufacture of television and radio receivers, sound or video recording or reproducing apparatus, an",29
852721,Radio rece not capable of op w/o ext source of,3230,"Manufacture of television and radio receivers, sound or video recording or reproducing apparatus, an",29
852729,Radio rece not capable of op w/o ext source of,3230,"Manufacture of television and radio receivers, sound or video recording or reproducing apparatus, an",29
852731,Radio broad rece combined with sound record/rep,3230,"Manufacture of television and radio receivers, sound or video recording or reproducing apparatus, an",29
852732,Radio broad rece not combi with sound recording,3230,"Manufacture of television and radio receivers, sound or video recording or reproducing apparatus, an",29
852739,Radio-broadcast receivers nes,3230,"Manufacture of television and radio receivers, sound or video recording or reproducing apparatus, an",29
852790,Radio reception apparatus nes,3230,"Manufacture of television and radio receivers, sound or video recording or reproducing apparatus, an",29
852810,Television receivers including video monitors a,3230,"Manufacture of television and radio receivers, sound or video recording or reproducing apparatus, an",29
852820,Television receivers an including video monitor,3230,"Manufacture of television and radio receivers, sound or video recording or reproducing apparatus, an",29
852910,Aerials and aerial reflectors of all kinds; par,3230,"Manufacture of television and radio receivers, sound or video recording or reproducing apparatus, an",29
852990,Parts suitable for use solely or princ with the,3230,"Manufacture of television and radio receivers, sound or video recording or reproducing apparatus, an",29
853010,"Electrical signalling,safety or traffic control",3190,Manufacture of other electrical equipment n.e.c.,72
853080,"Electrical signalling, safety or traffic contro",3190,Manufacture of other electrical equipment n.e.c.,72
853090,"Parts of electrical signalling, safety or traff",3190,Manufacture of other electrical equipment n.e.c.,72
853110,Burglar or fire alarms and similar apparatus,3190,Manufacture of other electrical equipment n.e.c.,72
853120,Indicator panels incorporating liquid crystal d,3190,Manufacture of other electrical equipment n.e.c.,72
853180,"Electric sound or visual signalling apparatus,",3190,Manufacture of other electrical equipment n.e.c.,72
853190,Parts of electric sound or visual signalling ap,3190,Manufacture of other electrical equipment n.e.c.,72
853210,Fixed capacitors designed for use in 50/60 Hz c,3210,Manufacture of electronic valves and tubes and other electronic components,72
853221,"Electrical capacitors, fixed, tantalum, nes",3210,Manufacture of electronic valves and tubes and other electronic components,72
853222,"Electrical capacitors, fixed, aluminium electro",3210,Manufacture of electronic valves and tubes and other electronic components,72
853223,"Electrical capacitors, fixed, ceramic dielectri",3210,Manufacture of electronic valves and tubes and other electronic components,72
853224,"Electrical capacitors, fixed, ceramic dielectri",3210,Manufacture of electronic valves and tubes and other electronic components,72
853225,"Electrical capacitors, fixed, dielectric of pap",3210,Manufacture of electronic valves and tubes and other electronic components,72
853229,"Electrical capacitors, fixed, nes",3210,Manufacture of electronic valves and tubes and other electronic components,72
853230,"Electrical capacitors, variable or adjustable (",3210,Manufacture of electronic valves and tubes and other electronic components,72
853290,Parts of electrical capacitors,3210,Manufacture of electronic valves and tubes and other electronic components,72
853310,"Electrical resistors, fixed carbon, composition",3210,Manufacture of electronic valves and tubes and other electronic components,72
853321,Electrical resistors fixed for a power handling,3210,Manufacture of electronic valves and tubes and other electronic components,72
853329,"Electrical resistors, fixed, other than heating",3210,Manufacture of electronic valves and tubes and other electronic components,72
853331,"Wirewound variable resistors, including rheosta",3210,Manufacture of electronic valves and tubes and other electronic components,72
853339,"Wirewound variable resistors, including rheosta",3210,Manufacture of electronic valves and tubes and other electronic components,72
853340,"Variable resistors, including rheostats and pot",3210,Manufacture of electronic valves and tubes and other electronic components,72
853390,"Parts of electrical resistors, rheostats and po",3210,Manufacture of electronic valves and tubes and other electronic components,72
853400,Printed circuits,3210,Manufacture of electronic valves and tubes and other electronic components,72
853510,"Electrical fuses, for a voltage exceeding 1,000",3120,Manufacture of electricity distribution and control apparatus,72
853521,Automatic circuit breakers for a voltage exceed,3120,Manufacture of electricity distribution and control apparatus,72
853529,"Automatic circuit breakers, for a voltage excee",3120,Manufacture of electricity distribution and control apparatus,72
853530,"Isolating switches and make-and-break switches,",3120,Manufacture of electricity distribution and control apparatus,72
853540,"Lightning arresters, voltage limiters and surge",3120,Manufacture of electricity distribution and control apparatus,72
853590,Electrical app for switching or protec elec cir,3120,Manufacture of electricity distribution and control apparatus,72
853610,"Electrical fuses, for a voltage not exceeding 1",3120,Manufacture of electricity distribution and control apparatus,72
853620,Automatic circuit breakers for a voltage not ex,3120,Manufacture of electricity distribution and control apparatus,72
853630,Electrical app for protecting electric circuits,3120,Manufacture of electricity distribution and control apparatus,72
853641,Electrical relays for a voltage not exceeding 6,3120,Manufacture of electricity distribution and control apparatus,72
853649,Electrical relays for a voltage exceed 60 V but,3120,Manufacture of electricity distribution and control apparatus,72
853650,Electrical switches for a voltage not exceeding,3120,Manufacture of electricity distribution and control apparatus,72
853661,"Electrical lamp-holders, for a voltage not exce",3120,Manufacture of electricity distribution and control apparatus,72
853669,"Electrical plugs and sockets, for a voltage not",3120,Manufacture of electricity distribution and control apparatus,72
853690,Electrical app for switching or protec elec cir,3120,Manufacture of electricity distribution and control apparatus,72
853710,"Boards, panels, including numerical control pan",3120,Manufacture of electricity distribution and control apparatus,72
853720,"Boards, panels, including numerical control pan",3120,Manufacture of electricity distribution and control apparatus,72
853810,"Boards,panels,etc for gds of heading 85.37, not",3120,Manufacture of electricity distribution and control apparatus,72
853890,Parts for use with the apparatus of heading no.,3120,Manufacture of electricity distribution and control apparatus,72
853910,Sealed beam lamp units,3150,Manufacture of electric lamps and lighting equipment,72
853921,"Filament lamps, tungsten halogen",3150,Manufacture of electric lamps and lighting equipment,72
853922,"Filament lamps,of a power not exceed 200 W and",3150,Manufacture of electric lamps and lighting equipment,72
853929,"Filament lamps, excluding ultraviolet or infra-",3150,Manufacture of electric lamps and lighting equipment,72
853931,"Fluorescent lamps, hot cathode",3150,Manufacture of electric lamps and lighting equipment,72
853939,"Discharge lamps, other than ultra-violet lamps,",3150,Manufacture of electric lamps and lighting equipment,72
853940,Ultra-violet or infra-red lamps; arc lamps,3150,Manufacture of electric lamps and lighting equipment,72
853990,"Parts of electric filament or discharge lamps,U",3150,Manufacture of electric lamps and lighting equipment,72
854011,"Cathode-ray television picture tubes,including",3210,Manufacture of electronic valves and tubes and other electronic components,72
854012,Cathode-ray TV picture tubes incl video monitor,3210,Manufacture of electronic valves and tubes and other electronic components,72
854020,"Television camera tubes, image converter and ot",3210,Manufacture of electronic valves and tubes and other electronic components,72
854030,"Cathode-ray tubes, nes",3210,Manufacture of electronic valves and tubes and other electronic components,72
854041,Magnetron tubes,3210,Manufacture of electronic valves and tubes and other electronic components,72
854042,Klystron tubes,3210,Manufacture of electronic valves and tubes and other electronic components,72
854049,"Microwave tubes, nes",3210,Manufacture of electronic valves and tubes and other electronic components,72
854081,Receiver or amplifier valves and tubes,3210,Manufacture of electronic valves and tubes and other electronic components,72
854089,"Valve and tubes, nes",3210,Manufacture of electronic valves and tubes and other electronic components,72
854091,Parts of cathode-ray tubes,3210,Manufacture of electronic valves and tubes and other electronic components,72
854099,"Parts of valve and tubes, nes",3210,Manufacture of electronic valves and tubes and other electronic components,72
854110,"Diodes, other than photosensitive or light emit",3210,Manufacture of electronic valves and tubes and other electronic components,72
854121,"Transistors,oth than photosensitive,with a diss",3210,Manufacture of electronic valves and tubes and other electronic components,72
854129,"Transistors, other than photosensitive transist",3210,Manufacture of electronic valves and tubes and other electronic components,72
854130,"Thyristors, diacs and triacs, other than photos",3210,Manufacture of electronic valves and tubes and other electronic components,72
854140,"Photosensitive semiconductor devices,photovolta",3210,Manufacture of electronic valves and tubes and other electronic components,72
854150,"Semiconductor devices, nes",3210,Manufacture of electronic valves and tubes and other electronic components,72
854160,Mounted piezo-electric crystals,3210,Manufacture of electronic valves and tubes and other electronic components,72
854190,Parts of mounted piezo-electric crystals and se,3210,Manufacture of electronic valves and tubes and other electronic components,72
854211,"Monolithic integrated circuits, digital",3210,Manufacture of electronic valves and tubes and other electronic components,72
854219,"Monolithic integrated circuits, nes",3210,Manufacture of electronic valves and tubes and other electronic components,72
854220,Hybrid integrated circuits,3210,Manufacture of electronic valves and tubes and other electronic components,72
854280,Electronic integrated circuits and microassembl,3210,Manufacture of electronic valves and tubes and other electronic components,72
854290,Parts of electronic integrated circuits and mic,3210,Manufacture of electronic valves and tubes and other electronic components,72
854310,Particle accelerators,3190,Manufacture of other electrical equipment n.e.c.,72
854320,Signal generators,3190,Manufacture of other electrical equipment n.e.c.,72
854330,"Machines & apparatus for electroplating, electr",3190,Manufacture of other electrical equipment n.e.c.,72
854380,"Electrical machines and apparatus, having indiv",3190,Manufacture of other electrical equipment n.e.c.,72
854390,Parts of electrical machines & apparatus having,3190,Manufacture of other electrical equipment n.e.c.,72
854411,Insulated (including enamelled or anodised) win,3130,Manufacture of insulated wire and cable,72
854419,Insulated (including enamelled or anodised) win,3130,Manufacture of insulated wire and cable,72
854420,Co-axial cable and other co-axial electric cond,3130,Manufacture of insulated wire and cable,72
854430,Ignition wiring sets&oth wiring sets of a kind,3190,Manufacture of other electrical equipment n.e.c.,72
854441,"Electric conductors,for a voltage not exceeding",3130,Manufacture of insulated wire and cable,72
854449,"Electric conductors, for a voltage not exceedin",3130,Manufacture of insulated wire and cable,72
854451,"Electric conductors,for a voltage >80V but=<1,0",3130,Manufacture of insulated wire and cable,72
854459,"Electric conductors, for a voltage >80V but not",3130,Manufacture of insulated wire and cable,72
854460,"Electric conductors, for a voltage exceeding 1,",3130,Manufacture of insulated wire and cable,72
854470,"Optical fibre cables, made up of individually s",3130,Manufacture of insulated wire and cable,72
854511,"Carbon or graphite electrodes, of a kind used f",3190,Manufacture of other electrical equipment n.e.c.,72
854519,"Carbon or graphite electrodes,of a kind used fo",3190,Manufacture of other electrical equipment n.e.c.,72
854520,Carbon or graphite brushes,3190,Manufacture of other electrical equipment n.e.c.,72
854590,"Art. of carbon or graphite,of a kind used for e",3190,Manufacture of other electrical equipment n.e.c.,72
854610,Electrical insulators of glass,2610,Manufacture of glass and glass products,72
854620,Electrical insulators of ceramics,2691,Manufacture of non-structural non-refractory ceramic ware,24
854690,"Electrical insulators, nes",3190,Manufacture of other electrical equipment n.e.c.,72
854710,Insulating fittings of ceramics for elec machin,2691,Manufacture of non-structural non-refractory ceramic ware,24
854720,Insulating fittings of plastics for elec machin,2520,Manufacture of plastics products,72
854790,Insulating fittings for electrical mach applian,3190,Manufacture of other electrical equipment n.e.c.,72
854800,"Electrical parts of machinery or apparatus, nes",3190,Manufacture of other electrical equipment n.e.c.,72
860110,Rail locomotives powered from an external sourc,3520,Manufacture of railway and tramway locomotives and rolling stock,72
860120,Rail locomotives powered by electric batteries,3520,Manufacture of railway and tramway locomotives and rolling stock,72
860210,"Rail locomotives, diesel-electric",3520,Manufacture of railway and tramway locomotives and rolling stock,72
860290,Rail locomotives nes and locomotive tenders,3520,Manufacture of railway and tramway locomotives and rolling stock,72
860310,Self-propelled railway cars powered from an ext,3520,Manufacture of railway and tramway locomotives and rolling stock,72
860390,Self-propelled railway cars nes,3520,Manufacture of railway and tramway locomotives and rolling stock,72
860400,Railway maintenance-of-way service vehicles,3520,Manufacture of railway and tramway locomotives and rolling stock,72
860500,"Railway passenger and special purpose coaches,",3520,Manufacture of railway and tramway locomotives and rolling stock,72
860610,"Railway tank cars, not self-propelled",3520,Manufacture of railway and tramway locomotives and rolling stock,72
860620,"Railway cars, insulated or refrigerated, other",3520,Manufacture of railway and tramway locomotives and rolling stock,72
860630,"Railway cars, self-discharging, other than tank",3520,Manufacture of railway and tramway locomotives and rolling stock,72
860691,"Railway cars, closed and covered",3520,Manufacture of railway and tramway locomotives and rolling stock,72
860692,"Railway cars, open, with non-removable sides of",3520,Manufacture of railway and tramway locomotives and rolling stock,72
860699,Railway cars nes,3520,Manufacture of railway and tramway locomotives and rolling stock,72
860711,Driving bogies and bissel-bogies,3520,Manufacture of railway and tramway locomotives and rolling stock,72
860712,Bogies and bissel-bogies nes,3520,Manufacture of railway and tramway locomotives and rolling stock,72
860719,Axles and wheels and parts,3520,Manufacture of railway and tramway locomotives and rolling stock,72
860721,Air brakes and parts for railway rolling stock,3520,Manufacture of railway and tramway locomotives and rolling stock,72
860729,Brakes nes and parts thereof for railway rollin,3520,Manufacture of railway and tramway locomotives and rolling stock,72
860730,Coupling devices and parts for railway rolling,3520,Manufacture of railway and tramway locomotives and rolling stock,72
860791,Locomotive parts nes,3520,Manufacture of railway and tramway locomotives and rolling stock,72
860799,Railway rolling stock parts nes,3520,Manufacture of railway and tramway locomotives and rolling stock,72
860800,"Signalling devices for railways, waterways and",3520,Manufacture of railway and tramway locomotives and rolling stock,72
860900,Cargo containers designed to be carried by one,3420,Manufacture of bodies (coachwork) for motor vehicles; manufacture of trailers and semi-trailers,72
870110,Pedestrian controlled tractors,2921,Manufacture of agricultural and forestry machinery,72
870120,Road tractors for semi-trailers (truck tractors,3410,Manufacture of motor vehicles,72
870130,Track-laying tractors (crawlers),2924,"Manufacture of machinery for mining, quarrying and construction",72
870190,Wheeled tractors nes,2921,Manufacture of agricultural and forestry machinery,72
870210,Diesel powered buses with a seating capacity of,3410,Manufacture of motor vehicles,72
870290,Buses with a seating capacity of more than nine,3410,Manufacture of motor vehicles,72
870310,"Snowmobiles, golf cars and similar vehicles",3410,Manufacture of motor vehicles,72
870321,Automobiles with reciprocating piston engine di,3410,Manufacture of motor vehicles,72
870322,Automobiles with reciprocating piston engine di,3410,Manufacture of motor vehicles,72
870323,Automobiles with reciprocating piston engine di,3410,Manufacture of motor vehicles,72
870324,Automobiles with reciprocating piston engine di,3410,Manufacture of motor vehicles,72
870331,Automobiles with diesel engine displacing not m,3410,Manufacture of motor vehicles,72
870332,Automobiles with diesel engine displacing more,3410,Manufacture of motor vehicles,72
870333,Automobiles with diesel engine displacing more,3410,Manufacture of motor vehicles,72
870390,Automobiles nes including gas turbine powered,3410,Manufacture of motor vehicles,72
870410,Dump trucks designed for off-highway use,3410,Manufacture of motor vehicles,72
870421,Diesel powered trucks with a GVW not exceeding,3410,Manufacture of motor vehicles,72
870422,Diesel powered trucks with a GVW exc five tonne,3410,Manufacture of motor vehicles,72
870423,Diesel powered trucks with a GVW exceeding twen,3410,Manufacture of motor vehicles,72
870431,Gas powered trucks with a GVW not exceeding fiv,3410,Manufacture of motor vehicles,72
870432,Gas powered trucks with a GVW exceeding five to,3410,Manufacture of motor vehicles,72
870490,Trucks nes,3410,Manufacture of motor vehicles,72
870510,Mobile cranes,3410,Manufacture of motor vehicles,72
870520,Mobile drilling derricks,3410,Manufacture of motor vehicles,72
870530,Fire fighting vehicles,3410,Manufacture of motor vehicles,72
870540,Mobile concrete mixers,3410,Manufacture of motor vehicles,72
870590,Special purpose motor vehicles nes,3410,Manufacture of motor vehicles,72
870600,Chassis fitted with engines for the vehicles of,3410,Manufacture of motor vehicles,72
870710,Bodies for passenger carrying vehicles,3420,Manufacture of bodies (coachwork) for motor vehicles; manufacture of trailers and semi-trailers,72
870790,"Bodies for tractors, buses, trucks and special",3420,Manufacture of bodies (coachwork) for motor vehicles; manufacture of trailers and semi-trailers,72
870810,Bumpers and parts for motor vehicles,3430,Manufacture of parts and accessories for motor vehicles and their engines,72
870821,Safety seat belts for motor vehicles,3430,Manufacture of parts and accessories for motor vehicles and their engines,72
870829,Parts and accessories of bodies nes for motor v,3430,Manufacture of parts and accessories for motor vehicles and their engines,72
870831,Mounted brake linings for motor vehicles,3430,Manufacture of parts and accessories for motor vehicles and their engines,72
870839,Brake system parts nes for motor vehicles,3430,Manufacture of parts and accessories for motor vehicles and their engines,72
870840,Tansmissions for motor vehicles,3430,Manufacture of parts and accessories for motor vehicles and their engines,72
870850,Drive axles with differential for motor vehicle,3430,Manufacture of parts and accessories for motor vehicles and their engines,72
870860,Non-driving axles and parts for motor vehicles,3430,Manufacture of parts and accessories for motor vehicles and their engines,72
870870,Wheels including parts and accessories for moto,3430,Manufacture of parts and accessories for motor vehicles and their engines,72
870880,Shock absorbers for motor vehicles,3430,Manufacture of parts and accessories for motor vehicles and their engines,72
870891,Radiators for motor vehicles,3430,Manufacture of parts and accessories for motor vehicles and their engines,72
870892,Mufflers and exhaust pipes for motor vehicles,3430,Manufacture of parts and accessories for motor vehicles and their engines,72
870893,Clutches and parts for motor vehicles,3430,Manufacture of parts and accessories for motor vehicles and their engines,72
870894,"Steering wheels, steering columns and steering",3430,Manufacture of parts and accessories for motor vehicles and their engines,72
870899,Motor vehicle parts nes,3430,Manufacture of parts and accessories for motor vehicles and their engines,72
870911,"Work trucks, electrically powered, for use in f",2915,Manufacture of lifting and handling equipment,72
870919,Work trucks not electrically powered,2915,Manufacture of lifting and handling equipment,72
870990,Work truck parts,2915,Manufacture of lifting and handling equipment,72
871000,"Tanks and other armoured fighting vehicles, mot",2927,Manufacture of weapons and ammunition,72
871110,Motorcycles with reciprocating piston engine di,3591,Manufacture of motorcycles,30
871120,Motorcycles with reciprocating piston engine di,3591,Manufacture of motorcycles,30
871130,Motorcycles with reciprocating piston engine di,3591,Manufacture of motorcycles,30
871140,Motorcycles with reciprocating piston engine di,3591,Manufacture of motorcycles,30
871150,Motorcycles with reciprocating piston engine di,3591,Manufacture of motorcycles,30
871190,Motorcycles with other than a reciprocating pis,3591,Manufacture of motorcycles,30
871200,Bicycles and other cycles (including delivery t,3592,Manufacture of bicycles and invalid carriages,30
871310,Wheelchairs not mechanically propelled,3592,Manufacture of bicycles and invalid carriages,30
871390,"Wheelchairs, mechanically propelled",3592,Manufacture of bicycles and invalid carriages,30
871411,Motorcycle saddles,3591,Manufacture of motorcycles,30
871419,Motorcycle parts nes,3591,Manufacture of motorcycles,30
871420,Wheelchair parts nes,3592,Manufacture of bicycles and invalid carriages,30
871491,"Bicycle frames and forks, and parts thereof",3592,Manufacture of bicycles and invalid carriages,30
871492,Bicycle wheel rims and spokes,3592,Manufacture of bicycles and invalid carriages,30
871493,Bicycle hubs and free-wheel sprocket wheels,3592,Manufacture of bicycles and invalid carriages,30
871494,"Bicycle brakes, including coaster braking hubs,",3592,Manufacture of bicycles and invalid carriages,30
871495,Bicycle saddles,3592,Manufacture of bicycles and invalid carriages,30
871496,Bicycle pedals and crank-gear and parts thereof,3592,Manufacture of bicycles and invalid carriages,30
871499,Bicycle parts nes,3592,Manufacture of bicycles and invalid carriages,30
871500,Baby carriages and parts thereof,3699,Other manufacturing n.e.c.,72
871610,Trailers for housing or camping,3420,Manufacture of bodies (coachwork) for motor vehicles; manufacture of trailers and semi-trailers,72
871620,Trailers for agricultural purposes,2921,Manufacture of agricultural and forestry machinery,72
871631,Tanker trailers and semi-trailers,3420,Manufacture of bodies (coachwork) for motor vehicles; manufacture of trailers and semi-trailers,72
871639,Trailers nes for the transport of goods,3420,Manufacture of bodies (coachwork) for motor vehicles; manufacture of trailers and semi-trailers,72
871640,Trailers and semi-trailers nes,3420,Manufacture of bodies (coachwork) for motor vehicles; manufacture of trailers and semi-trailers,72
871680,"Wheelbarrows, hand-carts, rickshaws and other h",3599,Manufacture of other transport equipment n.e.c.,30
871690,Trailer and other vehicle parts nes,3420,Manufacture of bodies (coachwork) for motor vehicles; manufacture of trailers and semi-trailers,72
880110,Gliders and hang gliders,3530,Manufacture of aircraft and spacecraft,72
880190,"Balloons, dirigibles and non-powered aircraft n",3530,Manufacture of aircraft and spacecraft,72
880211,Helicopters of an unladen weight not exceeding,3530,Manufacture of aircraft and spacecraft,72
880212,"Helicopters of an unladen weight exceeding 2,00",3530,Manufacture of aircraft and spacecraft,72
880220,Aircraft nes of an unladen weight not exceeding,3530,Manufacture of aircraft and spacecraft,72
880230,"Aircraft nes of an unladen weight > 2,000 kg bu",3530,Manufacture of aircraft and spacecraft,72
880240,"Aircraft nes of an unladen weight exceeding 15,",3530,Manufacture of aircraft and spacecraft,72
880250,Spacecraft (including satellites) and spacecraf,3530,Manufacture of aircraft and spacecraft,72
880310,Aircraft propellers and rotors and parts thereo,3530,Manufacture of aircraft and spacecraft,72
880320,Aircraft under-carriages and parts thereof,3530,Manufacture of aircraft and spacecraft,72
880330,Aircraft parts nes,3530,Manufacture of aircraft and spacecraft,72
880390,"Parts of balloons, dirigibles, and spacecraft n",3530,Manufacture of aircraft and spacecraft,72
880400,Parachutes and parts and accessories thereof,1721,"Manufacture of made-up textile articles, except apparel",13
880510,Aircraft launching and deck-arrestor gear and p,3530,Manufacture of aircraft and spacecraft,72
880520,Flight simulators and parts thereof,3530,Manufacture of aircraft and spacecraft,72
890110,"Cruise ships, excursion boats etc principally d",3511,Building and repairing of ships,72
890120,Tankers,3511,Building and repairing of ships,72
890130,Refrigerated vessels other than tankers,3511,Building and repairing of ships,72
890190,Cargo vessels nes and other vessels for the tra,3511,Building and repairing of ships,72
890200,Fishing vessels and factory ships,3511,Building and repairing of ships,72
890310,Inflatable pleasure craft,3512,Building and repairing of pleasure and sporting boats,72
890391,"Sailboats, with or without auxiliary motor",3512,Building and repairing of pleasure and sporting boats,72
890392,"Motorboats, other than outboard motorboats",3512,Building and repairing of pleasure and sporting boats,72
890399,"Rowing boats, canoes, sculls and other pleasure",3512,Building and repairing of pleasure and sporting boats,72
890400,Tugs and pusher craft,3511,Building and repairing of ships,72
890510,Dredgers,3511,Building and repairing of ships,72
890520,Floating or submersible drilling or production,3511,Building and repairing of ships,72
890590,Floating docks and vessels which perform specia,3511,Building and repairing of ships,72
890600,"Warships, lifeboats, hospital ships and vessels",3511,Building and repairing of ships,72
890710,Inflatable rafts including those for carrying s,3511,Building and repairing of ships,72
890790,"Buoys, beacons, coffer-dams, pontoons and other",3511,Building and repairing of ships,72
900110,"Optical fbrs,optical fbr bundles&cables,oth tha",3320,Manufacture of optical instruments and photographic equipment,72
900120,Sheets and plates of polarising material,3320,Manufacture of optical instruments and photographic equipment,72
900130,Contact lenses,3320,Manufacture of optical instruments and photographic equipment,72
900140,Spectacle lenses of glass,3320,Manufacture of optical instruments and photographic equipment,72
900150,Spectacle lenses of other materials,3320,Manufacture of optical instruments and photographic equipment,72
900190,"Prisms, mirrors & other optical elements of any",3320,Manufacture of optical instruments and photographic equipment,72
900211,"Objective lenses for cameras,projectors or phot",3320,Manufacture of optical instruments and photographic equipment,72
900219,"Objective lenses, nes",3320,Manufacture of optical instruments and photographic equipment,72
900220,Optical filters,3320,Manufacture of optical instruments and photographic equipment,72
900290,"Lenses, prisms, mirrors and other optical eleme",3320,Manufacture of optical instruments and photographic equipment,72
900311,"Frames and mountings for spectacles, goggles or",3320,Manufacture of optical instruments and photographic equipment,72
900319,"Frames and mountings for spectacles,goggles or",3320,Manufacture of optical instruments and photographic equipment,72
900390,"Parts for frames and mountings for spectacles,",3320,Manufacture of optical instruments and photographic equipment,72
900410,Sunglasses,3320,Manufacture of optical instruments and photographic equipment,72
900490,"Spectacles, goggles and the like, corrective, p",3320,Manufacture of optical instruments and photographic equipment,72
900510,Binoculars,3320,Manufacture of optical instruments and photographic equipment,72
900580,"Monoculars, oth optical telescopes, astronomica",3320,Manufacture of optical instruments and photographic equipment,72
900590,"Parts and accessories (including mountings), of",3320,Manufacture of optical instruments and photographic equipment,72
900610,Cameras of a kind used for preparing printing p,3320,Manufacture of optical instruments and photographic equipment,72
900620,Cameras of a kind used for recording doc on mic,3320,Manufacture of optical instruments and photographic equipment,72
900630,"Cameras designed for special use, underwater, a",3320,Manufacture of optical instruments and photographic equipment,72
900640,Instant print cameras,3320,Manufacture of optical instruments and photographic equipment,72
900651,"Cameras, single lens reflex, for roll film of a",3320,Manufacture of optical instruments and photographic equipment,72
900652,Cameras for roll film of a width less than 35 m,3320,Manufacture of optical instruments and photographic equipment,72
900653,"Cameras for roll film of a width of 35 mm, nes",3320,Manufacture of optical instruments and photographic equipment,72
900659,"Photographic, other than cinematographic camera",3320,Manufacture of optical instruments and photographic equipment,72
900661,Photographic discharge lamp (electronic) flashl,3320,Manufacture of optical instruments and photographic equipment,72
900662,"Flashbulbs, flashcubes and the like",3150,Manufacture of electric lamps and lighting equipment,72
900669,"Photographic flashlight apparatus, nes",3320,Manufacture of optical instruments and photographic equipment,72
900691,Parts and accessories for photographic cameras,3320,Manufacture of optical instruments and photographic equipment,72
900699,Parts and accessories for photographic flashlig,3320,Manufacture of optical instruments and photographic equipment,72
900711,Cinematographic cameras for film of < 16 mm wid,3320,Manufacture of optical instruments and photographic equipment,72
900719,"Cinematographic cameras, nes",3320,Manufacture of optical instruments and photographic equipment,72
900721,Cinematographic projectors for film of less tha,3320,Manufacture of optical instruments and photographic equipment,72
900729,"Cinematographic projectors, nes",3320,Manufacture of optical instruments and photographic equipment,72
900791,Parts and accessories for cinematographic camer,3320,Manufacture of optical instruments and photographic equipment,72
900792,Parts and accessories for cinematographic proje,3320,Manufacture of optical instruments and photographic equipment,72
900810,Slide projectors,3320,Manufacture of optical instruments and photographic equipment,72
900820,"Microfilm, microfiche or other microform reader",3320,Manufacture of optical instruments and photographic equipment,72
900830,"Image projectors, nes",3320,Manufacture of optical instruments and photographic equipment,72
900840,"Photographic enlargers and reducers, other than",3320,Manufacture of optical instruments and photographic equipment,72
900890,"Parts and access of image projectors,enlargers&",3320,Manufacture of optical instruments and photographic equipment,72
900911,"Electrostatic photo-copying apparatus, direct p",3000,"Manufacture of office, accounting and computing machinery",72
900912,"Electrostatic photo-copying apparatus, indirect",3000,"Manufacture of office, accounting and computing machinery",72
900921,"Photo-copying apparatus, incorporating an optic",3000,"Manufacture of office, accounting and computing machinery",72
900922,"Contact type photo-copying apparatus,nes",3000,"Manufacture of office, accounting and computing machinery",72
900930,Thermo-copying apparatus,3000,"Manufacture of office, accounting and computing machinery",72
900990,Parts and accessories for photo-copying apparat,3000,"Manufacture of office, accounting and computing machinery",72
901010,Apparatus and equip for automatically developin,3320,Manufacture of optical instruments and photographic equipment,72
901020,Apparatus and equipment for photographic (incl,3320,Manufacture of optical instruments and photographic equipment,72
901030,Projection screens,3320,Manufacture of optical instruments and photographic equipment,72
901090,Parts and accessories for apparatus and equipme,3320,Manufacture of optical instruments and photographic equipment,72
901110,Stereoscopic microscopes,3320,Manufacture of optical instruments and photographic equipment,72
901120,"Microscopes, for photomicrography, cinephotomic",3320,Manufacture of optical instruments and photographic equipment,72
901180,"Microscopes, optical, nes",3320,Manufacture of optical instruments and photographic equipment,72
901190,Parts and accessories for optical microscopes,3320,Manufacture of optical instruments and photographic equipment,72
901210,Microscopes other than optical microscopes and,3312,"Manufacture of instruments and appliances for measuring, checking, testing, navigating and other pur",72
901290,Parts and accessories for microscopes other tha,3312,"Manufacture of instruments and appliances for measuring, checking, testing, navigating and other pur",72
901310,Telescopic sights for fitting to arms; periscop,3320,Manufacture of optical instruments and photographic equipment,72
901320,"Lasers, other than laser diodes",3320,Manufacture of optical instruments and photographic equipment,72
901380,"Optical devices, appliances and instruments, ne",3320,Manufacture of optical instruments and photographic equipment,72
901390,Parts and accessories of optical appliances and,3320,Manufacture of optical instruments and photographic equipment,72
901410,Direction finding compasses,3312,"Manufacture of instruments and appliances for measuring, checking, testing, navigating and other pur",72
901420,Instruments&appl for aeronautical or space navi,3312,"Manufacture of instruments and appliances for measuring, checking, testing, navigating and other pur",72
901480,Navigational instruments and appliances nes,3312,"Manufacture of instruments and appliances for measuring, checking, testing, navigating and other pur",72
901490,Parts & access for direction finding compasses,3312,"Manufacture of instruments and appliances for measuring, checking, testing, navigating and other pur",72
901510,Rangefinders,3312,"Manufacture of instruments and appliances for measuring, checking, testing, navigating and other pur",72
901520,Theodolites and tacheometers,3312,"Manufacture of instruments and appliances for measuring, checking, testing, navigating and other pur",72
901530,Surveying levels,3312,"Manufacture of instruments and appliances for measuring, checking, testing, navigating and other pur",72
901540,Photogrammetrical surveying instruments and app,3312,"Manufacture of instruments and appliances for measuring, checking, testing, navigating and other pur",72
901580,"Surveying,hydrographic,oceanographic,meteorolog",3312,"Manufacture of instruments and appliances for measuring, checking, testing, navigating and other pur",72
901590,Parts and accessories for use with the apparatu,3312,"Manufacture of instruments and appliances for measuring, checking, testing, navigating and other pur",72
901600,Balances of a sensitivity of 5 cg or better wit,3312,"Manufacture of instruments and appliances for measuring, checking, testing, navigating and other pur",72
901710,"Drafting tables and machines, whether or not au",3312,"Manufacture of instruments and appliances for measuring, checking, testing, navigating and other pur",72
901720,"Drawing, marking-out or mathematical calculatin",3312,"Manufacture of instruments and appliances for measuring, checking, testing, navigating and other pur",72
901730,"Micrometers, callipers and gauges",3312,"Manufacture of instruments and appliances for measuring, checking, testing, navigating and other pur",72
901780,"Instruments for measuring length, for use in th",3312,"Manufacture of instruments and appliances for measuring, checking, testing, navigating and other pur",72
901790,Parts and accessories for use with the apparatu,3312,"Manufacture of instruments and appliances for measuring, checking, testing, navigating and other pur",72
901811,Electro-cardiographs,3311,Manufacture of medical and surgical equipment and orthopaedic appliances,72
901819,"Electro-diagnostic apparatus, nes",3311,Manufacture of medical and surgical equipment and orthopaedic appliances,72
901820,Ultra-violet or infra-red ray apparatus,3311,Manufacture of medical and surgical equipment and orthopaedic appliances,72
901831,"Syringes, with or without needles",3311,Manufacture of medical and surgical equipment and orthopaedic appliances,72
901832,Tubular metal needles and needles for sutures,3311,Manufacture of medical and surgical equipment and orthopaedic appliances,72
901839,"Needles, catheters, cannulae and the like, nes",3311,Manufacture of medical and surgical equipment and orthopaedic appliances,72
901841,"Dental drill engines,whether or not combi on a",3311,Manufacture of medical and surgical equipment and orthopaedic appliances,72
901849,"Instruments and appliances, used in dental scie",3311,Manufacture of medical and surgical equipment and orthopaedic appliances,72
901850,"Ophthalmic instruments and appliances, nes",3311,Manufacture of medical and surgical equipment and orthopaedic appliances,72
901890,Instruments and appliances used in medical or v,3311,Manufacture of medical and surgical equipment and orthopaedic appliances,72
901910,Mechano-therapy appl; massage app; psychologica,3311,Manufacture of medical and surgical equipment and orthopaedic appliances,72
901920,"Oxygen therapy, artificial respiration or oth t",3311,Manufacture of medical and surgical equipment and orthopaedic appliances,72
902000,"Breathing appliances and gas masks,exc protecti",3311,Manufacture of medical and surgical equipment and orthopaedic appliances,72
902111,Artificial joints,3311,Manufacture of medical and surgical equipment and orthopaedic appliances,72
902119,"Orthopaedic or fracture appliances, nes",3311,Manufacture of medical and surgical equipment and orthopaedic appliances,72
902121,Artificial teeth,3311,Manufacture of medical and surgical equipment and orthopaedic appliances,72
902129,"Dental fittings, nes",3311,Manufacture of medical and surgical equipment and orthopaedic appliances,72
902130,"Artificial parts of the body, nes",3311,Manufacture of medical and surgical equipment and orthopaedic appliances,72
902140,"Hearing aids, excluding parts and accessories",3311,Manufacture of medical and surgical equipment and orthopaedic appliances,72
902150,"Pacemakers for stimulating heart muscles, exclu",3311,Manufacture of medical and surgical equipment and orthopaedic appliances,72
902190,"Orthopedic and oth appliances,worn,carried or i",3311,Manufacture of medical and surgical equipment and orthopaedic appliances,72
902211,Apparatus based on the use of X-rays for medica,3311,Manufacture of medical and surgical equipment and orthopaedic appliances,72
902219,Apparatus based on the use of X-rays for other,3311,Manufacture of medical and surgical equipment and orthopaedic appliances,72
902221,Apparatus based on the use of alpha beta or gam,3311,Manufacture of medical and surgical equipment and orthopaedic appliances,72
902229,Apparatus based on the use of alpha beta or gam,3311,Manufacture of medical and surgical equipment and orthopaedic appliances,72
902230,X-ray tubes,3311,Manufacture of medical and surgical equipment and orthopaedic appliances,72
902290,Parts and accessories for app based on the use,3311,Manufacture of medical and surgical equipment and orthopaedic appliances,72
902300,"Instruments, apparatus and models, designed for",3699,Other manufacturing n.e.c.,72
902410,Machines and appliances for testing the mechani,3312,"Manufacture of instruments and appliances for measuring, checking, testing, navigating and other pur",72
902480,Machines and appliances for testing the mechani,3312,"Manufacture of instruments and appliances for measuring, checking, testing, navigating and other pur",72
902490,Parts and accessories of mach.and appl for test,3312,"Manufacture of instruments and appliances for measuring, checking, testing, navigating and other pur",72
902511,"Thermometers&pyrometers,not combined with other",3312,"Manufacture of instruments and appliances for measuring, checking, testing, navigating and other pur",72
902519,"Thermometers&pyrometers,not combined with other",3312,"Manufacture of instruments and appliances for measuring, checking, testing, navigating and other pur",72
902520,"Barometers, not combined with other instruments",3312,"Manufacture of instruments and appliances for measuring, checking, testing, navigating and other pur",72
902580,"Hydrometers, pyrometers, hygrometers and psychr",3312,"Manufacture of instruments and appliances for measuring, checking, testing, navigating and other pur",72
902590,Parts and accessories for use with the apparatu,3312,"Manufacture of instruments and appliances for measuring, checking, testing, navigating and other pur",72
902610,Instruments and apparatus for measure/checking,3312,"Manufacture of instruments and appliances for measuring, checking, testing, navigating and other pur",72
902620,Instruments and apparatus for measuring or chec,3312,"Manufacture of instruments and appliances for measuring, checking, testing, navigating and other pur",72
902680,Instruments & apparatus for measure/checking va,3312,"Manufacture of instruments and appliances for measuring, checking, testing, navigating and other pur",72
902690,Parts of inst and app for measure/checking vari,3312,"Manufacture of instruments and appliances for measuring, checking, testing, navigating and other pur",72
902710,Gas or smoke analysis apparatus,3312,"Manufacture of instruments and appliances for measuring, checking, testing, navigating and other pur",72
902720,Chromatographs and electrophoresis instruments,3312,"Manufacture of instruments and appliances for measuring, checking, testing, navigating and other pur",72
902730,"Spectrometers,spectrophotometers and spectrogra",3312,"Manufacture of instruments and appliances for measuring, checking, testing, navigating and other pur",72
902740,Exposure meters,3312,"Manufacture of instruments and appliances for measuring, checking, testing, navigating and other pur",72
902750,Instruments and apparatus using optical radiati,3312,"Manufacture of instruments and appliances for measuring, checking, testing, navigating and other pur",72
902780,Instruments and apparatus for physical or chemi,3312,"Manufacture of instruments and appliances for measuring, checking, testing, navigating and other pur",72
902790,Microtomes; parts & access of inst and app for,3312,"Manufacture of instruments and appliances for measuring, checking, testing, navigating and other pur",72
902810,"Gas supply, production and calibrating meters",3312,"Manufacture of instruments and appliances for measuring, checking, testing, navigating and other pur",72
902820,"Liquid supply, production and calibrating meter",3312,"Manufacture of instruments and appliances for measuring, checking, testing, navigating and other pur",72
902830,"Electricity supply, production and calibrating",3312,"Manufacture of instruments and appliances for measuring, checking, testing, navigating and other pur",72
902890,"Parts and accessories for gas, liquid or electr",3312,"Manufacture of instruments and appliances for measuring, checking, testing, navigating and other pur",72
902910,"Revolution counters,production counters taximet",3312,"Manufacture of instruments and appliances for measuring, checking, testing, navigating and other pur",72
902920,Speed indicators and tachometers; stroboscopes,3312,"Manufacture of instruments and appliances for measuring, checking, testing, navigating and other pur",72
902990,"Parts and access of revolution counters, produc",3312,"Manufacture of instruments and appliances for measuring, checking, testing, navigating and other pur",72
903010,Instruments and apparatus for measuring or dete,3312,"Manufacture of instruments and appliances for measuring, checking, testing, navigating and other pur",72
903020,Cathode-ray oscilloscopes and cathode-ray oscil,3312,"Manufacture of instruments and appliances for measuring, checking, testing, navigating and other pur",72
903031,Multimeters,3312,"Manufacture of instruments and appliances for measuring, checking, testing, navigating and other pur",72
903039,"Inst&app,for measuring or checking voltage,curr",3312,"Manufacture of instruments and appliances for measuring, checking, testing, navigating and other pur",72
903040,"Instruments and apparatus, specially designed f",3312,"Manufacture of instruments and appliances for measuring, checking, testing, navigating and other pur",72
903081,"Inst&app for measuring or checking elec qty,wit",3312,"Manufacture of instruments and appliances for measuring, checking, testing, navigating and other pur",72
903089,Instruments and apparatus for measuring or chec,3312,"Manufacture of instruments and appliances for measuring, checking, testing, navigating and other pur",72
903090,Parts & access for inst & app for meas or check,3312,"Manufacture of instruments and appliances for measuring, checking, testing, navigating and other pur",72
903110,"Machines for balancing mechanical parts, nes",3312,"Manufacture of instruments and appliances for measuring, checking, testing, navigating and other pur",72
903120,Test benches for measuring or checking instrume,3312,"Manufacture of instruments and appliances for measuring, checking, testing, navigating and other pur",72
903130,"Profile projectors, nes",3312,"Manufacture of instruments and appliances for measuring, checking, testing, navigating and other pur",72
903140,"Optical instruments and appliances, nes",3312,"Manufacture of instruments and appliances for measuring, checking, testing, navigating and other pur",72
903180,"Measuring or checking instruments, appliances a",3312,"Manufacture of instruments and appliances for measuring, checking, testing, navigating and other pur",72
903190,Parts and accessories for measuring or checking,3312,"Manufacture of instruments and appliances for measuring, checking, testing, navigating and other pur",72
903210,Thermostats,3313,Manufacture of industrial process control equipment,72
903220,Manostats,3313,Manufacture of industrial process control equipment,72
903281,Hydraulic or pneumatic automatic regulating or,3313,Manufacture of industrial process control equipment,72
903289,Automatic regulating or controlling instruments,3313,Manufacture of industrial process control equipment,72
903290,Parts & access for automatic regulating or cont,3313,Manufacture of industrial process control equipment,72
903300,"Parts & access nes for machines, appliances, in",3312,"Manufacture of instruments and appliances for measuring, checking, testing, navigating and other pur",72
910111,"Wrist-watches with mech display,battery powered",3330,Manufacture of watches and clocks,72
910112,Wrist-watches with opto-electronic disp batt po,3330,Manufacture of watches and clocks,72
910119,"Wrist-watches, battery powered and with case of",3330,Manufacture of watches and clocks,72
910121,"Wrist-watches,with automatic winding and with c",3330,Manufacture of watches and clocks,72
910129,"Wrist-watches, with a case of precious metal, n",3330,Manufacture of watches and clocks,72
910191,Pocket-watches&oth watches battery powered&with,3330,Manufacture of watches and clocks,72
910199,Pocket-watches & other watches with case of pre,3330,Manufacture of watches and clocks,72
910211,"Wrist-watches,battery or accumulator powered wi",3330,Manufacture of watches and clocks,72
910212,"Wrist-watches,battery or accum powered with opt",3330,Manufacture of watches and clocks,72
910219,"Wrist-watches, battery or accumulator powered,",3330,Manufacture of watches and clocks,72
910221,Wrist-watches with automatic winding nes,3330,Manufacture of watches and clocks,72
910229,"Wrist-watches, nes",3330,Manufacture of watches and clocks,72
910291,Pocket-watches and other watches battery or acc,3330,Manufacture of watches and clocks,72
910299,"Pocket-watches and other watches, nes",3330,Manufacture of watches and clocks,72
910310,"Clocks with watch movements,battery or accumula",3330,Manufacture of watches and clocks,72
910390,"Clocks with watch movements, nes excluding cloc",3330,Manufacture of watches and clocks,72
910400,Instrument panel clocks and clocks of a similar,3330,Manufacture of watches and clocks,72
910511,"Alarm clocks, battery, accumulator or mains pow",3330,Manufacture of watches and clocks,72
910519,"Alarm clocks, nes",3330,Manufacture of watches and clocks,72
910521,"Wall clocks, battery, accumulator or mains powe",3330,Manufacture of watches and clocks,72
910529,"Wall clocks, nes",3330,Manufacture of watches and clocks,72
910591,"Clocks, nes, battery, accumulator or mains powe",3330,Manufacture of watches and clocks,72
910599,"Clocks, nes",3330,Manufacture of watches and clocks,72
910610,Time-registers; time-recorders,3330,Manufacture of watches and clocks,72
910620,Parking meters,3330,Manufacture of watches and clocks,72
910690,"Time of day recording apparatus, nes",3330,Manufacture of watches and clocks,72
910700,Time switches with clock or watch movement or w,3330,Manufacture of watches and clocks,72
910811,"Watch movements, assembled, battery powered wit",3330,Manufacture of watches and clocks,72
910812,"Watch movements, assembled, battery powered, wi",3330,Manufacture of watches and clocks,72
910819,"Watch movements, assembled, battery powered, ne",3330,Manufacture of watches and clocks,72
910820,"Watch movements, complete and assembled, with a",3330,Manufacture of watches and clocks,72
910891,"Watch movements, complete and assembled, measur",3330,Manufacture of watches and clocks,72
910899,"Watch movements, complete and assembled, nes",3330,Manufacture of watches and clocks,72
910911,"Clock movements,complete and assembled,battery",3330,Manufacture of watches and clocks,72
910919,"Clock movements, complete and assembled, batter",3330,Manufacture of watches and clocks,72
910990,"Clock movements, complete and assembled, nes",3330,Manufacture of watches and clocks,72
911011,"Complete movements of watches, unassembled or p",3330,Manufacture of watches and clocks,72
911012,"Incomplete movements of watches, assembled",3330,Manufacture of watches and clocks,72
911019,Rough movements of watches,3330,Manufacture of watches and clocks,72
911090,"Clock movements, unassembled or partly assemble",3330,Manufacture of watches and clocks,72
911110,Watch cases of precious metal or of metal clad,3330,Manufacture of watches and clocks,72
911120,"Watch cases of base metal, whether or not gold-",3330,Manufacture of watches and clocks,72
911180,"Watch cases, nes",3330,Manufacture of watches and clocks,72
911190,Parts of watch cases,3330,Manufacture of watches and clocks,72
911210,"Clock cases and cases of a similar type, of met",3330,Manufacture of watches and clocks,72
911280,"Clock cases and cases of a similar type, for ot",3330,Manufacture of watches and clocks,72
911290,Parts of clock cases and cases of a similar typ,3330,Manufacture of watches and clocks,72
911310,"Watch straps&pts thereof,of precious mtl or of",3330,Manufacture of watches and clocks,72
911320,Watch straps&pts thereof of base mtl whether or,3330,Manufacture of watches and clocks,72
911390,"Watch straps, watch bands and watch bracelets,",1912,"Manufacture of luggage, handbags and the like, saddlery and harness",15
911410,"Clock or watch springs, including hair-springs",3330,Manufacture of watches and clocks,72
911420,Clock or watch jewels,3330,Manufacture of watches and clocks,72
911430,Clock or watch dials,3330,Manufacture of watches and clocks,72
911440,Clock or watch plates and bridges,3330,Manufacture of watches and clocks,72
911490,"Clock or watch parts, nes",3330,Manufacture of watches and clocks,72
920110,"Upright pianos, including automatic",3692,Manufacture of musical instruments,72
920120,"Grand pianos, including automatic",3692,Manufacture of musical instruments,72
920190,Harpsichords and other keyboard stringed instru,3692,Manufacture of musical instruments,72
920210,String musical instruments played with a bow,3692,Manufacture of musical instruments,72
920290,String musical instruments nes,3692,Manufacture of musical instruments,72
920300,Harmoniums&sim keyboard inst with free mtl reed,3692,Manufacture of musical instruments,72
920410,Accordions and similar instruments,3692,Manufacture of musical instruments,72
920420,Mouth organs (harmonicas),3692,Manufacture of musical instruments,72
920510,Brass-wind instruments,3692,Manufacture of musical instruments,72
920590,Wind musical instruments nes,3692,Manufacture of musical instruments,72
920600,Percussion musical instruments,3692,Manufacture of musical instruments,72
920710,"Keyboard instruments,exc accordions,sound gener",3692,Manufacture of musical instruments,72
920790,"Musical instruments nes, sound generated or amp",3692,Manufacture of musical instruments,72
920810,Musical boxes nes,3692,Manufacture of musical instruments,72
920890,"Decoy calls,musical inst nes&mouth blown sound",3692,Manufacture of musical instruments,72
920910,"Metronomes, tuning forks and pitch pipes",3692,Manufacture of musical instruments,72
920920,Mechanisms for musical box,3692,Manufacture of musical instruments,72
920930,"Strings, musical instrument",3692,Manufacture of musical instruments,72
920991,Parts and accessories for pianos,3692,Manufacture of musical instruments,72
920992,Parts and accessories for the musical instrumen,3692,Manufacture of musical instruments,72
920993,Parts and accessories for the musical instrumen,3692,Manufacture of musical instruments,72
920994,Parts and accessories for the musical instrumen,3692,Manufacture of musical instruments,72
920999,Parts and accessories for the musical instrumen,3692,Manufacture of musical instruments,72
930100,"Military weapons,oth than revolvers,pistols and",2927,Manufacture of weapons and ammunition,72
930200,"Revolvers and pistols, other than those of head",2927,Manufacture of weapons and ammunition,72
930310,Muzzle-loading firearms,2927,Manufacture of weapons and ammunition,72
930320,Shotguns incl combination shotgun-rifles sporti,2927,Manufacture of weapons and ammunition,72
930330,"Rifles, sporting, hunting or target-shooting, n",2927,Manufacture of weapons and ammunition,72
930390,Firearms&similar devices operated by the firing,2927,Manufacture of weapons and ammunition,72
930400,"Arms nes, excluding those of heading No 93.07",2927,Manufacture of weapons and ammunition,72
930510,Parts and accessories of revolvers or pistols o,2927,Manufacture of weapons and ammunition,72
930521,Shotgun barrels of heading No 93.03,2927,Manufacture of weapons and ammunition,72
930529,"Parts and accessories of shotguns or rifles, ne",2927,Manufacture of weapons and ammunition,72
930590,Parts and accessories nes of heading Nos 93.01,2927,Manufacture of weapons and ammunition,72
930610,Cartridges for riveting or sim tools or for cap,2927,Manufacture of weapons and ammunition,72
930621,"Cartridges, shotgun",2927,Manufacture of weapons and ammunition,72
930629,Air gun pellets and parts of shotgun cartridges,2927,Manufacture of weapons and ammunition,72
930630,Cartridges nes and parts thereof,2927,Manufacture of weapons and ammunition,72
930690,Munitions of war&pts thereof and oth ammunition,2927,Manufacture of weapons and ammunition,72
930700,"Swords,cutlasses,bayonets,lances&sim arms&parts",2899,Manufacture of other fabricated metal products n.e.c.,72
940110,"Seats, aircraft",3610,Manufacture of furniture,31
940120,"Seats, motor vehicles",3610,Manufacture of furniture,31
940130,Swivel seats and variable height adjustment oth,3610,Manufacture of furniture,31
940140,Seats excluding garden seats or camping equipme,3610,Manufacture of furniture,31
940150,"Seats of cane, osier, bamboo or similar materia",3610,Manufacture of furniture,31
940161,"Seats with wooden frames,upholstered nes",3610,Manufacture of furniture,31
940169,"Seats with wooden frames, nes",3610,Manufacture of furniture,31
940171,"Seats with mtl frames,upholstered nes,oth than",3610,Manufacture of furniture,31
940179,"Seats with metal frames, nes, other than those",3610,Manufacture of furniture,31
940180,"Seats nes, other than those of heading No 94.02",3610,Manufacture of furniture,31
940190,Parts of seats other than those of heading No 9,3610,Manufacture of furniture,31
940210,"Dentists', barbers' or similar chairs and parts",3311,Manufacture of medical and surgical equipment and orthopaedic appliances,72
940290,"Medical, surgical, dental or veterinary furnitu",3311,Manufacture of medical and surgical equipment and orthopaedic appliances,72
940310,"Office furniture, metal, nes",3610,Manufacture of furniture,31
940320,"Furniture, metal, nes",3610,Manufacture of furniture,31
940330,"Office furniture, wooden, nes",3610,Manufacture of furniture,31
940340,"Kitchen furniture, wooden, nes",3610,Manufacture of furniture,31
940350,"Bedroom furniture, wooden, nes",3610,Manufacture of furniture,31
940360,"Furniture, wooden, nes",3610,Manufacture of furniture,31
940370,"Furniture, plastic, nes",3610,Manufacture of furniture,31
940380,"Furniture of oth materials,including cane,osier",3610,Manufacture of furniture,31
940390,Furniture parts nes,3610,Manufacture of furniture,31
940410,Mattress supports,3610,Manufacture of furniture,31
940421,"Mattresses of cellular rubber or plastics, whet",3610,Manufacture of furniture,31
940429,Mattresses fitted with springs or stuffed or in,3610,Manufacture of furniture,31
940430,Sleeping bags,1721,"Manufacture of made-up textile articles, except apparel",13
940490,"Articles of bedding/furnishing, nes, stuffed or",1721,"Manufacture of made-up textile articles, except apparel",13
940510,Chandeliers & other electric ceiling or wall li,3150,Manufacture of electric lamps and lighting equipment,72
940520,"Electric table, desk, bedside or floor-standing",3150,Manufacture of electric lamps and lighting equipment,72
940530,Lighting sets of a kind used for Christmas tree,3150,Manufacture of electric lamps and lighting equipment,72
940540,"Electric lamps and lighting fittings, nes",3150,Manufacture of electric lamps and lighting equipment,72
940550,Non-electrical lamps and lighting fittings,3150,Manufacture of electric lamps and lighting equipment,72
940560,"Illuminated signs, illuminated name-plates and",3150,Manufacture of electric lamps and lighting equipment,72
940591,Lamps and lighting fittings parts of glass,2610,Manufacture of glass and glass products,72
940592,Lamps and lighting fittings parts of plastics,2520,Manufacture of plastics products,72
940599,"Lamps and lighting fittings, parts of nes",3150,Manufacture of electric lamps and lighting equipment,72
940600,Prefabricated buildings,2811,Manufacture of structural metal products,72
950100,Wheeled toys designed to be ridden by children,3694,Manufacture of games and toys,72
950210,"Dolls, whether or not dressed, representing onl",3694,Manufacture of games and toys,72
950291,Garments and access therefor footwear&headgear,3694,Manufacture of games and toys,72
950299,"Parts and accessories nes, for dolls representi",3694,Manufacture of games and toys,72
950310,"Electric trains, incl tracks, signals and other",3694,Manufacture of games and toys,72
950320,"Reduced-size (scale) model assembly kits, exclu",3694,Manufacture of games and toys,72
950330,"Construction sets and constructional toys, nes",3694,Manufacture of games and toys,72
950341,Stuffed toys representing animals or non-human,3694,Manufacture of games and toys,72
950349,Toys nes representing animals or non-human crea,3694,Manufacture of games and toys,72
950350,Toy musical instruments and apparatus,3694,Manufacture of games and toys,72
950360,Puzzles,3694,Manufacture of games and toys,72
950370,"Toys, put up in sets or outfits",3694,Manufacture of games and toys,72
950380,"Toys and models, incorporating a motor",3694,Manufacture of games and toys,72
950390,Toys nes,3694,Manufacture of games and toys,72
950410,Video games of a kind used with a television re,3694,Manufacture of games and toys,72
950420,Articles and accessories for billiards,3694,Manufacture of games and toys,72
950430,"Games, coin or disc-operated, other than bowlin",3694,Manufacture of games and toys,72
950440,Playing cards,3694,Manufacture of games and toys,72
950490,"Art.funfair,games tab/parlour,pintab,sp tab cas",3694,Manufacture of games and toys,72
950510,Articles for Christmas festivities,3699,Other manufacturing n.e.c.,72
950590,"Festive,carnival or oth entertainment art incl",3699,Other manufacturing n.e.c.,72
950611,Snow-skis,3693,Manufacture of sports goods,32
950612,Snow-ski-fastenings (ski-bindings),3693,Manufacture of sports goods,32
950619,Snow-ski equipment nes,3693,Manufacture of sports goods,32
950621,Sailboards,3693,Manufacture of sports goods,32
950629,"Water-skis, surf-boards and other water-sport e",3693,Manufacture of sports goods,32
950631,"Golf clubs, complete",3693,Manufacture of sports goods,32
950632,Golf balls,3693,Manufacture of sports goods,32
950639,Golf equipment nes,3693,Manufacture of sports goods,32
950640,Articles and equipment for table-tennis,3693,Manufacture of sports goods,32
950651,"Lawn-tennis rackets, whether or not strung",3693,Manufacture of sports goods,32
950659,"Badminton or similar rackets, whether or not st",3693,Manufacture of sports goods,32
950661,Lawn-tennis balls,3693,Manufacture of sports goods,32
950662,Inflatable balls,3693,Manufacture of sports goods,32
950669,Balls nes,3693,Manufacture of sports goods,32
950670,"Ice skates and roller skates,including skating",3693,Manufacture of sports goods,32
950691,Articles and equipment for general physical exe,3693,Manufacture of sports goods,32
950699,Art.&equip for sports&outdoor games nes&swimmin,3693,Manufacture of sports goods,32
950710,Fishing rods,3693,Manufacture of sports goods,32
950720,"Fish-hooks, whether or not snelled",3693,Manufacture of sports goods,32
950730,Fishing reels,3693,Manufacture of sports goods,32
950790,"Line fish tackle nes,f/landing,b/f&sim nets,dec",3693,Manufacture of sports goods,32
950800,"Rndabts,swings,shoot galleries,fairgrnd amuseme",3699,Other manufacturing n.e.c.,72
960110,Worked ivory and articles of ivory,3699,Other manufacturing n.e.c.,72
960190,"Animal carving material (o/t ivory), and articl",3699,Other manufacturing n.e.c.,72
960200,"Wkd veg/mineral carving mat&art, carved art nes",3699,Other manufacturing n.e.c.,72
960310,Brooms/brushes of twigs or oth veg mat bound to,3699,Other manufacturing n.e.c.,72
960321,"Tooth brushes, including dental-plate brushes",3699,Other manufacturing n.e.c.,72
960329,"Shaving, hair, nail, eyelash and oth toilet bru",3699,Other manufacturing n.e.c.,72
960330,"Artists', writing and similar brushes for the a",3699,Other manufacturing n.e.c.,72
960340,"Paint, distemper, varnish or similar brushes ne",3699,Other manufacturing n.e.c.,72
960350,"Brushes nes, constituting parts of machines, ap",3699,Other manufacturing n.e.c.,72
960390,Hand-operated mechanical floor sweepers; prepar,3699,Other manufacturing n.e.c.,72
960400,Hand sieves and hand riddles,3699,Other manufacturing n.e.c.,72
960500,"Travel sets for personal toilet, sewing or shoe",1912,"Manufacture of luggage, handbags and the like, saddlery and harness",15
960610,"Press-fasteners, snap-fasteners and press-studs",3699,Other manufacturing n.e.c.,72
960621,"Buttons of plastics, not covered with textile m",3699,Other manufacturing n.e.c.,72
960622,"Buttons of base metal, not covered with textile",3699,Other manufacturing n.e.c.,72
960629,"Buttons, nes",3699,Other manufacturing n.e.c.,72
960630,Button moulds and other parts of button; button,3699,Other manufacturing n.e.c.,72
960711,Slide fasteners fitted with chain scoops of bas,3699,Other manufacturing n.e.c.,72
960719,"Slide fasteners, nes",3699,Other manufacturing n.e.c.,72
960720,Parts of slide fasteners,3699,Other manufacturing n.e.c.,72
960810,Ball point pens,3699,Other manufacturing n.e.c.,72
960820,Felt tipped and other porous-tipped pens and ma,3699,Other manufacturing n.e.c.,72
960831,Indian ink drawing pens,3699,Other manufacturing n.e.c.,72
960839,"Fountain pens, stylograph pens and oth pens, o/",3699,Other manufacturing n.e.c.,72
960840,Propelling or sliding pencils,3699,Other manufacturing n.e.c.,72
960850,Sets of art. from 2 or >of foregoing subheading,3699,Other manufacturing n.e.c.,72
960860,"Refills for ball point pens, comprising the bal",3699,Other manufacturing n.e.c.,72
960891,Pen nibs and nib points,3699,Other manufacturing n.e.c.,72
960899,Duplicating stylos; pen/pencil holders; parts o,3699,Other manufacturing n.e.c.,72
960910,"Pencils and crayons, with leads encased in a ri",3699,Other manufacturing n.e.c.,72
960920,"Pencil leads, black or coloured",3699,Other manufacturing n.e.c.,72
960990,"Pastels, drawing charcoals, writing or drawing",3699,Other manufacturing n.e.c.,72
961000,"Slates and boards,with writing or drawing surfa",3699,Other manufacturing n.e.c.,72
961100,"Devices for printing or embossing labels, hand-",3699,Other manufacturing n.e.c.,72
961210,"Typewriter or similar ribbons, prepared for giv",3699,Other manufacturing n.e.c.,72
961220,"Ink-pads, whether or not inked, with or without",3699,Other manufacturing n.e.c.,72
961310,"Pocket lighters, gas-fuelled, non-refillable",3699,Other manufacturing n.e.c.,72
961320,"Pocket lighters, gas-fuelled, refillable",3699,Other manufacturing n.e.c.,72
961330,Table lighters,3699,Other manufacturing n.e.c.,72
961380,"Lighters, nes",3699,Other manufacturing n.e.c.,72
961390,"Parts of lighters, other than flints and wicks",3699,Other manufacturing n.e.c.,72
961410,"Roughly shpd blocks of wood or root,for the man",3699,Other manufacturing n.e.c.,72
961420,Smoking pipes and pipe bowls,3699,Other manufacturing n.e.c.,72
961490,"Cigar or cigarette holders and parts thereof, a",3699,Other manufacturing n.e.c.,72
961511,"Combs, hair-slides and the like of hard rubber",3699,Other manufacturing n.e.c.,72
961519,"Combs, hair-slides and the like of other materi",3699,Other manufacturing n.e.c.,72
961590,"Hairpins, curling pins, hair-curlers and the li",3699,Other manufacturing n.e.c.,72
961610,"Scent sprays and similar toilet sprays, and mou",3699,Other manufacturing n.e.c.,72
961620,Powder-puffs and pads for the application of co,3699,Other manufacturing n.e.c.,72
961700,Vacuum flasks/vacuum vessels complete w/cases;,3699,Other manufacturing n.e.c.,72
961800,Tailors' dummies/lay figures; automata and oth,3699,Other manufacturing n.e.c.,72
