pc11_dist_key,pc11_state_id,pc11_district_id,ec05_emp_all,sum_manuf_shares,share_shric_5,share_shric_6,share_shric_7,share_shric_8,share_shric_9,share_shric_10,share_shric_11,share_shric_12,share_shric_13,share_shric_14,share_shric_15,share_shric_16,share_shric_17,share_shric_18,share_shric_19,share_shric_20,share_shric_21,share_shric_22,share_shric_23,share_shric_24,share_shric_25,share_shric_26,share_shric_27,share_shric_28,share_shric_29,share_shric_30,share_shric_31,share_shric_32,share_shric_72
01_001,01,001,25709.0,0.17503597961803258,0.007273717375238243,0.0,0.003734100898518029,0.024777315337041503,3.8896884359562796e-05,0.02862810688863822,0.0,3.8896884359562796e-05,0.02045976117313003,0.047181920728149675,3.8896884359562796e-05,0.0,0.012135827920183593,0.00031117507487650237,0.0,0.000583453265393442,0.0,0.0,0.0,0.0073904080283169315,0.0,0.0,0.0,0.0,0.0,0.0,0.0008168345715508188,0.0,0.021626667703916917
01_002,01,002,50539.0,0.42339579334771166,0.0013257088585053127,0.0018797364411642494,0.0012465620609826075,0.01693741466985892,0.0,0.032291893389263734,3.957339876135262e-05,0.0,0.2088881853617998,0.030471517046241518,0.0007914679752270523,0.000573814282039613,0.011535645738934288,0.00128613545974396,0.0,0.0,0.0,0.00013850689566473416,0.0,0.08241160292051683,0.00017808029442608679,1.978669938067631e-05,0.0,0.0,5.936009814202893e-05,7.914679752270524e-05,0.00407606007241932,0.0,0.02916559488711688
01_003,01,003,13289.0,0.09082699977424938,0.0006772518624426217,0.002633757242832418,0.0011287531040710362,0.002107005794265934,0.0,0.002633757242832418,0.0,0.0,0.0008277522763187598,7.525020693806908e-05,7.525020693806908e-05,0.0029347580705846943,0.0016555045526375196,0.001881255173451727,0.0,0.003536759726089247,0.0,7.525020693806908e-05,0.0,0.001956505380389796,0.001881255173451727,0.0,0.0,0.00022575062081420724,0.003085258484460832,0.0,0.0011287531040710362,0.0,0.0623071713447212
01_004,01,004,8520.605527797103,0.153271052622945,0.024443284270774166,0.004979836073072058,0.022956429685565306,0.0007041753054317521,0.0009389004072423361,0.012227817939722873,0.00046945020362116805,0.0,0.001051081814606303,0.001130187039133385,0.00031123975456700365,0.0,0.0037783155247235784,0.0038904969320875454,0.0,0.0,0.0,0.0,0.0,0.0,0.000778099386417509,0.0,0.013227689569097657,0.0,0.00023472510181058402,0.0,0.006709788725585216,0.00011736255090529201,0.05532217233858129
01_005,01,005,17067.0,0.17583640944512802,0.0018163707740083202,0.0013476299291029473,0.001054666901037089,0.06902208941231616,0.0,0.011015409855276263,0.00023437042245268646,0.0005859260561317162,0.006913927462354251,0.03257748872092342,0.0008788890841975743,0.0018163707740083202,0.0014062225347161188,0.0009960742954239175,0.0,0.0,0.0,0.00011718521122634323,0.0,0.0020507411964610068,0.00023437042245268646,0.0,0.0,0.0,0.00023437042245268646,0.0,0.0032811859143376107,0.0004687408449053729,0.03978437921134353
01_006,01,006,24300.0,0.12259259259259259,0.0006584362139917696,0.0,0.00037037037037037035,0.047736625514403296,0.0027983539094650206,0.0020987654320987655,0.0008230452674897119,0.0,0.0003292181069958848,4.11522633744856e-05,0.0,0.0014814814814814814,0.0023045267489711935,8.23045267489712e-05,0.0,0.0,0.0,0.0,0.0,0.03481481481481481,0.0,0.0,0.0,0.0,0.001522633744855967,0.0,0.0023868312757201644,0.0,0.0251440329218107
01_007,01,007,33078.0,0.1598343309752706,0.0,0.0014208839712195416,0.012183324263861177,0.044924118749622106,0.00024185259084587944,0.005381220146320817,9.069472156720479e-05,0.0,0.0003325473124130842,0.0,9.069472156720479e-05,0.0026603784993046737,0.0048370518169175885,0.0021162101699014452,0.00012092629542293972,0.0,0.0,0.0005743999032589637,0.0,0.005683535884878166,0.005713767458733901,0.0,0.0006348630509704335,0.0,0.000423242033980289,9.069472156720479e-05,9.069472156720479e-05,0.00027208416470161435,0.07195114577664913
01_008,01,008,46719.0,0.24197863824140076,0.0007277553029816563,0.0002996639482865644,0.0011772512254115029,0.012500267557096684,0.00017123654187803678,0.03407607183372932,6.421370320426378e-05,0.0,0.09030587127292965,0.0351677047882018,0.0,0.0015625334446370855,0.03775765748410711,0.0006635415997773925,0.0,0.0,0.0,0.00036387765149082816,0.0,0.004280913546950919,0.0007491598707164109,0.0,0.0006849461675121471,8.561827093901839e-05,0.0,0.0,0.0014983197414328217,0.0,0.01984203429011751
01_009,01,009,17413.0,0.35381611439728944,0.0013782805949577902,0.000229713432492965,0.0005168552231091713,0.016022511916384312,0.0,0.021650491012461952,0.0,0.0,0.22862229368862344,0.02567047608108884,0.0,0.0004019985068626888,0.026819043243553668,0.0004019985068626888,0.0,0.0,0.0,0.00034457014873944756,0.0,0.014242232814563832,0.0,0.0,0.0004019985068626888,0.0001148567162464825,0.0,0.0,0.0010337104462183426,0.0,0.01596508355826107
01_010,01,010,94972.98626226584,0.26148093450632515,0.01426156931824708,1.0529309852788262e-05,0.005591063531830568,0.0019332259046916404,0.0002402922825204582,0.036493781109696,1.0529309852788262e-05,2.1058619705576525e-05,0.06250426620208308,0.03849771024987906,0.001126636154248344,0.0011371654641011324,0.027361509199175293,0.005675298010652873,1.0529309852788262e-05,0.00014741033793903567,0.0,0.0001684689576446122,0.0,0.0010529309852788263,0.0026217981533442772,0.0,0.0018742171537963106,4.211723941115305e-05,0.00012635171823345914,0.011992883922325831,0.0011209906219673286,3.1587929558364785e-05,0.04742701351043643
01_011,01,011,9319.0,0.18349608327073727,0.019637300139499946,0.00021461530207103768,0.0028973065779590084,0.013735379332546411,0.0020388453696748576,0.03487498658654362,0.0,0.0,0.025109990342311407,0.03584075544586329,0.0,0.0005365382551775941,0.021032299602961692,0.0021461530207103766,0.0,0.0,0.00010730765103551884,0.0,0.0,0.0005365382551775941,0.003970383088314197,0.0,0.0005365382551775941,0.0,0.0003219229531065565,0.0017169224165683014,0.0009657688593196694,0.0,0.01727653181671853
01_012,01,012,33031.0,0.32163724985619574,0.013623565741273349,0.00048439344857860797,0.0076291968151130755,0.013078623111622415,0.000544942629650934,0.04453392267869577,0.00012109836214465199,0.001029336078229542,0.05116405800611547,0.026732463443431928,0.001089885259301868,0.001392631164663498,0.03433138566800884,0.002028397565922921,0.0,0.00012109836214465199,0.0,0.000423844267506282,0.0,0.07393055008931004,0.000454118858042445,0.000817413944476401,6.0549181072325996e-05,0.00151372952680815,0.000544942629650934,0.0,0.0026944385577185067,0.004692561533105264,0.03860010293360782
01_013,01,013,11735.0,0.22607584149978693,0.016446527481891775,0.0,0.004175543246697912,0.01303792074989348,0.00017043033659991478,0.058968896463570515,0.0,0.001107797187899446,0.016872603323391563,0.040477204942479764,0.0,0.0017895185342991053,0.02326374094588837,0.0007669365146996165,0.0,0.0,0.0,0.0034086067319982955,0.0,0.01014060502769493,0.00034086067319982955,8.521516829995739e-05,0.0,0.0,8.521516829995739e-05,0.00017043033659991478,0.00017043033659991478,0.00025564550489987217,0.03434171282488283
01_014,01,014,40940.0,0.24999999999999994,0.008036150464093795,7.327796775769418e-05,0.0021494870542256963,0.019858329262335123,0.0,0.03759159745969712,0.0004396678065461651,0.0,0.07892037127503664,0.029482169027845628,0.00012212994626282364,0.0,0.034684904738641914,0.0010258915486077186,0.0,0.0,0.0,0.00014655593551538836,0.0,0.024425989252564728,0.0,4.885197850512946e-05,0.0,0.0,0.0,0.0,0.0018563751831949195,0.00019540791402051784,0.010942843185149
01_015,01,015,32180.0,0.31078309509011814,0.009384711000621503,0.0,0.0014605344934742076,0.014201367308887507,0.0,0.032411435674331884,0.00018645121193287757,0.00037290242386575515,0.11880049720323183,0.029707893101305158,3.1075201988812927e-05,0.0,0.04167184586699813,0.002082038533250466,0.0,0.0,0.0,0.00027967681789931633,0.0,0.03896830329397141,0.0,0.0,0.0,0.0,0.0,0.0,0.006215040397762586,0.0,0.015009322560596644
01_016,01,016,13054.0,0.13428834073847098,0.004749502068331546,0.00030641948827945457,7.660487206986364e-05,0.05569174199479087,0.0,0.0011490730810479546,0.0,0.0,0.010571472345641183,0.0,0.00045962923241918186,0.0019917266738164545,0.0006128389765589091,0.00030641948827945457,0.0,0.0,0.0,0.00015320974413972729,0.0,0.00022981461620959093,0.0,0.0,0.0,0.0,0.00045962923241918186,0.0,0.003830243603493182,0.0,0.05370001532097442
01_017,01,017,7288.0,0.10894621295279913,0.005351262349066959,0.00013721185510428101,0.0010976948408342481,0.033068057080131726,0.0,0.002469813391877058,0.0,0.0,0.002332601536772777,0.00027442371020856203,0.0,0.001646542261251372,0.001234906695938529,0.0010976948408342481,0.0,0.0,0.0,0.0005488474204171241,0.0,0.00013721185510428101,0.0,0.0,0.0,0.0,0.0,0.00027442371020856203,0.0031558726673984634,0.0,0.056119648737650935
01_018,01,018,6465.0,0.12095901005413766,0.005877803557617943,0.0,0.002010827532869296,0.04640371229698376,0.00015467904098994585,0.0004640371229698376,0.0015467904098994587,0.0,0.010982211910286156,0.0,0.0,0.0018561484918793504,0.001082753286929621,0.0,0.0,0.0,0.0,0.0006187161639597834,0.0,0.0,0.0,0.0,0.0,0.0,0.0,0.0,0.0027842227378190253,0.0,0.04717710750193349
01_019,01,019,24822.0,0.1794778825235678,0.00016114736926919668,0.007694786882604141,0.0012488921118362743,0.04246233180243333,0.0,0.008460236886632826,0.0009668842156151801,0.0,0.023003786963177827,0.0,0.0004028684231729917,0.0014906131657400692,0.003021513173797438,0.0017726210619611635,0.0,0.0,0.0,0.012972363226170333,0.0,0.010837160583353477,0.00016114736926919668,0.0,0.0,0.0,0.0014100394811054709,0.00016114736926919668,0.005156715816614294,0.0,0.0580936266215454
01_020,01,020,12116.0,0.09565863321228127,0.00041267745130406077,0.0015681743149554307,0.0012380323539121821,0.028557279630241003,0.0,0.0054473423572136016,0.001072961373390558,0.0,0.0004952129415648729,0.0,8.253549026081215e-05,0.001072961373390558,0.0009078903928689336,0.00115549686365137,0.0,0.0,0.0,0.004704522944866293,0.0,0.0037966325519973587,0.000577748431825685,0.0,0.0,0.0,0.005694948827996038,0.0001650709805216243,0.0036315615714757345,8.253549026081215e-05,0.03499504787058435
01_021,01,021,99204.0,0.14461110439095198,0.001300350792306762,0.00027216644490141525,0.0023587758558122657,0.021581791056812225,0.0006451352768033547,0.003649046409418975,0.0008265795734042982,0.0,0.004848594814725213,0.03303294222007177,0.003255917100116931,0.001088665779605661,0.0049897181565259465,0.005765896536429982,2.0160477400104834e-05,4.032095480020967e-05,0.0011189064957058182,0.001622918430708439,0.0,0.005634853433329301,0.00034272811580178216,0.003911132615620338,0.0050401193500262086,0.00025200596750131043,0.00039312930930204425,0.00043345026410225395,0.001622918430708439,8.064190960041933e-05,0.040482238619410506
01_022,01,022,18197.0,0.21217783151068856,0.00010990822663076331,0.0010990822663076332,0.008188162883991866,0.01989338902016816,0.0006594493597845798,0.0034071550255536627,0.0069791723910534705,0.0,0.0046161455184920595,0.015112381161729955,0.0005495411331538166,0.0008792658130461065,0.006209814804638127,0.0020333021926691214,0.0,0.0,0.019069077320437434,0.0076386217508380505,0.0,0.031213936363136782,0.0008243116997307248,5.495411331538166e-05,0.005605319558168929,5.495411331538166e-05,0.002857613892399846,0.00010990822663076331,0.00500082431169973,0.0,0.07001154036379623
02_023,02,023,29008.0,0.14968284611141758,0.000827357970215113,0.0007239382239382239,0.0003102592388306674,0.06467181467181467,3.447324875896305e-05,0.005929398786541644,0.0,0.0,0.006963596249310535,0.031646442360728076,3.447324875896305e-05,0.0036541643684500826,0.004688361831218974,0.0012755102040816326,0.0,0.0,0.00048262548262548264,0.00010341974627688913,0.0,0.0,0.0,0.0,6.89464975179261e-05,3.447324875896305e-05,0.00010341974627688913,0.001620242691671263,0.0019994484280198566,0.0,0.024510479867622725
02_024,02,024,100773.0,0.14653726692665694,0.0012304883252458496,0.0013793377194288154,0.0012404116181913805,0.032141545850575055,0.0001984658589106209,0.005953975767318627,0.0011213321028450082,0.00041677830371230387,0.0014388774771020014,0.034245283955027635,0.0003770851319301797,0.0011213321028450082,0.00531888501880464,0.00237166701398192,0.000436624889603366,1.984658589106209e-05,0.0012205650323003185,0.0010419457592807596,0.00017861927301955882,0.006757762495906642,0.003721234854574142,3.969317178212418e-05,0.0,4.9616464727655224e-05,6.946305061871732e-05,0.0011411786887360702,0.006162364919174779,0.0,0.0371428854951227
02_025,02,025,4562.0,0.07496711968434897,0.0,0.0,0.0017536168347216134,0.003288031565103025,0.0,0.0070144673388864535,0.0,0.0,0.019508987286277948,0.02082419991231916,0.0,0.000657606313020605,0.002849627356422622,0.00021920210434020167,0.0,0.0,0.0,0.0,0.0,0.0,0.0,0.0,0.0,0.0,0.00021920210434020167,0.0,0.0021920210434020165,0.0,0.016440157825515125
02_026,02,026,33011.0,0.14028657114295234,0.0009390809124231316,0.0005149798551997819,0.0001817575959528642,0.03244373087758626,0.0001211717306352428,0.01039047590197207,0.006967374511526461,0.0,0.009148465662960832,0.03077761958135167,3.02929326588107e-05,0.0013328890369876708,0.014449728878252703,0.0015449395655993457,0.0,0.0,0.0,0.000302929326588107,0.0,0.002817242737269395,0.0002726363939292963,0.0,0.0,0.0,0.0,0.0,0.003211050861833934,0.0,0.024840204780224775
02_027,02,027,68054.0,0.19787227789696415,0.0019543303846945074,0.00035266112205013664,0.0006024627501689835,0.06735827431157611,2.9388426837511388e-05,0.01166720545449202,0.0002057189878625797,0.0,0.004187850824345373,0.03209216210656243,0.0007640990977752961,0.004084991330414083,0.007185470361771534,0.0026155699885385135,0.0,0.0,0.0008963470185440974,0.0011755370735004554,0.0,0.011005965850648015,0.0,0.0,0.0,0.0,0.00016163634760631263,0.0005142974696564493,0.011799453375260822,0.0,0.039218855614658946
02_028,02,028,36087.0,0.1639648626929365,0.003519272868345942,0.0002771080998697592,0.00019397566990883144,0.03793609887217003,0.00011084323994790368,0.021032504780114723,0.0006096378197134702,0.0,0.0006373486297004461,0.03239393687477485,0.0005819270097264943,0.0025771053287887606,0.007426497076509547,0.0023831296588799292,0.0,0.0,8.313242996092776e-05,0.0014686729293097237,0.0,0.004461440407903123,0.0,0.00011084323994790368,0.0,0.0,2.771080998697592e-05,0.0008867459195832294,0.0011915648294399646,0.0,0.04605536619835398
02_029,02,029,35594.0,0.24801932910041016,0.0004495139630274765,8.428386806765185e-05,0.0004776085857166938,0.02607180985559364,0.000196662358824521,0.011097375962240827,0.008231724447940665,0.012164971624431083,0.005618924537843456,0.027195594763162332,0.0041860987806933755,0.000589987076473563,0.002809462268921728,0.0026970837781648592,0.000393324717649042,0.0,0.0022194751924481653,0.004607518121031635,0.0,0.07793448333988874,0.001882339720177558,0.0001404731134460864,0.0,0.00011237849075686913,0.000702365567230432,0.000393324717649042,0.008540765297522054,5.6189245378434565e-05,0.04916558970613025
02_030,02,030,31970.0,0.1926180794494839,0.0034720050046918986,3.127932436659368e-05,0.00025023459493274944,0.04451047857366281,0.0,0.017422583672192682,0.0005317485142320926,0.0,0.004379105411323116,0.028526743822333438,0.00021895527056615578,0.0035658429777916797,0.006412261495151705,0.0019080387863622146,0.0,0.0,0.0006255864873318737,0.004035032843290585,0.0,0.02915233030966531,6.255864873318736e-05,0.0,0.0,0.0,0.0,0.0,0.01197998123240538,3.127932436659368e-05,0.03550203315608383
02_031,02,031,83294.0,0.3656806012437871,0.0016927990011285326,8.403966672269311e-05,0.00015607366677071577,0.022270511681513675,0.0,0.01243787067495858,0.004994357336662905,0.001704804667803203,0.002353110668235407,0.01967728767978486,0.000108051000072034,0.012533916008355944,0.002100991668067328,0.004550147669700098,0.0,0.0006242946670828631,0.032559368021706246,0.022870795015247195,0.0,0.050880015367253346,0.0036017000024011333,0.002461161668307441,0.0014646913343097942,0.0022090426681393616,0.006170912670780609,0.00014406800009604534,0.00648306000432204,0.0,0.15154753043436503
02_032,02,032,39785.0,0.25926856855598845,0.0004272967198692975,0.00015081060701269323,0.007716476058816137,0.04612291064471535,0.00020108080935025762,0.013924846047505341,0.0008797285409073771,0.001834862385321101,0.0006032424280507729,0.022370240040216163,0.0,0.0024883750157094382,0.005052155334925223,0.0018097272841523188,0.0,0.000854593439738595,0.013019982405429183,0.03430941309538771,0.0,0.009199447027774288,0.01083322860374513,0.0009551338444137238,0.00040216161870051525,0.01357295463114239,2.5135101168782203e-05,0.0,0.001105944451426417,0.0,0.07140882242051025
02_033,02,033,70561.0,0.08701690735675516,7.086067374328596e-05,2.834426949731438e-05,0.0001558934822352291,0.017743512705318803,0.0,0.002012443134309321,0.0001417213474865719,1.417213474865719e-05,0.0013605249358710904,0.024333555363444396,0.0001417213474865719,0.002083303808052607,0.0055979932257195905,0.011139297912444552,0.0,0.0001700656169838863,0.0,9.920494324060033e-05,0.0,0.00032595909921911536,0.002990320431966667,0.00021258202122985786,0.0,0.0,7.086067374328596e-05,0.0,0.0020691316733039496,0.0,0.016255438556709797
02_034,02,034,9779.0,0.17977298292258923,0.006033336741998159,0.00040903977911851925,0.0,0.008385315471929645,0.0,0.009305654974946313,0.0,0.0,0.07618365886082422,0.03681358012066673,0.0,0.0011248593925759281,0.006340116576337049,0.0013293792821351877,0.0,0.0,0.0,0.0,0.0,0.00040903977911851925,0.0,0.0,0.0,0.0,0.0,0.0,0.005215257183761121,0.0,0.02822374475917783
03_035,03,035,138217.0,0.20947495604737476,0.003928605019643025,0.0010997200054986,0.0230651801153259,0.019657495098287476,0.0008682000043410001,0.01975155009875775,0.0012444200062221,0.0,0.0031906350159531752,0.02828885014144425,0.001106955005534775,0.0031906350159531752,0.0102737000513685,0.003262985016314925,7.235000036175e-06,0.0,4.3410000217050003e-05,0.00073797000368985,0.0,0.0209236201046181,0.001381885006909425,1.447000007235e-05,0.00299529001497645,0.0003762200018811,0.000976725004883625,0.000151935000759675,0.01396355006981775,0.000267695001338475,0.0487060202435301
03_036,03,036,82876.0,0.30247598822336985,0.00015686085235773928,0.0009652975529707032,0.002654568270669434,0.02438582943192239,0.0006757082870794922,0.0088204063902698,0.035257493122254936,0.0,0.0028958926589121095,0.0002654568270669434,0.00010859597470920411,0.00042231767942468265,0.0038249915536464115,0.0020029924224142094,0.0,0.00032578792412761234,0.0007601718229644288,0.0007722380423765626,2.4132438824267582e-05,0.007939572373184035,0.005972778609006226,0.0,0.0003378541435397461,0.0023287803465418216,0.0037163955789372076,0.0035233360683430666,0.009447849799700758,2.4132438824267582e-05,0.1848665476133018
03_037,03,037,259495.0,0.29740842790805216,0.0016609183221256672,0.000601167652555926,0.0010404824755775642,0.010478043892945915,0.0007052159001136823,0.016528256806489526,0.002308329640262818,1.541455519374169e-05,0.004381587313821075,0.02479431202913351,0.005090656852733193,0.010347020173799109,0.003410470336615349,0.007503034740553768,1.541455519374169e-05,5.395094317809592e-05,0.0008054105088730033,0.002543401606967379,3.8536387984354225e-06,0.01107921154550184,0.0010173606427869516,0.0046436347521146846,0.0031599838147170468,0.0010443361143759994,0.00019653557872020656,0.002501011580184589,0.012944372723944584,0.024620898283203914,0.14391414092757085
03_038,03,038,137481.0,0.2390657618143598,0.0023275943584931736,8.7284788443494e-05,0.00860482539405445,0.018300710643652577,9.455852081378518e-05,0.026992820826150524,0.0013747354179850307,7.273732370291167e-06,0.025923582167717722,0.03149526116336075,0.002000276401830071,0.0010619649260625104,0.005193444912387894,0.0017166008393887156,0.0002036645063681527,0.000130927182665241,0.00033459168903339373,0.005629868854605364,5.0916126592038174e-05,0.02667277660185771,0.009885002291225697,9.455852081378518e-05,3.636866185145584e-05,0.0032731795666310253,0.0005382561954015464,0.004167848648176839,0.009877728558855405,0.0001600221121464057,0.05282911820542475
03_039,03,039,52848.0,0.266670451105056,0.002251740841659098,0.00015137753557372085,0.002611262488646685,0.023217529518619436,0.0012867090523766274,0.02119285498032092,0.00015137753557372085,0.0,0.007966242809567061,0.027285800787163184,0.005449591280653951,0.003973660308810172,0.002270663033605813,0.00028383287920072663,0.0022328186497123825,0.0,0.00874205267938238,0.0005865879503481683,0.0,0.07722146533454435,0.0147782319103845,0.0,0.0,0.0013434756282167727,0.008079775961247352,5.676657584014532e-05,0.022271419921283682,1.8922191946715107e-05,0.033246291250378444
03_040,03,040,66533.0,0.378218327747133,0.0014729532713089746,7.515067710760074e-05,0.010445944117956503,0.02839192581125156,0.0010971998857709708,0.007469977304495514,0.006417867824989103,0.0,0.0020741586881697803,0.01752513790149249,0.0010521094795064103,0.000405813656381044,0.002239490177806502,0.0012024108337216118,0.0,0.0,0.0017885861151608975,0.0013827724587798535,0.0,0.03650819893887244,0.13476019418934965,0.0,0.04264049419085266,0.011437933055776832,0.0,0.0,0.010265582492898261,1.5030135421520148e-05,0.059549396540062825
03_041,03,041,496130.0,0.45015217785661016,0.0006349142361880959,0.0007941466954225707,0.0028561062624715295,0.010749198798701953,0.0006147582286900611,0.01427650011085804,0.0028016850422268357,6.046802249410437e-06,0.11102936730292463,0.02581178320198335,0.002225223227783041,0.00415415314534497,0.002255457239030093,0.0026747021949892163,0.00015520125773486787,3.82964142462661e-05,0.0013827021143651866,0.0031503839719428375,0.00020760687722975833,0.016705299014371233,0.019230846753874993,0.001818071876322738,0.003841735029125431,0.0004776973777034245,0.0009372543486586177,0.09637594985185334,0.011670328341362142,4.031201499606958e-05,0.11323645012395944
03_042,03,042,67556.0,0.2890194801349991,0.0005180886967848895,0.004070696903309847,0.033379714607140745,0.046450352300313816,0.0038190538220143288,0.011797619752501627,0.0011397951329267571,0.0,0.0015542660903546687,0.024128130735982,0.0012730179406714429,0.0018207117058440406,0.006335484634969506,0.001258215406477589,0.0,0.0,0.0009177571200189472,0.0003700633548463497,0.0,0.07279886316537391,0.0,0.0,0.0001184202735508319,0.00017763041032624785,0.002175972526496536,0.0007401267096926994,0.013751554266090356,1.4802534193853987e-05,0.060409142045118124
03_043,03,043,121108.0,0.19869868216798225,0.0034019222512137928,0.003344122601314529,0.006787330316742082,0.03303662846385045,0.0015523334544373618,0.013764573768867458,0.0022211579747002676,1.6514185685503846e-05,0.0014697625260098426,0.03386233774812564,0.0010073653268157347,0.007869009479142583,0.006366218581761733,0.0026340126168378636,5.779964989926347e-05,1.6514185685503846e-05,4.128546421375962e-05,0.0013293919476830597,0.00011559929979852693,0.037619314991577765,0.00029725534233906927,0.0,0.00107342206955775,8.257092842751924e-05,0.0009413085840737194,6.605674274201539e-05,0.009586484790434984,0.0,0.030138388876044524
03_044,03,044,46989.0,0.2650833173721509,0.0025112260316244228,0.00021281576539190024,0.010321564621507162,0.02760220477132946,0.0013194577454297815,0.015492987720530337,0.0012556130158122114,0.0016386813935176318,0.00921492264146928,0.02760220477132946,0.0009789525208027412,0.0032135180574176937,0.005362957287875886,0.0011704867096554513,8.51263061567601e-05,0.0007874183319500308,0.0,0.0014897103577433016,0.0,0.0578007618804401,0.0010002340973419312,0.0,0.004362723190533955,0.0,0.004681946838621805,2.1281576539190024e-05,0.012343314392730214,0.0003830683777054204,0.0742301389686948
03_045,03,045,42997.0,0.20096750936111824,0.003302555992278531,0.0011163569551364049,0.005349210410028607,0.024769169942088984,0.0009768123357443543,0.02211782217364002,0.0009768123357443543,0.0,0.0032327836825825056,0.024373793520478172,0.0006744656603949112,0.008093587924738936,0.009814638230574227,0.0026280903318836196,0.0,0.0,4.651487313068353e-05,0.0018373374886619996,6.97723096960253e-05,0.0192106426029723,0.0010233272088750378,0.0,0.0006279507872642277,0.0013256738842244808,0.0008605251529176455,0.00011628718282670884,0.009675093611182175,0.0,0.058748284764053305
03_046,03,046,76081.0,0.18316005310129993,0.00022344606406330094,3.9431658364111934e-05,0.00672966969414177,0.03136131228559036,0.000736057622796756,0.001734992968020925,0.0014326835872294002,0.0,0.000552043217097567,0.025367700214245344,0.001590410220685848,0.001445827473350771,0.006703381921899029,0.0034436981637991086,1.3143886121370644e-05,0.0001182949750923358,0.0,0.002326467843482604,0.00030230938079152484,0.03163733389413914,0.0029836621495511364,0.0,0.0,0.0004994676726120845,0.0002365899501846716,0.00010515108897096515,0.009266439715566304,6.571943060685322e-05,0.05424481802289665
03_047,03,047,37990.0,0.25941037115030274,0.0019742037378257435,0.0021584627533561464,0.01742563832587523,0.028718083706238483,0.000105290866017373,0.005211897867859963,0.000842326928138984,0.0,2.632271650434325e-05,2.632271650434325e-05,0.0035798894445906817,0.008739141879441959,0.007054488023163991,0.0018162674387996842,0.0,0.0,0.0,0.001921558304817057,0.0,0.06430639642011056,0.0,0.0,0.0,0.00026322716504343247,0.0013951039747301921,0.004027375625164517,0.007923137667807318,0.0,0.10189523558831272
03_048,03,048,157937.0,0.20810829634601138,0.00020261243407181345,0.0030645130653361784,0.012872221202124898,0.026333284790771003,0.00031658192823720853,0.014847692434325079,0.0031151661738541316,7.597966277693004e-05,0.0036660187289868744,0.029784027808556577,0.0018551700994700417,0.0029062221012175742,0.0032607938608432475,0.004818376947770314,0.0,0.0,7.597966277693004e-05,0.00655957755307496,0.0,0.02303450109853929,0.0006015056636506961,0.0006141689407801846,0.0003102502896724643,0.00020261243407181345,0.0001899491569423251,0.0003672350367551619,0.01117534206677346,3.165819282372085e-05,0.05782685501180851
03_049,03,049,218677.0,0.2051701825066194,0.003576050522002771,0.0003338256881153482,0.018227797162024356,0.017935128065594462,0.002355071635334306,0.015264522560671675,0.0037361039341128697,0.00011432386579292747,0.02509637501886344,0.00023779364084928914,0.00016919932137353266,0.0013627404802516955,0.004495214402977908,0.00444491190202902,2.2864773158585494e-05,1.3718863895151295e-05,0.0011661034310878602,0.003292527334836311,0.0003338256881153482,0.011729628630354358,0.0044129012196070004,0.0005121709187523151,0.0002880961417981772,0.0011432386579292746,8.688613800262488e-05,0.0002972420510616114,0.009223649492173388,0.0002606584140078746,0.07503761255184588
03_050,03,050,50927.0,0.18385139513421173,0.008050739293498537,0.0,0.013293537809020756,0.03226186502248316,0.001885051151648438,0.020951558112592535,0.0031221159699177255,0.0,0.008737997525870364,5.8907848489013686e-05,0.008698725626877688,0.0021599544445971685,0.005164254717536867,0.0028668486264653327,0.0,3.927189899267579e-05,3.927189899267579e-05,0.0005694425353937989,0.0,0.02939501639601783,0.003161387868910401,0.0,0.0,0.0,0.00011781569697802737,0.00011781569697802737,0.010230329687592044,1.9635949496337895e-05,0.032909851355862316
03_051,03,051,52830.0,0.2983532084043158,0.0030096536059057355,0.00013250047321597576,0.002025364376301344,0.017982207079311,0.00015142911224682944,0.02349044103728942,0.0003028582244936589,0.0,0.0006435737270490252,0.01872042400151429,5.6785917092561044e-05,0.0007003596441415862,0.006360022714366837,0.001135718341851221,0.0,0.0,0.0,0.043100511073253835,0.0,0.13147832670830967,0.004505016089343176,0.0,0.0005678591709256105,0.00011357183418512209,0.000776074200265001,0.0,0.0133636191557827,5.6785917092561044e-05,0.029680106000378573
03_052,03,052,90074.0263425477,0.34591616560218774,0.002014392223127501,0.00043297720312495693,0.007542350039333021,0.012298511960900366,0.00016652969350959882,0.007590048988741686,0.0026311691574516616,0.002942024585336246,0.03991113690870683,0.018453119804848366,0.00032195740745189107,0.0005995068966345557,0.0017738484574144743,0.01253207803702699,0.0005550989783653295,0.0,0.016286604025238766,0.009986024931346062,0.0002997534483172779,0.04716120920191839,0.011701486463941145,0.004673933397836074,0.002531251341345902,0.001831826628605587,0.00021093761177882518,0.007099510243846348,0.01063898220609085,0.0,0.123729895759949
03_053,03,053,119822.0,0.25447747492113293,0.00035051993790789673,0.000993139824072374,0.012117974996244429,0.03934169017375774,0.0017776368279614763,0.017784713992422093,0.001068251239338352,0.0,0.005641701857755671,0.023626712957553704,0.00021698853299060273,0.0024369481397406153,0.004907279130710554,0.0017442539767321527,0.0,0.00010014855368797049,0.00016691425614661747,0.002729048087997196,0.0,0.024436247099864798,0.0018277111048054615,0.004139473552436114,0.009864632538265094,0.00016691425614661747,6.6765702458647e-05,0.0026873195239605413,0.011283403715511342,0.0,0.08500108494266495
03_054,03,054,51340.0,0.25451889365017527,0.00015582391897156213,0.0003506038176860148,0.0084339696143358,0.03659914296844566,0.0007791195948578107,0.009894818854694195,0.0006038176860148033,0.0,0.062991819244254,0.021114141020646668,0.00011686793922867161,0.0018114530580444098,0.00514218932606155,0.001460849240358395,0.0,0.0,0.005979742890533697,0.001908843007401636,0.0,0.020977795091546552,5.8433969614335804e-05,0.0006622516556291391,0.0005648617062719128,0.0,0.0,1.9477989871445266e-05,0.00621347876899104,1.9477989871445266e-05,0.06865991429684457
04_055,04,055,186187.84309056573,0.12437503349961929,0.0004941246349540085,0.00031151335681883145,0.002150531075386711,0.002108649894971967,5.370919945152266e-05,0.00214318580544612,0.001419220723915681,0.0,0.0021247948476932105,0.01584297595559092,2.858507758640485e-05,0.00041511182727414634,0.0009447434512571338,0.011349080623947395,0.0,0.0,0.0002363204775866997,0.002741912182296056,3.7596439616065865e-05,0.0015060943287071563,0.0014637390749743207,0.0052205341866880025,0.00024169139753185196,7.519287923213173e-05,0.0,0.003695192922264759,0.0065883102381181155,0.00015575667840941573,0.06302646621990066
05_056,05,056,18005.0,0.08986392668703139,0.00011108025548458761,5.554012774229381e-05,0.0008331019161344071,0.02565953901693974,5.554012774229381e-05,0.0034990280477645097,0.00022216051096917523,5.554012774229381e-05,0.003665648430991391,0.03254651485698417,0.0005554012774229381,0.0001666203832268814,0.0013329630658150513,0.0018883643432379895,0.0,0.0,0.0,0.0,0.0,0.0004998611496806443,5.554012774229381e-05,0.0,0.0,0.0,0.0,0.0,0.0010552624271035823,0.0,0.017606220494307136
05_057,05,057,25321.0,0.15974882508589705,0.0005134078432921291,0.0,0.0002369574661348288,0.03503021207693219,0.0,0.0019351526401011018,3.9492911022471465e-05,0.0,0.048694759290707317,0.00027645037715730026,0.0,3.9492911022471465e-05,0.0,0.0007108723984044864,0.0,0.0,0.0,0.0008293511314719008,0.0,0.0,0.0,0.0,0.0,0.0,0.0,0.00015797164408988586,0.00296196832668536,0.0,0.06832273606887564
05_058,05,058,11816.0,0.10519634394041977,0.0022850372376438726,0.0,0.00016926201760324982,0.023696682464454975,0.0,0.015233581584292485,0.0,0.0,0.0004231550440081246,0.029028436018957347,0.0,0.000930941096817874,0.00025389302640487475,0.0004231550440081246,0.0,0.0,0.0,0.0,0.0,0.0,0.0,0.0,0.0,0.0,0.0,0.0,0.0005077860528097495,0.0,0.03224441435341909
05_059,05,059,28321.78901098901,0.15173538581020288,7.06170079589248e-05,7.06170079589248e-05,0.021399456047275837,0.03262505767702326,3.53085039794624e-05,0.012514226223059418,0.006037754180488071,0.0,0.001659499687034733,0.03539163416602943,0.0010239466154044097,0.0011045741662498196,0.0024009782706034435,0.0031424568541721536,0.0,0.0,0.0,7.06170079589248e-05,0.0,0.0,0.0012004891353017218,0.0,3.53085039794624e-05,0.0,0.0,0.0,0.008090652682740132,0.0,0.024862192072984773
05_060,05,060,104493.76383763837,0.15447669682083465,0.0031774526349318687,0.0014833421087294533,0.015005680170888921,0.011312368435270947,0.00038279796354308477,0.019601436339886456,0.00024881867630300507,2.8709847265731355e-05,0.00169388098867815,0.034225408850472545,0.0006986062834661296,0.0032634100235858637,0.0026891556938901705,0.0031006635046989866,0.0,9.569949088577119e-06,0.00022967877812585084,0.0015120519559951849,0.0,0.0011675337888064085,0.0018185772487349834,0.0001531191854172339,0.0,0.0019426996649811552,0.0017321607850324585,0.0,0.0010239845524777516,0.0,0.04797558939056375
05_061,05,061,36622.0,0.14248266069575669,0.0,2.730599093441101e-05,0.002648681120637868,0.01971492545464475,0.0,0.00567964611435749,2.730599093441101e-05,0.00016383594560646605,0.0013926055376549615,0.03331330893998143,5.461198186882202e-05,0.0005461198186882202,0.00019114193654087708,0.002047949320080826,0.0,0.0,0.00013652995467205504,0.0013926055376549615,0.0,0.0013926055376549615,0.04303424171263175,0.0002730599093441101,0.0,0.0,2.730599093441101e-05,0.0,0.007618371470700672,0.0,0.022800502430233193
05_062,05,062,28451.0,0.2006256370602088,0.0011247407823978069,0.0005623703911989034,0.002214333415345682,0.03599170503672982,0.0,0.002671259358194791,0.00010544444834979439,0.0,0.05978700221433342,0.03395311236863379,3.5148149449931464e-05,0.0004920740922990405,0.0006678148395486978,0.001827703771396436,0.0,0.0,0.0,7.029629889986293e-05,0.0,3.5148149449931464e-05,7.029629889986293e-05,0.0001757407472496573,0.0,0.0,0.0,0.0,0.0011598889318477383,0.0,0.05968155776598362
05_063,05,063,10785.08888888889,0.17775296070637994,0.004265147971788209,0.00018544121616470476,0.005302931962991427,0.04500520952453559,0.0,0.012182114263382844,9.272060808235238e-05,0.0,0.02460667574641806,0.02983474440362448,0.00018544121616470476,0.0,0.0,0.0012980885131529333,0.0,0.0,0.0,0.0009272060808235238,0.0,0.0,0.0,0.001205367905070581,0.0,0.0,0.0,0.0,0.0015762503373999905,0.0,0.051085620956780514
05_064,05,064,37341.0,0.15315604831150748,0.00024102193299590263,0.0,0.0012318898797568356,0.02736937950242361,2.6780214777322515e-05,0.012720602019228195,0.0,0.0,0.010685305696151682,0.029913499906269247,0.0,5.356042955464503e-05,0.0007766262285423529,0.0017674941753032859,0.0,0.0,0.007846602929755496,0.0035617685653838945,0.0,0.0007230657989877079,0.0,0.0,0.0,0.0,0.0,2.6780214777322515e-05,0.0005356042955464502,0.0,0.05567606652205351
05_065,05,065,15476.0,0.15837425691393126,0.00012923235978288964,0.0,0.0002584647195657793,0.0022615662962005684,0.0,0.03605582837942621,0.00012923235978288964,0.0,0.0003876970793486689,0.01996639958645645,0.004781597311966916,0.00019384853967433445,0.0012923235978288964,0.0013569397777203412,0.0,0.0,0.0,0.00012923235978288964,0.0,0.0009692426983716723,0.0002584647195657793,0.0,0.00012923235978288964,0.00012923235978288964,0.0,0.03851124321530111,0.015184802274489533,0.0,0.03624967691910054
05_066,05,066,65199.0,0.17586159296921733,0.00012270126842436234,0.0022239604901915675,0.007423426739673921,0.020475774168315464,0.00010736360987131704,0.0136811914293164,0.0002300648782956794,7.668829276522646e-05,0.0030368563935029677,0.02883479807972515,6.135063421218117e-05,0.00026074019540177,0.0021779475145324314,0.003512323808647372,7.668829276522646e-05,0.0,0.0007975582447583552,0.006641206153468611,0.0007362076105461741,0.01440206138130953,0.0004908050736974494,0.0,0.0,0.0020245709290019785,9.202595131827176e-05,0.0,0.013711866746422491,0.0,0.05466341508305342
05_067,05,067,93688.0,0.27787977115532403,0.00734352318333191,0.0005123388267440868,0.03373964648620955,0.03811587396464862,2.1347451114336947e-05,0.02673768252070703,0.0023268721714627275,0.005240799248569721,0.004888566305183161,0.028530868414311333,0.009691742805908975,0.00017077960891469557,0.0034796345316369225,0.0032021176671505423,0.0,0.0,0.0001280847066860217,0.004632396891811118,2.1347451114336947e-05,0.015156690291179234,0.00017077960891469557,0.0,0.002700452565963624,0.00039492784561523354,0.0005550337289727607,0.002615062761506276,0.006030654939800188,0.0,0.08147254717786696
05_068,05,068,138165.0,0.36596822639597587,0.00041978793471573843,0.0003691238736293562,0.003162884956392719,0.013114754098360656,0.0004849274418268013,0.02591828610719068,0.004168928455108023,7.237723012340318e-06,0.020178771758404806,0.03002931277819998,0.00045597654977744,0.0027937610827633626,0.0012159374660731734,0.004697282235008866,7.96149531357435e-05,7.237723012340318e-05,0.007360764303550103,0.009524843484239858,0.0003618861506170159,0.06278724713205226,0.004212354793182065,0.0024680635472080483,0.0014475446024680635,5.0664061086382224e-05,0.0032063112944667608,5.790178409872254e-05,0.008728693952882423,0.0,0.15859298664640104
06_069,06,069,25881.897819692953,0.2494264745857683,7.727408607873589e-05,0.0,0.009442192877674957,0.021630216207510832,0.00015454817215747178,0.003810976435730063,0.00042211501136055207,0.0,0.014720713397999187,0.0009655545907890855,0.00033942748633193886,0.0005076949984616606,0.004249703249135361,0.0030187313108254636,0.0,0.00019318521519683972,0.005955518067012541,0.002086400324125869,0.00023182225823620766,0.008204772464318253,0.0,0.0,0.00015454817215747178,0.0004250074734330474,0.010143073091333457,0.0019235462509460245,0.03195808919353035,0.0,0.12881136425142295
06_070,06,070,88975.15917545625,0.21386367630786987,0.0016409074325126245,0.001461466614924771,0.0074403015330577965,0.021579916462611735,3.371727601053338e-05,0.01953407363033796,0.001685863800526669,0.001067713740333557,0.002585307935075591,0.028379171156900924,0.0035065967050954714,0.0012702549770977811,0.0034730265028522383,0.004057425346934671,0.00028097730008777816,0.00041584640412991165,0.002124188388663603,0.004293796993376582,0.00010115182803160014,0.025243453174554606,0.000865444024370503,0.0004270854961334228,0.013723044469954237,0.0023491059891344104,0.00014610819604564463,0.0017871174488587078,0.011868820556709212,0.0,0.052521792923547354
06_071,06,071,100708.16732380484,0.3905425588678774,6.9507768694599e-05,7.943744993668457e-05,0.0027615206979421723,0.021110196453213288,0.001023470043029736,0.03964218958887211,0.0012422794679030798,0.0,0.004779028177822849,0.00023831234981005372,0.0002879607560204816,0.000486554380862193,0.016572637993040817,0.003986079428645847,0.00046669501837802186,4.964840621042786e-05,0.0018171316673016595,0.004627231458811876,0.0,0.03238211628063089,0.0017079051736387182,0.010555251160336962,0.0012114211115344397,0.000139015537389198,0.000278031074778396,0.000417046612167594,0.012315656240565798,0.00025817171229422487,0.23203806285804532
06_072,06,072,92140.0,0.22028434990232254,0.0002062079444323855,0.000759713479487736,0.008487084870848708,0.02543954851313219,0.0004775341871065769,0.028945083568482743,0.0013891903624918603,9.767744736270892e-05,0.0014543086607336662,0.031311048404601693,0.0016062513566312134,0.0007488604297807684,0.005415671803776861,0.002724115476448882,0.0002604731929672238,0.0002062079444323855,0.00019535489472541785,0.003169090514434556,1.0853049706967659e-05,0.050672889081832,1.0853049706967659e-05,0.0,4.3412198827870635e-05,9.767744736270892e-05,0.0005860646841762535,9.767744736270892e-05,0.011829824180594747,0.0,0.04404167571087476
06_073,06,073,78263.0,0.28027292590368375,0.0001149968695296628,0.0,0.02177274063094949,0.028557555933199596,0.0006772037872302365,0.024788214098616205,0.0018143950525791243,2.5554859895480622e-05,0.0009199749562373024,0.034729054597958164,0.00010221943958192249,0.0029643637478757525,0.007027586471257171,0.0005622069177005737,1.2777429947740311e-05,0.0,0.00034499060858898844,0.0013671850044082133,2.5554859895480622e-05,0.08626042957719485,0.00015332915937288374,0.0001149968695296628,0.002721592578868686,0.0002172163091115853,0.0002427711690070659,0.0002427711690070659,0.0013671850044082133,0.0,0.06314605880173262
06_074,06,074,90057.0,0.23601718911356145,0.0004885794552339074,0.0020431504491599767,0.004619296667666034,0.03780938738798761,0.000632932476098471,0.02080904316155324,0.0017877566430149793,0.0,0.013902306317110275,0.02843754511031902,0.0014657383657017222,0.02823767169681424,0.004597088510609947,0.001932109663879543,0.0,7.772854969630345e-05,0.0018765892712393263,0.0026427706896743172,3.331223558413005e-05,0.01683378304851372,0.000222081570560867,0.0002887060417291271,1.110407852804335e-05,0.0,0.00023318564908891034,0.0,0.012814106621362027,0.0001110407852804335,0.054110174667155245
06_075,06,075,119797.0,0.4032738716328455,0.0014941943454343598,0.0001586016344315801,0.011686436221274323,0.009674699700326386,5.843218110637161e-05,0.01576834144427657,0.0027212701486681637,0.0015526265265407315,0.2191624164211124,0.025142532784627327,0.01512558745210648,0.0008097030810454352,0.0029466514186498828,0.0031970750519629038,3.338981777506949e-05,0.0,0.0015275841632094293,0.0013773299832216166,4.1737272218836865e-05,0.031094267803033464,0.00228720251759226,4.1737272218836865e-05,0.0018280925231850547,0.00032555072330692756,0.00044241508551967076,6.677963555013898e-05,0.0059350401095186025,0.0,0.04877417631493276
06_076,06,076,119254.0,0.43530615325272104,0.00021802203699666258,0.0004276586110319151,0.003798614721518775,0.013399969812333339,3.3541851845640395e-05,0.01845640397806363,0.0022473040736579065,0.0010314119442534422,0.025609203884146444,0.01186543009039529,0.0020041256477770137,0.016594831200630586,0.0035973636104449326,0.003647676388213393,0.0002264074999580727,0.0,0.006683213980243849,0.012435641571771178,0.00017609472218961208,0.1658057591359619,0.012393714256964127,8.3854629614101e-05,0.0011236520368289532,0.021324232310865884,0.0009056299998322908,0.020535998792493335,0.005861438610025659,1.6770925922820198e-05,0.08480218692874034
06_077,06,077,75382.0,0.20676023453874934,5.3063065453291235e-05,0.001326576636332281,0.0021225226181316495,0.01885065400228171,0.0018572072908651933,0.014287230373298666,0.000835743280889337,0.0,0.0043379056008065586,0.0008888063463426282,0.0013796397017855721,0.0033827704226473162,0.004550157862619724,0.0015786261972354143,0.00011939189726990528,3.979729908996843e-05,0.0014327027672388635,0.004510360563529755,3.979729908996843e-05,0.07347907988644505,0.0004112387572630071,2.6531532726645617e-05,0.0,0.000278581093629779,0.0003847072245363615,0.00021225226181316494,0.012018784325170465,0.0,0.05835610623225704
06_078,06,078,62395.0,0.30032855196730507,0.00131420786922029,0.00012821540187515026,0.0009616155140636269,0.0329834121323824,0.0022117156823463417,0.037006170366215244,0.003525923551566632,0.0,0.0038304351310201137,0.00046478083179741966,0.0007853193364852953,0.004776023719849347,0.006218446990944787,0.0017950156262521036,0.0001602692523439378,3.2053850468787564e-05,0.0,0.002612388813206186,0.0,0.07742607580735636,0.0011539386168763523,0.0004968346822662072,0.002131581056174373,3.2053850468787564e-05,0.0004487539065630259,0.006939658626492508,0.006603093196570238,0.0,0.10629056815449955
06_079,06,079,87232.0,0.1997890682318415,0.001983217168011739,0.00044708363903154803,0.003897652237710932,0.0204512105649303,2.2927366104181953e-05,0.008093360234776229,0.0006305025678650036,0.0,0.001455887747615554,0.003932043286867205,0.00026366471019809243,0.0031639765223771092,0.009732666911225239,0.00364545121056493,8.024578136463683e-05,0.00017195524578136464,0.0,0.002762747615553925,2.2927366104181953e-05,0.05990920763022744,0.0033359317681584738,0.0,0.0,0.004287417461482025,0.001387105649303008,6.878209831254585e-05,0.007371148202494498,0.0,0.06267195524578137
06_080,06,080,105667.0,0.2362421569648045,0.0009558329468992211,0.0043627622625796135,0.0055078690603499675,0.018009406910388295,0.000558357860069842,0.010675045189131895,0.0018264926609064325,0.00048264831972138887,0.01824599922397721,0.03176961586871966,0.0005962126302440687,0.004135633641534254,0.006236573386203829,0.004192415796795594,3.785477017422658e-05,0.00024605600613247276,0.0014857997293383932,0.0024510963687811712,0.0,0.06268749940851921,0.015302790842931095,0.001731855735470866,4.731846271778323e-05,0.0003406929315680392,0.00015141908069690632,2.8391077630669935e-05,0.018264926609064324,9.463692543556645e-06,0.025902126491714538
06_081,06,081,82612.0,0.2562702755047693,0.00012104778966736067,1.2104778966736068e-05,0.0006899724011039559,0.012940008715440855,0.0013436304653077036,0.009090689004018786,0.0011741635597733986,4.841911586694427e-05,0.0122500363143369,0.010119595216191352,0.0009320679804386772,0.0006536580642037477,0.007190238706241224,0.0024330605723139496,1.2104778966736068e-05,0.00016946690553430494,0.0008352297487047886,0.004297196533191304,0.00033893381106860987,0.07394809470779064,0.006851304895172614,0.0,0.013859971916912798,0.0,0.00045998160073597056,0.0,0.012843170483706968,0.0006173437273035395,0.08303878371180942
06_082,06,082,78305.15320204683,0.2120384071101869,0.0006896097867360853,0.002490257563213641,0.002408461873238966,0.009189624776143804,0.0012718827802850477,0.038492727735227945,0.0005491337190676235,0.000510822064248952,0.003665148310986231,0.029967171642607773,0.0009322502672543375,0.0001787877224871332,0.0039509520281862725,0.002886144663006579,0.0,6.3852758031119e-05,0.0,0.006077178572191458,5.1082206424895206e-05,0.030963094466281173,0.0021210541636678525,0.00024264048051825224,0.00042142820300538546,0.00021709937730580463,0.00046733802909294824,0.00069171477919343,0.009143714950056243,0.0,0.06439523419172793
06_083,06,083,83882.0,0.5491523807253045,2.3843017572303952e-05,0.0017763048091366444,0.006342242674232851,0.006890632078395842,1.1921508786151976e-05,0.01937245177749696,0.0010610142819675258,0.0,0.010467084714241435,1.1921508786151976e-05,0.002372380248444243,0.02769366491023104,0.002455830809947307,0.0018239908442812523,0.0002980377196537994,0.0,0.013447461910779428,0.013507069454710188,0.0,0.292124651295868,0.0050070336901838295,2.3843017572303952e-05,0.0025869674065949785,0.0021220285639350516,0.00010729357907536778,0.0012636799313321095,0.009334541379556997,0.0,0.12902648959252283
06_084,06,084,45962.0,0.22540359427353035,0.0011313693921065227,0.0011748835994952352,0.0016317827770767155,0.018602323658674556,0.0003263565554153431,0.011922892824507201,0.0013706975327444412,6.527131108306863e-05,0.004025064183455898,0.028436534528523565,0.0002610852443322745,0.001588268569688003,0.00757147208563596,0.0008267699403855359,0.0,0.0,2.1757103694356208e-05,0.00039162786649841173,4.3514207388712415e-05,0.09192376310865498,0.0023497671989904704,0.0006962273182193986,0.0,0.00010878551847178103,0.0002610852443322745,6.527131108306863e-05,0.016970540881597843,0.0,0.033636482311474696
06_085,06,085,69589.0,0.3678167526476886,0.0002874017445285893,0.001365158286510799,0.0017100403799451063,0.010748825245369239,0.00017244104671715357,0.005058270703703171,0.004799609133627441,2.874017445285893e-05,0.002284843869002285,0.01743091580565894,0.0005604334018307491,0.0049864202675710245,0.0053600425354581906,0.002098032735058702,4.311026167928839e-05,0.0005891735762836081,0.0014657488970958054,0.006725200821968989,1.4370087226429465e-05,0.10063372084668554,0.0046702783485895755,0.014988000977165931,5.748034890571786e-05,0.00010059061058500625,0.001796260903303683,0.030766356751785483,0.010346462803029215,8.622052335857678e-05,0.13864260156059147
06_086,06,086,141993.7881744579,0.39567494815051407,0.00012638644817661513,0.00033374148770422713,0.0024081472325033467,0.006127475106692587,0.0006543115497143388,0.013070197726322562,0.0020469530855456034,0.002116364921963134,0.0148709407344213,0.06907212283440005,0.019179340534925215,0.0012101107052165834,0.0016528366544030662,0.007082155291224167,0.0,2.2955079809995797e-05,0.00424683158101596,0.007188607330651186,2.386877731537369e-05,0.016681137577687688,0.0016577138944654118,0.002046686067102327,0.0012170406246407816,0.002105162707446512,0.000564894396463844,0.02450736760598175,0.010249918624700616,0.0005118999411519262,0.18469977962886797
06_087,06,087,37316.0,0.3130560617429521,0.0003215778754421696,0.003054989816700611,0.027762889913173973,0.026288991317397363,2.6798156286847464e-05,0.010906849608746919,0.0009111373137528138,2.6798156286847464e-05,0.0005359631257369493,0.045342480437345914,0.0001607889377210848,0.003054989816700611,0.0036981455675849503,0.0005895594383106442,0.0007235502197448816,0.0,0.0,0.0007771465323185765,0.0,0.15759995712294994,0.0,0.0,0.0,0.0004555686568764069,0.0,2.6798156286847464e-05,0.0100493086075678,0.0,0.020741772966019936
06_088,06,088,204649.0,0.5205400466164017,0.0004300045443662075,0.0006254611554417564,0.002770597461995905,0.005184486608778934,2.931849166133233e-05,0.011991263089484923,0.0018030872371719382,0.00010261472081466316,0.03553889830881167,0.026313346266045767,0.0011434211747919608,0.015265161325000366,0.0017249045927417187,0.02748608593249906,0.0002736392555057684,0.0024676397148288044,0.011141026831306286,0.011287619289612947,0.003332535218838108,0.0237870695678943,0.005741537950344248,0.004485729224183847,0.025194357167638248,0.011678532511764044,0.0023992299009523623,0.0022819559343070332,0.006533137225200221,0.0004935279429657609,0.2790338579714536
06_089,06,089,49605.0,0.3407116218123173,0.00010079629069650237,0.0021167221046265497,0.002419110976716057,0.02501763935087189,0.0,0.03019856869267211,0.000766051809293418,2.0159258139300474e-05,0.0017740147162584416,0.029996976111279106,0.00048382219534321135,0.0016530591674226388,0.005442999697611128,0.0015119443604475356,0.0006854147767362161,0.00010079629069650237,0.00020159258139300473,0.0009071666162685213,4.031851627860095e-05,0.19360951516984176,0.004052010885999395,0.0,0.0007862110674327185,0.001068440681382925,0.0010281221651043241,4.031851627860095e-05,0.006491281120854752,0.0,0.03019856869267211
07_090,07,090,7701442.080917814,0.31677353240277,0.0002815874679606509,0.00012338861949933073,0.0007129690808069258,0.0067154442990125926,1.7059112749677498e-05,0.016541286380990436,0.0009753189265044281,0.00031528840580290635,0.017473129082806016,0.09219055041091244,0.0047656524668848255,0.00983662000640655,0.00029463051907745527,0.012044420265183828,5.6365117401210776e-05,0.00023253895803368877,0.0021481372520683662,0.00603481913741738,0.0001208340537100449,0.0011915917764982551,0.0055659492339130805,0.0046495484927207625,0.00200093508916435,0.004742774839264617,0.00233353728715947,0.003697973052843523,0.005544567042362918,0.00028834769189210025,0.11587826833372221
08_099,08,099,117882.10852090032,0.25572264507574577,0.0013063899342511,0.004818550562495531,0.0026891273321921995,0.029293395290432102,0.0020189662620244274,0.005726325724506642,0.0007295424308155494,0.0,0.005065179601373363,0.03497739440658541,0.00024600849411222014,0.004775958006385515,0.005550131926112375,0.0015099831707577648,1.6966103042222077e-05,0.0014336357070677656,0.00011876272129555455,0.00643476281411814,0.0,0.07959765213955687,6.78644121688883e-05,0.0,0.0020698645711510933,0.00017814408194333182,0.0017390255618277629,8.483051521111038e-06,0.011384343790583243,0.0,0.05396618697942559
08_100,08,100,91250.0,0.30429589041095895,0.00016438356164383562,0.0014027397260273973,0.0072,0.02927123287671233,0.0012383561643835616,0.009391780821917809,0.001841095890410959,4.383561643835617e-05,0.017106849315068492,0.042673972602739724,0.0006575342465753425,0.005665753424657534,0.0062246575342465756,0.0019287671232876712,0.0,2.1917808219178083e-05,7.671232876712329e-05,0.0031342465753424658,0.0,0.12065753424657534,0.0007452054794520548,0.0,0.0025972602739726025,0.00014246575342465753,0.00016438356164383562,4.383561643835617e-05,0.004832876712328767,0.001095890410958904,0.045972602739726025
08_101,08,101,117807.4416172751,0.25181458897421266,0.000229207747617947,0.0026146882157267407,0.013191432600819565,0.026918068782039076,0.0012564503109110873,0.035826075329665606,0.0025891710182993927,9.337703539349363e-05,0.009491393630029167,0.02511113818758779,0.0025806638437938416,0.003056047543088251,0.0012308696641739323,0.0035402369170502573,0.00028016571489492106,0.0,0.0005263604129583716,0.002809946576959742,3.395948059332377e-05,0.0384459093485079,0.00017826708469819303,0.00010187844177997129,0.0018674743745005292,6.790742494850081e-05,0.0009932830826998168,4.244935074165471e-05,0.011740111834683159,5.093056871137561e-05,0.06694712445133903
08_102,08,102,91329.96387839496,0.22075120854226848,0.00010951005382902601,0.0009088350594535874,0.003011093915324616,0.030330629312529986,0.0021241659556365234,0.008530275099648522,0.0015988535712366991,0.0070194824924474,0.003175333551069708,0.029970006092181152,0.0006679163336961899,0.008091980434347947,0.0031205530791567483,0.001653438964828232,2.19155814316436e-05,0.0,0.00026278341719214725,0.0005803133796326585,0.0,0.023004990249999198,0.0,2.19155814316436e-05,0.0,0.0,0.0012703997447449618,7.664516334770961e-05,0.023640516666518417,0.0001204678445448478,0.07143918699803892
08_103,08,103,94767.0,0.2277375035613663,0.003355598467821077,0.0,0.005233889434085705,0.02855424356579822,0.00035877467894942334,0.01977481612797704,0.00410480441503899,0.0,0.0024375573775681407,0.03487500923317188,0.00022159612523346735,0.005328859202042905,0.007587029240136335,0.0036510599681323667,0.0,0.0,9.496976795720029e-05,0.0010341152510895144,0.0,0.03699600071754936,9.496976795720029e-05,0.0,0.0,0.0001477307501556449,0.000548714214863824,0.0,0.023330906328152205,2.110439287937784e-05,0.04998575453480642
08_104,08,104,185648.0357142857,0.3765404774203106,0.0011473323656804495,0.006830128824801925,0.001346634232019307,0.02063043643453578,0.00031780567875655644,0.024352533451837147,0.0049286812891906635,0.00014543649705808516,0.03218455814526144,0.022564203191715506,0.0010342150901908277,0.004578556388865644,0.002014564811100883,0.0027363607594632316,8.618459084923564e-05,0.00017775571862654852,0.00825756111074239,0.010401402808117126,0.012146640772814148,0.08280723219533122,0.010234420163346733,0.0,0.004233818025468701,0.0018745148509708752,0.0002531672356196297,1.0773073856154455e-05,0.008930878226752044,7.002498006500396e-05,0.11224465650727326
08_105,08,105,115812.0,0.25951542154526297,0.0009670845853624841,0.01272752391807412,0.005258522432908507,0.029936448727247607,0.0007857562256070183,0.009644941802231202,0.0019946119573101234,0.0,0.0036956446654923497,0.026543017994681034,0.00037992608710669013,0.0006130625496494318,0.0042741684799502645,0.0016146858702034332,8.634683797879321e-06,0.0,0.0,0.00050944634407488,0.0,0.10692328946913963,8.634683797879321e-05,0.0,0.0,0.003920146444237212,0.000777121541809139,4.3173418989396605e-05,0.01172590059752012,0.00014678962456394847,0.036939177287327735
08_106,08,106,39581.0,0.31745029180667494,0.0009600565928096814,0.01614410954751017,0.019984335918748895,0.05040297112250827,0.00035370506050883,0.017281018670574265,0.0019959071271569693,0.0,0.007579394153760643,0.03089866350016422,0.0005052929435840429,0.003334933427654683,0.011470149819357773,0.0013137616533185114,0.0,0.0,0.0,0.0004547636492256386,0.0,0.11669740532073469,0.00012632323589601072,7.579394153760642e-05,0.0,0.006973042621459791,0.00010105858871680857,0.0,0.007604658800939845,0.0,0.023192946110507567
08_107,08,107,43766.0,0.3037289219942421,0.003016039848284056,0.007768587488004387,0.005255220947767674,0.039574098615363526,0.00011424393364712334,0.027418544075309602,0.00827126079605173,0.000205639080564822,0.013960608691678473,0.0008911026824475621,0.000411278161129644,0.0,0.007768587488004387,0.0013937759904949047,0.0,0.0011424393364712333,0.000137092720376548,0.0015537174976008774,0.0,0.0396426449755518,0.005757894255815016,0.0,0.007814285061463236,0.00018279029383539734,0.0006626148151533154,0.008545446236804826,0.007654343554357263,0.0,0.11458666544806471
08_108,08,108,56413.35743931089,0.20915205600535242,8.863149131620055e-05,0.0062588822835045735,0.0005496283779778634,0.03173338299685933,1.7726298263240108e-05,0.0019867595532006427,0.0005323546069843035,0.014540096962671044,0.0252452750029699,0.03257353318791166,0.0013130470873800987,0.00395536856382272,0.0036872680194344276,0.0009406534090802812,1.7726298263240108e-05,0.0,0.0,0.00046108173552472794,3.5452596526480216e-05,0.03130775385786108,0.004272179296212641,7.090519305296043e-05,0.0,0.005000003994316621,1.7726298263240108e-05,7.093347600731545e-05,0.009061871762490556,0.0,0.0354138136554572
08_109,08,109,73071.0,0.2876243653432963,0.0005200421507848531,0.005775204937663369,0.008129079935952703,0.024195645331253166,0.00017790915684744974,0.006076281972328283,0.0025591547946517772,0.0029286584281041726,0.0573688604234238,0.026453723091240028,0.0003147623544224111,0.010154507260062132,0.013644263798223645,0.0020938539228969083,2.7370639514992266e-05,9.579723830247293e-05,5.474127902998453e-05,0.0006705806681173105,9.579723830247293e-05,0.06976776012371529,1.3685319757496133e-05,0.0,0.0002737063951499227,0.0007937485459347757,5.474127902998453e-05,0.0009579723830247294,0.006801603919475579,0.0,0.047624912756086546
08_110,08,110,483693.58800970495,0.29139471265133116,0.0005147887137073316,0.0031963097164591316,0.0019475139289650857,0.010320624144472835,0.0017821199647217664,0.009128086834958658,0.0058449758690390635,0.00010337122765207461,0.027838594727962795,0.025899819094024903,0.010262695481297967,0.00752204422699133,0.005044577072955799,0.006461750731414823,2.2741670083456416e-05,9.716895399295014e-05,0.0009241387752095471,0.0032107103308734375,0.0010295774274146632,0.07140781544673784,0.0021604586579283594,0.00012818032228857252,0.0003204508057214313,0.00043002430703263043,0.0007814864810496841,0.0006140250922533232,0.01307341522773122,3.7213641954746865e-05,0.08129003377643577
08_111,08,111,137014.0,0.2374574860963114,0.005692848905951216,0.0019560044958909307,0.0011969579750974353,0.01910753645612857,0.0003138365422511568,0.0037441429342986846,0.0010436889660910564,0.0,0.011371100763425636,0.034288466871998484,0.03038375640445502,0.012918387901966222,0.01068503948501613,8.758229086078795e-05,5.108966966879297e-05,0.0,0.0,0.001715153196023764,0.0008685243843694804,0.04057979476549842,0.00010217933933758594,0.0001605675332447779,1.459704847679799e-05,1.459704847679799e-05,0.001569182711255784,1.459704847679799e-05,0.015005765834148335,0.0,0.04457208752390267
08_112,08,112,130496.0,0.23178488229524274,0.0025977807748896516,0.004827734183423246,0.005632356547327121,0.026023786169691025,9.961991172143207e-05,0.003356424717999019,0.00019923982344286414,0.0003371750858263855,0.0103451446787641,0.0308208680725846,0.0028583251593918588,0.022130946542422755,0.004889038744482589,0.0026744114762138303,0.0,1.5326140264835705e-05,0.0,0.0027357160372731733,0.0,0.04397069641981363,0.006260728298185385,0.0,1.5326140264835705e-05,0.0015632663070132419,0.0003295120156939676,0.00022989210397253556,0.0248973148602256,0.0,0.034974252084355076
08_113,08,113,180367.0,0.32140580039585953,0.002123448302627421,0.0036758387066370235,0.0044243126514273675,0.016311187744986612,0.0027776699728886104,0.008782094285540039,0.003110325059462097,0.0007041199332472126,0.009669174516402668,0.028353301878946816,0.0011532043001214192,0.008205492135479327,0.0013306203462939451,0.0033320951171777542,4.4354011543131504e-05,1.1088502885782876e-05,0.0013139875919652708,0.004391047142770019,1.6632754328674315e-05,0.03797257813236346,0.015595979308853616,6.653101731469726e-05,0.0009536112481773274,0.001430416872265991,0.0011532043001214192,2.2177005771565752e-05,0.039436260513286796,7.20752687575887e-05,0.1249729717742159
08_114,08,114,23363.0,0.20553867225955572,0.000856054445062706,0.0001712108890125412,0.002396952446175577,0.03967812352865642,0.0,0.016521850789710225,0.0011128707785815178,0.0010272653340752471,0.0018833197791379532,0.0355262594701023,0.012327184008902967,0.004708299447844883,4.28027222531353e-05,0.002011727945897359,0.0,0.0,0.0,0.0,0.0,0.03672473569319009,0.0,0.0,0.0,0.0,4.28027222531353e-05,0.0,0.003852245002782177,0.0,0.04665496725591747
08_115,08,115,73146.3348051822,0.24972352082938906,0.0002597563704168178,0.000792934144858593,0.0018593175549411047,0.04250407684853502,0.0001367122498568654,0.007642744129779048,0.0011348076401639618,0.0,0.019700349744858927,0.040207954954204574,0.0006425723398374556,0.02391175880491423,0.00298033014256844,0.002119253475306786,6.83561249284327e-05,0.0,5.469728269784019e-05,0.0035552769400280107,0.0,0.0232821178204456,0.00034180539015235165,0.00041013674957059626,0.0014491498484827735,4.101986633460664e-05,2.7342449971373086e-05,1.3671224985686543e-05,0.00799797928119275,1.3671224985686543e-05,0.0685757282253715
08_116,08,116,89693.0,0.34214487195210336,0.0008138873713667733,0.0009365279341754652,0.03487451640596256,0.029333392795424393,2.2298284147034887e-05,0.0028764786549675004,0.0009142296500284303,0.0,0.006555695539228256,0.04982551592654945,0.0035677254635255815,0.028218478588072648,0.004058287714760349,0.0006020536719699419,0.0005128605353818023,3.344742622055233e-05,6.689485244110466e-05,0.00020068455732331398,0.0,0.06313759156232927,0.014728016679116543,0.0,2.2298284147034887e-05,0.00014493884695572674,0.000981124502469535,0.000780439945146221,0.018340338710936193,4.459656829406977e-05,0.08055255148116353
08_117,08,117,64420.0,0.29608817137534926,0.0006985408258304874,0.003446134740763738,0.0049674014281279105,0.01997826761875194,0.00034150884818379384,0.018006830176963674,0.0010710959329400806,0.00046569388388699164,0.018115492083203975,0.03141881403290903,0.0005122632722756908,0.006876746352064576,0.0024681775846010557,0.0016920211114560696,0.0,0.0,0.00010866190624029805,0.0029493945979509467,0.0,0.11277553554796647,0.0003725551071095933,0.0005277864017385905,4.656938838869916e-05,3.104625892579944e-05,4.656938838869916e-05,0.0,0.017587705681465383,0.0,0.05158335920521577
08_118,08,118,119987.0,0.26701225966146336,0.0004000433380282864,0.00670906014818272,0.0035753873336278096,0.02598614849942077,4.167118104461317e-05,0.0071674431396734645,0.0010667822347420971,0.0003083667397301374,0.004992207489144657,0.03373698817371882,0.003550384625001042,0.011159542283747406,0.0035420503887921193,0.0019752139815146642,0.002458599681632177,5.833965346245843e-05,0.0046671722769966745,0.0025169393350946354,0.00010834507071599424,0.07419137073182928,0.0085425921141457,0.0,0.0,0.00010834507071599424,0.0011167876519956328,2.50027086267679e-05,0.010017751923125005,0.0003583721569836732,0.05863135172977073
08_119,08,119,199455.27730375426,0.24913212689391573,0.002241103900797045,0.004453007109786666,0.0056254470920507685,0.018130636330662652,0.0029096825297449964,0.018397241299139402,0.00189077748962535,0.02334859254141351,0.020124922212029467,0.026952362596275172,0.0005565157337549709,0.004543001121664806,0.002918010306465514,0.0038055531787104494,0.00013536869199445238,4.0109242072430337e-05,0.0006367342178998316,0.002170912727170292,1.5040965777161375e-05,0.049046345354697304,0.0020806669325073236,0.00048632456012821784,0.0019352709299947637,5.013655259053792e-05,0.0007721029098942839,4.0109242072430337e-05,0.0077968004390945094,0.0,0.04802935068590138
08_120,08,120,72960.0,0.2712719298245614,0.0009594298245614035,0.011115679824561403,0.0022341008771929825,0.028440241228070175,0.0005482456140350877,0.00390625,0.002494517543859649,0.01709155701754386,0.0400219298245614,0.04136513157894737,0.00046600877192982455,0.004180372807017544,0.00840186403508772,0.0017543859649122807,0.001137609649122807,0.0,0.00020559210526315788,0.0015899122807017543,0.0,0.03473135964912281,0.0,0.00013706140350877192,0.0,0.0,2.7412280701754386e-05,0.0,0.009827302631578947,1.3706140350877193e-05,0.060622258771929824
08_121,08,121,60594.0,0.26393702346767006,0.00148529557381919,0.0076245172789385085,0.009208832557678978,0.03848565864607057,6.601313661418622e-05,0.003597715945473149,0.0002640525464567449,0.01341717001683335,0.029029276826088392,0.027775027230418855,0.0011222233224411659,0.0033336633990164043,0.006056705284351586,0.001452289005512097,0.00011552298907482589,0.0,0.0,0.0006106215136812226,0.0,0.05376769977225468,3.300656830709311e-05,0.0,0.0,4.9509852460639665e-05,0.0010067003333663399,1.6503284153546556e-05,0.00991847377628148,0.0,0.05550054460837707
08_122,08,122,148761.0,0.2095710569302438,0.0002823320628390506,0.007044857187031547,0.003979537647636141,0.020052298653544947,0.0006453304293464013,0.006944024307446172,0.0007932186527382849,0.0023729337662424963,0.004927366715738668,0.023117618192940354,0.0015192153857529864,0.0025745995254132467,0.007461633089317765,0.0022183233508782543,1.3444383944716693e-05,0.0,0.000524330973843951,0.003085486115312481,0.0,0.060271173224164934,0.0,0.0,0.0,0.0,0.0005444975497610261,0.0,0.006493637445298163,2.016657591707504e-05,0.05468503169513515
08_123,08,123,83762.0,0.3434970511687878,0.000632745158902605,0.004250137293760894,0.019388266755808122,0.02011652061794131,0.002208638762207206,0.016785654592774767,0.000405911988729973,0.0021370072347842695,0.0015997707791122466,0.028437716386905756,0.00014326305484587283,0.0002626489338841002,0.004703803634106158,0.0012416131419975644,0.0,0.00021489458226880924,0.0,0.003438313316300948,0.0,0.13643418256488624,0.0,0.0001313244669420501,0.0,0.00015520164274969556,0.0010744729113440462,0.0,0.02021202932117189,0.0,0.07952293402736324
08_124,08,124,42170.0,0.17507706900640269,0.0009722551576950439,0.00021342186388427793,0.0006639791320844202,0.03066160777804126,0.00016599478302110505,0.0017310884515058097,0.0004505572682001423,0.0,0.001517666587621532,0.05342660659236424,0.0017785155323689827,0.0017785155323689827,0.005477827839696467,0.0012331041024424946,0.0,0.0,0.0,0.0002845624851790372,0.0,0.038747925065212234,0.006307801754801992,0.0012093905620109082,7.11406212947593e-05,0.00011856770215793219,0.0,2.3713540431586436e-05,0.00758833293810766,0.0,0.020654493715911784
08_125,08,125,67040.11611678732,0.30891052184523954,0.000509237078426022,0.0,0.0018895156045248547,0.028756451940708683,5.978121512845272e-05,0.0020807740607294775,0.0005099297625318158,0.0001789973033324612,0.20057483483963384,0.0015844908192814112,0.0006589787346245678,0.0014522054467484816,0.0020457460460472795,0.0006596714187303617,0.0,0.0,0.0,1.4916441944371765e-05,0.0,0.03548582157626792,0.004806072203543013,0.0,0.0,0.00046240970027552474,0.0005979275986354929,0.0,0.0029312421462605997,0.0,0.023651517907864968
08_126,08,126,90715.0,0.24312406988921348,0.001708647963401863,0.007088133164305793,0.003736978448988591,0.022785647357107423,0.0003086589869371107,0.0074849804332249355,0.00253541310698341,0.005192085101692113,0.003869260871961638,0.03389737088684341,0.0010472358485366256,0.003196825221848647,0.008466075070275038,0.0018960480626136803,0.0,1.1023535247753955e-05,0.0001212588877252935,0.0017637656396406328,0.0,0.07142148487019788,0.0004409414099101582,0.0,3.3070605743261865e-05,0.0,0.0003637766631758805,1.1023535247753955e-05,0.009910158187730805,0.0,0.05583420602987378
08_127,08,127,126947.63283914982,0.23715578965858652,0.0006853219556305879,0.003702314013176739,0.006508215138999951,0.020274582742912106,6.30181108625828e-05,0.013294342565271438,0.0008182846300420732,0.010193179432022767,0.003048501112977443,0.030076547817948694,0.0010870624123795532,0.0010240443015169705,0.0026625151839441232,0.004119808997641351,9.452716629387419e-05,0.0006538129001992965,0.0013470121196877073,0.013678970487914154,0.005238380465452195,0.04432077968128309,0.0008743762882183363,0.0016069618269958614,0.00011374492035267974,6.30181108625828e-05,0.0006616901640571194,7.089537472040564e-05,0.011885840350283176,0.0,0.05898804138693968
08_128,08,128,36843.0,0.20495073691067503,0.0007871237412805689,0.0023885134218168988,0.02136090980647613,0.0459788833699753,0.0,0.006188421138343783,0.00046141736557826454,2.714219797519203e-05,0.0008414081372309529,0.03381917867708927,0.0021170914420649786,0.002687077599544011,0.0029584995792959314,0.000814265939255761,0.0,0.0,0.0,0.00046141736557826454,0.0,0.03232635778845371,0.0004342751676030725,0.0,0.001709958472437098,0.0003528485736774964,8.14265939255761e-05,0.0,0.010449746220448933,2.714219797519203e-05,0.03867763211464864
08_129,08,129,61417.57518056467,0.22079747791099724,0.0006512793753644939,0.0005698694534439321,0.0054187684155203465,0.03498685205706837,4.884595315233704e-05,0.0030935770329813457,0.0016607624071794593,6.512793753644938e-05,0.0030284490954448962,0.0197826110266965,0.01576096088382075,0.0011071749381196395,0.004542673643167345,0.0017910182822523581,0.0,0.0,0.0,0.0009769190630467407,1.6281984384112346e-05,0.06664591453099969,0.0008629451723579544,0.0,6.512793753644938e-05,0.0016119164540271222,0.0,0.0003582036564504716,0.008482913864122532,0.0,0.04926928474632396
08_130,08,130,150802.0,0.23807376559992574,0.0015782284054588135,0.001969469900929696,0.016326043421174784,0.01969469900929696,1.3262423575284147e-05,0.00575589183167332,0.0040185143433110965,5.9680906088778665e-05,0.004462805533083115,0.030901446930412062,0.0012267741807137837,0.004025145555098739,0.002891208339411944,0.001976101112717338,0.00010609938860227318,1.9893635362926223e-05,0.0004045039190461665,0.015152318934762139,1.3262423575284147e-05,0.06609991909921618,0.0003779790718955982,0.0010543626742350897,0.000809007838092333,0.0002851421068686092,6.631211787642074e-06,0.00013262423575284148,0.010099335552578878,1.3262423575284147e-05,0.048600151191628756
08_131,08,131,27681.0,0.21455149741700086,0.001300531050178823,0.0010476500126440518,0.001770167262743398,0.030995990029261948,7.225172500993461e-05,0.0069000397384487554,0.0007586431126043134,0.0007225172500993462,0.006936165600953723,0.04692749539395253,0.0007586431126043134,0.0019146707127632673,0.0028900690003973847,0.001770167262743398,0.0,0.0,0.0,0.001553412087713594,0.0,0.046313355731368085,0.00025288103753477113,0.0,0.0023120552003179076,0.0,7.225172500993461e-05,0.0,0.004082222463061305,0.0,0.055200317907590044
09_132,09,132,195180.0,0.3494466646172764,0.00048673019776616455,0.0001332103699149503,0.11078491648734501,0.024459473306691258,0.00011783994261707141,0.03297469002971616,0.0006916692284045496,1.0246951531919253e-05,0.011824982067834819,0.03048468080745978,0.0002971615944256584,0.0022901936673839535,0.01580079926221949,0.0028537760016395125,2.0493903063838507e-05,0.0001741981760426273,0.0,0.0004918536735321242,0.0,0.02156983297469003,0.0001332103699149503,0.0027513064863203198,3.586433036171739e-05,0.0,0.0,0.0027615534378522388,0.03922020698842094,0.0,0.04907777436212727
09_133,09,133,186703.0,0.3101824823382592,0.00013925860859225614,0.0004552685280900682,0.02885331248024938,0.01617006689769313,0.0005302539327166676,0.05635688767721997,0.0028173087738279515,2.678050165235695e-05,0.0032297284992742485,0.033443490463463364,0.0011354932700599347,0.0011087127684075778,0.003631436024059603,0.0019281961189697005,2.142440132188556e-05,2.142440132188556e-05,2.142440132188556e-05,0.002254918239128455,1.071220066094278e-05,0.068333128016154,0.0017353765070727304,0.001960332720952529,0.009078590060149007,0.00030529771883686926,4.820490297424251e-05,0.002838733175149837,0.016689608629748852,1.071220066094278e-05,0.057026400218528894
09_134,09,134,150832.0,0.2824400657685372,0.004030974859446272,0.0002983451787419115,0.0028044446801739685,0.03128646441073512,0.0005701707860400975,0.08275432269014532,0.0017900710724514692,0.00025856582157632335,0.0030033414660019095,0.03880476291503129,0.000649729500371274,0.0014652063222658322,0.003666330752095046,0.0015248753580142144,1.3259785721862735e-05,0.00039779357165588205,5.303914288745094e-05,0.0032817969661610266,0.0,0.023960432799405962,0.0008817757505038718,0.0013922775007955872,1.98896785827941e-05,0.0,4.640925002651957e-05,3.97793571655882e-05,0.015533838973162194,0.00031160496446377425,0.06360056221491461
09_135,09,135,198460.0,0.32538546810440383,0.003421344351506601,0.0018442003426383151,0.0019449763176458733,0.0338053008162854,7.558198125566865e-05,0.01993348785649501,0.000725587020054419,0.0006751990325506399,0.007306258188047969,0.026539353018240452,0.00024690113876851756,0.001798851153884914,0.0022120326514159026,0.0013604756626020356,1.0077597500755819e-05,4.534918875340119e-05,0.00032752191877456413,0.030192482112264437,0.00010581477375793611,0.039937518895495315,0.0017182303738788674,0.05884813060566361,0.025294769726897107,4.0310390003023276e-05,1.511639625113373e-05,0.00029728912627229666,0.003073667237730525,5.0387987503779095e-06,0.06358460143101885
09_136,09,136,86682.0,0.3056228513416857,0.0010267414226713734,0.0005768210239726817,0.0023188205163701806,0.042707828614937354,0.00024226483006852635,0.02116933157979742,0.0005883574444521354,0.02472254908746914,0.06199672365658383,0.03618975104404605,0.0004845296601370527,0.0016381717080824162,0.004337694100274567,0.0038070187582196994,0.0,1.1536420479453635e-05,0.03773563138829284,0.0015112710828084261,0.0,0.01885051106342724,0.00018458272767125816,0.00028841051198634087,0.0,3.46092614383609e-05,0.00010382778431508272,3.46092614383609e-05,0.008098567176576452,0.003668581712466256,0.03329410950370319
09_137,09,137,62607.0,0.3248997715910362,0.004536233967447729,0.002954941140767007,0.047263085597457156,0.04141709393518297,0.0008625233600076668,0.06130304917980418,0.0006229335377833149,0.029757055920264508,0.00792243678821857,0.03482038749660581,0.00019167185777948153,0.0007507147763029693,0.007906464133403613,0.0011021131822320188,4.7917964444870383e-05,0.0,0.007171722011915601,0.0005111249540786174,0.0,0.035459293689204086,0.0009743319437123645,0.00014375389333461114,0.001469484242976025,6.389061925982717e-05,1.5972654814956793e-05,6.389061925982717e-05,0.012298944207516732,0.00022361716740939511,0.025045122749852253
09_138,09,138,193107.0,0.24197465653756722,0.0005644539037942695,0.0009787319983221737,0.0038942140885623,0.017192540922908024,0.0007560575225134252,0.02923767652130684,0.0009373041888693833,4.660628563438922e-05,0.013546893691062468,0.03754395231659132,0.003754395231659132,0.0016156845686588265,0.00354725618439518,0.009611251793047377,8.285561890558084e-05,7.767714272398204e-05,0.0012480127597653114,0.00402367599310227,3.107085708959282e-05,0.01722361177999762,0.0010667660934093534,0.0001708897139927605,0.00402367599310227,0.0005074906657966826,0.000445348951617497,0.0010201598077749642,0.01189495978913245,0.013728140357418426,0.06320330179641338
09_139,09,139,66340.0,0.37276153150437147,0.0010853180584865843,0.00046728971962616824,0.042357552004823634,0.024706059692493218,0.00012059089538739825,0.03212239975881821,0.0014169430208019296,0.00034669882423876995,0.008185107024419656,0.02619837202291227,0.0012812782634911064,0.0029394030750678323,0.0016279770877298764,0.0029243292131444078,1.5073861923424782e-05,7.536930961712391e-05,0.00012059089538739825,0.0017485679831172746,0.00012059089538739825,0.16579740729574918,0.00015073861923424781,0.0,0.0028489599035272837,7.536930961712391e-05,0.00043714199577931864,0.004778414229725656,0.005411516430509497,0.00013566475731082304,0.04526680735604462
09_140,09,140,244280.0,0.27276895365973475,0.007372687080399541,0.0020550188308498443,0.00736859341738988,0.011040609137055837,0.000458490257082037,0.022515146553135745,0.0014900933355166202,0.0007900769608645816,0.00909202554445718,0.027812346487637137,0.011413132470934992,0.0012976911740625512,0.001187162272801703,0.0041468806287866386,0.0005158015392172917,0.0016169968888161126,0.0008432945799901752,0.011122482397249058,7.777959718355985e-05,0.023362534796135582,0.012334206648108728,0.0006304241034878009,0.000364336007859833,0.001195349598821025,0.0006918290486327166,0.0010234157524152611,0.007446373014573441,6.140494514491567e-05,0.10344277059112494
09_141,09,141,258178.0,0.5321018831968642,0.0014214998954209886,0.00040669615536567796,0.0024479235256296044,0.003970129135712571,0.00016655175886403953,0.021798913927600336,0.004702182215370791,0.0006042342879718644,0.016682288963428334,0.14043024579940971,0.014757260494697456,0.029181417471666835,0.00043768252910782483,0.010690298941040677,0.0011619890153305083,8.133923107313559e-05,0.00020141142932395478,0.012282223892043474,2.3239780306610168e-05,0.009330771793103983,0.009745214541905196,0.00010845230809751412,0.002777153746639915,0.006817002223272316,0.020861576121900396,0.0008017724205780508,0.006557491343181836,0.0019211551720131072,0.21173376507680747
09_142,09,142,112981.0,0.25452952266310264,0.0008231472548481604,0.0024428886272913146,0.008337685097494269,0.032031934573069805,5.3106274506332923e-05,0.03955532346146697,0.0016816986927005427,4.425522875527744e-05,0.032863932873669024,0.03973234437648808,0.0005576158823164957,0.0008054451633460494,0.004691054248059408,0.0027084199998229793,0.00017702091502110975,0.0,0.0,0.0006815305228312725,0.00017702091502110975,0.028270240128871225,0.001124082810384047,8.851045751055487e-06,0.001070976535877714,0.0005222116993122737,0.0008674024836034378,0.00025668032678060915,0.0114532532018658,0.0001327656862658323,0.043458634637682445
09_143,09,143,167076.0,0.29971988795518206,0.0020469726352079294,0.002920826450238215,0.0031961502549737843,0.03415810768751945,0.00014963250257367904,0.015597692068280303,0.000814000814000814,1.1970600205894323e-05,0.0036151212621800856,0.03597165361871244,0.0005326917091622974,0.0004369269075151428,0.002765208647561589,0.00434532787473964,3.591180061768297e-05,0.0,0.0009217362158538629,0.0005147358088534559,0.0,0.03695324283559578,0.0002633532045296751,0.0003411621058679882,0.005620196796667385,5.985300102947161e-06,4.1897100720630135e-05,7.182360123536594e-05,0.0029447676506500035,8.379420144126027e-05,0.14535899830017476
09_144,09,144,56901.0,0.3260048153811005,0.0005975290416688634,0.003268835345600253,0.008277534665471608,0.04052652853201174,0.00026361575367743977,0.02425264933832446,0.0012829300012302067,5.272315073548795e-05,0.009367146447338359,0.02966555948050122,0.00019331821936345583,0.0023901161666754537,0.005131720004920827,0.0028119013725593574,3.514876715699197e-05,0.0,0.0016695664399571184,0.008699319871355513,0.0,0.017785276181437937,0.0009314423296602871,0.0029349220576088296,0.03172176235918525,0.00043935958946239963,0.00031633890441292773,7.029753431398393e-05,0.003479727948542205,1.7574383578495984e-05,0.12982197149434985
09_145,09,145,85791.0,0.22553647818535744,0.00214474711799606,0.003625088878786819,0.01704141460059913,0.029571866512804374,2.331246867387022e-05,0.027905025002622652,0.0008275926379223928,0.0002214684524017671,0.00531524285764241,0.03453742234033873,0.0016202165728339802,0.0014337168234430184,0.008812113158722943,0.00479071231248033,0.00016318728071709155,6.993740602161065e-05,0.0007693114662377172,0.0006644053572053012,2.331246867387022e-05,0.014185637188050028,0.00107237355899803,0.003590120175776014,0.0010840297933349652,0.00031471832709724796,0.0009907799186394844,0.00020981221806483198,0.005944679511836906,3.4968703010805326e-05,0.05854926507442506
09_146,09,146,185006.0,0.2419489097650887,0.0006107910013729284,0.004551203744743414,0.01159421856588435,0.02149119488016605,0.00028107196523356,0.023858685664248726,0.001632379490394906,0.0001729673632206523,0.020945266640000865,0.029215268693988303,0.0021891181907613805,0.0363609828870415,0.0008053792849961623,0.008475400797811963,7.026799130839e-05,3.783661070451769e-05,7.026799130839e-05,0.0007567322140903538,2.162092040258154e-05,0.014004951190772191,0.00039458179734711305,8.107845150968077e-05,0.004913354161486655,3.243138060387231e-05,0.0012323924629471478,0.0001675621331200069,0.00408635395608791,0.00025945104483097845,0.05363609828870415
09_147,09,147,105415.0,0.28919982924631216,0.0006260968552862496,0.002513873737134184,0.003415073756106816,0.024455722620120475,2.84589479675568e-05,0.021012189916046104,0.0003035621116539392,0.0004079115875349808,0.014495090831475597,0.026552198453730493,0.0006355831712754351,0.0004079115875349808,0.0012521937105724992,0.0025328463691125552,4.7431579945928e-05,0.0001233221078594128,2.84589479675568e-05,0.000284589479675568,0.0,0.011412038134990277,1.89726319783712e-05,0.0005976379073186928,1.89726319783712e-05,1.89726319783712e-05,0.0012047621306265713,0.0,0.0036332590238580846,3.79452639567424e-05,0.1731347531186264
09_148,09,148,39990.0,0.21660415103775946,0.0019254813703425857,0.003350837709427357,0.008177044261065266,0.06606651662915729,2.500625156289072e-05,0.0038259564891222806,0.0014003500875218804,0.0004251062765691423,0.0016004001000250062,0.03493373343335834,0.00010002500625156288,0.00010002500625156288,0.004801200300075019,0.002325581395348837,0.0,0.0008252063015753939,0.0,0.0004251062765691423,5.001250312578144e-05,0.059689922480620154,7.501875468867217e-05,0.0,0.0002250562640660165,0.0007001750437609402,0.001000250062515629,0.0017754438609652414,0.005501375343835959,2.500625156289072e-05,0.0172543135783946
09_149,09,149,122626.0,0.270326031999739,0.0014841876926589793,0.002894981488428229,0.00832612985826823,0.07255394451421396,0.00017940730350822826,0.021121132549377784,0.0008154877432192194,0.00012232316148288292,0.024872376168186192,0.035204605874773705,0.0008154877432192194,0.002438308352225466,0.0025850961460049254,0.0017859181576500905,0.0,8.154877432192194e-06,0.039494071404106795,0.0031314729339618026,5.708414202534536e-05,0.01580415246358847,0.00035065972958426433,8.154877432192194e-06,0.003563681437867989,8.154877432192194e-06,7.339389688972974e-05,1.630975486438439e-05,0.004974475233637239,2.4464632296576583e-05,0.027612414985402768
09_150,09,150,185294.0,0.375403412954548,0.0025095254028732715,0.0001295238917612011,0.00234762053817177,0.046531458115211505,0.0001295238917612011,0.013438103770224617,0.0003453970446965363,0.0015219057281941131,0.2176271223029348,0.03352510065085756,0.0003184129005796194,0.00021047632411195182,0.002401588826405604,0.0025796841775772555,5.39682882338338e-06,0.0,1.079365764676676e-05,0.008316513216833788,5.39682882338338e-06,0.014862866579597829,2.6984144116916898e-05,2.158731529353352e-05,0.0,0.0005612701976318715,0.0005180955670448044,0.00042095264822390364,0.002358414195818537,5.39682882338338e-06,0.024674301380508815
09_151,09,151,74952.0,0.279018571886007,0.003041946845981428,0.00036023054755043225,0.0011607428754402819,0.05607588856868396,0.00017344433770946738,0.046176219447112817,0.0006137261180488847,0.0030552887181129256,0.04928487565375173,0.041613299178140675,0.00029352118689294484,8.005123278898494e-05,0.0034155192656633577,0.0011740847475717794,6.670936065748746e-05,0.0,0.00029352118689294484,0.00037357241968192975,0.0,0.03942523214857509,0.0,0.0,0.0,0.0,0.0004402817803394172,0.0,0.002108015796776604,0.0,0.029792400469633898
09_152,09,152,87243.0,0.35743841912818214,0.0005501874075857088,0.0015015531332026638,0.0023497587198972984,0.07710647272560549,0.00016047132721249842,0.05482388271838428,0.007163898536272251,0.00011462237658035601,0.07657920979333585,0.0336760542393086,0.00020632027784464084,0.0004928762192955309,0.0025560789977419392,0.0016734866980731978,0.0,4.584895063214241e-05,0.0011347615281455245,0.0017766468369955182,0.0,0.06454386025239847,3.43867129741068e-05,0.0,0.0,1.1462237658035602e-05,4.584895063214241e-05,1.1462237658035602e-05,0.0013640062813062366,4.584895063214241e-05,0.029469413018809534
09_153,09,153,79600.0,0.26489949748743713,0.0018969849246231155,1.2562814070351759e-05,0.0039321608040201,0.08831658291457287,0.00011306532663316583,0.05304020100502513,0.0008668341708542714,2.5125628140703518e-05,0.003793969849246231,0.026381909547738693,0.00018844221105527637,0.0007914572864321608,0.0009170854271356784,0.0025628140703517588,3.768844221105528e-05,0.0,0.0,0.0006909547738693468,0.0,0.03531407035175879,0.011557788944723618,0.0,7.537688442211056e-05,0.0006407035175879397,1.2562814070351759e-05,1.2562814070351759e-05,0.012952261306532663,0.0002512562814070352,0.020515075376884424
09_154,09,154,126256.0,0.28403402610569,0.0012751869218096566,0.00021385122291217844,0.00611456089215562,0.07012736028386769,0.00043562286148777086,0.023246419972120135,0.0006336332530731213,0.0014019135724242808,0.08443163097199341,0.03199055886452921,0.0028117475605119757,0.0014019135724242808,0.002574135090609555,0.0009029273856291978,0.000506906602458497,0.00027721454821949055,7.920415663414016e-06,0.0006257128374097073,0.00030097579520973263,0.01676751995944747,0.005465086807755671,9.50449879609682e-05,0.00011088581928779622,0.00010296540362438221,0.0009346090482828539,0.0002851349638829046,0.011745976428842985,7.920415663414016e-06,0.019238689646432643
09_155,09,155,92586.0,0.30284276240468305,0.009299462121703066,0.0011124792085196466,0.027099129458017412,0.09998271876957639,7.560538310327696e-05,0.03467046853735986,0.00021601538029507702,0.0003996284535458925,0.05027757976367917,0.03122502322165338,0.00010800769014753851,0.002095349188862247,0.004503920679152356,0.000507636143693431,0.00014040999719180006,0.0,0.0,0.00020521461128032316,0.0,0.018166893482815978,0.0,0.0,0.0,0.0,0.0,0.0,7.560538310327696e-05,0.0,0.022681614930983085
09_156,09,156,81609.0,0.30154762342388713,0.005599872563075151,0.0016174686615446825,0.009471994510409391,0.06968594150155008,0.0,0.028415983531228175,0.0059062113247313405,0.0007107059270423605,0.038757980124741145,0.03718952566506145,0.0029163450109669278,0.010991434768224093,0.0034555012314818217,0.0015071867073484543,1.2253550466247596e-05,0.0020218358269308533,7.352130279748557e-05,0.004202967809922925,0.00015929615606121873,0.03940741829945227,6.126775233123798e-05,2.450710093249519e-05,0.0004043671653861706,0.0028305701577031944,0.0,0.0,0.007915793601195946,0.0007597201289073509,0.027447953044394614
09_157,09,157,331071.0,0.18846410588665272,0.004086736681859783,4.8328002150596096e-05,0.003207771142745816,0.011039927991276795,3.020500134412256e-05,0.0076479063403318325,0.00046515702069948743,0.0008306375369633704,0.0597152876573303,0.035095191061736,0.0014679630653243565,0.0026127326162666015,0.0026127326162666015,0.0068655968055190576,1.2082000537649024e-05,1.8123000806473536e-05,0.0006071205270168635,0.0025795071147880666,0.001132687550404596,0.013534861102301319,0.0011598720516143063,0.0,2.7184501209710304e-05,0.0008880270395172033,9.061500403236768e-06,0.00034433701532299716,0.006980375810626723,1.2082000537649024e-05,0.025432611131751194
09_158,09,158,75512.0,0.20673535332132642,0.0024234558745629834,0.0032710032842462127,0.012249708655577922,0.06543330861320056,0.00034431613518381185,0.003310732069075114,0.0013242928276300456,0.002118868524208073,0.0014699650386693507,0.03599427905498464,0.0009667337641699333,0.00026485856552600914,0.003893420913232334,0.0019069816717872657,0.00010594342621040364,7.945756965780274e-05,0.0,0.0001191863544867041,0.0,0.04012607267719038,0.0,0.0,0.00042377370484161455,5.297171310520182e-05,0.00010594342621040364,0.0,0.004833668820849666,0.0,0.02591641063671999
09_159,09,159,51965.0,0.26806504377946694,0.002116809390936207,0.0,0.0012700856345617241,0.04926392764360627,0.00025016838256518813,0.019224478014047915,0.0003271432695083229,0.014529009910516694,0.06273453285865487,0.0053689983642836525,0.00021168093909362072,0.0009814298085249688,0.00452227460790917,0.0017704223996921004,0.0,0.0002886558260367555,0.0,0.000577311652073511,0.0,0.04897527181756952,0.0,0.0004618493216588088,0.0,1.9243721735783702e-05,0.000192437217357837,0.00015394977388626961,0.002713364764745502,0.002366977773501395,0.04974502068700087
09_160,09,160,31484.0,0.2541608436031,0.006670054630923644,0.0003493838140007623,0.005653665353830517,0.05764832931012578,6.352432981832041e-05,0.02448862914496252,0.0005081946385465633,0.010132130606022107,0.004637276076737391,0.028300088934061746,0.0012704865963664084,0.0004764324736374031,0.004351416592554948,0.00304916783127938,3.1762164909160206e-05,6.352432981832041e-05,0.0,0.020168974717316733,0.0,0.05402744251048151,9.528649472748063e-05,0.0,0.0,0.0,0.011688476686570956,0.0,0.0011116757718206073,6.352432981832041e-05,0.019311396264769406
09_161,09,161,58038.0,0.2278162583135188,0.0009821151659257727,0.0005685929907991316,0.005685929907991316,0.05784141424583893,0.00018953099693304386,0.01567938247355181,0.004049071298115028,0.0005341328095385782,0.003325407491643406,0.029549605430924566,0.000241221268823874,0.00036183190323581103,0.0036010889417278334,0.002963575588407595,3.4460181260553434e-05,0.0,0.000844274440883559,0.0006030531720596851,0.0,0.056015024639029604,0.0,0.0,0.0,0.0,1.7230090630276717e-05,0.00018953099693304386,0.003980150935593921,1.7230090630276717e-05,0.040542403253041114
09_162,09,162,42366.0,0.1914270877590521,0.000283245999150262,2.3603833262521832e-05,0.003446159656328188,0.04996931501675872,7.08114997875655e-05,0.022706887598546003,0.0008261341641882642,0.00023603833262521832,0.0014870414955388755,0.00011801916631260916,0.02513808242458575,0.0004484728319879148,0.001982721994051834,0.0012273993296511353,0.0,0.0,0.0,0.000849737997450786,0.0,0.043950337534815656,0.0007317188311381769,0.0,4.7207666525043664e-05,0.0,0.0,0.0,0.01300571212764953,0.0,0.024878440258698013
09_163,09,163,65689.0,0.34734887119609076,0.0005175904641568604,0.04480202164746,0.07623803072051637,0.09651539831630866,0.0017658968777116413,0.0020246921097900714,0.00019790223629527012,0.0004262509704821203,0.005145458143677024,0.01529936519051896,0.00021312548524106016,7.611624472895005e-05,0.0011569669198800408,0.0009133949367474007,1.5223248945790011e-05,1.5223248945790011e-05,0.0,0.00036535797469896023,0.0,0.052702887850325016,0.0002892417299700102,0.0,0.0,0.0008220554430726605,0.00045669746837370033,0.0001370092405121101,0.00038058122364475024,0.00010656274262053008,0.04676582076146691
09_164,09,164,340004.0,0.2731703156433454,0.002594087128386725,0.0008499900001176457,0.006799920000941166,0.018229197303561134,0.001023517370383878,0.021020340937165444,0.0008852837025446759,0.0010058705191703628,0.00928518488017788,0.036946624157362856,0.036361336925447935,0.01229397301208221,0.0016440983047258267,0.0045793578899071775,8.23519723297373e-05,0.00014117480970812107,0.0016735097234150188,0.00946753567605087,0.0004676415571581511,0.01283808425783226,0.003467606263455724,2.3529134951353513e-05,0.0005705815225703228,0.00195880048470018,2.6470276820272704e-05,0.00041764214538652484,0.009546946506511687,0.00041175986164868647,0.07855789931883154
09_165,09,165,65109.0,0.21119968053571703,0.00018430631709901856,0.0054677540739375505,0.00912316269640142,0.04424887496352271,4.607657927475464e-05,0.010505460074644058,0.0016894745734076701,0.0014283739575173939,0.015466371776559308,0.03726059377351825,0.0017048334331659218,0.0009983258842863505,0.0014437328172756455,0.0029335422138260458,6.14354390330062e-05,3.07177195165031e-05,0.0009829670245280991,0.00033789491468153406,0.0,0.007879095055983044,3.07177195165031e-05,0.0,0.01518991230091078,0.0,0.0005989955305718104,0.0005682778110553073,0.0012594265001766268,0.0,0.051759357385307715
09_166,09,166,66256.0,0.20223074136681962,0.0003924172905095388,0.00246015455204057,0.001297995653223859,0.03838142960637527,6.037189084762135e-05,0.010731103598164695,0.0005735329630524028,0.017372011591403044,0.025099613619898577,0.0381852209611205,0.001026322144409563,0.00042260323593334943,0.0006037189084762135,0.0028978507606858247,0.0,0.0001207437816952427,3.0185945423810673e-05,0.0009055783627143203,0.0,0.02226213475006037,0.0007546486355952669,0.00013583675440714804,0.00559949287611688,0.0,0.0,0.0,0.0030185945423810675,3.0185945423810673e-05,0.02986899299686066
09_167,09,167,36078.0,0.2550307666722102,0.0003603303952547259,0.00013858861355950996,0.0051554964244137705,0.051499528798713896,0.0002494595044071179,0.006984866123399301,0.0008038139586451577,0.018986640057652864,0.0012472975220355895,0.03417595210377515,0.0002771772271190199,0.0015244747491546095,0.003603303952547259,0.0031043849437330227,0.0,2.771772271190199e-05,0.0,0.0047674483064471425,0.0,0.008731082654249126,0.00016630633627141194,0.0011918620766117856,0.0,0.00011087089084760796,0.00011087089084760796,2.771772271190199e-05,0.0025777482122068852,0.0,0.10920782748489384
09_168,09,168,32690.0,0.22074028754970942,0.00027531355154481493,0.0051085959008871215,0.00832058733557663,0.06044661976139492,0.0003670847353930866,0.0051085959008871215,0.0005200367084735394,0.0,0.0,0.04328540838176812,0.0016518813092688896,0.0022025084123585194,0.003303762618537779,0.0028754970939125113,0.0,0.0,0.0,0.00021413276231263382,0.0,0.03493423065157541,0.0,0.0,0.0,0.0,0.002967268277760783,0.0,0.002477821963903334,0.0,0.046680942184154174
09_169,09,169,30369.0,0.22648095096973886,0.0002963548355230663,0.0032269748756956107,0.0018110573281965162,0.05202673779182719,9.878494517435543e-05,0.011524910270341467,0.0014159175474990945,0.0024696236293588855,0.0007244229312786065,0.040929895617241266,0.000757351246336725,0.0015805591227896869,0.0028647634100563073,0.001317132602324739,0.0,0.0,0.0,0.0002634265204649478,0.0,0.026935361717540914,0.00032928315058118477,0.0,0.0,3.292831505811848e-05,0.0,0.0,0.005334387039415193,6.585663011623695e-05,0.07247522144291876
09_170,09,170,45280.0,0.19794611307420495,0.00024293286219081273,0.0,0.0020097173144876324,0.07451413427561837,2.2084805653710246e-05,0.010976148409893994,0.0011484098939929328,0.0005521201413427562,0.0009496466431095406,0.03299469964664311,0.0005079505300353357,0.0005962897526501767,0.006713780918727915,0.002959363957597173,4.416961130742049e-05,4.416961130742049e-05,6.625441696113074e-05,0.00030918727915194347,0.0,0.012212897526501766,0.0,0.0,4.416961130742049e-05,2.2084805653710246e-05,0.00011042402826855124,0.00265017667844523,0.004394876325088339,0.0,0.04386042402826855
09_171,09,171,21483.0,0.17893217893217894,0.00027929060187124703,0.0,0.002327421682260392,0.05450821579853838,0.0,0.004980682400037239,0.0,9.309686729041568e-05,0.0015826467439370665,0.03132709584322488,0.0006982265046781176,9.309686729041568e-05,0.00344458408974538,0.0013499045757110273,0.0,0.00041893590280687055,0.0,0.0009775171065493646,0.0,0.030954708374063212,0.0047479402318111995,0.0,0.0,0.0,0.0003723874691616627,0.0016291951775822744,0.004701391798165992,4.654843364520784e-05,0.034399292463808594
09_172,09,172,85774.0,0.27900062956140553,3.4975633641896144e-05,0.0,0.0031244899386760555,0.05861916198381794,6.995126728379229e-05,0.01987781845314431,0.0005129759600811434,0.001842050038473197,0.02521743185580712,0.03527875580012591,0.00041970760370275376,0.0014806351575069369,0.003194441205959848,0.001352391167486651,0.00010492690092568844,4.663417818919486e-05,0.0002564879800405717,0.0012940984447501573,0.0,0.06498472730664304,0.0010142933756149882,2.331708909459743e-05,0.0,0.0019819525730407814,0.00013990253456758458,3.4975633641896144e-05,0.0021101965630610673,2.331708909459743e-05,0.055961013827033834
09_173,09,173,76020.0,0.2622467771639043,0.00031570639305445933,6.577216521967904e-05,0.0019337016574585636,0.05734017363851618,0.00035516969218626676,0.005735332807156011,0.00011838989739542226,0.0012365167061299657,0.001157590107866351,0.038463562220468296,0.001157590107866351,0.0013417521704814522,0.00539331754801368,0.0016837674296237832,0.0,1.3154433043935807e-05,1.3154433043935807e-05,0.0012759800052617731,0.002907129702709813,0.0771112865035517,0.005840568271507498,1.3154433043935807e-05,5.2617732175743226e-05,0.0030123651670612996,0.0004340962904498816,0.0,0.01361483820047356,1.3154433043935807e-05,0.04164693501710076
09_174,09,174,25411.0,0.2040454921097163,0.0008264137578214159,0.0,0.0019282987682499705,0.05729802054228484,0.0003541773247806068,0.004761717366494825,0.0003935303608673409,0.03620479319979537,0.0013380032269489591,0.013852268702530401,0.00027547125260713866,7.870607217346819e-05,0.0009838259021683522,0.0008264137578214159,3.935303608673409e-05,0.0,0.0,0.0007477076856479477,7.870607217346819e-05,0.02731100704419346,0.0,0.00011805910826020228,0.0,3.935303608673409e-05,0.00011805910826020228,0.0,0.0024398882373775138,0.0,0.05403171854708591
09_175,09,175,206005.0,0.25676075823402345,0.0029999271862333437,0.0014854008397854421,0.00743671270114803,0.027975049149292493,6.310526443532924e-05,0.015339433508895415,0.001402878570908473,0.06267323608650276,0.018616053008422125,0.02826144996480668,0.0004223198466056649,0.0006213441421324725,0.002412562801873741,0.00409213368607558,0.00015048178442270818,7.281376665614912e-05,0.0007766801776655907,0.001402878570908473,9.708502220819882e-06,0.04462027620688818,0.0007087206621198515,0.0,9.708502220819882e-06,0.0,9.22307710977889e-05,0.0,0.0033639960195140893,5.339676221450936e-05,0.03169825975097692
09_176,09,176,90723.0,0.2745500038578971,0.0014549783406633378,0.002116332131873946,0.019531981967086626,0.07443536920075394,0.00054010559615533,0.026255745511061142,0.0004078348379132083,6.613537912106081e-05,0.02838310020612193,0.029088544250079913,0.00047397021703426913,0.0010030532500027555,0.0032626787033056665,0.0009699855604422252,1.1022563186843468e-05,2.2045126373686936e-05,0.0,0.0034059720247346316,0.0033288140824267276,0.04544602801935562,4.409025274737387e-05,0.0,0.0,0.0003086317692316171,0.0,0.0,0.007374094771998281,3.306768956053041e-05,0.026586422406666445
09_177,09,177,76148.0,0.2905263434364657,0.000499028208226086,0.0016415401586384409,0.0044387245889583446,0.0567053632400063,0.00011819089142196774,0.026409098072175237,0.00116877659295057,0.01179282449965856,0.0011293796291432473,0.033395492987340444,0.0006434837421862689,0.0016546724799075484,0.006303514209171613,0.00233755318590114,6.566160634553764e-05,0.0,0.000249514104113043,0.004281136733729054,0.0,0.07809791458738247,0.000249514104113043,0.0,0.0,7.879392761464516e-05,0.0005121605294951936,0.00010505857015286022,0.002915375321741871,1.3132321269107528e-05,0.05572043914482324
09_178,09,178,62722.0,0.1258250693536558,0.0017218838684990912,0.004464143362775422,0.0011160358406938555,0.03703644654188323,6.377347661107746e-05,0.006887535473996365,0.00023915053729154045,0.00023915053729154045,0.00014349032237492428,0.017537706068046298,0.00041452759797200344,0.0,0.00325244730716495,0.001578393546124167,1.5943369152769364e-05,1.5943369152769364e-05,0.0,7.971684576384682e-05,0.0,0.027374764835304998,0.0002232071681387711,3.188673830553873e-05,3.188673830553873e-05,0.0,0.0001275469532221549,0.0,0.0,0.0,0.023229488855584964
09_179,09,179,104878.0,0.3151566582123992,0.0028700013348843417,0.0002288373157382864,0.0031941875321802476,0.050439558343980624,0.00041953507885352507,0.02959629283548504,0.0006006979538130018,0.02130094013997216,0.06506607677491943,0.03129350292721066,0.00023837220389404833,0.0007437212761494307,0.005606514235588017,0.0017734891969717196,5.72093289345716e-05,0.0003432559736074296,2.86046644672858e-05,0.000715116611682145,3.8139552623047734e-05,0.052308396422509965,0.0005530235130341921,8.58139934018574e-05,9.534888155761934e-06,0.005301397814603635,0.0006865119472148592,0.0011537214668471938,0.007866282728503595,0.0005148839604111443,0.032123038196761954
09_180,09,180,64195.0,0.2848196900070099,0.006044084430251577,6.231014876548018e-05,0.0031155074382740087,0.10572474491782849,0.0003894384297842511,0.025796401588908793,0.0007944543967598722,0.0005763688760806917,0.0027260690084897577,0.029316924994158423,0.0001713529091050705,0.0003115507438274009,0.004735571306176493,0.002118545058026326,0.0001401978347223304,0.0,0.00026481813225329073,0.00018693044629644053,0.0,0.0618272451125477,0.00718124464522159,0.00018693044629644053,9.346522314822027e-05,4.673261157411013e-05,0.0005452138016979515,1.5577537191370044e-05,0.006417945322844458,7.788768595685022e-05,0.025952176960822495
09_181,09,181,18304.0,0.24388111888111882,0.003223339160839161,0.0014750874125874125,0.0019121503496503497,0.12789554195804195,5.463286713286713e-05,0.006774475524475524,0.000819493006993007,0.0002731643356643357,0.0010926573426573427,0.015898164335664336,0.004698426573426573,0.0,0.0031140734265734265,0.0011472902097902098,0.00038243006993006994,0.00010926573426573427,0.00043706293706293706,0.0001638986013986014,0.0,0.03551136363636364,0.0030594405594405595,0.00010926573426573427,0.0,0.0,5.463286713286713e-05,0.0,0.0015297202797202797,0.0001638986013986014,0.03398164335664336
09_182,09,182,42991.0,0.2378637389221,0.001907375962410737,0.0017678118676001955,0.0032332348631108837,0.07045660719685516,0.00018608545974738898,0.01386336675118048,0.0006047777441790142,0.0,0.0006978204740527087,0.02784303691470308,0.00011630341234211812,0.00011630341234211812,0.002233025516968668,0.0007443418389895559,2.3260682468423623e-05,0.0,0.0,0.00013956409481054175,0.0,0.0734572352352818,0.0,0.0,0.0,0.0,0.0,0.0,0.0010699913935474867,0.0,0.03940359610150962
09_183,09,183,68081.0,0.327315991245722,0.002423583672390241,4.406515767982257e-05,0.0009253683112762738,0.08832126437625769,0.00010281870125291932,0.08796874311481911,0.0032608216683068696,0.0036867848592118213,0.0011897592573552093,0.03318106373290639,0.00016157224482601606,0.00022032578839911282,0.005816600813736579,0.0013660198880744996,0.0,1.4688385893274187e-05,0.0,0.00010281870125291932,0.0,0.06827161763193842,0.0,0.0,0.0,0.0,2.9376771786548375e-05,0.0,0.000235014174292387,1.4688385893274187e-05,0.029978995608172618
09_184,09,184,42561.0,0.1715890134160382,0.003054439510349851,0.0001409741312469162,0.0006813749676934282,0.07149738023072766,2.3495688541152697e-05,0.0032424050186790725,0.0009868189187284134,0.0,0.0008458447874814971,0.0030779351988910035,0.00030544395103498505,0.0001409741312469162,0.00382979723220789,0.0010808016728930242,0.0,0.0,0.0,7.04870656234581e-05,0.0,0.04349051948967365,0.00011747844270576349,0.0,0.0,0.0004934094593642067,4.6991377082305394e-05,0.0010808016728930242,0.010643546909142173,2.3495688541152697e-05,0.02671459787129062
09_185,09,185,54056.0,0.2297432292437472,0.003403877460411425,0.002182921414829066,0.00604928222583987,0.05414755068817523,0.0002034926742637265,0.02206970549060234,0.0014429480538700606,0.00136895071777416,0.0004994820186473287,0.028636969069113512,0.00022199200828770165,0.00068447535888708,0.007122243599230428,0.002571407429332544,3.699866804795027e-05,0.0,0.0,0.00022199200828770165,0.0,0.06025233091608702,0.006030782891815895,0.0,1.8499334023975136e-05,3.699866804795027e-05,5.549800207192541e-05,7.399733609590054e-05,0.002164422080805091,1.8499334023975136e-05,0.030227911795175373
09_186,09,186,47632.0,0.30023933490090693,0.010455156197514276,0.0008187772925764192,0.009048538797447095,0.05758733624454149,0.0002099428955324152,0.05748236479677528,0.0010707087672153174,0.002918206247900571,0.02930802821632516,0.04045599596909641,0.0001049714477662076,0.0027712462210278802,0.015010917030567686,0.0008397715821296608,0.0,0.0,0.0,0.00014696002687269064,0.0,0.025990930466913,0.005752435337588176,0.0,0.0,0.0,0.0,0.0,0.004261840779308028,4.1988579106483035e-05,0.03596321800470272
09_187,09,187,43761.0,0.2138205251251114,0.002445099517835516,0.0,0.0031534928360869266,0.053038093279404036,0.0,0.0058271063275519295,0.00045702794725897486,0.0011882726628733348,0.0013939352391398735,0.03477982678640799,0.0002056625762665387,4.570279472589749e-05,0.0020109229679394895,0.0012568268549621809,0.0,0.0,2.2851397362948744e-05,0.00034277096044423114,0.0,0.07216471287219213,0.0,0.0,0.0,2.2851397362948744e-05,4.570279472589749e-05,0.0,0.004707387856767441,0.00013710838417769247,0.03057516967162542
09_188,09,188,171208.0,0.18010256530068694,0.002161113966637073,6.424933414326433e-05,0.002786084762394281,0.03358487921125181,4.6726788467828604e-05,0.008410821924209149,0.0032650343441895237,0.000619129947198729,0.006214662866221204,0.030220550441568152,0.0002394747908976216,0.004322227933274146,0.0022720900892481658,0.002569973365730573,0.0,4.6726788467828604e-05,0.00027451988224849304,0.0023071351805990375,0.0,0.04646979113125555,8.761272837717864e-05,0.0,1.1681697116957151e-05,0.0,2.920424279239288e-05,8.761272837717864e-05,0.0017697771132190085,2.920424279239288e-05,0.03221227980000935
09_189,09,189,60285.0,0.25133947084681096,0.0034171020983660943,0.001658787426391308,0.0013270299411130464,0.06441071576677448,0.0003483453595421747,0.04822095048519532,0.0005971634735008708,0.000414696856597827,0.0007132785933482625,0.022659036244505267,0.0003151696110143485,0.0003483453595421747,0.005590113626938707,0.001891017666086091,1.658787426391308e-05,0.0,0.0,0.00019905449116695696,0.0,0.06900555693787841,0.0,0.0,0.0,0.0,1.658787426391308e-05,0.0,0.006021398357800448,4.976362279173924e-05,0.02411876917972962
09_190,09,190,103829.0,0.1988172861146693,0.0013194772173477545,1.9262441129164297e-05,0.0010883279237977829,0.04897475657090023,5.77873233874929e-05,0.018231900528754008,0.0004045112637124503,0.0018877192306581013,0.00037561760201870384,0.029028498781650598,0.00010594342621040364,1.9262441129164297e-05,0.004064375078253667,0.002311492935499716,3.8524882258328595e-05,0.0,0.0,0.00015409952903331438,0.0,0.05743096822660336,0.0,0.0,0.0,3.8524882258328595e-05,0.0015698889520268905,0.0,0.0039488004314786815,9.631220564582149e-06,0.02773791522599659
09_191,09,191,130269.0,0.17758637895431756,0.0017041659949796192,0.0003147333594331729,0.0037614474663964564,0.030836192801050134,2.3029270202427286e-05,0.004398590608663612,0.0005450260614574458,0.0013126684015383552,0.003653977538785129,0.019720731716678565,0.0013126684015383552,0.0001765577382186092,0.0030321872433195923,0.0025408961456678107,2.3029270202427286e-05,9.211708080970914e-05,6.141138720647276e-05,0.0002686748190283183,0.0,0.0590854309160276,0.0004529089806477366,8.444065740890005e-05,0.00027635124242912743,0.0002533219722267001,0.00023796912542508195,4.605854040485457e-05,0.01340303525781268,0.0005373496380566366,0.02943140731870207
09_192,09,192,123740.0,0.10999676741554872,0.0010505899466623566,0.0001858736059479554,0.0009697753353806369,0.015088087926297074,0.00021011798933247131,0.007669306610635203,0.00047680620656214643,0.0013172781638920317,0.002545660255374172,0.009059317924680782,0.001519314692096331,1.6162922256343948e-05,0.0011637304024567643,0.0010748343300468724,0.0,0.0,0.00016162922256343946,0.00025052529497333117,0.0,0.04566833683529982,0.0008323904962017133,7.273315015354777e-05,6.465168902537579e-05,0.0,6.465168902537579e-05,2.424438338451592e-05,0.0016728624535315986,0.0,0.018837885889768872
09_193,09,193,101417.0,0.15309070471419978,0.002041077925791534,0.000611337349753986,0.0009465868641352042,0.03045840440951714,1.972055966948342e-05,0.008499561217547354,0.0005620359505802775,0.00299752506976148,0.005403433349438457,0.024660559866689018,0.0001873453168600925,9.86027983474171e-06,0.005235808592247848,0.0021199601644694677,0.0,0.0,0.0,6.902195884319197e-05,7.888223867793368e-05,0.03332774584142698,0.0,0.0,0.0,0.0,9.86027983474171e-06,9.86027983474171e-06,0.0094560083615173,0.0,0.026386108837768815
09_194,09,194,143029.0,0.31285962986527205,0.0033070216529514996,0.00020275608443043018,0.0014332757692495928,0.03848869809619028,0.00011885701501094183,0.03896412615623405,0.0007061505009473603,0.00994203972620937,0.041502073006173576,0.028253011627012704,0.0009997972439155696,0.00035657104503282553,0.0038523656041781736,0.002901509484090639,7.690748030119766e-05,3.4957945591453484e-05,0.00010487383677436044,0.0008110243377217207,0.0,0.08812898083605422,0.0009997972439155696,0.00031462151032308133,4.894112382803487e-05,0.0003355962776779534,0.000160806549720686,0.0005872934859364185,0.0034398618461990225,0.0005593271294632557,0.04622838725013809
09_195,09,195,117964.0,0.260604930317724,0.00044081245125631547,0.0,0.010486250042385813,0.049379471703231495,8.477162524159914e-06,0.02437184225695975,0.003060255671221729,0.009977620290936217,0.007629446271743922,0.02135397239835882,2.543148757247974e-05,3.3908650096639655e-05,0.0024922857821030146,0.0018904072428876607,6.781730019327931e-05,0.0,0.000194974738055678,0.0003729951510630362,0.0,0.08335593910006443,3.3908650096639655e-05,0.0,0.0,0.00011868027533823879,4.2385812620799564e-05,2.543148757247974e-05,0.00027126920077311724,1.6954325048319828e-05,0.04495439286562002
09_196,09,196,49179.0,0.2077716098334655,8.133552939262694e-05,0.0011793651761930906,0.01020760893877468,0.054921816222371335,0.0002643404705260375,0.013867707761442893,0.0006303503527928587,0.004209113646068444,0.003660098822668212,0.018524166819170785,0.00010166941174078367,0.0,0.003355090587445861,0.0019317188230748897,0.0,4.066776469631347e-05,0.0,0.0002643404705260375,0.0,0.0706805750421928,0.0004270115293112914,0.0,0.0011996990585412472,0.0,0.0008743569409707395,8.133552939262694e-05,0.0051648061164318105,0.0,0.016104434819740134
09_197,09,197,254498.0,0.15491280874505892,0.0038074955402400018,0.0005461732508703408,0.0028133816375767195,0.008023638692641985,9.430329511430345e-05,0.019375397842026264,0.0004479406517929414,0.0011473567572240254,0.025135757451924964,0.017084613631541307,0.00046758717160842126,0.00010216190304049541,0.0014538424663455116,0.0024636735848611777,5.501025548334368e-05,3.9293039630959774e-05,0.0001571721585238391,0.00138704429897288,3.9293039630959774e-05,0.020935331515375365,0.005422439469072449,0.0,0.0003772131804572138,0.0021729050915920752,0.0007347798410989477,5.893955944643966e-05,0.0033909893201518283,0.00017681867833931896,0.03700225542047482
09_198,09,198,58992.0,0.5811465961486303,0.0013052617304041227,0.0,0.0011357472199620287,0.011798209926769731,3.390290208841877e-05,0.02256238133984269,0.0,0.00800108489286683,0.4380593978844589,0.0115608896121508,0.0008136696501220504,5.085435313262815e-05,0.0011866015730946568,0.002424057499321942,0.0,0.0,0.0,0.0009492812584757255,0.0,0.04237862761052346,0.0025766205587198264,0.0,0.0,0.0004915920802820721,0.0007628152969894223,0.0,0.008374016815839436,1.6951451044209385e-05,0.026664632492541362
09_199,09,199,69865.0,0.3332856222715237,0.0023616975595791884,5.7253274171616687e-05,0.006111787017820082,0.03824518714663995,4.293995562871252e-05,0.024032061833536105,0.0006584126529735919,0.004909468260216131,0.14061404136549058,0.020739998568668146,0.002318757603950476,1.4313318542904172e-05,0.0014456451728333214,0.00250483074500823,0.0,0.00017175982251485007,0.000500966149001646,0.0007586058827739211,0.0,0.046289272167752096,0.000500966149001646,0.006254920203249123,0.00021469977814356258,0.00012881986688613754,0.0,1.4313318542904172e-05,0.0022615043297788593,0.0005582194231732627,0.031575180705646605
09_200,09,200,49102.0,0.3970103050792228,0.004113885381450857,0.00022402346136613579,0.018675410370249685,0.04172946112174657,0.0003665838458718586,0.0026679157671785263,0.0010997515376155757,2.0365769215103254e-05,0.04183128996782209,0.018858702293185613,0.0006517046148833041,0.00010182884607551628,0.0041546169198810635,0.0027493788440389392,0.0006924361533135107,0.00014256038450572277,0.0,0.20325037676673047,0.0,0.02077308459940532,0.0005295099995926846,2.0365769215103254e-05,0.0,0.0,0.0001832919229359293,0.0014052380758421245,0.007005824609995519,6.109730764530977e-05,0.025701600749460308
09_201,09,201,56745.0,0.24726407613005552,0.0008282668076482509,0.004810996563573883,0.0019032513877874702,0.05025993479601727,0.00010573618821041502,0.016477222662789674,0.0006167944312274209,0.011172790554233853,0.013657590977178606,0.034699092431051196,1.7622698035069167e-05,0.0009868710899638734,0.0044585426028724996,0.0012864569565600493,0.0,0.0,0.00021147237642083004,0.0004934355449819367,0.0,0.051934091109348844,0.0016212882192263637,0.0,0.0,0.0,0.00015860428231562253,7.049079214027667e-05,0.00401797515199577,0.0,0.04747554850647634
09_202,09,202,47138.0,0.28666892952607237,0.0007000721286435572,0.005176290890576605,0.0016335016335016334,0.053269124697696124,0.00016971445542874114,0.03260638974924689,0.0010607153464296322,0.002673002673002673,0.013852942424370995,0.044189401332258474,0.00016971445542874114,0.000827357970215113,0.00481564767279053,0.0022487165344308203,0.0,0.0,0.0001909287623573338,0.00016971445542874114,0.0,0.07068607068607069,0.0030124315838601554,0.0,0.0,0.0002545716831431117,6.364292078577793e-05,2.1214306928592643e-05,0.0050065764351478635,0.0,0.043871186728329584
10_203,10,203,90546.0,0.2421973361606255,0.0031254831798202018,0.0016013959755262518,0.006880480639674861,0.06669538135312437,0.0001325293221125174,0.04671658604466238,0.0007068230512667595,0.001038146356548053,4.417644070417247e-05,0.03445762374925452,0.00023192631369690545,0.00012148521193647428,0.0029929538577076844,0.0021536014843284075,0.00030923508492920727,7.730877123230182e-05,0.0,0.00023192631369690545,0.0,0.02704702582112959,0.00017670576281668987,0.0,0.0009166611446115786,0.00012148521193647428,1.1044110176043117e-05,0.0005632496189781989,0.019934618867757825,3.313233052812935e-05,0.025876350142469022
10_204,10,204,83654.69115555976,0.20436837232171245,0.005668775236888546,0.0020575715139141935,0.007508363394326553,0.07284187782774904,0.0008965426680081102,0.006516752131628426,0.002952988935460608,0.007148996162815511,0.000442294382884001,0.021542855974129,0.0003466631649631359,0.00011953902240108135,0.0006697936075999541,0.004196569850585753,2.390780448021627e-05,0.0001673546313615139,0.0,0.0010760387426866813,8.367731568075694e-05,0.01216907248043008,0.00019126243584173015,3.586170672032441e-05,0.0,0.001924765801734359,0.0005737873075251905,0.0008610560434416843,0.001494237780013517,0.00019126243584173015,0.052666503962600746
10_205,10,205,9688.0,0.0805119735755574,0.006502890173410405,0.000722543352601156,0.000722543352601156,0.002167630057803468,0.0,0.002064409578860446,0.0009289843104872006,0.0,0.0,0.00020644095788604458,0.0,0.00010322047894302229,0.002477291494632535,0.001754748142031379,0.0005161023947151115,0.0,0.0,0.00030966143682906687,0.00010322047894302229,0.029933938893476467,0.004232039636663914,0.0,0.0,0.003922378199834847,0.00030966143682906687,0.0,0.010012386457473163,0.0,0.01352188274153592
10_206,10,206,47400.0,0.26662447257383964,0.005485232067510549,0.00012658227848101267,0.02917721518987342,0.07141350210970464,0.0009493670886075949,0.019578059071729957,0.0021940928270042194,0.0025949367088607595,0.0004219409282700422,0.025970464135021097,0.0005274261603375527,0.0014767932489451476,0.007869198312236286,0.0013713080168776372,0.00012658227848101267,4.219409282700422e-05,2.109704641350211e-05,8.438818565400843e-05,0.0,0.05434599156118144,0.00010548523206751055,0.0013080168776371309,4.219409282700422e-05,0.00012658227848101267,0.0002109704641350211,0.00040084388185654006,0.005063291139240506,6.329113924050633e-05,0.03552742616033755
10_207,10,207,71949.0,0.24175457615811197,0.004961847975649418,0.0016539493252164727,0.001195291108979972,0.07808308663080793,0.000736632892743471,0.013217695867906434,0.0014315695840108967,0.005031341644776161,0.0018346328649460034,0.00233498728265855,0.0002640759426816217,0.00020848100738022767,0.0033912910533850367,0.001876329066422049,1.389873382534851e-05,0.0,0.0,0.00029187341033231874,0.0,0.04076498630974718,0.026755062613795882,0.00020848100738022767,0.0,0.00011118987060278809,9.729113677743958e-05,5.559493530139404e-05,0.01726222741108285,0.00034746834563371276,0.0396252901360686
10_208,10,208,31438.0,0.2958839620841021,0.00531204275081112,3.180863922641389e-05,0.020643806857942617,0.10907182390737324,0.00041351230994338063,0.006648005598320504,0.0004771295883962084,0.0007634073414339334,0.0025128824988866977,0.0019085183535848336,0.000604364145301864,0.0004453209491697945,0.004993956358546981,0.0021947961066225586,0.00025446911381131113,6.361727845282778e-05,0.00012723455690565557,0.015236338189452255,0.0,0.022902220243018002,0.0,0.0,3.180863922641389e-05,0.00012723455690565557,0.0035307589541319425,0.0004771295883962084,0.011037597811565622,0.0,0.086074177746676
10_209,10,209,46501.0,0.23332831552009634,0.009483667017913594,0.0008817014687856176,0.010021289864734093,0.06655770843637772,2.150491387281994e-05,0.009956775123115632,0.0006666523300574181,0.0019139373346809747,0.0009892260381497173,0.03292402313928733,0.0007311670716758779,8.601965549127976e-05,0.0033762714780327303,0.004107438549708608,0.0001505343971097396,0.0,0.0,6.451474161845981e-05,2.150491387281994e-05,0.018838304552590265,0.0001505343971097396,0.0,0.0,0.01858024558611643,0.00025805896647383925,4.300982774563988e-05,0.02462312638437883,0.0,0.028881099331197178
10_210,10,210,26844.0,0.2388988228281926,0.0006705409029950827,0.0,0.004842795410520042,0.0374757860229474,0.0,0.004284011324690806,0.019222172552525705,0.002421397705260021,0.016689018030099836,0.010020861272537625,0.00014900908955446283,0.002644911339591715,0.004172254507524959,0.001266577261212934,0.00011175681716584712,0.0,0.0,0.0010803158992698555,0.0,0.06250931306809715,3.725227238861571e-05,3.725227238861571e-05,0.0,3.725227238861571e-05,0.00022351363433169424,0.00022351363433169424,0.009238563552376695,0.0,0.061540753985993145
10_211,10,211,53763.0,0.20378327102282237,0.005561445603853952,0.0006510053382437736,0.013652511950597995,0.053996242769190704,0.00048360396555251754,0.004650038130312668,0.000855607015977531,0.000799806558413779,0.001078808846232539,0.02200398043263955,0.0006696054907650243,0.0006138050332012723,0.0022506184550713315,0.002176217844986329,1.8600152521250673e-05,0.0,0.0,0.0002232018302550081,0.0,0.022413183788107062,0.0010416085411900377,0.0,0.0,0.00024180198277625877,0.0013020106764875471,0.00013020106764875472,0.006007849264363967,0.0,0.06296151628443353
10_212,10,212,52390.91107677936,0.2543847312023084,0.009659003863504715,0.000782578488469386,0.0221055907161488,0.05220250027968115,0.00040083288433797817,0.01714037762550021,0.0014124587352862088,0.001374284174873068,0.016428922280822142,0.029365897865976376,0.0009925385707416602,0.0027489883892361845,0.0010336534075851415,0.0019850771414833203,0.00015395836012270907,0.0,3.817456041314078e-05,3.859459990318944e-05,0.0,0.0489436158382382,3.817456041314078e-05,0.0,0.0,0.0,0.0005153565655774005,0.0,0.016820934335869096,0.0,0.03020321795812518
10_213,10,213,23692.54515050167,0.2586865659590368,0.0013928431829664046,0.00037986632262720124,0.0019837463514976064,0.11722916808710698,8.441473836160028e-05,0.003692544865798211,0.0017727095055936057,0.001857124243955206,0.01595438555034245,0.007850570667628825,0.0016460873980512053,0.0017727095055936057,0.004473981133164814,0.001561672659689605,0.0013506358137856044,0.0,0.0,4.220736918080014e-05,0.0,0.037817802785996925,0.0,0.0,0.0,0.00025324421508480084,0.001561672659689605,0.0,0.03296395533020491,0.0,0.023045223572716874
10_214,10,214,34636.0,0.1726238595680794,0.001356969626977711,0.00014435847095507564,0.004677214458944451,0.07298764291488624,8.661508257304539e-05,0.004850444624090542,0.0018477884282249682,0.00017323016514609078,0.0012414828502136505,0.0018477884282249682,0.00011548677676406051,0.00011548677676406051,0.0030892712784386187,0.002916041113292528,0.0,8.661508257304539e-05,0.00011548677676406051,8.661508257304539e-05,0.00014435847095507564,0.04524194479732071,0.0005774338838203026,0.00023097355352812103,0.0,5.774338838203026e-05,0.0015013280979327868,5.774338838203026e-05,0.005225776648573739,0.0,0.023848019401778497
10_215,10,215,77768.53767729327,0.21063290054493217,0.007620509479910556,0.0016844858333789807,0.016900237120221186,0.05486791265194564,0.0012808965868893786,0.018131140747692003,0.003021787563695118,0.002921386279336699,0.0015173231170894635,0.0056320976719083475,0.0008100962404799678,0.00032278146359393967,0.002237408664182768,0.0011829976845104291,0.0002957494211276073,5.4064084932664786e-05,2.5717340967618026e-05,0.0003986187849980794,0.0,0.0381642113489744,0.00046685624191326755,7.715202290285407e-05,2.834674396504676e-05,0.0007072268766094956,0.00036924568403765294,5.143468193523605e-05,0.018197936482090515,0.00028289075064379826,0.0333823889749995
10_216,10,216,87954.0,0.23698751620165087,0.012631602883325375,0.0006708051936239398,0.021090570070718784,0.040111876662801006,0.0007617618300475249,0.013507060508902382,0.0020920026377424564,0.0006253268754121472,0.002148850535507197,0.030038429178888965,0.000864088046024058,0.0016031107169656865,0.004490983923414512,0.008549923823816995,0.0,0.0,2.2739159105896264e-05,0.00206926347863656,7.958705687063693e-05,0.031084430497760194,0.0009209359437887986,0.00010232621597653319,0.0,6.821747731768879e-05,0.00026150032971780705,0.0007390226709416286,0.00328580849080201,2.2739159105896264e-05,0.05914455283443618
10_217,10,217,50198.0,0.2647316626160404,0.005657595920156182,0.0022909279254153554,0.005856807044105343,0.07753296944101358,7.968444957966453e-05,0.044882266225746044,0.003426431331925575,0.0036057213434798198,0.0030479301964221684,0.017630184469500775,0.000298816685923742,0.0015538467668034584,0.0068329415514562335,0.001932347902306865,0.00015936889915932906,1.9921112394916133e-05,0.0,0.0005179489222678195,0.0,0.038089166899079645,0.00041834336029323877,0.0,3.9842224789832265e-05,0.0001792900115542452,0.00019921112394916132,0.000896450057771226,0.005059962548308697,0.0,0.04452368620263755
10_218,10,218,69497.0,0.20265622976531364,0.006100982776234946,0.00033094953739010315,0.009899707901060477,0.08387412406290919,8.6334661927853e-05,0.0060146481143070925,0.003626055800969826,0.0035109429183993552,0.003050491388117473,0.024993884628113444,0.00031656042706879436,0.00031656042706879436,0.005439083701454739,0.0033526627048649582,1.4389110321308833e-05,1.4389110321308833e-05,0.0,0.0005611753025310445,1.4389110321308833e-05,0.011813459573794552,5.755644128523533e-05,0.0,5.755644128523533e-05,0.00011511288257047066,0.00020144754449832368,1.4389110321308833e-05,0.005395916370490812,0.0,0.033483459717685654
10_219,10,219,75241.0,0.21124121157347725,0.00808070068180912,0.00026581252242793157,0.029279249345436662,0.07230100610039739,0.00021265001794234527,0.00404035034090456,0.002299278319001608,0.00027910314854932817,0.0006512406799484324,0.0014752594994750202,0.0002392312701851384,3.987187836418974e-05,0.003668212809505456,0.0032429127736207652,0.0001860687656995521,6.645313060698289e-05,9.303438284977606e-05,3.987187836418974e-05,0.0,0.02373705825281429,1.329062612139658e-05,0.0,1.329062612139658e-05,6.645313060698289e-05,9.303438284977606e-05,0.0,0.004120094097632939,1.329062612139658e-05,0.0567243922861206
10_220,10,220,82421.0,0.19067955982091941,0.0025600271775397046,0.0017228618919935452,0.014789920044648816,0.04554664466580119,0.0010555562296016793,0.0055568362431904494,0.0024386988752866383,0.009791193991822473,0.00453767850426469,0.0016864634013176254,0.0005459773601387995,6.0664151126533285e-05,0.004707538127418983,0.0030210747261013578,0.00015772679292898654,0.0,0.00010919547202775991,0.0005581101903641062,0.0,0.02562453743584766,0.0013346113247837323,0.0003639849067591997,0.0063818686985113015,3.639849067591997e-05,0.0005459773601387995,1.2132830225306658e-05,0.004938061901699809,4.853132090122663e-05,0.05254728770580313
10_221,10,221,108490.55419222904,0.17830347994635665,0.0032353047010717675,0.0015393045158945448,0.0033735655857329546,0.04637341699533707,0.000783478346413391,0.011254436011420593,0.0024241741777261392,0.012259131773291883,0.0021568698007145117,0.008378609610467911,0.0001566956692826782,0.00029495655394386487,0.006148000671267433,0.0018434784621491555,0.0,5.530435386447466e-05,0.0,0.00029495655394386487,0.0003871304770513226,0.04642953187654175,0.0033366960164899714,0.0002857391616331191,0.0,0.0001935652385256613,2.765217693223733e-05,1.8434784621491554e-05,0.0030878264240998352,2.765217693223733e-05,0.023937567831006784
10_222,10,222,46580.01922666127,0.18433082741364776,0.004684796839558747,0.000772863571069427,0.0056137781978331976,0.04759957349120538,0.00026098636762468075,0.011391293999871033,0.0048650399443850535,0.010135291933102539,0.0006226318644229095,0.015672940996449627,0.0002754480243771901,0.0004473374477991201,0.006426815143981601,0.003101905604219693,4.293686505941261e-05,4.293686505941261e-05,8.587373011882522e-05,0.00019335785595163624,0.0,0.013727719017460487,0.0017184683446664609,0.0,0.0,0.0,2.1468432529706304e-05,0.00023615275782676935,0.001855267539268438,0.0,0.05453594257980644
10_223,10,223,32882.0,0.21145307463049698,0.004379295663280823,0.004196825010644121,0.012955416337205766,0.07143726050726841,0.00012164710175780061,0.008211179368651542,0.006629767045800134,0.0047442369685542244,0.0024025302597165624,0.0292257161973116,0.00030411775439450153,0.0004257648561523022,0.0030715893193844655,0.0018551183018064594,0.00012164710175780061,0.0,6.082355087890031e-05,9.123532631835046e-05,0.0,0.008180767593212093,0.0002128824280761511,0.0,0.0,0.0,3.0411775439450153e-05,0.0,0.004288060336962472,0.0,0.048506781825922995
10_224,10,224,69958.0,0.18553989536579094,0.0011292489779582036,0.001215014723119586,0.017925040738728953,0.048343291689299295,0.0009863060693558992,0.005631950598930787,0.001886846393550416,0.006117956488178622,0.0015437834129048858,0.022041796506475315,0.0005145944709682952,0.0002858858172046085,0.0022299093741959463,0.004488407330112353,0.0,4.288287258069127e-05,0.00031447439892506933,0.0015009005403241946,0.0,0.02124131621830241,5.71771634409217e-05,0.0,0.00018582578118299552,0.000471711598387604,0.00014294290860230425,1.4294290860230424e-05,0.00913405185968724,0.0,0.03809428514251408
10_225,10,225,27812.0,0.2469437652811736,0.01700704731770459,0.0009708039695095642,0.003307924636847404,0.09276571264202503,7.191140514885661e-05,0.005752912411908529,0.003883215878038257,0.0006472026463397094,0.0012584495901049907,0.042787286063569685,0.0006831583489141378,0.00021573421544656982,0.0017977851287214151,0.0013303609952538473,3.5955702574428306e-05,0.0,7.191140514885661e-05,0.0,0.0,0.016899180209981303,0.0006831583489141378,0.0,0.00010786710772328491,0.0,0.0006472026463397094,0.0,0.0014022724004027038,0.0,0.05461671221055659
10_226,10,226,41060.0,0.23404773502191917,0.00012177301509985388,0.0001948368241597662,0.0034827082318558207,0.06344374086702387,0.0004140282513395032,0.010545543107647345,0.0028251339503166098,0.046931320019483684,0.0030443253774963468,0.024476376035070628,0.0,0.00031660983925962006,0.002386751095957136,0.0023136872868972235,0.0,0.0,0.0,0.00012177301509985388,0.0,0.029420360448124697,0.004676083779834389,0.0,0.0,2.4354603019970774e-05,0.00012177301509985388,0.0034827082318558207,0.007135898684851437,0.0,0.02856794934242572
10_227,10,227,24743.0,0.25263710948551105,0.008446833447843834,0.00016166188416926,0.03613143111182961,0.07404114294952108,0.000202077355211575,0.03318110172574061,0.000525401123550095,0.001737865254819545,0.00032332376833852,0.00137412601543871,0.00064664753667704,8.083094208463e-05,0.002303681849411955,0.001495372428565655,0.0008083094208463,0.0,0.0,8.083094208463e-05,0.0,0.013741260154387099,0.0,0.0,0.00581982783009336,0.00028290829729620497,0.0012124641312694499,4.0415471042315e-05,0.013983752980640989,0.00012124641312694499,0.055894596451521644
10_228,10,228,17893.0,0.19689263957972394,0.0013413066562342816,0.0,0.00815961549209188,0.04951657072598223,0.0,0.0030179399765271333,0.0002794388867154753,0.005700553288995697,0.0006706533281171408,0.002682613312468563,0.0005588777734309506,0.0,0.005421114402280222,0.0014530822109204717,0.0,0.0,0.0,0.00011177555468619013,0.0,0.07561616274520762,0.0,0.00011177555468619013,0.0,0.0,0.00011177555468619013,0.0010059799921757111,0.0006706533281171408,0.0,0.040462750796400826
10_229,10,229,74627.0,0.19928444128800565,0.010250981548233213,0.0022109960202071634,0.008750184249668351,0.030082945850697467,0.0013265976121242982,0.019135165556702,0.0012193978050839508,0.015302772455009581,0.0031087944041700726,0.024186956463478366,0.00045559917992147615,0.002545995417208249,0.006699987940021708,0.002934594717729508,1.3399975880043416e-05,2.679995176008683e-05,0.0,0.0006967987457622576,0.0,0.024428156029319147,0.00037519932464121565,0.0,5.359990352017366e-05,0.0001741996864405644,0.00024119956584078148,1.3399975880043416e-05,0.009674782585391346,0.0,0.035375936323314615
10_230,10,230,205077.28195293044,0.12625737723889593,0.002173117079042403,0.0007168029466751934,0.006497007211000892,0.01605116912711933,0.0005932248700440176,0.0037520662085562518,0.0007168029466751934,0.0006436597888511941,0.00719773434980221,0.007338056798874244,0.0026624109447935754,0.0016164282303474024,0.005516913479967709,0.008322018546779946,6.826694730239937e-05,0.0,0.00014628631564799865,0.0013994724196991872,1.9504842086399822e-05,0.01604760882658545,0.005261431152806351,7.314315782399933e-05,8.289557886719924e-05,0.0007214252814627607,1.9504842086399822e-05,9.75242104319991e-05,0.00798433248080115,5.851452625919946e-05,0.03048005412850587
10_231,10,231,50316.0,0.2079855314412911,0.0015104539311550998,0.0007949757532395262,0.025936083949439543,0.04565148262977979,0.0001788695444788934,0.0055250814850147075,0.0011725892360283012,0.0002782415136338342,0.02251768821050958,0.0006757293902535973,0.0,0.001411081962000159,0.004789728913268145,0.0016098259003100406,1.9874393830988156e-05,0.0,0.0,0.000775101359408538,0.0,0.034104459813975675,0.001550202718817076,5.9623181492964464e-05,5.9623181492964464e-05,0.00015899515064790525,1.9874393830988156e-05,1.9874393830988156e-05,0.013097225534621193,5.9623181492964464e-05,0.04600922171873758
10_232,10,232,25736.0,0.1779996891513833,0.0009325458501709667,0.0,0.0061392601802921975,0.09146720547093565,0.0003885607709045695,0.0027587814734224433,0.00011656823127137084,0.0005051290021759403,0.0019816599316133045,0.0009714019272614237,0.0003885607709045695,0.0010102580043518806,0.003030774013055642,0.0024090767796083306,0.0,0.0,0.0,7.771215418091389e-05,0.0,0.019622318930680758,7.771215418091389e-05,0.0,0.008315200497357787,0.0,0.000738265464718682,0.00042741684799502643,0.0025645010879701583,3.8856077090456945e-05,0.034037923531240286
10_233,10,233,40206.0,0.19929861214744068,0.002412575237526737,0.002288215689200617,0.018181365965278813,0.0710093020942148,4.9743819330448195e-05,0.004078993185096752,0.0015669303089091181,0.0026364224245137543,0.005994130229319007,0.00037307864497836146,0.00027359100631746505,0.00022384718698701685,0.001019748296274188,0.0013430831219221012,9.948763866089639e-05,0.0,0.0,0.0010694921156046361,0.0,0.031711684823160724,7.461572899567229e-05,0.00014923145799134458,0.0,0.0,0.000522310102969706,0.00034820673531313736,0.008904143660150226,0.00017410336765656868,0.0447943093070686
10_234,10,234,73456.0,0.2803310825528208,0.012211391853626661,0.0019331300370289697,0.019453822696580265,0.1048927248965367,0.0011299281202352429,0.002845240688303202,0.0028043999128730124,0.002355151383140928,0.0011843824874754956,0.017071444129819213,0.00021781746896101068,0.0036348290132868655,0.002028425179699412,0.002464060117621433,0.0001225223262905685,1.3613591810063168e-05,0.000653452406883032,0.0005309300805924635,0.0,0.03841755608799826,0.006752341537791331,1.3613591810063168e-05,0.0,0.009161947288172512,0.0019467436288390328,0.000245044652581137,0.01795632759747332,0.000326726203441516,0.02996351557394903
10_235,10,235,48439.0,0.2047523689588968,0.000867069922995933,0.0018580069778484278,0.002147030285513739,0.0526228865170627,0.000289023307665311,0.002188319329465926,0.0034476351700076383,0.0007019137471871838,0.0040669708292904476,0.000578046615330622,0.000289023307665311,0.0011973822746134313,0.0029108775986292036,0.0032205454282706082,8.257808790437457e-05,0.0,0.0,0.0009496480109003076,0.0,0.05865108693408204,0.0009083589669481203,6.193356592828093e-05,0.0003922459175457792,0.0001445116538326555,0.0001445116538326555,0.0004748240054501538,0.004397283180907946,0.0002477342637131237,0.06191292140630484
10_236,10,236,75352.0,0.254273277417985,0.014598152670134834,0.001977386134409173,0.020928442509820577,0.04528081537318187,0.0005308419152776304,0.012328803482322964,0.0025480411933326255,0.0006370102983331564,0.001154581165728846,0.018964327423293344,0.0018844887992355876,0.0013536468839579574,0.0021499097568744028,0.0055074848710054145,0.0006370102983331564,0.0005042998195137488,0.0003981314364582227,0.008015712920692218,0.0,0.04500212336766111,0.000384860388576282,2.6542095763881516e-05,2.6542095763881516e-05,0.0013271047881940757,0.00019906571822911136,0.0001327104788194076,0.0033575751141310117,5.308419152776303e-05,0.06436458222741268
10_237,10,237,36058.0,0.1646236618780853,0.00041599645016362525,0.0003327971601309002,0.0011925231571357257,0.044733484940928506,0.00019413167674302512,0.0040212990182483775,0.0018026512840423762,0.001663985800654501,0.0036330356647623274,0.0008319929003272505,0.0,0.00019413167674302512,0.0026069110876920515,0.0005823950302290754,0.0,0.0,0.0,0.0,0.0,0.013006822341782683,0.0,0.0,0.0,0.004853291918575628,0.0001663985800654501,8.319929003272505e-05,0.009096455710244606,5.5466193355150034e-05,0.07515669199622829
10_238,10,238,22366.0,0.2406331038182956,0.007019583296074399,0.0006259501028346597,0.01135652329428597,0.019315031744612358,4.4710721631047124e-05,0.006706608244657069,0.0009389251542519896,0.019717428239291783,0.00026826432978628275,0.03402485916122686,0.00022355360815523562,0.005365286595725655,0.0,0.001475453813824555,0.0006259501028346597,0.0008942144326209425,0.0005365286595725655,0.006572476079763927,0.0,0.006483054636501833,0.00903156576947152,0.0,0.0004918179379415184,0.006438343914870786,8.942144326209425e-05,0.00013413216489314137,0.0005812393812036126,0.00044710721631047124,0.10122507377269069
10_239,10,239,24556.0,0.14521909105717545,0.0017103762827822121,0.0002443394689688874,0.003094966606939241,0.03848346636259977,0.0,0.00036650920345333117,0.0037872617690177554,0.002199055220719987,0.0009366346310474018,0.025166965303795405,0.0,8.144648965629581e-05,0.0054569148069718194,0.004764619644893305,4.0723244828147904e-05,0.0,0.0,0.00016289297931259162,0.0,0.008633327903567356,0.006230656458706629,0.0,0.0,8.144648965629581e-05,0.001303143834500733,0.0,0.00028506271379703536,0.0,0.04218928164196123
10_240,10,240,10205.70176796382,0.20068681011029485,0.0023516266245734454,9.798444269056022e-05,0.005593298549468378,0.06110208371013771,0.0,0.00019596888538112045,0.01371782197667843,0.0010778288695961625,0.00029395332807168067,0.0304204358232459,0.0,0.00019596888538112045,0.0035397179110198363,0.000983937084958825,0.0,0.0,0.0,0.005389144347980812,0.0,0.02893839120872783,0.013816045769955775,0.0,0.0,0.0,0.008132948093903282,0.0,0.005389144347980812,0.0,0.019450510250543163
11_241,11,241,493.0,0.038539553752535496,0.0,0.0,0.0,0.0,0.0,0.0,0.0,0.0,0.0,0.02028397565922921,0.0,0.0,0.0,0.0,0.0,0.0,0.0,0.0,0.0,0.0,0.0,0.0,0.0,0.0,0.0,0.0,0.006085192697768763,0.0,0.012170385395537525
11_242,11,242,729.0,0.11659807956104251,0.0,0.0,0.0013717421124828531,0.0027434842249657062,0.0,0.006858710562414266,0.0054869684499314125,0.0,0.0054869684499314125,0.06995884773662552,0.0,0.0,0.0,0.0027434842249657062,0.0,0.0,0.0,0.0,0.0,0.0,0.0,0.00411522633744856,0.0,0.0,0.0,0.0,0.0027434842249657062,0.0,0.015089163237311385
11_243,11,243,2351.432621359223,0.07749739510175083,0.0,0.0,0.0,0.0,0.0,0.004677999233353136,0.0,0.0,0.0,0.052585666015793064,0.0,0.00275543651224232,0.0,0.0026535362288538336,0.0,0.0,0.0,0.0,0.0,0.0,0.0,0.0,0.0,0.0,0.0,0.0,0.0,0.0,0.014824757111508475
11_244,11,244,15668.429897528633,0.06511483306107228,0.000994136122235206,0.0,9.94136122235206e-05,0.0002908814248646064,0.0,0.0017538540120135453,0.0010714714990408606,0.0,0.0012567859508959423,0.023235882820806145,9.94136122235206e-05,0.0,0.0,0.0062630575700817976,0.0,0.0001988272244470412,0.0,0.0,0.0,0.0,0.0,0.0001988272244470412,0.0,0.0,0.0,0.0,0.0015906177955763295,0.0,0.028061664192216725
12_245,12,245,1031.0987066031314,0.07564746178080707,0.0029095177608002725,0.0,0.0,0.022306302832802088,0.0,0.0,0.0,0.0,0.020366624325601906,0.022306302832802088,0.0,0.0,0.0,0.0,0.0,0.0,0.0,0.0,0.0,0.0,0.0,0.0,0.0,0.0009698392536000908,0.0,0.0,0.005819035521600545,0.0,0.0009698392536000908
12_246,12,246,8235.204527674297,0.08073648144601439,0.001942878279007183,0.0,0.0,0.0026714576336348767,0.0,0.0050921406633915945,0.016921873757416838,0.0,0.010078681072349762,0.013618359578784574,0.0,0.0,0.013353642100907968,0.0003642896773138468,0.0,0.0,0.0,0.002824671721156127,0.0,0.0,0.0015785886016933361,0.0,0.0,0.0009714391395035915,0.0,0.0,0.0018214483865692341,0.0,0.009497010834285441
12_247,12,247,1080.0,0.16111111111111112,0.0,0.0,0.0,0.03148148148148148,0.0,0.0,0.0,0.0,0.001851851851851852,0.0,0.0,0.0,0.09166666666666666,0.0,0.0,0.0,0.0,0.0,0.0,0.0,0.0,0.0,0.0,0.0,0.0,0.0,0.028703703703703703,0.0,0.007407407407407408
12_248,12,248,17251.338927914043,0.07837761385132685,0.0017977854605825314,0.0,0.0,0.0027328952243039543,0.0,0.0015751081925514088,5.79665151892599e-05,0.0,0.000818850852783776,0.016711021777599887,5.79665151892599e-05,0.0,0.0013332298493529777,0.0008115312126496387,0.0,0.0,0.0024706400423523205,0.0,0.0,0.008694977278388985,0.002864541594168641,0.0,0.0,5.79665151892599e-05,0.0,0.0,0.013761244180707559,0.0,0.0246318886403174
12_249,12,249,1576.0,0.10723350253807107,0.0,0.0,0.0,0.005076142131979695,0.0,0.005076142131979695,0.0,0.0,0.0,0.005076142131979695,0.0012690355329949238,0.0,0.01649746192893401,0.0,0.0,0.0,0.0,0.0,0.0,0.0,0.0,0.0,0.0019035532994923859,0.0,0.0,0.0,0.0019035532994923859,0.0,0.07043147208121828
12_250,12,250,7079.383346359542,0.06068358167785948,0.0011300419271847836,0.0,0.00014125524089809795,0.0021821794487833436,0.0,0.005085188672331526,0.00014125524089809795,0.0,0.0016950628907771755,0.01144949384475776,0.0,0.0,0.0022600838543695673,0.0014125524089809796,0.0,0.0,0.0,0.0008475314453885878,0.0,0.0,0.0004237657226942939,0.0,0.0,0.0002825104817961959,0.0,0.0,0.004816591355787088,0.0,0.028816069143211984
12_251,12,251,6113.0,0.1383935874366105,0.0034353018158023883,0.0,0.0,0.008506461639129723,0.000490757402257484,0.04940291182725339,0.0,0.0,0.0027809586127924097,0.0032717160150498937,0.000490757402257484,0.0,0.024047112710616717,0.002617372812039915,0.0,0.0,0.0,0.0,0.0,0.0,0.0008179290037624734,0.0,0.0,0.0,0.0003271716015049894,0.0,0.007034189432357271,0.0,0.035170947161786356
12_252,12,252,2449.0,0.02531645569620253,0.013066557778685178,0.0,0.0,0.0,0.0,0.0016333197223356473,0.0,0.0,0.0,0.0,0.0,0.0,0.002449979583503471,0.002041649652919559,0.0,0.0,0.0,0.0,0.0,0.0,0.0,0.0,0.0,0.0,0.0,0.0,0.0,0.0,0.006124948958758677
12_253,12,253,4274.783276494452,0.09736637669186045,0.00024874908211992315,0.0002339299878659703,0.0,0.04772677019983047,0.0,0.003742879805855525,0.0,0.0,0.001637509915061792,0.02315906879873106,0.0,0.0,0.0002339299878659703,0.0009357199514638812,0.0,0.0,0.0,0.0,0.0,0.0025732298665256735,0.0,0.0,0.0,0.0,0.0,0.0,0.009591129502504783,0.0,0.007283459594035408
12_254,12,254,2482.0,0.10838033843674455,0.01329572925060435,0.0,0.0016116035455278,0.0016116035455278,0.0,0.04633360193392425,0.0,0.0,0.01329572925060435,0.0064464141821112,0.0,0.0,0.0,0.0,0.0,0.0,0.0,0.0,0.0,0.0,0.0008058017727639,0.0,0.0,0.0,0.0,0.0,0.016116035455278,0.0,0.008863819500402902
12_255,12,255,5432.0,0.08689248895434462,0.0003681885125184094,0.0,0.0,0.01804123711340206,0.0,0.011597938144329897,0.0,0.0,0.001840942562592047,0.014543446244477173,0.0,0.0,0.006443298969072165,0.0022091310751104565,0.0,0.0,0.0,0.0,0.0,0.0,0.0,0.0,0.0,0.0,0.0,0.0,0.014543446244477173,0.0,0.017304860088365244
12_256,12,256,2317.786039981207,0.02890689599655335,0.002588677253422688,0.0,0.0,0.00043144620890378136,0.0,0.00949181659588319,0.0,0.0,0.001294338626711344,0.012080493849305879,0.0,0.0,0.0,0.0,0.0,0.0,0.0,0.0,0.0,0.0,0.0,0.0,0.0,0.0,0.0,0.0,0.0030201234623264696,0.0,0.0
12_257,12,257,575.5528967491168,0.010493827212565317,0.0,0.0,0.0,0.0,0.0,0.0017489712020942196,0.0,0.0,0.0017489712020942196,0.0,0.0,0.0,0.0,0.0,0.0,0.0,0.0,0.0,0.0,0.0,0.0,0.0,0.0,0.0,0.0,0.0,0.0,0.0,0.006995884808376878
12_258,12,258,4330.0466738325595,0.10813066445227669,0.0,0.0,0.0,0.029509176272152545,0.0,0.026096716389429304,0.00023785646092197655,0.0,0.0,0.021090725787970933,0.002078499535441272,0.0,0.004849832249362968,0.000692833178480424,0.0,0.0,0.0,0.0,0.0,0.0,0.0,0.0,0.0,0.0,0.0,0.0,0.003233221499575312,0.0,0.020341803078941956
12_259,12,259,7112.0,0.1466535433070866,0.00140607424071991,0.00028121484814398203,0.002109111361079865,0.021512935883014624,0.0,0.03768278965129359,0.0,0.0,0.002530933633295838,0.020388076490438695,0.0,0.0,0.005764904386951631,0.000843644544431946,0.0,0.0,0.0,0.0,0.0,0.0,0.00014060742407199101,0.0,0.00014060742407199101,0.0,0.000843644544431946,0.0,0.010264341957255342,0.0,0.04274465691788527
12_260,12,260,684.0,0.029239766081871343,0.0,0.0,0.0,0.0,0.0,0.005847953216374269,0.0,0.0,0.0029239766081871343,0.01608187134502924,0.0,0.0,0.0,0.0,0.0,0.0,0.0,0.0,0.0,0.0,0.0,0.0,0.0,0.0,0.0,0.0,0.0,0.0,0.0043859649122807015
13_261,13,261,10789.0,0.087403837241635,9.268699601445917e-05,0.0,0.0,0.025210862915932896,0.0,0.012512744461951988,0.0,0.0,0.0,0.0028732968764482343,0.0,0.0,0.005375845768838632,0.00018537399202891834,0.0,0.0,0.0,0.0,0.0,0.0,0.0,0.0,0.0,0.013903049402168875,0.0,0.00046343498007229587,0.015478728334414682,0.0,0.011307813513764019
13_262,13,262,10042.0,0.11232822146982675,0.001095399322844055,0.0,0.0006970722963553077,0.03226448914558853,0.0,0.013343955387373034,0.0,0.0,0.00019916351324437363,0.007468631746664011,9.958175662218681e-05,0.0,0.023700458076080462,0.006373232423819956,0.0,0.0,0.0,0.00019916351324437363,0.0,0.01095399322844055,0.0,0.0,0.0009958175662218682,0.00219079864568811,9.958175662218681e-05,0.0,0.004580760804620594,0.0,0.008066122286397132
13_263,13,263,8212.0,0.08256210423770093,0.00024354603019970775,0.0,0.0,0.0519970774476376,0.0,0.004992693619094009,0.00024354603019970775,0.0,0.0,0.0007306380905991232,0.00012177301509985388,0.0,0.00438382854359474,0.0,0.0,0.0,0.0,0.0,0.0,0.0,0.0,0.0,0.0,0.0030443253774963468,0.0,0.0,0.003896736483195324,0.0,0.012907939600584511
13_264,13,264,8328.0,0.09029779058597502,0.0,0.0,0.0008405379442843419,0.051633045148895294,0.0,0.0030019212295869357,0.0,0.0,0.0037223823246878003,0.003962536023054755,0.0,0.0,0.007204610951008645,0.0,0.0,0.0,0.0,0.0007204610951008645,0.0,0.0,0.0,0.0,0.0009606147934678194,0.005643611911623439,0.0,0.0,0.007084534101825168,0.0,0.005523535062439962
13_265,13,265,24250.0,0.1171958762886598,0.0,0.0,0.0007422680412371134,0.021030927835051547,0.00016494845360824742,0.002845360824742268,0.0016494845360824743,0.0,0.0009072164948453608,0.001154639175257732,0.0017731958762886599,0.0004123711340206186,0.01628865979381443,0.0053608247422680414,0.0032164948453608246,0.0,0.0,0.0004123711340206186,0.0,0.002309278350515464,0.00024742268041237116,0.0008659793814432989,0.007835051546391752,0.0019793814432989693,0.0004123711340206186,4.1237113402061855e-05,0.009896907216494845,0.0,0.037649484536082474
13_266,13,266,8334.0,0.11315094792416608,0.00023998080153587713,0.0,0.0015598752099832012,0.047156227501799854,0.0,0.004439644828413727,0.00023998080153587713,0.0,0.0,0.0005999520038396928,0.0003599712023038157,0.0,0.011519078473722102,0.0026397888168946484,0.0,0.0,0.0,0.0005999520038396928,0.0,0.0,0.0003599712023038157,0.0,0.00023998080153587713,0.003839692824574034,0.00011999040076793856,0.0,0.00587952963762899,0.0,0.03335733141348692
13_267,13,267,7818.0,0.06600153491941674,0.00025581990278843696,0.0,0.0015349194167306216,0.03977999488360195,0.0,0.004348938347403428,0.0,0.0,0.00025581990278843696,0.0017907393195190585,0.0,0.0,0.004093118444614991,0.0015349194167306216,0.0,0.0,0.0,0.0,0.0,0.0,0.0,0.0,0.002174469173701714,0.001918649270913277,0.00012790995139421848,0.0,0.00166282936812484,0.0,0.006523407521105142
13_268,13,268,2020.0,0.07227722772277229,0.0029702970297029703,0.0,0.0,0.05643564356435644,0.0,0.0019801980198019802,0.0,0.0,0.0,0.0039603960396039604,0.0,0.0,0.0019801980198019802,0.0,0.0,0.0,0.0,0.0,0.0,0.0,0.0,0.0,0.0,0.0,0.0,0.0,0.0024752475247524753,0.0,0.0024752475247524753
13_269,13,269,3380.0,0.054142011834319534,0.0,0.0,0.008284023668639054,0.031360946745562134,0.0,0.0053254437869822485,0.0,0.0,0.0,0.00621301775147929,0.0,0.0,0.0,0.0014792899408284023,0.0,0.0,0.0,0.0,0.0,0.0,0.0,0.0,0.0,0.0008875739644970414,0.000591715976331361,0.0,0.0,0.0,0.0
13_270,13,270,26504.0,0.045691216420162994,0.000528222155146393,0.0,0.000528222155146393,0.009545728946574102,0.0,0.006338665861756716,7.546030787805614e-05,0.0,0.0030561424690612737,0.008866586175671596,0.0,0.0,0.002188348928463628,0.0033957138545125266,0.0,0.0,0.0,0.0,0.0,0.0,0.00037730153939028073,0.0,0.0014714760036220948,0.0011696347721098703,0.0,0.0,0.0012828252339269544,0.0,0.006866888016903109
13_271,13,271,3624.0,0.09409492273730684,0.0,0.0,0.0,0.06374172185430464,0.0,0.005518763796909493,0.002207505518763797,0.0,0.004690949227373068,0.0013796909492273732,0.0,0.0,0.006898454746136865,0.0016556291390728477,0.0,0.0,0.0,0.0,0.0,0.0,0.0,0.0,0.0,0.0,0.0,0.0,0.0033112582781456954,0.0,0.004690949227373068
14_272,14,272,6185.0,0.08698464025869038,0.0009700889248181083,0.00032336297493936947,0.0011317704122877931,0.03864187550525465,0.0,0.00048504446240905415,0.00032336297493936947,0.0,0.0012934518997574779,0.0008084074373484236,0.0009700889248181083,0.0008084074373484236,0.00582053354890865,0.0,0.0,0.0006467259498787389,0.0,0.0,0.0,0.0014551333872271624,0.0,0.0,0.0,0.0,0.0,0.00016168148746968473,0.010185933710590138,0.0,0.02295877122069523
14_273,14,273,5510.0,0.09237749546279492,0.007622504537205082,0.0,0.00018148820326678765,0.015245009074410164,0.0,0.0007259528130671506,0.0,0.0,0.0,0.0054446460980036296,0.0009074410163339383,0.0,0.003992740471869328,0.0,0.0,0.0,0.0,0.0,0.0,0.0,0.0,0.0,0.0,0.0,0.0,0.0,0.026497277676951,0.0,0.03176043557168784
14_274,14,274,11647.0,0.0935863312440972,0.007040439598179789,0.0,0.00017171803897999483,0.024555679574139264,0.0,0.0026616296041899203,0.0,0.0,0.00034343607795998967,0.015454623508199537,0.0,0.0002575770584699923,0.0018030394092899459,0.005151541169399846,0.00017171803897999483,0.0,0.0,0.0,0.0,0.0020606164677599383,0.0,0.0,0.0,0.0,0.0,0.0,0.017257662917489484,0.0,0.0166566497810595
14_275,14,275,26235.0,0.14267200304936156,3.8117019249094724e-05,7.623403849818945e-05,7.623403849818945e-05,0.02252715837621498,7.623403849818945e-05,0.005069563560129598,0.0019820850009529254,0.0,0.01654278635410711,0.018105584143319992,0.0,0.0006861063464837049,0.002896893462931199,0.002172670097198399,0.0,0.0,0.0,0.0008766914427291786,0.0,0.004307223175147703,0.003430531732418525,0.0,0.0,0.0,3.8117019249094724e-05,0.0012197446159710312,0.02145988183724033,0.0,0.04109014675052411
14_276,14,276,30856.0,0.19007648431423385,0.00022686025408348456,0.00022686025408348456,0.00029167746953590875,0.03017241379310345,0.0,0.00405107596577651,0.00012963443090484831,0.0,0.010338345864661654,0.02505185377236194,0.0,0.0009722582317863625,0.005055742805289085,0.0032408607726212083,0.0,0.0,0.0,0.0008426238008815141,0.0,0.0166256157635468,0.0008750324086077262,6.481721545242416e-05,0.0,0.0,0.0,0.0013287529167746953,0.04883977184340161,9.722582317863625e-05,0.04164506092818253
14_277,14,277,25738.0,0.17235216411531587,0.00011655917320693139,0.0,0.00042738363509208177,0.034579221384722976,0.00011655917320693139,0.0012432978475406015,0.0006605019815059445,0.0,0.009324733856554511,0.027197140414950655,0.0006993550392415883,0.00038853057735643794,0.005750252544875282,0.0010878856165980264,0.0,0.0,0.0,0.00034967751962079415,0.0,0.02160230010101795,0.0014375631362188205,0.0021757712331960527,0.0,7.770611547128759e-05,0.0,0.0,0.02366151216100707,0.0,0.04145621260393193
14_278,14,278,92684.76702103742,0.12794015763708344,9.710333520024058e-05,0.00012805906688521295,0.0003237772385524943,0.014125229187487197,0.0,0.004238747240703982,0.00028273827075838245,0.0,0.013377827053312029,0.021641057688148634,0.0011030203538821579,0.0006929290395961163,0.002390770710861519,0.006219018977576983,7.915438760631569e-05,0.0,3.166175504252628e-05,0.001391605720604356,0.0,0.003712907461761929,0.0011621077238218869,0.003653114068464646,4.749263256378942e-05,0.001234808446658525,0.00043025778650432046,0.00011656378406096564,0.0170701603831532,0.0,0.03439004532387602
14_279,14,279,8069.0,0.11500805552113025,0.0007435865658693766,0.0,0.0,0.07634155409592266,0.0,0.005205105961085636,0.0,0.0,0.0017350353203618787,0.00892303879043252,0.0,0.00024786218862312553,0.004709381583839385,0.0009914487544925021,0.0,0.0,0.0,0.0,0.0,0.0013632420374271904,0.0006196554715578138,0.0,0.0,0.0,0.0,0.0,0.009046969884744082,0.0,0.0050811748667740735
14_280,14,280,5777.0,0.11372684784490221,0.00034620045006058506,0.0,0.00034620045006058506,0.028215336679937683,0.0,0.0027696036004846805,0.0,0.0,0.0013848018002423402,0.013848018002423404,0.0,0.0,0.008655011251514627,0.0,0.0,0.0,0.0,0.00034620045006058506,0.0,0.00034620045006058506,0.0,0.00034620045006058506,0.0,0.0,0.0005193006750908776,0.0,0.02579193352951359,0.0,0.030811840055392073
15_281,15,281,3266.0,0.09552969993876301,0.0009185548071034905,0.0,0.0,0.036129822412737295,0.0,0.009491733006736069,0.0,0.0,0.0,0.005817513778322106,0.0,0.0,0.0009185548071034905,0.0033680342927127987,0.0,0.0,0.0,0.0,0.0,0.002449479485609308,0.0,0.0,0.0,0.0,0.0,0.0,0.021432945499081445,0.0,0.015003061849357012
15_282,15,282,3844.0,0.11238293444328824,0.0,0.0,0.0005202913631633715,0.027835587929240374,0.0,0.007544224765868887,0.0,0.00026014568158168577,0.0033818938605619147,0.01768990634755463,0.0,0.0,0.0023413111342351716,0.0,0.0,0.0,0.0,0.003902185223725286,0.0,0.0015608740894901144,0.0,0.0,0.0,0.0,0.0,0.0,0.02991675338189386,0.0,0.017429760665972946
15_283,15,283,2030.0,0.09507389162561576,0.0009852216748768472,0.0,0.0,0.04876847290640394,0.0,0.00541871921182266,0.0,0.0,0.0019704433497536944,0.005911330049261084,0.0,0.0,0.0034482758620689655,0.0,0.0,0.0,0.0,0.0,0.0,0.0,0.0,0.0,0.0,0.0,0.0,0.0,0.02413793103448276,0.0,0.004433497536945813
15_284,15,284,6297.0,0.11767508337303478,0.0009528346831824678,0.0,0.0003176115610608226,0.038113387327298714,0.0,0.014451326028267429,0.0,0.0006352231221216452,0.0023820867079561697,0.020009528346831826,0.0,0.0,0.0017468635858345243,0.0,0.0,0.0,0.0,0.0,0.0,0.0,0.0,0.0,0.0,0.0,0.0,0.0,0.02302683817690964,0.0,0.016039383833571542
15_285,15,285,2890.0,0.10069204152249135,0.0,0.00034602076124567473,0.0,0.02387543252595156,0.0,0.011072664359861591,0.0,0.0,0.0010380622837370243,0.011418685121107266,0.0,0.0,0.001384083044982699,0.0020761245674740486,0.0,0.0,0.0,0.0,0.0,0.0,0.0,0.0020761245674740486,0.0,0.0,0.0,0.0,0.04359861591695502,0.0,0.0038062283737024223
15_286,15,286,10186.0,0.1097584920479089,0.004221480463381111,0.00029452189279403104,0.000196347928529354,0.0367170626349892,0.0,0.013646181032790104,0.0005890437855880621,0.00019634792852935403,0.0012762615354408012,0.011879049676025918,0.000196347928529354,9.817396426467701e-05,0.0039269585705870805,0.0033379147849990185,0.0,0.0,0.0,0.0,0.0,0.00029452189279403104,0.0,0.0,0.0,0.00029452189279403104,0.0,0.0,0.018162183388965247,0.0,0.01443157274690752
15_287,15,287,4417.0,0.07901290468643876,0.004075164138555581,0.0004527960153950645,0.001811184061580258,0.029431741000679194,0.0,0.005886348200135839,0.00022639800769753225,0.0,0.0,0.016753452569617387,0.0,0.0004527960153950645,0.0029431741000679195,0.003395970115462984,0.0,0.0,0.0,0.0,0.0,0.0,0.0,0.0,0.0,0.0,0.0,0.0,0.009508716323296355,0.0,0.004075164138555581
15_288,15,288,3242.0,0.08019740900678594,0.003392967304133251,0.00030845157310302283,0.0,0.032078963602714373,0.0,0.011104256631708822,0.0,0.00030845157310302283,0.0,0.013880320789636027,0.00030845157310302283,0.0,0.001850709438618137,0.0024676125848241827,0.0,0.0,0.0,0.0,0.0,0.0,0.0,0.0,0.0,0.0,0.0,0.0,0.009561998766193708,0.0,0.004935225169648365
16_289,16,289,158224.69285824432,0.18736967242548327,0.005239539907958761,0.00033117755409956727,0.0026169955585520497,0.014518430485622714,3.792075618295232e-05,0.022629741059194144,0.0015871735299487284,0.009084767212588605,0.0020685921683654815,0.010957216327376411,0.01073156609485434,0.0010567035702161779,0.0024559812888600226,0.006427744366740615,2.528050412196821e-05,0.0,2.528050412196821e-05,0.0003592807548857472,5.876061383382721e-05,0.014330187731615736,0.003373134912018139,0.00018523323891513188,0.0,0.0001223377700506275,0.00011789712357953417,0.0,0.01577683237387952,3.3480109711858994e-05,0.06321841690818868
16_290,16,290,73210.0,0.19456358420980743,0.0052588444201611805,5.463734462505122e-05,0.00016391203387515366,0.02633520010927469,0.00015025269771889085,0.0229886627509903,0.004384646906160361,0.005518371807130174,0.002308427810408414,0.01748395028001639,0.00015025269771889085,0.0003551427400628329,0.0036197240814096433,0.001406911624095069,0.0,0.0003005053954377817,0.00010927468925010244,0.000560032782406775,0.0,0.027332331648681873,2.731867231252561e-05,0.0,0.0,1.3659336156262805e-05,0.00013659336156262805,2.731867231252561e-05,0.011214314984291764,0.0,0.06466329736374812
16_291,16,291,27378.127552012444,0.19066171393191372,0.00251723456385398,0.0009656568615008582,0.0015325585872902456,0.01582851292039222,7.30510147635348e-05,0.015588828038294752,0.006830269880390504,0.000365255073817674,0.001423486306059605,0.0008766121771624177,0.016730557304813848,0.0008210675547177739,0.000730510147635348,0.0020233838528281273,0.0,0.0,0.0,0.0,0.0,0.015448776899743626,0.00010957652214530221,0.004703722597613406,0.0,0.0001461020295270696,0.00010957652214530221,0.00010957652214530221,0.013349316586663992,0.0,0.09037808196840881
16_292,16,292,60501.0,0.2608221351713195,0.0008925472306242872,0.00033057304837936564,0.0006776747491776995,0.016908811424604552,0.0001818151766086511,0.02550371068246806,0.0016859225467347647,8.264326209484141e-05,0.000942133187881192,0.014793143914976612,0.00023140113386555593,0.00011570056693277797,0.0005785028346638898,0.0011570056693277796,0.0,4.958595725690485e-05,1.652865241896828e-05,0.0008264326209484141,0.0,0.02656154443728203,0.0002644584387034925,0.0,0.0,0.0,1.652865241896828e-05,1.652865241896828e-05,0.011305598254574304,0.0,0.15768334407695742
17_293,17,293,37294.0,0.08666273395184212,0.00048265136483080387,0.0,0.00029495361184104683,0.017670402745749988,0.00034858154126669167,0.008607282672816003,0.0023328149300155523,0.0,0.0015015820239180566,0.01868933340483724,0.0008580468708103181,0.0,0.0028959081889848234,0.0032444897302515148,0.0,0.0,0.0,0.0,0.0,0.00780286373143133,0.0,0.0,0.0,0.00048265136483080387,0.0,0.0,0.007561538049015927,0.0,0.013889633721242023
17_294,17,294,10865.0,0.06599171652093878,0.0004601932811780948,0.0,0.0,0.011780947998159227,0.0,0.005982512655315232,0.00018407731247123792,0.0,0.00018407731247123792,0.012057063966866084,0.0,0.0,0.0018407731247123793,0.002393005062126093,0.0,0.0,0.0,0.0,0.0,0.005706396686608376,0.0,0.0,0.0,0.0,9.203865623561896e-05,0.0,0.01877588587206627,0.0,0.006534744592728946
17_295,17,295,6779.0,0.053990264050744946,0.00531051777548311,0.0,0.0,0.003392830801003098,0.0,0.0004425431479569258,0.0,0.0,0.0,0.014013866351969316,0.0,0.0,0.0,0.0005900575306092345,0.0,0.0,0.0,0.0,0.0,0.0002950287653046172,0.0,0.0,0.0,0.0,0.002507744505089246,0.0,0.003982888331612333,0.0,0.023454786841717066
17_296,17,296,10751.0,0.08613152264905591,0.0026044088921960747,0.0,0.00027904380987815085,0.005394846990977584,0.0,0.008092270486466374,0.0,0.0,0.0013952190493907544,0.0,9.301460329271696e-05,0.00027904380987815085,0.0318109943261092,0.0005580876197563017,0.00046507301646358477,0.0,0.0,0.002232350479025207,0.0,0.0,0.0,0.0,0.0,0.0,0.0,0.00046507301646358477,0.009115431122686262,0.00018602920658543392,0.02316063621988652
17_297,17,297,9871.0,0.36298247391348404,0.00020261371694863743,0.00010130685847431871,0.0006078411508459123,0.029581602674501065,0.0,0.009826765272008915,0.015499949346570762,0.00030392057542295614,0.006179718366933442,0.010434606422854827,0.002026137169486374,0.0,0.01722216594063418,0.004052274338972748,0.0,0.0,0.0,0.026947624354168778,0.0034444331881268364,0.03910444737108702,0.1298753925640766,0.0,0.0,0.007091480093202309,0.0,0.0,0.010535913281329147,0.00395096748049843,0.0459933137473407
17_298,17,298,53822.0,0.08756642265244696,0.0008918286202668054,0.0,7.431905168890045e-05,0.001988034632678087,0.0,0.005945524135112036,0.0007431905168890045,0.0,0.0008175095685779049,0.022908847683103563,0.001337742930400208,0.001300583404555758,0.0017093381888447104,0.005276652669911932,0.0,0.0,0.0,0.0007431905168890045,0.0,0.009605737430790384,0.00018579762922225112,5.5739288766675335e-05,0.0,0.0,3.7159525844450226e-05,0.0001486381033778009,0.007301846828434469,0.0,0.02649474192709301
17_299,17,299,10813.0,0.10727827614907981,0.0024045130861000646,0.0,0.0,0.009525571071857948,0.0,0.01045038379728105,0.006473689077961713,0.0,0.0,0.014889484879311939,0.0,0.0,0.002866919448811616,0.0024045130861000646,0.0,0.0,0.0,0.0,0.0,0.0075834643484694346,0.0,0.0,0.0,0.0,0.0,0.0,0.007213539258300194,0.0,0.043466198094885784
18_300,18,300,42495.0,0.1575244146370161,0.0006824332274385222,7.05965407695023e-05,0.007200847158489234,0.021155430050594188,0.0,0.027273796917284387,0.011930815390045887,0.002400282386163078,0.0032709730556536062,0.012777973879279916,0.00032945052359101073,0.00044711142487351455,0.001906106600776562,0.0030591834333450994,0.0,0.0,2.3532180256500763e-05,0.0,0.0,0.005694787622073185,0.0,0.000494175785386516,0.0,0.0,0.0,0.0,0.009412872102600306,0.0,0.0493940463583951
18_301,18,301,98682.0,0.14989562432865164,0.0009018868689325307,0.0006384143004803307,0.0020267120650169232,0.018888956445957724,0.0,0.010336231531586308,0.0003344074907277923,0.014612593988772016,0.0030400680975253844,0.01736892239719503,0.0005978800591799922,5.066780162542308e-05,0.001398431324861677,0.002584057882896577,0.0,0.0,3.0400680975253844e-05,0.0006688149814555846,0.0,0.037382704039237144,6.080136195050769e-05,0.00036480817170304614,9.120204292576154e-05,1.0133560325084616e-05,1.0133560325084616e-05,0.0,0.006515879289029408,0.0,0.031981516385967045
18_302,18,302,57347.0,0.16719270406472875,0.001395016304253056,0.0001046262228189792,0.003225975203585192,0.026452996669398574,0.0,0.017803895583029628,0.0016565818613005039,0.0012903900814340767,0.0023192146058207057,0.016862259577658814,0.000174377038031632,0.000174377038031632,0.005597502920815387,0.003225975203585192,0.0,3.48754076063264e-05,0.0,0.0005056934102917328,0.0,0.03287007166896263,3.48754076063264e-05,1.74377038031632e-05,0.0,0.0,0.0,0.0,0.009119919089054353,0.0,0.04432664306764085
18_303,18,303,94130.0,0.16849038563688515,0.0005099330712843939,6.374163391054924e-05,0.004578774035907787,0.011505364920854138,2.1247211303516414e-05,0.011303516413470731,0.0011579730160416444,0.00024434292999043876,0.00349516625942845,0.019643046850100924,0.0001699776904281313,0.000669287156060767,0.003941357696802295,0.006012960798895145,0.0,2.1247211303516414e-05,1.0623605651758207e-05,0.00040369701476681186,0.0,0.008520131732710082,0.0001593540847763731,0.010209285031339636,0.0,1.0623605651758207e-05,1.0623605651758207e-05,2.1247211303516414e-05,0.01285456283862743,0.0,0.07295230001062361
18_304,18,304,34379.0,0.1798772506471974,8.726257308240496e-05,0.000669013060298438,0.008668082259518893,0.032897990052066665,0.0001163500974432066,0.008929869978766106,0.0027924023386369586,0.0,0.0020361267052561157,0.015794525727915298,0.0,0.0004944879141336281,0.002007039180895314,0.002501527095028942,0.0,0.0,0.0,0.0004654003897728264,0.0,0.059396724744756976,0.0,0.0,0.0002327001948864132,5.81750487216033e-05,8.726257308240496e-05,5.81750487216033e-05,0.013671136449576777,0.0,0.02891299921463684
18_305,18,305,138675.0,0.16567513971516137,0.001427798810167658,0.00062015503875969,0.001031188029565531,0.02204434829637642,1.4422210203713719e-05,0.02280151433207139,0.0009879213989543898,0.00025959978366684697,0.0023724535785109068,0.020998738056607177,0.0005985217234541194,0.00020912204795384893,0.002444564629529475,0.006410672435550748,1.4422210203713719e-05,0.0,0.00041824409590769787,0.0006994771948801154,0.0,0.028743464936001443,0.00012979989183342349,8.653326122228231e-05,0.00032449972958355867,4.3266630611141155e-05,2.1633315305570577e-05,0.0,0.014458265729223003,7.2111051018568594e-06,0.03850730124391563
18_306,18,306,79601.0,0.21067574527958197,0.0010803884373311893,0.0005527568749136317,0.0015828946872526728,0.01792691046594892,0.00015075187497644502,0.0510169470232786,0.0003894423436891496,0.0,0.002060275624678082,0.019421866559465335,0.0006281328124018542,0.00021356515621663046,0.0011306390623233376,0.0034170424994660873,0.0,3.7687968744111256e-05,8.793859373625959e-05,0.0006030074999057801,0.0,0.06107963467795631,0.00035175437494503836,7.537593748822251e-05,8.793859373625959e-05,1.2562656248037085e-05,6.281328124018542e-05,0.0,0.012047587341867564,0.0,0.03665783093177222
18_307,18,307,56588.0,0.10180603661553686,0.0007422068283028204,0.0004241181876016117,0.002191277302608327,0.01998656959072595,0.0,0.013995900190853184,0.0005654909168021488,0.0,0.002102919346857991,0.012122711528946067,0.0007245352371527533,0.0,0.0019085318442072525,0.00402912278221531,0.0,0.0,0.0,0.0,5.301477345020146e-05,0.006379444405174242,0.0001413727292005372,1.767159115006715e-05,0.0004064465964515445,0.0,0.0,0.0,0.008853467166183644,0.0,0.027161235597653214
18_308,18,308,25672.0,0.11183390464319104,0.002570894359613587,0.0,0.002298223745715176,0.04144593331255843,3.89529448426301e-05,0.009192894982860704,0.0005842941726394515,0.0005453412277968214,0.002298223745715176,0.012620754129012153,0.00011685883452789031,0.0001558117793705204,0.0017528825179183546,0.004635400436272983,0.0,0.0,0.0,0.0,0.0,0.0008569647865378623,0.0006622000623247117,0.0,0.0009348706762231225,0.0,0.0001558117793705204,0.00038952944842630103,0.010556248052352758,7.79058896852602e-05,0.019943907759426612
18_309,18,309,76088.0,0.24304752391967197,0.001156555567237935,0.0002628535380086216,0.0022342550730732836,0.01339238776153927,0.00030228156870991483,0.09230101987172748,0.0005782777836189675,0.00011828409210387972,0.0018268320891599201,0.013195247608032805,0.0003811376301125013,9.199873830301755e-05,0.0012354116286405214,0.004087372516034066,0.004008516454631479,0.0003942803070129324,0.0,0.010606140258647881,3.942803070129324e-05,0.033119545789086324,0.003101671748501735,6.57133845021554e-05,0.0018268320891599201,0.00027599621490905266,7.885606140258648e-05,2.628535380086216e-05,0.008253601093470718,9.199873830301755e-05,0.049994742929239826
18_310,18,310,91629.0,0.300177891278962,0.0010913575396435625,0.0018225670912047497,0.00209540647611564,0.018149275884272446,0.00015279005555009876,0.20465136583396087,0.0018553078173940566,4.36543015857425e-05,0.0028157024522803917,0.013336389134444335,3.274072618930688e-05,0.00017461720634297,0.0017679992142225715,0.0052603433410819715,0.0,0.0003710615634788113,0.00024009865872158377,0.000905826757904157,0.0,0.003874319265734647,6.548145237861375e-05,6.548145237861375e-05,9.822217856792063e-05,0.0,0.0,3.274072618930688e-05,0.01097905684881424,3.274072618930688e-05,0.03026334457431599
18_311,18,311,83878.0,0.22512458570781368,0.0008583895657979446,0.0025751686973938337,0.001132597343761177,0.022258518324232816,2.3844154605498462e-05,0.09647344953384678,0.0007510908700732016,0.0002384415460549846,0.0023486492286415987,0.014950284937647535,0.00017883115954123847,0.00010729869572474308,0.0024678700016690907,0.004637688070769451,0.0,2.3844154605498462e-05,0.0,0.00044111686020172156,0.0,0.018681895133408045,0.00016690908223848924,0.0,2.3844154605498462e-05,0.0,0.0,0.0,0.009978778702401107,3.5766231908247694e-05,0.046770309258685236
18_312,18,312,68430.0,0.20628379365775248,0.000263042525208242,0.000526085050416484,0.0028350138827999416,0.020078912757562472,0.0,0.07768522577816747,0.0007306736811340056,8.768084173608067e-05,0.0005845389449072045,0.014204296361245069,0.000394563787812363,8.768084173608067e-05,0.0022797018851380972,0.007335963758585416,0.0,0.0,0.00010229431535876077,0.0003653368405670028,0.0,0.03415168785620342,0.0004091772614350431,0.0,0.00042379073505772325,7.306736811340056e-05,0.0,1.4613473622680111e-05,0.012304544790296653,5.8453894490720444e-05,0.03128744702615812
18_313,18,313,54225.0,0.18683264177040113,0.00047948363301060395,0.0005901337021668972,0.006454587367450438,0.028400184416781927,0.0,0.0551959428307976,0.0013462425080682343,0.00038727524204702627,0.004223144306131858,0.012816966343937298,0.0008483171968649147,0.00027662517289073305,0.0014568925772245275,0.004260027662517289,0.0,0.0,0.0,0.001512217611802674,0.0,0.021466113416320886,0.0,0.0,0.0,0.0,3.688335638543107e-05,0.00016597510373443983,0.012964499769479023,9.220839096357768e-05,0.03385892116182573
18_314,18,314,32744.0,0.21316882482286828,0.0008856584412411434,0.0014048375274859515,0.0024126557537258735,0.018507207427314928,9.16198387490838e-05,0.08404593207915954,0.023088199364769118,0.0,0.0019240166137307598,0.02351575861226484,0.0,0.0003359394087466406,0.000458099193745419,0.007818226239921818,6.10798924993892e-05,0.0,0.0,0.000610798924993892,0.0,0.0023210359149767896,0.0003359394087466406,0.0,0.000305399462496946,0.0,0.0,0.0,0.007360127046176399,6.10798924993892e-05,0.037625213779623745
18_315,18,315,13030.0,0.09838833461243283,0.0003069838833461243,0.0003069838833461243,0.001918649270913277,0.030468150422102838,0.0,0.011281657712970069,0.00990023023791251,0.0,0.0013814274750575594,0.011818879508825786,0.0003837298541826554,0.0,0.006216423637759018,0.0031465848042977742,0.0,0.0,0.0,0.0,0.0,0.00023023791250959325,0.0,0.0,0.0,0.0,0.0,0.0,0.003760552570990023,0.0,0.017267843438219493
18_316,18,316,110654.62145423962,0.17899758533655685,0.0008233083592916244,0.0002510934873299594,0.0016747445123567765,0.015725532761025552,2.711138459987979e-05,0.04439411598338638,0.004025847488429509,9.320769237201581e-06,0.0013703185639305554,0.017306447021754393,0.0002739502563712144,1.8641538474403162e-05,0.0020432418963026696,0.002831087179844256,0.0,9.320769237201581e-06,5.422276919975958e-05,3.7283076948806324e-05,0.0,0.030971609215362288,0.00035329892291016224,7.229702559967944e-05,0.0003386283589571422,1.8357897437161515e-05,0.00011156558980917732,0.0,0.013004766052478632,0.0,0.04325147445628249
18_317,18,317,65425.0,0.17355750859763086,0.0007336645013374093,3.056935422239205e-05,0.0015131830340084065,0.020680168131448223,0.0,0.0273137179977073,0.0006878104700038212,0.00015284677111196025,0.001176920137562094,0.020741306839893007,0.00039740160489109666,0.0,0.0024149789835689723,0.002919373328238441,0.0,4.585403133358808e-05,0.0,0.0009476499808941536,0.0,0.01108139090561712,4.585403133358808e-05,1.5284677111196025e-05,3.056935422239205e-05,0.00010699273977837218,0.0,0.0,0.01199847153228888,7.642338555598012e-05,0.07044707680550248
18_318,18,318,29163.0,0.16047731714844152,0.00017145012515859136,0.00010287007509515482,0.0034632925282035458,0.029866611802626616,0.0,0.04464561259129719,0.0006858005006343654,0.0,0.00030861022528546445,0.018173713266810686,0.0005486404005074924,0.0005829304255392106,0.00010287007509515482,0.004732023454377122,0.0,0.0,0.0,0.0005829304255392106,0.0,0.01052703768473751,6.858005006343655e-05,0.0,0.0,0.0,0.0,0.0,0.006103624455645853,0.0,0.039810719061824915
18_319,18,319,40304.0,0.22603215561730844,0.0007691544263596665,0.0008932115919015483,0.005731441048034935,0.022082175466454943,4.962286621675268e-05,0.022007741167129814,0.00203453751488686,0.002902937673680032,0.002555577610162763,0.020717546645494245,4.962286621675268e-05,0.00017368003175863438,0.0014886859865025804,0.0032502977371973007,0.0,0.045603414053195714,0.0,0.0009924573243350536,0.0,0.03218042874156411,0.0006202858277094085,0.0,0.0005458515283842794,4.962286621675268e-05,0.0,0.0,0.0049374751885668915,2.481143310837634e-05,0.05637157602223104
18_320,18,320,16851.0,0.15411548276066703,0.001186873182600439,0.0,0.006468458845172394,0.019583407512907245,0.0,0.011097264257314107,0.0021363717286807904,0.0,0.0032045575930211858,0.025102367811999288,0.0,0.0,0.0008308112278203074,0.002789151979111032,0.0,0.0,0.00023737463652008783,0.0,0.0,0.00848614325559314,0.0,0.0,0.0,0.00011868731826004391,0.0,0.0,0.006587146163432437,0.0,0.06628686724823453
18_321,18,321,60278.0,0.15416901688841703,0.0012276452437041706,0.0002488470088589535,0.0012442350442947675,0.01901191147682405,0.0,0.012326221838813498,0.0015428514549255118,0.0,0.0010949268389793955,0.014665383722087661,0.0001493082053153721,8.29490029529845e-05,0.0019741862702810312,0.004164039948239822,0.00038156541358372873,0.0,0.0009290288330734265,0.004960350376588474,0.0,0.04971963237001891,3.3179601181193804e-05,0.00011612860413417831,0.00023225720826835662,0.0,0.0,0.0001493082053153721,0.010833139785659777,0.0,0.029081920435316367
18_322,18,322,217703.0,0.1479814242339334,0.0008911223088335944,7.8088037372016e-05,0.0029627520061735486,0.00273308130802056,1.837365585223906e-05,0.009476213005792294,0.0032475436718832538,5.512096755671718e-05,0.004473985200020211,0.01793728152574838,0.0009600235182794909,0.0009232762065750127,0.00023885752607910777,0.010776149157338209,0.0028387298291709345,0.0,0.00020211021437462965,0.0017868380316302486,0.0,0.03592509060509042,0.0003490994611925421,4.593413963059765e-05,0.00010105510718731482,0.0,0.0002847916657097054,8.727486529813553e-05,0.009632389080536327,0.0006155174710500085,0.04134072566753788
18_323,18,323,51366.0,0.11523186543628082,0.001382237277576607,0.0004672351360822334,0.002083089981699957,0.011291515788653974,3.893626134018611e-05,0.00541214032628587,9.734065335046528e-05,0.00011680878402055835,0.001323832885566328,0.013744500253085698,7.787252268037223e-05,0.0,0.0015963867149476308,0.005061713974224195,0.0,0.0,0.0,3.893626134018611e-05,3.893626134018611e-05,0.010454386169839971,0.0005645757894326987,5.8404392010279176e-05,1.9468130670093056e-05,1.9468130670093056e-05,0.00015574504536074445,0.0,0.0199158976755052,0.0,0.04127243702059728
18_324,18,324,32774.0,0.2004637822664307,0.0010984316836516752,0.00012204796485018612,0.009916397144077622,0.028162567889180447,3.051199121254653e-05,0.06669921279062671,0.0051260145237078175,0.0,0.0026850552267040947,0.01891743455177885,0.00021358393848782572,9.15359736376396e-05,0.005339598462195643,0.00045767986818819794,0.0,0.0,0.00024409592970037224,0.0,0.0,0.014706779764447429,0.0,0.0,0.0,3.051199121254653e-05,0.0,3.051199121254653e-05,0.011564044669555134,0.0,0.03502776591200342
18_325,18,325,39292.0,0.1333859309783162,0.0007889646747429502,0.002010587396925583,0.0024177949709864605,0.025603176219077674,7.635142013641454e-05,0.011809019647765448,0.0011961722488038277,0.00012725236689402423,0.0037157691133055076,0.02168380331874173,0.00040720757406087753,0.0,0.0033849129593810446,0.003970273847093556,0.0,0.0,0.0,0.0,0.0,0.006540771658352845,0.0,5.090094675760969e-05,0.00017815331365163392,0.0,2.5450473378804846e-05,5.090094675760969e-05,0.009518477043673012,0.0,0.039829990837829586
18_326,18,326,30561.0,0.14106213801904385,0.0004908216354176892,9.816432708353784e-05,0.002683158273616701,0.025260953502830405,0.0,0.024312031674356204,0.00035993586597297207,0.0,0.0027158797159778803,0.02143254474657243,0.0003926573083341514,0.0,0.0022905009652825496,0.0036648015444520794,0.0,0.0,0.0,3.2721442361179283e-05,6.544288472235857e-05,0.011877883577108079,0.00013088576944471713,0.0,0.00045810019305650993,0.0,0.0,0.0,0.009391053957658454,0.0,0.03540460063479598
19_327,19,327,112918.0,0.16573974034254943,0.002435395596804761,0.0005667829752563807,0.0040914646026319985,0.006340884535680759,0.00011512779184895233,0.08402557608175844,0.00028339148762819035,0.0007350466710356187,0.004968207017481713,0.01772967994473866,0.00046051116739580933,0.0004339432154306665,0.0018066207336297135,0.0023999716608512373,0.0,0.0,0.0009298783187799997,0.0004339432154306665,0.0,0.007022795302786092,0.0008413184788961901,5.31359039302857e-05,0.0004870791193609522,0.0,0.00017711967976761898,0.0,0.002949042668130856,0.0,0.026452824173293896
19_328,19,328,386211.0,0.2036632825061948,0.0017244459634759238,0.00014240920118795166,0.0012324869048266362,0.016229470419019655,0.0005282086734971298,0.07779426272167286,0.0018202485170023639,0.005087892369715,0.0010098106993327483,0.014057082786352537,0.007099745993770245,0.00015276623400162088,0.0027109533389779164,0.002723899629995003,3.107109844100764e-05,1.0357032813669212e-05,1.553554922050382e-05,0.0006913319403124199,7.249922969568448e-05,0.012216120203722836,0.0003624961484784224,0.0015457871474401298,5.178516406834606e-06,0.00011133810274694403,3.3660356644424936e-05,0.00012687365196744783,0.011273630217678937,3.624961484784224e-05,0.044817470242950096
19_329,19,329,218369.0,0.2511574445090649,0.0024820372855121377,3.663523668652602e-05,0.003480347485219972,0.01497465299561751,8.242928254468354e-05,0.041768749227225475,0.00023354963387660336,0.04240070706006805,0.001964564567314958,0.017026226250062965,0.0007876575887603094,0.0019050323076993528,0.007894893505946356,0.002472878476340506,4.579404585815753e-06,0.0,1.3738213757447257e-05,0.0022072730103631926,9.61674963021308e-05,0.025772889008971053,0.00019691439719007734,4.579404585815753e-06,1.3738213757447257e-05,0.00020607320636170884,0.00023354963387660336,0.0002381290384624191,0.00425884626480865,1.831761834326301e-05,0.0803822886948239
19_330,19,330,147623.38559176674,0.25898661985968935,0.0020660683182232237,0.00010838391177564452,0.00041812626204716863,0.06770235209518104,0.00041998765813062257,0.030623367675022103,0.0007432779973741022,0.04018638649313928,0.0032379693642973803,0.0192461081408985,0.00020999382906531128,0.00014902787869151122,0.0024792819818678685,0.002350576086634291,0.0003725696967287781,0.00045385763056051147,0.00010838391177564452,0.001530922753830979,0.0,0.023214479103445863,0.00010838391177564452,0.0,0.0,0.0006650412658614388,0.00041998765813062257,5.419195588782226e-05,0.010560657403639364,2.709597794391113e-05,0.051530140897760715
19_331,19,331,166087.0,0.2533732321012481,0.00010837693497985995,3.010470416107221e-05,0.0028178003094763587,0.06792825446904334,6.020940832214442e-05,0.0237646534647504,0.0013848163914093217,0.03757067079301812,0.0012102091072751027,0.016948948442683652,9.633505331543107e-05,0.00010235599414764552,0.0016738215513556148,0.0028960725402951467,0.0008910992431677374,0.0,0.0,0.00016256540246978993,6.020940832214442e-06,0.035806535129179286,4.8167526657715534e-05,0.0,0.0,3.612564499328665e-05,9.031411248321663e-05,6.020940832214442e-06,0.005479056157315142,0.0,0.054254697839084334
19_332,19,332,336754.0,0.40731513211424375,0.0014224032973624663,2.9695267168318715e-06,0.0030111000908675176,0.03770111119689744,2.3756213734654972e-05,0.03005457990105537,0.001039334350891155,0.24688051218396811,0.000484032854843595,0.013383656912761244,0.0003296174655683377,0.00043058137394062134,0.0017698379232317953,0.001867832304887247,0.0010927858317941286,8.908580150495613e-06,0.0,0.00024647071749704533,0.0,0.02039173996448446,7.720769463762865e-05,0.0004276118472237895,8.908580150495613e-06,2.0786687017823098e-05,2.0786687017823098e-05,0.0,0.009253045249648111,2.9695267168318715e-06,0.03736258515117861
19_333,19,333,753822.0,0.519633282127611,0.0009418669128786371,0.00092196831612768,0.0046151478731053215,0.018338546765682084,7.959438700382849e-05,0.029236344919622934,0.0001896999556924579,0.4003876246647086,0.004083192053296401,0.009845825672373585,0.0002361300147780245,0.00014459646972362177,0.0009630920827463247,0.0010665647858513017,0.0004457285672214395,6.6328655836523744e-06,3.7144047268453293e-05,0.00013531045790650842,2.6531462334609498e-06,0.01670155553963668,0.0003926656425522206,1.7245450517496174e-05,1.1939158050574273e-05,4.908320531902757e-05,0.00010081955687151609,1.0612584933843799e-05,0.004040741713561027,9.286011817113324e-05,0.026538095200193148
19_334,19,334,236722.40755218008,0.20657672091989476,0.0020826080855540865,0.0012039417938801515,0.0029661410554398986,0.030707863903966934,9.716021494471398e-05,0.02061733374030863,0.0019191427979459586,0.01837788065918657,0.0045369596022009915,0.011885412989802212,0.004625671102802687,0.005804266753653782,0.003632206305639392,0.002698351480624773,0.00254728737442011,1.267307151452791e-05,8.448714343018607e-06,0.0009826201479516284,0.0,0.023329469585235844,0.0012926532944818468,0.0001309550723167884,4.2243571715093035e-06,0.0003928652169503652,6.758971474414886e-05,1.267307151452791e-05,0.0016265508603239037,0.0,0.06501376995297574
19_335,19,335,724934.7285338315,0.3041105656445931,0.002532641805853721,0.0020015595099639157,0.005714997277588217,0.028901407174058112,0.00029244012137308756,0.03460274266336953,0.0007711039049413017,0.011632771431788903,0.007658452137549584,0.015199381819094786,0.0008529276604478725,0.00013242571533875663,0.0018775447610402235,0.0012759769446703114,0.0028830181776875147,0.00013932288801265022,4.8280208717255026e-05,0.005429454328889022,1.2414910813008436e-05,0.032156435558181255,0.03683366094766125,0.0010400936392231512,0.0009090473584191732,9.380154836495263e-05,1.379434534778715e-05,0.00011587250092141206,0.007066843121671358,2.6209256160795584e-05,0.10389594392744421
19_336,19,336,459013.0,0.1921514205480019,0.0003050022548380983,0.0008845065390304849,0.004572855235036916,0.021598516817606474,0.0003311453052527924,0.01795156128475664,0.0010304719038458606,0.019727110125421284,0.0043201390810282065,0.022607202846106754,0.002370303237598935,0.0004923607828100729,0.0023768390002026087,0.0024225893384283233,0.0005795042841923867,9.585785152054517e-05,0.0009302568772561997,0.002135015783866688,1.742870027646276e-05,0.02538490195266801,0.0006470404977636799,0.001124151167831848,4.139316315659905e-05,0.0002832163794925198,5.2286100829388276e-05,3.0500225483809825e-05,0.011982231440068146,0.00013942960221170208,0.04771760276942048
19_337,19,337,1051646.0,0.24737221460453424,0.0013902016458009635,6.085698039073985e-05,0.003252995779948766,0.01083919874178193,0.00038320879839794,0.028816731105333924,0.0008824262156657279,0.012324489419443425,0.01327442884773013,0.03584000699855275,0.003874878048316639,0.002572158311827364,0.0023829311384249074,0.006038153523143719,0.0004792487205770763,0.00010649971568379474,0.0033376250183046385,0.0028992645814275905,3.3281161151185856e-05,0.021318960943131054,0.0002063431991373523,2.9477599876764615e-05,9.128547058610977e-05,0.0008938368994889915,0.0004298024240096002,0.00011886128982566377,0.009763741791439325,0.0004402622175142586,0.08529105801762189
19_338,19,338,496548.9061325168,0.30691138258448786,0.0010253331115264608,0.0011449379123599866,0.010010069314162835,0.019717754521586302,0.0008642291022231262,0.034222796702517495,0.001603499657789192,0.003984195226605413,0.07491890736195866,0.019780942924589345,0.0019784419614124983,0.00017765823259219022,0.0032424378566172315,0.0036046451972642363,0.0008881300402710138,2.2152903498823473e-05,0.0002447694499910643,0.003950056181359126,2.013900318074861e-06,0.02456793473165782,0.0010825743089935766,0.00020139003180748614,0.0004319494203502986,0.00041192317639127774,0.0002921757229762405,0.0002557653403955074,0.01613384896714053,2.013900318074861e-06,0.08214883542581392
19_339,19,339,258114.0,0.28924428740788954,0.003211759145183911,0.001766661242706711,0.003963365024756503,0.028998814477323973,0.00012785048466956462,0.01474154830811192,0.0015845711584803613,0.012909024694514827,0.015733358128578845,0.01466406316588794,0.000321563340229511,0.0015342058160347754,0.0033279868585198787,0.0021153443827146147,6.198811377918284e-05,0.0,0.0,0.0011506543620260815,0.0,0.04940065242489752,0.008662838900640802,0.000592761338013436,3.874257111198928e-06,0.0014257266169212053,3.486831400079035e-05,9.298217066877426e-05,0.008298658732188102,2.3245542667193566e-05,0.1144959204072619
19_340,19,340,208165.5,0.3678563450715897,0.0009703817395293648,0.0004851908697646824,0.0006148953597017757,0.024394051848168886,0.00015852770992311405,0.025513353557626024,0.00030264380985321775,0.13824817272794965,0.01906175615075505,0.013775097218319078,0.000312251549848558,0.00029783993985554766,0.0032714354684133537,0.0017822357691356157,0.0005620527897274044,0.0,0.0,0.00469818485772138,9.607739995340245e-06,0.04761595941690626,0.0030600651885158685,3.843095998136098e-05,0.0008262656395992612,6.725417996738173e-05,1.921547999068049e-05,0.0,0.0004563676497786617,0.0,0.08131510745056217
19_341,19,341,531098.0,0.47389558989113123,0.0008171749846544329,0.0005780477426011772,0.0011730415102297505,0.0043890204820955835,8.284723346726969e-05,0.01570519941705674,0.00043683086737287657,0.0026285167709161022,0.20987651996430037,0.030805990608136352,0.0012125822352936745,0.0005177952091704356,0.0017341432278035315,0.004709112065946398,0.00034833495889647487,2.4477591706238775e-05,0.0009094366764702559,0.004727940982643505,3.0126266715370797e-05,0.01779520917043559,0.006608949760684469,0.008184930088232303,0.006637193135730129,0.001043121985019714,0.00016946025027396073,0.0001882891669710675,0.00644513818541964,8.661301680669104e-05,0.1460295463360811
19_342,19,342,1281951.0,0.23471645952146375,0.0012051942702958225,0.00016927324055287604,0.008741363749472484,0.00231366097456143,4.368341691687124e-05,0.020969600242130938,0.00672724620519817,0.0005132801487732371,0.017219066875410995,0.030893536492424437,0.014458430938468008,0.01202464056738518,0.0012753997617693657,0.014676848023052363,3.9783111835007734e-05,0.0003642884946460512,0.0017520170427730857,0.003943208437764002,3.9783111835007734e-05,0.004347280044245061,0.004186587474872284,0.00012168951855414131,0.0037879762955058344,0.0013089423854733917,0.00028160202691054496,0.0008986302908613512,0.005723307677126505,0.00016537293547101253,0.07652476576717832
19_343,19,343,763056.0,0.32981720869765796,0.0005228974020255394,0.0007640330460673922,0.003947285651380764,0.019454666498920133,0.00011663626260720052,0.027041265647606467,0.0007116122538843807,0.01375783690843136,0.10893040615629783,0.04609229204671741,0.005723039986580278,0.005898649640393366,0.0028896961690885073,0.0017626491371537606,1.3105198045752868e-05,5.242079218301147e-06,0.00044033465433729633,0.002800580822377388,3.9315594137258605e-06,0.02004440041097901,0.00045081881277389866,5.242079218301147e-06,0.00024113564404185277,0.0022187100291459604,0.0008295590362961565,0.0010602105219014069,0.00784083999077394,6.028391101046319e-05,0.056189847140969994
19_344,19,344,399245.57102709654,0.32007869159637337,0.00037570861365878393,0.0012723998382577484,0.0010219274291518924,0.02711614300979997,0.00032561413183761277,0.02544549204106391,0.0010569935664267122,0.004789032462103966,0.05454287180689119,0.015306368920458857,0.0004934306459385363,0.00042079364729783803,0.004541064777089169,0.003133409837914258,0.0,8.516061909599103e-05,9.517951546022526e-05,0.004480951398903764,0.0,0.02528769442332722,0.00028052909819855867,0.003539175140665745,7.764644682281536e-05,8.265589500493247e-05,0.00010269368773340095,3.2561413183761276e-05,0.008438415462776287,3.2561413183761276e-05,0.13770221635412644
19_345,19,345,468526.6828235408,0.2780413057909421,0.001133609852995935,0.000277465520675503,0.0025634479743521514,0.010972829126908851,0.0009775427543238667,0.05705724444798847,0.00122941683605582,0.02515545097447291,0.022001722339489153,0.015819039384349958,0.0012145594368023565,0.0003458062516947741,0.004239546119631608,0.002525195775209056,7.897095588456624e-05,0.0046551422746610735,5.54931041351006e-05,0.0009797913007901793,2.134350159042331e-05,0.02690858297364499,0.0015388664646695204,0.000843099457269158,1.7074801272338647e-05,0.0010842498807935041,0.00039919615011826975,0.0009263598764367671,0.005609165651305557,5.977218593566439e-05,0.08935132041748456
20_346,20,346,18131.0,0.32237604103469203,0.01169268104351663,0.0009927748055816006,0.014395234680933209,0.053168606254481277,0.0,0.002647399481550935,0.0004412332469251558,0.0008824664938503116,0.03176879377861122,0.04643979923887265,0.0006066957145220893,0.0017097788318349788,0.0023716287022227125,0.0004963874027908003,0.0,0.0,0.0,0.00038607909105951133,0.02156527494346699,0.06232419612817826,0.0017649329877006232,0.0,5.5154155865644475e-05,5.5154155865644475e-05,0.0017097788318349788,0.0,0.020131266890960235,0.0,0.04677072417406652
20_347,20,347,15862.0,0.22557054595889547,0.00176522506619594,0.0009456562854621107,0.00018913125709242213,0.04331105787416467,6.304375236414071e-05,0.003719581389484302,0.00012608750472828143,0.001954356323288362,0.0018282688185600807,0.03612407010465263,6.304375236414071e-05,0.00025217500945656286,0.0,0.0013869625520110957,6.304375236414071e-05,0.0,0.0,0.00031521876182070356,0.0,0.0709242214096583,0.0013869625520110957,0.00037826251418484426,6.304375236414071e-05,0.0,0.0012608750472828142,0.00012608750472828143,0.00018913125709242213,0.0,0.05913503971756399
20_348,20,348,21900.0,0.20534246575342469,0.000547945205479452,0.00045662100456621003,0.0027397260273972603,0.020684931506849316,0.000273972602739726,0.003561643835616438,0.000547945205479452,0.0006849315068493151,0.001050228310502283,0.032511415525114155,0.000273972602739726,4.5662100456621006e-05,0.001095890410958904,0.002374429223744292,0.00022831050228310502,4.5662100456621006e-05,0.0,0.001050228310502283,0.0,0.06639269406392694,0.0029680365296803654,0.000547945205479452,0.000867579908675799,9.132420091324201e-05,4.5662100456621006e-05,0.00018264840182648402,0.0013242009132420091,0.0,0.06474885844748858
20_349,20,349,46334.0,0.19845038200889198,0.0017265938619588207,0.00015107696292139682,0.00874088142616653,0.02581257823628437,0.0007553848146069841,0.007079034834031165,0.0016186817455863943,0.00015107696292139682,0.0007122199680580136,0.006345232442698666,0.00017265938619588208,8.632969309794104e-05,0.007294859066776018,0.0003669011956662494,0.0011438684335477187,0.00012949453964691157,0.0,0.0018129235550567618,4.316484654897052e-05,0.05876893857642336,0.010920706176889542,0.0004100660422152199,0.003690594379936979,0.0001079121163724263,4.316484654897052e-05,0.00012949453964691157,0.0022014071739974964,0.00017265938619588208,0.05786247679889498
20_350,20,350,43130.0,0.3558543936934848,0.00011592858798979828,0.0015766287966612568,0.005100857871551124,0.033990261998608856,0.000602828657546951,0.02228147461163923,4.6371435195919314e-05,0.02223510317644331,0.0015070716438673776,0.023765360537908647,0.0004405286343612335,0.0008346858335265476,0.0021794574542082076,0.0026895432413633204,2.3185717597959657e-05,0.0,0.0004173429167632738,0.0010665430095061442,9.274287039183863e-05,0.10013911430558776,0.0010201715743102249,0.0010665430095061442,0.0,0.02566658938094134,0.0002550428935775562,2.3185717597959657e-05,0.001159285879897983,0.0,0.10755854393693484
20_351,20,351,27505.0,0.21603344846391564,0.00043628431194328305,0.0013452099618251228,0.012034175604435557,0.07565897109616433,0.0002544991819669151,0.002872205053626613,0.000799854571896019,0.0003999272859480095,0.010688965642610435,0.0015269950918014906,0.0,3.6357025995273585e-05,0.0011634248318487547,0.0021814215597164154,0.00036357025995273584,0.0,0.0,0.0,0.0,0.02970369023813852,0.0002544991819669151,0.0,0.0,0.00047264133793855663,0.0005453553899291038,0.0002544991819669151,0.00912561352481367,3.6357025995273585e-05,0.06587893110343573
20_352,20,352,28145.0,0.2269319594954699,0.0017765144785930006,7.106057914372001e-05,0.008065375732812222,0.04796589092201101,0.0012790904245869603,0.008598330076390123,0.0009948481080120804,0.0041215135903357614,0.006821815597797122,0.006750755018653402,0.00010659086871558003,0.0003197726061467401,0.0022028779534553206,0.0022028779534553206,0.0008527269497246402,0.0006750755018653402,0.0,0.0015633327411618404,0.0,0.03030733700479659,0.00017765144785930004,0.0,0.0041215135903357614,0.0,0.0008882572392965003,0.00014212115828744003,0.008100906022384082,0.00021318173743116006,0.08861254219221887
20_353,20,353,20137.0,0.27764811044346227,0.004072106073397229,0.0005462581317971893,0.0008938769429408551,0.06992104087004022,0.0010925162635943785,0.0020360530366986145,0.0006952376222873318,0.014252371256890302,0.0,0.028703381834434126,0.00014897949049014252,0.0002482991508169042,0.00014897949049014252,0.0009931966032676169,0.0,0.0,0.00044693847147042755,0.00014897949049014252,0.0,0.030242836569498933,0.0006952376222873318,0.0,0.02482991508169042,0.0003476188111436659,0.0036251676019268013,0.0,0.004419724884540895,0.0,0.08913939514326862
20_354,20,354,88912.0,0.21914927118949074,0.00035990642432967427,0.00023618859096634874,0.0042851358646751846,0.011292064063343531,0.0013833903185171855,0.0052523843800611845,0.0010234838941875113,0.000314918121288465,0.0009222602123447903,0.02503599064243297,0.0006860716213784416,0.0004948713334533021,0.0025418391218283245,0.003576570091776138,0.003992711894907324,0.0005061184092136045,3.3741227280906966e-05,0.0008097894547417671,0.0,0.0644794853338132,0.0008997660608241857,0.0045888069102033475,3.3741227280906966e-05,0.0,0.00029242396976786035,0.0,0.0016983084398056506,1.1247075760302321e-05,0.08439805650530861
20_355,20,355,74037.44106208932,0.20261535179897794,0.008698301707374359,4.052003900950788e-05,0.025029905150868018,0.00961682475338337,0.00034577788239381716,0.00455041070503676,0.0011771088539377081,0.0004322137494347508,0.0009535784675364355,0.01821724605093902,0.0008914408582091735,0.000729360702171142,0.0008104007801901577,0.002759418097970495,0.010886383813887785,0.00014857347636819558,5.402671867934385e-05,0.004137786803257784,0.0,0.03829143686398495,0.000999494295567861,8.104007801901576e-05,0.0,9.454675768885174e-05,0.0003012023980603502,0.002026001950475394,0.007833874208504857,6.75333983491798e-05,0.06344094323767967
20_356,20,356,14562.0,0.24591402279906605,0.004120313143798929,0.0,0.017236643318225518,0.03866227166597995,0.0,0.005493750858398571,0.0,0.011262189259717071,0.00672984480153825,0.0,0.0001373437714599643,0.004669688229638786,0.0005493750858398572,0.00020601565718994644,0.0,0.0,0.0,0.00041203131437989287,0.0,0.06049993132811427,0.018404065375635215,0.0003433594286499107,0.003364922400769125,0.0,0.0,0.0,0.0005493750858398572,0.0,0.07327290207389095
20_357,20,357,113780.0,0.31231323606960804,0.0004394445420987871,0.00020214448936544207,0.0012040780453506767,0.01946739321497627,0.0002812445069432238,0.004262612058358236,0.000509755668834593,0.0002285111618913693,0.004939356653190367,0.021559149235366497,0.0008525224116716471,7.910001757778169e-05,0.0018368781859729303,0.0007119001582000351,7.031112673580594e-05,0.0,0.00020214448936544207,0.00609070135348919,4.394445420987871e-05,0.03480400773422394,0.022947793988398663,0.008973457549657234,0.02262260502724556,0.0019423448760766391,0.0004394445420987871,0.004113200914044647,0.007083846018632448,0.0,0.14640534364563193
20_358,20,358,26858.0,0.23966788293990623,0.0020105741306128528,0.00390944969841388,0.0024573683818601534,0.050636681808027405,0.0,0.006068955246109167,0.0043934768039317895,0.0020850398391540695,0.001265917045200685,0.0002606299798942587,0.0002606299798942587,0.000968054211035818,0.0007446570854121677,0.0026807655074838036,0.0,0.0,0.00011169856281182515,0.001079752773847643,0.0,0.07625288554620598,0.00230843696477772,0.0,0.003388189738625363,0.0,0.00040956139697669226,0.0,0.00461687392955544,0.00033509568843547545,0.07342318862163974
20_359,20,359,15124.0,0.24966939962972762,0.0003306003702724147,6.612007405448295e-05,0.0021158423697434543,0.03610156043374769,0.00019836022216344882,0.0013224014810896587,0.001256281407035176,0.0006612007405448294,0.0017191219254165564,0.0005289605924358636,6.612007405448295e-05,0.001256281407035176,0.000991801110817244,0.001256281407035176,6.612007405448295e-05,0.0001322401481089659,0.0,0.0001322401481089659,0.0,0.09600634752710924,0.004430044961650357,0.0,0.0005289605924358636,6.612007405448295e-05,0.00112404125892621,0.0,0.004099444591377942,0.0015207617032531077,0.09369214493520232
20_360,20,360,45312.0,0.24156956214689268,0.007658015536723164,0.0002868997175141243,0.008452507062146893,0.024055437853107344,0.0002868997175141243,0.003222104519774011,0.00039724576271186443,4.4138418079096045e-05,0.006378001412429378,0.024695444915254237,0.00039724576271186443,0.0011475988700564972,0.0013903601694915254,0.001942090395480226,0.0020965748587570623,6.620762711864407e-05,0.0,0.0006179378531073447,2.2069209039548023e-05,0.05532750706214689,0.001059322033898305,0.003950388418079096,0.0,0.00039724576271186443,6.620762711864407e-05,0.0008606991525423729,0.00211864406779661,0.0,0.09463276836158192
20_361,20,361,30495.0,0.2422692244630267,0.0016396130513198885,0.0,0.002754549926217413,0.015969831119855712,0.0,0.003246433841613379,0.0005574684374487621,0.0,0.003410395146745368,0.030693556320708314,0.0006886374815543532,0.00019675356615838662,0.00029513034923757994,0.003574356451877357,0.01295294310542712,0.00013116904410559108,0.0,0.0011149368748975242,0.0,0.08975241842925069,0.009870470568945728,0.0005902606984751599,0.000426299393343171,0.0,6.558452205279554e-05,0.0,0.0008198065256599442,0.0002295458271847844,0.0632890637809477
20_362,20,362,36808.0,0.34128450336883287,0.0005161921321451858,5.433601391001956e-05,0.012714627254944577,0.034639208867637473,2.716800695500978e-05,0.00997065855248859,0.0009780482503803521,0.01831123668767659,0.0008150402086502934,0.0002716800695500978,0.0008965442295153227,0.0002716800695500978,0.002227776570310802,0.002010432514670724,0.0006792001738752445,0.0,0.0,0.0003260160834601174,0.0,0.05930775918278635,0.0010595522712453815,0.0004075201043251467,0.028363399261030212,0.00010867202782003912,0.0008422082156053032,0.0020376005216257336,0.010704194740273853,0.0003260160834601174,0.15341773527494024
20_363,20,363,21955.0,0.376907310407652,0.0009565019357777271,0.0,0.007652015486221817,0.024960145752675928,0.0008198588020951948,0.012707811432475518,0.0030516966522432247,0.0007743110908676839,0.0005010248235026189,0.018036893646094284,0.0,0.0002277385561375541,0.0005010248235026189,0.0010020496470052379,0.0,0.0,0.0,0.006012297882031428,0.0,0.05620587565474835,0.0021407424276930083,0.0,0.00614894101571396,0.0004554771122751082,0.0010475973582327487,0.0003188339785925757,0.0053746299248462765,0.0,0.22801184240491915
20_364,20,364,114784.0,0.27141413437412876,0.0046696403679955395,0.0012283942012824088,0.011247212155004183,0.020246724282129914,0.0001481042654028436,0.005671522163367717,0.0008886255924170616,0.0002526484527460273,0.0013503624198494563,0.03600676052411486,0.0012371062168943408,0.000723097295790354,0.0004007527181488709,0.0008189294675216058,0.00035719264008921106,0.0002526484527460273,0.0,0.001515890716476164,0.0002526484527460273,0.03023940618901589,0.0035196543072205187,0.0035370783384443827,5.227209367159186e-05,0.00035719264008921106,0.0029446612768330082,0.0016901310287148034,0.011918037357122943,0.00034848062447727905,0.12953896013381655
20_365,20,365,10858.0,0.3078835881377786,0.004052311659605821,0.0001841959845275373,0.007183643396573955,0.06990237612820041,0.0,0.0012893718916927612,0.0,9.209799226376865e-05,0.0026708417756492906,0.020169460305765333,0.0002762939767913059,0.0002762939767913059,0.0,9.209799226376865e-05,0.0,0.0,0.0,0.0013814698839565297,0.0008288819303739178,0.02514275188800884,0.0011972738994289924,0.0001841959845275373,0.0,0.0006446859458463806,0.0011972738994289924,0.00046048996131884323,0.009209799226376865,0.0001841959845275373,0.1612635844538589
20_366,20,366,22126.0,0.3832595136942963,0.0003163698815872729,0.0018982192895236373,0.00022597848684805208,0.04230317273795535,0.00013558709210883125,0.0015818494079363646,0.0006779354605441561,9.039139473922083e-05,0.0022597848684805205,0.020066889632107024,0.0004971526710657146,0.0007683268552833771,0.0009491096447618187,0.0015818494079363646,0.00013558709210883125,9.039139473922083e-05,0.00013558709210883125,0.0007231311579137666,0.0,0.16993582210973515,0.0016722408026755853,0.00018078278947844165,0.0,0.00221458917111091,4.519569736961041e-05,0.0,0.0050619181053963664,0.0,0.1297116514507819
20_367,20,367,12686.0,0.390509222765253,0.004729623206684534,0.0,0.002758946870565978,0.049582216616742864,0.0,0.005044931420463503,0.00015765410688948448,0.0035472174050134005,0.00015765410688948448,0.019864417468075043,0.00023648116033422672,0.004414314992905565,0.001970676336118556,0.0,0.0,0.00047296232066845344,0.0018130222292290713,0.0003941352672237112,0.0,0.0375216774396973,0.0005517893741131956,0.00031530821377896896,0.057937884281885545,0.00031530821377896896,0.011351095696042882,0.01663250827684061,0.03137316727100741,0.00031530821377896896,0.1390509222765253
20_368,20,368,43603.0,0.24654266908240258,0.002247551773960507,0.0007109602550283237,0.004334564135495264,0.031213448615920923,0.0005733550443776805,0.006375708093479806,0.007751760199986239,0.011329495676902966,0.0036236038804669402,0.019792216131917527,0.00041281563195192994,0.0002522762195261794,0.0008944338692291815,0.0013301837029562186,0.00018347361420085773,0.001582459922482398,0.0010320390798798248,0.0027979726165630807,0.0,0.06728894800816458,0.010503864412999105,0.0,0.0010091048781047177,6.880260532532166e-05,0.0010091048781047177,2.2934201775107217e-05,0.004472169346145908,0.0,0.06572942228745729
20_369,20,369,37433.0,0.5250447466139503,0.000614431116928913,0.0004007159458232041,0.0003740015494349905,0.019875510912830924,0.00010685758555285444,0.004060588251008469,0.00739988779953517,0.0006678599097053402,0.0018967221435631661,0.011246760879437928,2.671439638821361e-05,0.0003472871530467769,0.0004007159458232041,0.003419442737691342,0.00042743034221141775,0.005155878502925227,0.0002938583602703497,0.009884326663639035,0.0,0.0512382122725937,0.09275238425987765,0.019287794192290226,0.028397403360671064,0.00042743034221141775,0.000881575080811049,0.014265487671306067,0.003339299548526701,0.0,0.24785616968984586
21_370,21,370,141299.0,0.20331354078938985,0.001019115492678646,0.0,0.0005166349372607025,0.05080715362458333,4.246314552827692e-05,0.004890338926673225,0.002505325586168338,0.0015852907663890048,0.0006723331375310512,0.020601702772135685,0.0002123157276413846,0.0007784910013517434,0.0011465049292634767,0.0021656204219421228,8.492629105655384e-05,8.492629105655384e-05,2.123157276413846e-05,0.0003043192096193179,2.123157276413846e-05,0.044897699205231456,0.00011323505474207178,0.0042038514072994144,0.0,7.077190921379486e-06,0.0002901648277765589,0.0,0.0038216830975449224,7.077190921379486e-06,0.062512827408545
21_371,21,371,58205.0,0.3241130487071558,0.001855510694957478,0.0003607937462417318,0.0005154196374881882,0.02238639292157031,3.436130916587922e-05,0.001408813675801048,0.000532600292071128,0.14091572888927067,0.0004466970191564299,0.014741001632162186,0.000790310110815222,0.00022334850957821494,0.0010308392749763765,0.0011167425478910747,0.0009792973112275577,0.0001374452366635169,0.0,0.0001889872004123357,5.154196374881883e-05,0.05891246456489992,0.010188128167683188,0.00022334850957821494,0.0016493428399622025,0.0,0.00012026458208057727,1.718065458293961e-05,0.0002748904733270338,1.718065458293961e-05,0.06499441628726055
21_372,21,372,126224.0,0.3895138800861959,0.0004595005704145012,0.0006021041957155533,0.0017667004690074789,0.02139846621878565,0.0002614399797185955,0.0012913550513373052,0.0006813284319939156,0.2668906071745468,0.0006100266193433896,0.012850171124350362,0.0006654835847382431,0.0003089745214856129,0.010766573710229434,0.001774622892635315,0.00015052604892888831,7.922423627836228e-06,0.0,0.00041988845227532005,0.0,0.015424958803397136,0.004713842058562555,0.004785143871213081,2.3767270883508683e-05,3.168969451134491e-05,0.00020598301432374192,1.5844847255672456e-05,0.0002852072506021042,3.168969451134491e-05,0.04309006211180124
21_373,21,373,40806.0,0.1759055040925354,0.0,0.000882223202470225,0.0014213596039798068,0.012865755036024114,2.450620006861736e-05,0.0005881488016468167,0.0001225310003430868,0.09728961427241092,0.0013233348037053375,0.011640445032593247,2.450620006861736e-05,0.0003185806008920257,0.005244326814684115,0.00029407440082340834,0.0,0.0,0.0,0.0,0.00014703720041170417,0.015806499044258196,0.0017154340048032152,0.0,0.0,4.901240013723472e-05,7.351860020585208e-05,2.450620006861736e-05,0.0001225310003430868,0.0004411116012351125,0.025486448071362054
21_374,21,374,169597.0,0.3175940612157055,0.002535422206760733,0.0001886825828287057,0.0008667606148693667,0.015236118563417986,0.0007960046463086021,0.0031899149159478057,0.005448209579178877,0.0013207780798009398,0.001438704694068881,0.02132702819035714,0.00056015141777272,0.00023585322853588212,0.0006544927091870729,0.0023703249467856152,0.00040684681922439664,8.254862998755874e-05,6.485963784736759e-05,0.003791340648714305,0.0,0.03182249686020389,0.1616773881613472,0.0062560068869142735,3.537798428038232e-05,0.0,5.3066976420573474e-05,0.0001886825828287057,0.0028361350731439827,4.7170645707176425e-05,0.05416369393326533
21_375,21,375,136451.0,0.3440429165048259,0.0038255490982110796,9.527229554931807e-05,0.0011432675465918168,0.022007900271892474,0.0,0.00556243633245634,0.027878139405354302,0.00024917369605206266,0.0009527229554931807,0.013030318575899041,0.0001685586767411012,0.0004617042015082337,0.001238539842141135,0.00041773237279316383,0.0005203333064616602,2.198591435753494e-05,0.0002198591435753494,0.0004397182871506988,0.0,0.03940608716682179,0.01693648269342108,0.0040234223274288935,0.00013924412426438796,2.9314552476713254e-05,2.9314552476713254e-05,0.00014657276238356625,0.0007548497262753663,7.3286381191783135e-06,0.20433708803892972
21_376,21,376,326095.2193784278,0.6504280960992737,0.00305741442205576,8.893107987071104e-05,0.0005213201233800303,0.01425360640252198,0.00014719627013083208,0.0014413724953375375,0.0024042814291100638,0.00150592223079939,0.21887489710178473,0.008569512774235115,0.00034350841939847934,0.00039254861489548777,0.0003986565649376702,0.0008065128967585174,6.133177922118003e-06,3.0665889610590014e-06,3.066588961059001e-05,0.000444731082993362,0.0,0.0186460465935957,0.00100948800942693,0.0004998540006526173,5.238429113735888e-05,2.4734534727956698e-05,0.0005673189577959153,0.0,0.0009659755227335855,3.679906753270802e-05,0.3753352175569674
21_377,21,377,168227.0,0.24439596497589566,0.0030018962473324735,9.510958407390015e-05,0.0016168629292563025,0.017512052167606866,5.9443490046187596e-06,0.012607964238796388,0.004523649592514876,0.0013255898280299834,0.0012304802439560831,0.01858797933744286,0.0009451514917343827,0.0007727653706004387,0.0022826300177736037,0.0017595273053671527,1.1888698009237519e-05,0.0,0.0001010539330785189,0.0005409357594203071,5.349914104156883e-05,0.02806327165080516,0.00033288354425865054,0.0009510958407390014,1.1888698009237519e-05,0.016834396381080325,1.783304701385628e-05,0.00030316179923555673,0.010075671562828797,0.00017833047013856277,0.12065245174674695
21_378,21,378,80903.0,0.11461874096139817,0.0009270360802442431,0.00011124432962930917,0.0011371642584329382,0.030110131886333016,6.18024053496162e-05,0.0038688305748859745,0.0016933859065794842,0.0020889213008170276,0.0010382804098735523,0.020506038095002656,0.0003213725078180043,0.00034609346995785075,0.0009888384855938593,0.002336130922215493,4.944192427969297e-05,2.4720962139846483e-05,0.0002595701024683881,0.0002472096213984648,0.0,0.010358083136595676,0.00022248865925861833,0.000358453951027774,0.0,0.0002101281781886951,2.4720962139846483e-05,0.0001483257728390789,0.0040418773098649,6.18024053496162e-05,0.03307664734311459
21_379,21,379,78948.0,0.1383062268835183,0.0013679890560875513,0.00022799817601459188,0.002634645589501951,0.027334447991082738,3.799969600243198e-05,0.005965952272381821,0.0015706541014338551,0.002001317322794751,0.0015326544054314233,0.015719207579672698,0.00032933069868774386,0.0002153316106804479,0.0032933069868774385,0.0013933221867558393,0.0,0.0,0.0,0.0009119927040583675,0.0,0.01677053250240665,5.0666261336575975e-05,0.00017733191467801592,0.0,2.5333130668287987e-05,0.0009246592693925115,5.0666261336575975e-05,0.005978618837715965,6.333282667071997e-05,0.04972893550184932
21_380,21,380,87830.0,0.14973243766366845,0.0036661732893088924,0.0002049413639986337,0.003108277353979278,0.018353637709210977,5.692815666628714e-05,0.017283388363884777,0.004144369805305704,0.0006148240919959012,0.001377661391324149,0.016361152225890924,0.0006148240919959012,0.00010247068199931686,0.0016167596493225549,0.0011044062393259706,7.9699419332802e-05,2.2771262666514857e-05,0.00025048388933166345,0.0008994648753273369,0.0,0.012501423203916657,1.1385631333257428e-05,0.00029602641466469317,1.1385631333257428e-05,0.0,0.00012524194466583173,0.00017078446999886144,0.011693043379255379,0.00045542525333029714,0.05460548787430263
21_381,21,381,234544.0,0.167606078177229,0.005073674875503104,8.100825431475545e-05,0.00329575687291084,0.010113241012347363,0.0003538781635855106,0.01777918002592264,0.003969404461423016,0.01377566682584078,0.003969404461423016,0.018205539259158195,0.0009038815744593765,0.0005841121495327102,0.0011085340064124428,0.010710143938877141,0.0001534893239647998,0.00016628010096186643,0.00026860631693839963,0.0015178388703185755,4.2635923323555496e-06,0.017207858653386997,0.0017907087795893308,0.0018248175182481751,2.9845146326488845e-05,0.00010232621597653319,0.0005329490415444437,0.00023449757827955522,0.009772153625758919,0.0001534893239647998,0.043923528207926874
21_382,21,382,107124.70441408303,0.16824317134480352,0.0037899754517000625,0.0001306888086793125,0.006403751625286312,0.03129063476378968,0.0,0.0043220656013229775,0.0026417809183032458,0.0026511158332089106,0.0019136575556613616,0.014553132337932014,0.0007001186179248883,8.40142341509866e-05,0.0015962704488687455,0.001577600619057415,0.0017082894277367278,9.334914905665179e-06,3.7339659622660715e-05,0.0009614962352835134,0.0,0.023458641157936593,0.0037526357920774018,0.010660472822269633,0.0,2.8004744716995534e-05,0.0024364127903786117,0.00020536812792463393,0.0059836804545313795,9.334914905665179e-06,0.04733735348662812
21_383,21,383,72324.0,0.1940296443780764,0.009733974890769315,0.00016592002654720425,0.0011337868480725624,0.026643990929705215,0.001064653503677894,0.01252696200431392,0.0027100271002710027,0.0038576406172224987,0.0021846136828715225,0.015831535866379073,0.0005392400862784139,0.00017974669542613792,0.0005668934240362812,0.00221226702062939,1.3826668878933687e-05,0.0,5.530667551573475e-05,0.0003318400530944085,0.0,0.015928322548531607,0.0057518942536364135,0.007742934572202865,0.0,0.00012444001991040318,9.678668215253581e-05,0.00027653337757867376,0.007328134505834854,0.00031801338421547483,0.0767103589403241
21_384,21,384,92310.0,0.2669916585418698,0.0013974650633734158,0.000964142563102589,0.001993283501245802,0.017181237135738273,0.00037915718773697324,0.007550644567219153,0.0027515978767197486,0.11733290001083306,0.0035965767522478606,0.017690391073556494,0.0004549886252843679,0.0005958184378723865,0.0015707940634817463,0.0010724731881702958,7.583143754739465e-05,3.249918752031199e-05,2.1666125013541327e-05,0.0010074748131296718,0.0,0.01568627450980392,0.0004549886252843679,9.749756256093598e-05,1.0833062506770663e-05,0.00014082981258801863,0.0006716498754197811,0.00012999675008124796,0.007572310692232694,4.3332250027082654e-05,0.06651500379157188
21_385,21,385,69921.0,0.26348307375466595,0.001401581785157535,0.0,0.002660145020809199,0.01784871497833269,4.2905564851761274e-05,0.004390669469830237,0.001086940976244619,0.002002259693082193,0.0038185952718067535,0.012657141631269575,7.150927475293546e-05,0.00011441483960469673,0.0007007908925787675,0.0009296205717881609,0.0,2.8603709901174182e-05,7.150927475293546e-05,0.0009153187168375738,0.0,0.02778850416899072,0.0,0.0034038414782397277,0.0,4.2905564851761274e-05,0.00028603709901174184,0.0,0.00560632714063014,0.0,0.17761473663134109
21_386,21,386,197576.0,0.13482406770053043,0.006200145766692311,6.57974652791837e-05,0.001968862614892497,0.011200753127910272,0.0005314410657164838,0.009287565291330931,0.0030064380289103938,0.0005719318135805968,0.0012805199012025752,0.018802891039397498,0.0005263797222334696,0.0002783738915657772,0.0014526055796250557,0.0069289792282463455,0.0,0.0,5.0613434830141315e-06,0.0007996922703162328,0.0001315949305583674,0.023039235534680326,0.0031127262420536906,0.0004960116613353849,0.0,1.0122686966028263e-05,0.0006731586832408794,5.0613434830141315e-06,0.0038010689557436126,1.0122686966028263e-05,0.04063752682512046
21_387,21,387,126239.0,0.1458265670672296,0.0021625646590990107,2.376444680328583e-05,0.004713281949318356,0.01997005679702786,7.921482267761944e-06,0.00909386164339071,0.0016239038648911985,0.0007208548863663368,0.010741529955085196,0.01576374971284627,0.0003960741133880972,0.0006654045104920032,0.001283280127377435,0.0014417097727326736,2.376444680328583e-05,0.00034062373751376357,0.0001663511276230008,0.0004911319006012405,0.0,0.018274859591726804,3.1685929071047775e-05,8.713630494538138e-05,1.5842964535523888e-05,6.337185814209555e-05,8.713630494538138e-05,0.0020516639073503433,0.0067332599275976525,0.0003089378084427158,0.04854284333684519
21_388,21,388,269474.0,0.21896732152267012,0.0018146463109613544,0.0003042965184025175,0.0008646474242412997,0.024648017990603916,4.0820264663752345e-05,0.00923280168031053,0.002475192411883892,0.0006939444992837899,0.0006753898335275389,0.01895915746973734,0.0003710933151250213,0.00037480424827627157,0.0005529290395362818,0.001109569012223814,0.0,7.421866302500427e-06,0.00018554665756251066,0.003183980643772683,3.7109331512502135e-06,0.05881829044731588,0.00011874986084000683,0.005232415743262801,2.226559890750128e-05,7.421866302500427e-06,0.00015957012550375918,2.226559890750128e-05,0.0029761683873026712,6.308586357125363e-05,0.08604911791118995
21_389,21,389,42431.0,0.1433621644552332,0.0010134100068346257,0.0,0.0007305979119040325,0.029436025547359242,0.0,0.016544507553439704,0.0023096321085998447,9.427069831019773e-05,0.0022624967594447455,0.024816761330159552,0.0004477858169734392,0.0002121090711979449,7.07030237326483e-05,0.0015554665221182626,0.0,0.0001414060474652966,0.0003535151186632415,0.0002828120949305932,0.0,0.01077042728194009,0.001366925125497867,0.0008013009356366808,7.07030237326483e-05,4.7135349155098865e-05,0.00018854139662039546,4.7135349155098865e-05,0.0012962221017652187,0.0,0.04850227428059673
21_390,21,390,58940.0,0.27270105191720395,0.0024940617577197148,0.001340346114692908,0.000661689854088904,0.013369528333898881,0.0,0.013573125212080081,0.0007974211062097047,0.00032236172378690195,0.00045809297590770274,0.012012215812690873,0.0003732609433322022,0.00025449609772650153,0.001832371903630811,0.0006277570410587038,0.0,1.6966406515100102e-05,0.0,0.0004071937563624024,0.0,0.029385816084153377,0.0009161859518154055,0.0012894468951476078,0.0,0.0,5.08992195453003e-05,1.6966406515100102e-05,0.0023922633186291144,1.6966406515100102e-05,0.19009161859518153
21_391,21,391,27058.0,0.1672703082267721,0.000850025870352576,0.0007021952842043019,0.0005174070515189592,0.031820533668415994,0.0,0.010200310444230911,0.004139256412151674,0.0006282799911301648,0.0011826446891861925,0.014043905684086037,0.0010717717495749872,7.391529307413703e-05,0.00014783058614827407,0.0012935176287973982,0.0,0.0,3.695764653706852e-05,0.0,0.0,0.026018183162096236,0.0002587035257594796,0.000850025870352576,0.0,0.0,0.0,3.695764653706852e-05,0.00011087293961120556,0.0,0.07328701308300688
21_392,21,392,64261.0,0.16350508084219045,0.0009181307480431366,4.668461430727813e-05,0.0008091999813261543,0.035200199187687714,1.5561538102426044e-05,0.00342353838253373,0.002054123029520238,0.0002801076858436688,0.002131930720032368,0.0145189150495635,0.000700269214609172,0.0006380230621994678,0.00017117691912668648,0.0016028384245498825,1.5561538102426044e-05,0.0,0.001073746129067397,0.00018673845722911252,0.0,0.0436189913011002,0.00031123076204852087,0.004263861440064736,1.5561538102426044e-05,9.336922861455626e-05,0.00037347691445822504,0.0,0.0003267923001509469,1.5561538102426044e-05,0.05069949113770405
21_393,21,393,167042.0,0.23164832796542184,0.004436010105242993,5.986518360651812e-06,0.001622346475736641,0.01516385100753104,0.027298523724572265,0.009883741813436141,0.005812909328192909,0.00034123154655715327,0.014840579016055842,0.0209827468540846,0.0003472180649178051,0.0015684678104907748,0.0008321260521306019,0.0017600363980316328,1.7959555081955435e-05,2.993259180325906e-05,0.0001855820691802062,0.000317285473114546,0.0,0.08121310808060249,0.0002993259180325906,0.0006225979095077884,1.7959555081955435e-05,2.3946073442607248e-05,0.00016762251409825073,5.986518360651812e-06,0.0020593623160642233,6.585170196716993e-05,0.04172603297374313
21_394,21,394,34607.0,0.23593492645996472,0.007744098014852487,0.0,0.0001733753286907273,0.0418123501025804,0.0,0.01964920391828243,0.00592365706359985,0.0005201259860721819,0.0001733753286907273,0.03372150143034646,0.0005779177623024244,0.0002889588811512122,0.00026006299303609094,0.00236946282543994,2.889588811512122e-05,0.00011558355246048488,0.00011558355246048488,0.0005490218741873032,0.0,0.03603317247955616,0.0,0.0015025861819863034,0.0010980437483746064,0.0001444794405756061,0.0005779177623024244,0.0001733753286907273,0.003583090126275031,0.0,0.07879908688993556
21_395,21,395,87379.22554323121,0.24218110134813697,0.0018310988567967954,0.0005035521856191187,0.0007438839105736981,0.055238092746860895,6.866620712987983e-05,0.0026894264459202933,0.00756472715214176,0.0005607740248940186,0.0033646441493641113,0.024516360438276284,0.00016022114996971958,0.0008125501177035779,0.0004348859784892389,0.0024160238638553672,0.0,0.0,4.5777471419919884e-05,4.5777471419919884e-05,0.0,0.06271271254019575,0.00018310988567967954,0.00024033172495457937,0.0,3.433310356493991e-05,9.155494283983977e-05,2.2888735709959942e-05,0.001876876328216715,0.0,0.07602283191654095
21_396,21,396,54064.0,0.17858464042616157,0.004642645753181415,0.0001479727730097662,0.0004809115122817402,0.025118378218407813,7.39863865048831e-05,0.014834270494229062,0.0029409588635691034,0.0035698431488606097,0.0003884285291506363,0.026616602545131696,0.0003884285291506363,0.0003144421426457532,0.00025895235276709083,0.0016277005031074283,0.0007953536549274934,0.0,0.0,0.00020346256288842853,0.0,0.02767090855282628,0.0,0.0005918910920390648,0.0,0.0,0.0005733944954128441,0.0,0.0019051494525007399,3.699319325244155e-05,0.06540396567031666
21_397,21,397,63686.0,0.24185849323242156,0.00043965706748735987,0.00010991426687183997,0.0008479100587256226,0.03331972490029206,7.851019062274283e-05,0.022061363564990735,0.0010991426687183997,0.0,0.009609647332223723,0.018654021291963696,7.851019062274283e-05,0.0003925509531137142,0.0005024652199855541,0.0025123260999277705,0.0005338692962346513,4.71061143736457e-05,1.5702038124548565e-05,0.0002669346481173256,0.0,0.038391483214521245,0.004773419589862764,0.000942122287472914,4.71061143736457e-05,0.0,0.0003140407624909713,0.0,0.001491693621832114,6.280815249819426e-05,0.10526646358697359
21_398,21,398,89222.0,0.2011275246015557,0.000549191903342225,0.0004483199210956939,0.0007285198717805026,0.02498262760305754,0.0,0.05021183116271771,0.004617695187285647,0.000257783954630024,0.003519311380601197,0.01160027795835108,0.0012216717849857658,4.483199210956939e-05,0.0001457039743561005,0.0006612718836161485,0.0,4.483199210956939e-05,0.00039227993095873213,0.0003586559368765551,0.0,0.020264060433525365,0.0,0.0003250319427943781,0.0,0.00043711192306830155,0.00028019995068480867,0.0,0.0028804554930398334,0.0,0.07715585842056892
21_399,21,399,21142.0,0.24051650742597672,0.0007094882224955066,0.0014189764449910132,0.000614889792829439,0.03925834831141803,4.729921483303377e-05,0.004824519912969445,0.0018919685933213508,0.09374704379907293,0.00033109450383123643,0.018257496925551037,0.00033109450383123643,0.0008040866521615741,0.0010878819411597768,0.00402043326080787,0.0,0.0,0.0,0.0,0.0,0.02194683568252767,0.0,0.0,0.0,0.0,0.0,0.0,0.001040582726326743,0.0,0.05018446693784883
22_400,22,400,18349.75138121547,0.19234728517856686,0.002469511231278067,0.0,0.00928159262699451,0.012212368331122858,0.0016348995349719463,0.006246942090533691,0.003106309116446698,0.0,0.023591028225351182,0.002016376093132067,0.00034414183581453673,0.004339559299733087,0.0024150145801123354,0.0029054844406039195,0.00016348995349719464,0.0,0.00010899330233146309,0.0026703359071208457,0.0,0.01946042293616515,0.012098256558792403,0.0,0.00021798660466292618,0.0017438928373034095,0.001198926325646094,0.001798389488469141,0.0056474789277106445,0.00010899330233146309,0.07656689162844123
22_401,22,401,56981.0,0.201681262175111,0.000579140415226128,0.000947684315824573,0.0037556378441936785,0.03678419122163528,0.0008423860585107316,0.005984450957336656,0.00045629244835997964,0.0,0.0006844386725399695,0.017918253452905354,0.0005615907056738211,0.003071199171653709,0.0025622575946368086,0.0028606026570260263,0.0002456959337322967,0.00010529825731384145,1.754970955230691e-05,0.0008423860585107316,0.0,0.038749758691493656,0.0005264912865692073,0.0,0.0033695442340429265,0.005475509380319756,0.00096523402537688,0.0005089415770169004,0.007809620750776574,3.509941910461382e-05,0.06602200733577859
22_402,22,402,32687.0,0.1998653899103619,0.0004894912350475724,0.0004894912350475724,0.0020803377489521826,0.02107871630923609,9.177960657141983e-05,0.007893046165142106,0.0002447456175237862,0.0,0.00033652522409520605,0.01596965154342705,0.0,0.0019579649401902897,0.00033652522409520605,0.0008566096613332518,0.0,0.0,0.0005200844372380457,0.0059044880227613426,0.0,0.04555327806161471,0.03564108055190137,0.0,0.0,0.0,0.0,0.0,0.0026922017927616484,9.177960657141983e-05,0.05763759292685165
22_403,22,403,132916.98984771574,0.11679005749328714,0.00015046985357488303,0.00043636257536716074,0.0006196106334481314,0.019198229296077854,8.275841946618566e-05,0.0020162960379034324,0.001986202067188456,0.0010683359603816695,0.0005567384582270672,0.011205595837460456,8.275841946618566e-05,0.0010307184969879488,0.0008802486434130657,0.0016100274332512482,3.761746339372076e-05,4.51409560724649e-05,0.0,0.0003686511412584634,0.0,0.017240828184546465,0.01670967723949076,0.0017180405645447776,1.5046985357488301e-05,3.0093970714976602e-05,0.00037617463393720753,3.0093970714976602e-05,0.003882122222231982,0.0001354228682173947,0.03527679516059271
22_404,22,404,123930.0,0.08094085370773824,4.0345356249495684e-05,0.00018558863874768014,4.841442749939482e-05,0.006035665294924554,8.87597837488905e-05,0.0004922133462438473,8.87597837488905e-05,8.87597837488905e-05,0.00036310820624546115,1.6138142499798274e-05,0.0,9.682885499878964e-05,0.000532558702493343,0.0010570483337367868,0.0,0.0,0.0,5.6483498749293954e-05,0.0,0.006229323004922133,0.0039377067699507785,0.040514806745743565,0.0,0.0002420721374969741,0.0,0.00029855563624626806,0.001952715242475591,2.420721374969741e-05,0.018550794803518116
22_405,22,405,58340.0,0.18702434007541996,0.0,1.7140898183064794e-05,0.00020569077819677752,0.00010284538909838876,0.00034281796366129587,0.03940692492286596,0.0021597531710661638,0.00017140898183064793,0.030887898525882758,0.0,0.000994172094617758,0.002091189578333905,0.00490229688035653,0.002331162152896812,5.142269454919438e-05,0.0,0.00015426808364758313,8.570449091532397e-05,0.0006856359273225917,0.0387555707919095,0.0010627356873500172,0.0,8.570449091532397e-05,0.0007027768255056565,0.0011484401782653412,5.142269454919438e-05,0.008501885498800137,0.00034281796366129587,0.051782653411038736
22_406,22,406,108700.0,0.2032842686292548,0.0005979760809567618,0.002594296228150874,0.0009015639374425023,0.031168353265869364,0.0005703771849126035,0.006973321067157314,0.001766329346826127,0.0014259429622815087,0.0017019319227230911,0.028831646734130634,0.0005243790248390065,0.0017387304507819688,0.004498620055197792,0.000827966881324747,0.0012051517939282428,0.0,0.0001839926402943882,0.0037442502299908005,0.0,0.04787488500459981,0.003965041398344066,0.00013799448022079117,0.00027598896044158235,0.00028518859245630176,0.0008647654093836246,5.5197792088316466e-05,0.006126954921803128,0.00019319227230910763,0.05425022999080037
22_407,22,407,6505.452444653515,0.1508060601847461,0.0022459262589262343,0.0,0.0,0.014544356076469379,0.0,0.0,0.0004611516301937677,0.0013834548905813033,0.0,0.036423806550798125,0.0004611516301937677,0.0004755955252740731,0.0031898953619342277,0.012320095660163602,0.0,0.0,0.0,0.00016093915760474195,0.0,0.011776393282930767,0.0,0.0,0.0,0.0,0.0003218783152094839,0.0,0.009915286555354008,0.0,0.057126129289112614
22_408,22,408,33867.36611053694,0.26053805033131305,0.002385137813326357,0.0,0.017106951518949448,0.02505672403196291,0.001948778649765322,0.02784038483692588,0.004157232860394311,0.033750885481514045,0.006172714892410853,0.0,0.0014172935634656886,0.000856281527927187,0.004704198560417143,0.013017708095734078,0.0003032488456182056,0.00012560905744915188,0.0,0.0028936410254091142,0.0,0.04320781846063753,0.0006495928832551073,0.0,0.00011810779695547405,0.00010358336870396115,0.0,0.0004429042385830277,0.008941076729826853,5.9053898477737026e-05,0.06527912219360363
22_409,22,409,209702.0,0.3083613890187027,0.0006723827145186979,6.199273254427712e-05,0.0005960839667718954,0.02107752906505422,0.000438717799544115,0.004029527615378012,0.007753860239768815,0.0030757932685429802,0.001993304784885218,0.029141352967544422,0.0013733774594424468,0.002398641882290107,0.0033523762291251397,0.0030090318642645277,0.013514415694652412,0.00039579975393653854,4.768671734175163e-05,0.0018883940067333646,1.4306015202525489e-05,0.05448684323468541,0.02681424116126694,0.0023080371193407788,0.01448245605668997,0.00012398546508855424,0.00025273960191128365,0.0007820621644047267,0.008273645458793907,0.0003338070213922614,0.10566899695758743
22_410,22,410,237701.37873708562,0.25430433533949637,0.0010433258793770203,0.0023937597796996955,0.0010601537161411658,0.03144467090456074,0.0005931812459361285,0.005372078390554087,0.0018731161465775172,0.004127026966406681,0.0081597772713725,0.02800411033298631,0.002372724983744514,0.0019743704270354006,0.006382323116148838,0.0032662729220302275,0.00023558971469803683,4.627655110140009e-05,0.0002440036330801096,0.0038371683936150158,3.786263271932735e-05,0.05113917959174747,0.03279702292227262,0.00014724357168627303,0.004581230269273558,0.00018931316359663673,0.0002229688371249277,0.0022675510039686046,0.006960872665400785,0.00016407140845041852,0.05336708889819034
22_411,22,411,44847.59935198455,0.2930860485850153,0.004519174402349568,0.0,0.0028623534416282116,0.023099022286514347,0.0010945286776094516,0.014396594198357376,0.005201676346381893,0.004857041603426875,0.0517113974138698,0.014201747067263982,0.0009156618927852921,0.003924886692856669,0.001386338803497651,0.004900660362870677,0.000200679637930313,4.4595475095625116e-05,0.0,0.0013189607064125544,2.2297737547812558e-05,0.07902756666972814,0.004107632553214101,0.0,0.0030140736444879673,0.0008473140268168771,0.0018385970521954704,0.00281581842876595,0.009706311162250195,0.00013572596305351167,0.05693539233810502
22_412,22,412,45830.0,0.283722452542003,0.00026183722452542,0.0046694305040366575,0.0015928431158629718,0.042046694305040364,0.002771110626227362,0.005236744490508401,0.0025965524765437487,0.055356753218415884,0.0008509709797076151,0.0444250490944796,0.0005454942177612917,0.0008073314422867118,0.005716779402138337,0.0031856862317259436,0.0019419594152301986,4.363953742090334e-05,0.0006982325987344534,0.002421994326860135,4.363953742090334e-05,0.03945014182849662,0.00235653502072878,0.0004145756054985817,0.0,0.00024001745581496837,0.00030547676194632336,4.363953742090334e-05,0.008793366790312023,0.0,0.056905956796857955
22_413,22,413,32970.0,0.2848043676069154,0.002426448286320898,6.066120715802245e-05,0.00545950864422202,0.040006066120715805,0.0004246284501061571,0.003942978465271459,0.004549590536851683,0.07455262359720959,0.03800424628450106,0.0002426448286320898,6.066120715802245e-05,0.000272975432211101,0.0009402487109493479,0.002608431907794965,0.0017591750075826508,0.0003942978465271459,0.0,0.016803154382772217,0.0,0.037670609645131935,0.002153472854109797,0.0,0.0,0.0001213224143160449,0.0007279344858962694,0.001364877161055505,0.0034273582044282683,0.00015165301789505612,0.04667879890809827
22_414,22,414,87216.08756755521,0.13749106303389524,0.0007730927651265011,0.0001646087548258674,0.0003193476499465653,0.013786704339096305,0.0002894862773329572,0.0022751647819447347,0.00019696212323596518,2.2931549164606294e-05,0.014216634793784532,0.00010319197124072833,0.00014780907167169608,0.00030628596048712847,0.002952695233237287,0.003253899078650647,6.879464749381888e-05,0.0,1.1465774582303147e-05,0.00043196144043278504,6.879464749381888e-05,0.02489783786678662,0.006861768985308361,2.7019459838229624e-05,0.02250935946039789,0.00037009661638796805,8.105837951468886e-05,0.0,0.006255538146898371,0.0001154557032615983,0.03698309755575327
22_415,22,415,5905.0,0.3300592718035563,0.00033869602032176124,0.0,0.000846740050804403,0.01913632514817951,0.00016934801016088062,0.00270956816257409,0.000846740050804403,0.0005080440304826418,0.012362404741744284,0.0,0.000846740050804403,0.0,0.0020321761219305673,0.0,0.1720575783234547,0.0,0.0,0.0005080440304826418,0.0,0.042675698560541916,0.021845893310753598,0.0,0.001693480101608806,0.0011854360711261642,0.00016934801016088062,0.000846740050804403,0.000846740050804403,0.0,0.04843353090601185
22_416,22,416,15492.9324023002,0.09410299536772551,0.0049045384345934445,0.0004518189209268561,0.0026463679654287284,0.008017890232506954,6.454556013240801e-05,0.0020654579242370564,0.0007242419375448494,0.0,0.017107535213519265,0.0009681834019861201,0.0,0.0002724230166179934,0.0005163644810592641,0.002659684606047526,0.0,0.00025818224052963205,0.0,0.0,0.0,0.017770928132809963,0.0009681834019861201,0.0,0.0004518189209268561,0.00019363668039722404,0.00019363668039722404,0.0,0.0020578754684580937,0.0,0.031809682147619936
22_417,22,417,4933.0,0.07054530711534562,0.0014190147982971822,0.0,0.0,0.008514088789783093,0.0,0.0,0.0008108655990269613,0.0,0.013379282383944861,0.0,0.0,0.000608149199270221,0.0010135819987837015,0.000608149199270221,0.0,0.0,0.0,0.0,0.0,0.00628420839245895,0.0,0.0,0.0,0.00020271639975674033,0.00040543279951348065,0.0,0.004257044394891546,0.0,0.03304277316034867
23_418,23,418,13741.0,0.3684593552143221,0.002910996288479732,0.009387963030347137,0.0024743468452077724,0.009169638308711156,7.27749072119933e-05,0.06418746816097809,0.006986391092351357,0.038643475729568444,0.0315115348227931,0.04424714358489193,0.0018193726802998326,0.00043664944327195983,0.003857070082235645,0.000727749072119933,0.0,0.0,0.0,0.0024743468452077724,0.0,0.022632996142929917,0.0008005239793319264,0.0,7.27749072119933e-05,0.00021832472163597991,0.005021468597627538,0.012371734226038862,0.006476966741867404,0.0,0.10195764500400262
23_419,23,419,53538.0,0.19903619858791882,0.0020546154133512643,0.01359781837199746,0.001158055960252531,0.03061376965893384,7.47132877582278e-05,0.004875042026224364,0.0027643916470544284,0.000392244760730696,0.0021853636669281634,0.03193993051664239,0.014662482722552207,0.0011020209944338601,0.0042773357241585415,0.002521573461840188,0.0,1.867832193955695e-05,0.0,0.0009525944189174044,0.0,0.03410661586163099,0.0,0.0,0.001568979042922784,0.00028017482909335425,0.0012140909260712018,0.0004109230826702529,0.00618252456199335,5.603496581867085e-05,0.04202622436400314
23_420,23,420,51875.013935701325,0.35154698097641157,0.0017734934994722755,0.009178670015194963,0.023429428531036186,0.03458761390013839,0.00042409627161293543,0.013156454290727641,0.002875731974370024,0.000134939722785934,0.0003855420651026686,0.02510069640659639,0.005880377390154482,9.638551627566715e-05,0.00456144893095449,0.0022447529509833355,0.0,0.0,0.000269879445571868,0.010756623616364454,0.0,0.035435620269629174,0.0,0.0,0.00015421682604106743,0.0,0.0,0.00337349306964835,0.008527029455677414,1.927710325513343e-05,0.1691812097248188
23_421,23,421,140800.0,0.22360085227272727,0.0010298295454545454,0.0035795454545454546,0.01580255681818182,0.01914772727272727,0.00033380681818181816,0.01932528409090909,0.0016690340909090908,0.01622869318181818,0.011732954545454545,0.034083806818181815,0.0013423295454545454,0.002578125,0.0009872159090909092,0.010085227272727273,0.0,0.0,0.0005965909090909091,0.0018323863636363637,0.0,0.023238636363636364,7.8125e-05,5.681818181818182e-05,0.0010298295454545454,4.261363636363637e-05,0.00037642045454545453,0.0001846590909090909,0.0035866477272727274,0.0,0.054651988636363634
23_422,23,422,28778.0,0.2786156091458753,0.000799221627632219,0.012474807144346376,0.005559802627006742,0.038188894294252554,0.000799221627632219,0.014698728195149072,0.0028146500799221628,0.030822155813468623,0.0035096254082980054,0.039370352352491485,0.00017374383209396068,0.0002084925985127528,0.002362916116477865,0.0028493988463409547,0.0,0.0,0.005976787824032247,0.00027799013135033706,0.0,0.04301897282646466,0.0,0.0,0.0,0.0,0.0,0.004482590868024185,0.008756689137535618,0.0,0.061470567794843285
23_423,23,423,44119.67458432304,0.23730909392791139,0.004170475003126618,0.005258425003942258,0.015321962511486924,0.04592055628442678,0.00011332812508496244,0.008952921881712034,0.004941106253704363,0.007570318755675491,0.0009292906256966921,0.04159142190618122,0.0007706312505777447,0.00013599375010195494,0.0020625718765463165,0.004397131253296543,0.0,0.0,4.533125003398498e-05,9.066250006796996e-05,0.0,0.03882621565410813,0.0002266562501699249,0.0,4.533125003398498e-05,0.0,0.002039906251529324,0.0004306468753228573,0.004805112503602408,0.00031731875023789484,0.04834577816124498
23_424,23,424,47861.0,0.3289525918806544,0.0013998871732726018,0.0029042435385804727,0.0008148596978750966,0.04208019055180627,8.357535362821503e-05,0.006226363845302021,0.004032510812561375,0.025636739725454962,0.005808487077160945,0.04243538580472619,0.00025072606088464514,0.0020475961638912687,0.00244457909362529,0.0027997743465452037,0.0,0.0,0.0,0.0007730720210609891,0.0,0.05699839117444266,0.0,0.0,0.0,0.0,0.0017759762645995695,0.00018804454566348383,0.0007103905058398278,0.0,0.12954179812373331
23_425,23,425,87107.0,0.3511428473027427,0.0013661359018218972,0.0026059903337274848,0.0005510464141802611,0.0372530336253114,3.444040088626632e-05,0.005280861469227502,0.0016416591089120278,0.11477837602029688,0.0007117682849828372,0.0361968613314659,0.00045920534515021756,0.0014235365699656745,0.0016072187080257614,0.0017335001779420712,0.0,0.0,5.7400668143777195e-05,0.0009872914920729678,0.0,0.045507249704386556,1.1480133628755439e-05,0.0,1.1480133628755439e-05,5.7400668143777195e-05,0.0001492417371738207,0.00012628146991630984,0.005556384676317632,0.0002984834743476414,0.09273651945308643
23_426,23,426,38663.0,0.32459974652768797,0.0005690194759847917,0.0026381812068385795,0.0008276646923415152,0.04215917026614593,2.586452163567235e-05,0.002224348860667822,0.0006207485192561363,0.02545068928950159,0.0006724775625274811,0.04019346662183483,7.759356490701704e-05,0.0004138323461707576,0.00018105165144970643,0.0023536714688461836,0.0,0.0,0.00018105165144970643,0.0009052582572485322,0.0,0.06303183922613351,0.0004914259110777746,0.0,0.0,0.0001034580865426894,0.0008018001707058428,2.586452163567235e-05,0.0028709619015596308,7.759356490701704e-05,0.1377027131883196
23_427,23,427,216281.0,0.6655138454140677,0.0010125716082318836,0.00012946121018489836,0.00018494458597842622,0.016432326464183168,0.00038838363055469506,0.007790790684341204,0.0008414978662018393,0.5460581373306023,0.0015396636782703983,0.021615398486228565,0.00017107374203004426,0.0002080626592257295,0.0031348107323343243,0.0018401986304853407,1.8494458597842623e-05,2.3118073247303277e-05,0.0003421474840600885,0.002052884904360531,0.0,0.018258654250720128,9.247229298921311e-06,1.3870843948381966e-05,0.00015257928343220164,4.623614649460656e-06,2.3118073247303277e-05,0.0008692395540986032,0.007869392133382036,1.3870843948381966e-05,0.03451528335822379
23_428,23,428,117764.0,0.6242484969939883,0.0006623416324173771,0.0011718351958153596,0.0059950409293162595,0.021602527088074454,0.0003566454943785877,0.006563975408444007,0.001180326755205326,0.4878315953941782,0.0002632383410889576,0.01032573621819911,0.000568934479127747,0.0002632383410889576,0.0008406643796066709,0.0009935124486260658,1.6983118779932748e-05,1.6983118779932748e-05,0.00011039027206956286,0.0003226792568187222,0.0,0.02713902381033253,8.491559389966374e-06,3.3966237559865496e-05,0.00023776366291905845,5.094935633979824e-05,7.642403450969736e-05,0.00027172990047892397,0.0023521619510206856,1.6983118779932748e-05,0.0549743554906423
23_429,23,429,130675.0,0.44110197053759337,0.0004668069638415917,0.0022498565142529178,0.0015534723550793955,0.028934379185000955,3.826286588865506e-05,0.012006887315859957,0.002770231490338626,0.18547541610866655,0.0008953510617945284,0.025873349913908553,0.0004515018174861297,0.0007499521714176392,0.0010560550985268798,0.002632485173139468,0.0,1.5305146355462024e-05,0.00034436579299789555,0.002073847331165104,1.5305146355462024e-05,0.08392577004017601,3.826286588865506e-05,0.003742108283910465,0.00014539889037688922,0.00011478859766596518,6.12205854218481e-05,0.0002601874880428544,0.003719150564377272,0.00010713602448823417,0.08138511574516931
23_430,23,430,85297.0,0.34594417154178925,0.0009847943069510065,0.004091585870546444,0.0030481728548483536,0.03377609998006964,0.0005627396039720037,0.011923045359156828,0.001195821658440508,0.05872422242282847,0.0027668030528623516,0.035253291440496146,0.0008792806312062557,0.0014068490099300092,0.0017820087459113451,0.0013247828176840921,0.0,0.0,0.00015240864274241767,0.0008910043729556726,0.0,0.063155796804108,0.0,0.0,0.0,1.1723741749416743e-05,0.001195821658440508,0.004044690903548777,0.005533606105724703,0.0001055136757447507,0.11313410788187157
23_431,23,431,20820.0,0.28506243996157543,0.00028818443804034583,0.0,0.003073967339097022,0.03467819404418828,0.00024015369836695484,0.004899135446685879,0.0019692603266090298,0.01335254562920269,0.0005763688760806917,0.026464937560038426,9.606147934678194e-05,0.003410182516810759,0.001585014409221902,0.0013448607108549472,0.0,0.0,0.0,0.00024015369836695484,0.0,0.09063400576368875,0.0,0.0,0.012055715658021134,9.606147934678194e-05,0.00014409221902017292,0.0023054755043227667,0.008357348703170028,9.606147934678194e-05,0.07915465898174832
23_432,23,432,36403.0,0.23113479658269925,0.0007142268494354861,0.0025822047633436806,0.00464247452133066,0.019668708622915695,0.0002197621075186111,0.00623574980084059,0.0036535450374969095,0.0014009834354311457,0.00662033348899816,0.03865066065983573,0.005823695849243194,0.005027058209488229,0.0026646155536631595,0.0038733071450155207,0.0,0.0,0.0,0.0015658050160701042,0.0,0.03788149328352059,0.0002197621075186111,2.7470263439826387e-05,0.0,0.00032964316127791666,0.00010988105375930555,0.00013735131719913194,0.013405488558635277,0.00030217289783809024,0.0753784028788836
23_433,23,433,64023.431012817295,0.23822155035976708,0.002921107923104553,0.0013432582203034863,0.012715455409106001,0.04000279380626356,1.561928163143589e-05,0.006233000145021045,0.000672233626203827,6.308164257782727e-05,0.008904501820048665,0.047953159285677456,0.0012183039672519994,0.0012183039672519994,0.0040305303059755635,0.003358447808784758,9.371568978861534e-05,0.0,0.0,0.0005783668074021906,3.123856326287178e-05,0.04112556853557069,0.00010933497142005122,0.0,0.00010933497142005122,4.685784489430767e-05,7.809640815717945e-05,0.0005026884634533461,0.0002499085061029742,0.0,0.06464664238909265
23_434,23,434,71847.74300137418,0.259629105081651,0.0043998602060318845,0.0013222405608229475,0.02009984588741229,0.02622831235161798,5.5679672931042846e-05,0.02103967099793379,0.0018801343738403596,0.008281420565738164,0.0027983898415827792,0.0402996272192651,0.00200538268456264,0.0038583636365828694,0.001893096107336356,0.0027987232088619316,0.00022276339484102357,6.96107669430166e-05,0.00015311431094070508,0.00040378459692252836,8.350993015723879e-05,0.04072863770394136,0.0010583684412472894,0.0001252648952358582,0.0038419612938374588,0.0012809581715510514,0.00044539906649104083,0.0017578745907750907,0.006420107602130247,0.0,0.06607700300211698
23_435,23,435,146569.86819618678,0.24991729816961294,0.002783268409291608,0.0005935735705482706,0.010152761263028543,0.022469576989261976,0.00014327637909785843,0.007471675130735859,0.0006217739112802021,0.00034795692066622757,0.0038974205779208995,0.03796327239099956,0.0017889077991479808,0.0018731685916630908,0.0023155476804307402,0.004096985389942888,3.411342359472819e-05,8.93013025837259e-05,0.0008528355898682049,0.023504148856767725,1.3645369437891278e-05,0.04044515592258262,0.0004980559844830316,0.0,6.822684718945639e-06,0.00027290738875782554,0.0,6.155576277986889e-05,0.0033208275836163997,0.00011598564022207587,0.08418277765618422
23_436,23,436,54713.0,0.35792224882569046,0.002028768300038382,0.0007310876756895071,0.026044998446438688,0.03490943651417396,0.0013159578162411127,0.026885749273481623,0.004368248862244805,0.0006031473324438433,0.003838210297369912,0.04231169923053022,0.001644947270301391,0.0035640524189863468,0.0049348418109041725,0.0029243507027580285,0.0001462175351379014,5.483157567671303e-05,0.00034726664595251586,0.004459634821705993,1.8277191892237677e-05,0.046862720011697404,0.0002376034945990898,5.483157567671303e-05,0.000511761372982655,0.0,0.0005300385648748927,0.018752398881435855,0.007603311827170873,0.00012794034324566374,0.12210991903203992
23_437,23,437,94983.07495741057,0.32847697334762316,0.0023898994647392124,0.006116879246755429,0.008033010095136647,0.030222868541180965,0.0002961883373286355,0.006013695796068033,0.0009475372327159872,0.0038743744626609255,0.011728405302728997,0.032666144322493394,0.012433794131528677,0.006622232437537288,0.0017883218322855509,0.0033304059460786207,0.0,1.052819147462208e-05,0.00023162021244168578,0.013444500513092397,7.369734032235456e-05,0.034797663674143324,0.000526409573731104,0.0021161664863990383,0.0009580654241906093,0.0030847601020642696,0.0002210920209670637,0.00013686648917008703,0.008717342540987083,0.0,0.1376945036294012
23_438,23,438,89930.0,0.3364505726676304,0.0036695207383520517,0.002724341154231069,0.032536417213388194,0.04296675191815857,0.00023351495607694874,0.017635939063716223,0.004092071611253197,0.0002557544757033248,0.007327921716890915,0.032947848326476147,0.0042588680084510175,0.005437562548648949,0.004392305126209274,0.000989658623373735,0.0,1.1119759813188036e-05,0.0029133770710552654,0.004725897920604915,0.0,0.03961970421438897,0.00010007783831869232,2.2239519626376072e-05,0.0009118203046814189,0.014288891359946624,0.0008895807850550428,0.00062270654953853,0.005337484710330257,7.783831869231625e-05,0.10746135883464918
23_439,23,439,266576.0,0.2571686873537002,0.0012154132405017707,0.002393313726667067,0.00734124602364804,0.015807874677390314,0.001226667066802713,0.01584163615629314,0.0026896644859252146,0.003349888962247164,0.006729788127963507,0.041980523377948505,0.0033198787587779845,0.003544955284796831,0.005533131264629974,0.011572684712802353,5.62691315047116e-05,0.00012379208931036554,0.008102754936678471,0.006208360842686513,7.50255086729488e-06,0.019667937098613527,0.0037962907388512093,0.0008552907988716163,0.0001312946401776604,0.0003488686153292119,0.0008890522777744433,0.0018981453694256046,0.007131174599363784,0.00031135586099273753,0.08509393193685853
23_440,23,440,72070.0,0.2079367281809352,0.0023310670181767726,0.00285833217705009,0.0024698210073539613,0.03495212987373387,0.000360760371860691,0.01591508255862356,0.008672124323574303,0.0013320382961010129,0.0013320382961010129,0.035618149021784375,0.010753434161232136,0.0035521021229360343,0.0009990287220757598,0.003468849729429721,9.712779242403219e-05,0.0,0.0,0.0005272651588733176,0.0,0.0338698487581518,0.00011100319134175107,0.0,0.0,0.0,2.7750797835437768e-05,0.0,0.0017344248647148605,0.0,0.0469543499375607
23_441,23,441,38633.0,0.2613309864623508,0.005461651955582015,0.00025884606424559313,0.0013459995340770843,0.04770532964046282,0.0013459995340770843,0.017213263272331945,0.009629073589936065,0.0005694613413403049,0.006600574638262626,0.039422255584603834,5.176921284911863e-05,0.00020707685139647453,0.0018636916625682706,0.00339088344161727,0.0,0.0,0.0,0.003960344782957575,0.0,0.03833510211477235,0.00012942303212279657,0.008127766417311624,0.0,0.0,0.00010353842569823726,0.005979344084073202,0.0024072683974840164,0.0,0.06722232288458053
23_442,23,442,47912.62264489503,0.2712510726482127,0.003255926964303245,0.0006052684741332955,0.004583022014257471,0.03820396063510385,2.087132669425157e-05,0.007620449284510686,0.004445592585875585,0.002417052216423452,0.005587750807061637,0.048312210428265,0.0016697061355401257,0.004570820546041094,0.008420486490482066,0.0023294997535743198,0.0,0.0,0.0,0.00012522796016550944,0.0,0.055323814152941485,0.0,0.0,0.0,2.087132669425157e-05,0.00044585115042751667,6.261398008275472e-05,0.0052706592265381325,0.0,0.07795941718909692
23_443,23,443,57680.0,0.24939320388349517,0.00015603328710124827,0.00010402219140083218,0.0014909847434119278,0.04410540915395284,0.0,0.0023058252427184465,0.0004507628294036061,0.03656380027739251,0.0031553398058252425,0.03815880721220527,0.00038141470180305133,0.0006934812760055479,0.002011095700416089,0.00332871012482663,0.0,0.0,0.0,0.0028085991678224688,0.0,0.04299583911234397,0.0,0.00012135922330097087,0.0,0.0,3.467406380027739e-05,5.201109570041609e-05,0.010870319001386963,0.0004680998613037448,0.05913661581137309
23_444,23,444,146168.39309791333,0.197969658753126,0.00428511020253604,0.000540472521628397,0.009632725448769405,0.01532865265190315,0.00023944985135435312,0.011918950460850036,0.002478974180891777,0.00463164426762563,0.0014914305027213994,0.03864510965561742,0.001105331481454575,0.0031333723405798206,0.003201786583823922,0.009379592748766232,3.420712162205044e-05,6.841424324410089e-05,0.0002599741243275834,0.0018403431432663139,0.0001778770324346623,0.008933404498348943,0.00014366991081261188,0.00013682848648820177,0.00020524272973230267,0.0004446925810866558,0.0014777476540725793,0.00036259548919373474,0.015673703127223514,7.525566756851098e-05,0.06212310004518205
23_445,23,445,45857.17836555685,0.21547935680135066,0.00047985669876971404,0.00015307302262697784,0.010069056760767102,0.033338933890525856,0.001051501940873599,0.00509046698007157,0.0003951848013115377,0.005103035549237065,0.0023210998288928537,0.04722391950784872,0.0006550091817304635,0.000305508296631325,0.004405776060049295,0.0020672180081317184,0.0,2.180683669693677e-05,2.180683669693677e-05,0.0023883690892498835,2.210258567101187e-05,0.025107719661160335,0.0,0.0007879159898915618,8.722734678774708e-05,4.361367339387354e-05,0.0019998010860731515,0.00035050375870756493,0.010800050249555215,0.0025950135669354753,0.05859378559306318
23_446,23,446,43236.81589401015,0.42947987431308143,0.001392365944537099,0.006244678161820993,0.008329070657388863,0.039793868528956125,0.0003006696892728626,0.017507485682920185,0.006578178014716656,0.10707823301240717,0.002672872241554,0.03032840966519055,0.00046424506123358424,0.0022897153260010308,0.0010886704055876422,0.003035552410197574,0.0,0.0,0.03015948267783176,0.012356268158013278,0.0,0.029127607695183234,4.62568752727481e-05,0.0,0.00016189906345461834,0.0002544128140001145,6.938531290912214e-05,0.007683435007584065,0.0028938322268994613,0.00011564218818187025,0.11950763749196677
23_447,23,447,68175.13113481361,0.2564281337167988,0.0010414358242729095,0.006189985097697007,0.0029336226299565183,0.025185159342047164,8.800880679326269e-05,0.08506036170856955,0.0014668226152516565,0.0002200215789880638,0.00039604059415888654,0.03144848373968726,0.0007187383844139353,0.000748073368559417,0.001804187284386316,0.002801621596030208,0.00035203452638090207,0.0,0.0,0.00016134915792458013,0.0,0.03200582741468696,0.0,2.933621053174184e-05,7.33405263293546e-05,0.00033736642111503116,8.800898199129985e-05,0.0009974311580792225,0.00398974320330883,0.0,0.058291133545638696
23_448,23,448,25070.0,0.27267650578380537,0.0007179896290386916,0.0005983246908655763,0.0012764260071798962,0.03581970482648584,7.977662544874351e-05,0.008934982050259273,0.000997207818109294,0.0009174311926605505,0.005943358595931392,0.04878340646190666,0.0010370961308336657,0.004627044276027124,0.012285600319106502,0.001994415636218588,0.0,0.0,0.0,0.0017949740725967292,0.0,0.03944954128440367,0.0016354208216992421,0.0,0.0,0.0,0.0005584363781412046,0.004188272836059034,0.0061029118468288795,0.0,0.09493418428400478
23_449,23,449,55443.0,0.24149126129538448,0.0013347041105279296,0.0015331060729037028,0.0001623288783074509,0.03219522753097776,0.0001442923362732897,0.008892015222841478,0.0010641559800155115,0.0027054813051241816,0.0009559367278105441,0.042367837238244686,0.0001442923362732897,0.0037335642010713705,0.004310733546164529,0.0024529697166459246,5.410962610248363e-05,0.0,0.0,0.0010821925220496726,0.0,0.03156394855978212,0.0,0.0,7.214616813664485e-05,1.8036542034161212e-05,0.00018036542034161212,0.00023447504644409574,0.0014248868206987357,3.6073084068322424e-05,0.10482838230254496
23_450,23,450,49702.0,0.584966399742465,0.0007846766729709066,0.0008651563317371534,0.012112188644320149,0.0322119834211903,0.00014083940284093194,0.01873164057784395,0.0014285139431008812,0.2684801416441994,0.0005633576113637278,0.007605327753410326,0.00032191863506498734,0.002273550360146473,0.0,0.0009255160758118386,0.000623717355438413,0.00010059957345780853,6.035974407468512e-05,0.0018711520663152387,0.0,0.1344613898837069,4.023982938312342e-05,0.0,0.0005633576113637278,0.0,0.000623717355438413,0.009597199307874935,0.0009255160758118386,0.0005633576113637278,0.08909098225423524
23_451,23,451,237664.21021574773,0.28348046332532456,0.0019733724298422947,0.0003029484327263224,0.0014979116951468164,0.012562441837238768,0.00033240175257471486,0.0060884219743748405,0.0005764435456042524,0.12048932388265234,0.0027896501513548855,0.03405630245755286,0.002995823390293633,0.0009957776317785414,0.0032651108860503636,0.00640399325846476,7.57371081815806e-05,5.469902257558599e-05,0.00017671991909035473,0.005124877653620287,5.469902257558599e-05,0.028015290854594366,2.103808560599461e-05,8.415234242397844e-06,5.469902257558599e-05,0.0001136056622723709,0.00023983417590833856,0.0006437654195434352,0.0050603357708567005,4.207617121198922e-05,0.049464746876814535
23_452,23,452,51326.0,0.3957253633635974,0.0014027978022834431,0.0017534972528543038,0.0014027978022834431,0.034524412578420295,0.0002727662393328917,0.10688539921287457,0.0038771772590889607,0.032907298445232436,0.014300744262167323,0.0357713439582278,0.0004286326618088298,0.004851342399563574,0.0011884814713790282,0.0028055956045668863,0.005922924054085649,1.9483302809492267e-05,0.0,0.0023769629427580563,0.0,0.03181623348790087,0.0007793321123796906,3.896660561898453e-05,0.0,0.0005260491758562911,0.0008767486264271519,0.0008767486264271519,0.0030393952382807934,1.9483302809492267e-05,0.10706074893815999
23_453,23,453,16281.0,0.25102880658436216,0.0004913703089490818,0.0010441619065167987,0.003992383760211289,0.036545666728087955,0.0,0.014372581536760642,0.0003685277317118113,0.0008598980406608931,0.0035010134512622076,0.031693384927215774,0.0034395921626435722,0.032553282967876664,0.0003685277317118113,0.0007370554634236226,0.0003071064430931761,0.0,0.0,6.142128861863522e-05,0.000552791597567717,0.039063939561452,6.142128861863522e-05,0.0,0.03316749585406302,0.0,0.0002456851544745409,0.0031939070081690316,0.0004913703089490818,0.0,0.04391622136232418
23_454,23,454,36307.0,0.2643291927176577,0.001542402291569119,0.0021208031509075383,0.003856005728922797,0.03533753821577106,0.0004957721651472168,0.018839342275594237,0.0021208031509075383,0.0007436582477208252,0.002506403723799818,0.016580824634368028,0.0010190872283581678,0.005563665408874322,0.0028369185005646296,0.0026441182141184894,0.0,0.0,0.0,0.0011017159225493707,0.0,0.053323050651389536,5.5085796127468534e-05,0.0027542898063734264,0.001046630126421902,2.7542898063734267e-05,0.0004682292670834825,0.007712011457845594,0.004627206874707357,8.26286941912028e-05,0.09692345828628088
23_455,23,455,84231.0,0.24025596276905173,0.0022913179233298906,0.0011515950184611365,0.005484916479680878,0.03631679547909914,0.0003442912941791027,0.012798138452588714,0.0010328738825373081,0.00016620959029335994,0.008714131376809013,0.007918699766119362,0.0013059324951621137,0.004404554142774038,0.00320547066994337,0.003905925371893958,7.123268155429712e-05,0.0,1.1872113592382853e-05,0.002006387197112702,0.0,0.036696703114055394,0.00011872113592382853,8.310479514667997e-05,7.123268155429712e-05,1.1872113592382853e-05,0.000807303724282034,0.004558891619475015,0.006126010613669551,0.0002255701582552742,0.10042620887796655
23_456,23,456,56919.0,0.2529208173017797,0.0010189919007712715,0.000281101214005868,0.0033205080904443155,0.0356647165269945,0.0001054129552522005,0.02740736836557213,0.001616331980533741,0.0002986700398812347,0.0023893603190498778,0.041638117324619195,0.000632477731513203,0.0030921133540645477,0.001616331980533741,0.002652892707180379,5.270647762610025e-05,1.756882587536675e-05,0.0014582125476554403,0.0036191781303255505,0.0,0.03837031571180098,0.00026353238813050123,5.270647762610025e-05,1.756882587536675e-05,0.0,7.0275303501467e-05,0.004515188249969254,0.004813858289850489,7.0275303501467e-05,0.07786503627962543
23_457,23,457,85177.0,0.31446282447139495,0.0009392206816394097,0.0005752726675041385,0.0003756882726557639,0.02897495802857579,0.00014088310224591146,0.0070911161463775435,0.0003756882726557639,0.1051809760850934,0.0013501297298566515,0.0022541296359345833,0.003158129542012515,0.0038860255702830577,0.0018549608462378343,0.0003991687896967491,0.00045787008229921224,0.0,0.0,0.00018784413632788195,1.1740258520492622e-05,0.045352618664662996,1.1740258520492622e-05,0.00019958439484837456,0.0004813505993401975,1.1740258520492622e-05,0.0007161557697500499,5.8701292602463105e-05,0.0027119997182337954,0.00024654542893034505,0.10745858623806896
23_458,23,458,46760.0,0.25258768177929847,0.001347305389221557,0.00019247219846022241,0.005218135158254918,0.03832335329341317,4.2771599657827206e-05,0.0013259195893926433,4.2771599657827206e-05,0.024679213002566296,0.0,0.03857998289136014,0.00012831479897348162,2.1385799828913603e-05,0.0019033361847733104,0.0028229255774165954,0.0,0.0017536355859709154,0.0,0.018969204448246364,0.0,0.04251497005988024,0.004170230966638152,0.0,0.0003635585970915312,4.2771599657827206e-05,2.1385799828913603e-05,0.0005560307955517536,0.003849443969204448,0.000213857998289136,0.06550470487596236
23_459,23,459,28245.491577335375,0.2469493566198695,3.5403880200209214e-05,0.0003540388020020921,0.0019118095308112975,0.03545351611494626,0.0,0.0017701940100104607,0.0,0.05703565100253705,0.00021242328120125528,0.04106850103224269,0.0014161552080083684,7.080776040041843e-05,0.0018764056506110883,0.002832310416016737,0.0,0.0013807513278081592,0.0,0.0002478271614014645,0.0,0.04138019614291804,0.004283869504225315,0.0,3.5403880200209214e-05,0.0,0.0025136754942148543,0.00017701940100104606,0.006018659634035566,0.0002832310416016737,0.04659150634347532
23_460,23,460,35847.0,0.2722961475158312,0.0006137194186403326,0.0006695120930621809,0.0004463413953747873,0.03478673250202249,0.0,0.003124389767623511,0.0005300304070075599,0.008452590174910034,0.001087957151226044,0.034145116746171225,0.0,0.005662956453817614,0.0013390241861243619,0.0006974084302731052,0.0,0.0,0.00022317069768739364,0.0013669205233352861,0.0,0.06513794738750801,0.00019527436047646945,0.0,0.0,0.0,5.579267442184841e-05,8.368901163277262e-05,0.0029012190699361172,0.0,0.11077635506458001
23_461,23,461,31908.0,0.198539551209728,0.0006268020559107434,0.00012536041118214867,0.0005327817475241319,0.02635702645104676,0.00012536041118214867,0.010279553716936191,0.00012536041118214867,0.00015670051397768584,0.0004701015419330575,0.02801805189921023,0.0036041118214867746,0.00752162467092892,0.0005327817475241319,0.0011595838034348753,0.0,0.0,0.0,0.006174000250720822,0.0,0.03798420458819105,0.0,0.0,3.1340102795537166e-05,0.0,0.0,3.1340102795537166e-05,0.0045129748025573525,0.0,0.07017049015920772
23_462,23,462,33205.80800385728,0.3267257282827877,0.0017165671738323222,0.0039481945260072876,0.0031335329856798616,0.034662735701024336,0.0,0.022336308705786383,0.0028632714503834477,0.0014455302516482714,0.006504886132417221,0.028068929826612545,0.0041558994734887805,0.006117265290367332,0.004884092307526374,0.0028926112770718162,0.00015057606788002826,0.0,0.0,0.00042161299006407914,0.0,0.08078708645934647,3.0115213576005655e-05,9.034564072801697e-05,0.00012046085430402262,0.003442438990316286,0.00021235726880731317,0.005031566827855855,0.012565797930070725,0.0,0.10114354493799285
23_463,23,463,26834.0,0.320973391965417,0.0030558247000074534,0.00033539539390325707,0.0035030185585451295,0.052470746068420664,0.00040992770365953643,0.026831631512260565,0.003093090854885593,0.00018633077439069836,0.008571215621972125,0.05012297831109786,0.0005217261682939554,0.0005589923231720951,0.0008943877170753522,0.0033539539390325707,0.00018633077439069836,0.0,0.00022359692926883805,0.001714243124394425,0.0,0.04274427964522621,0.0,0.0,0.0,0.0,0.00011179846463441902,0.005142729373183275,0.023440411418349856,0.0,0.09350078258925244
23_464,23,464,20060.0,0.22308075772681957,0.00019940179461615153,0.0037886340977068794,0.002342971086739781,0.0685443668993021,0.0,0.024476570289132603,4.9850448654037884e-05,0.0,0.003389830508474576,0.03140578265204387,0.0002991026919242273,0.001296111665004985,0.0010967098703888335,0.000897308075772682,0.0,0.0,0.0,0.0012462612163509472,0.0,0.04282153539381854,0.0,0.0,0.0,0.0,4.9850448654037884e-05,0.0,0.00039880358923230307,0.0,0.04077766699900299
23_465,23,465,13343.0,0.2644083039796148,7.494566439331484e-05,0.002098478603012816,0.002548152589372705,0.07299707711908866,7.494566439331484e-05,0.00974293637113093,0.0,0.0,0.004196957206025632,0.03147717904519223,0.0,0.000524619650753204,0.0004496739863598891,0.0008993479727197782,0.0,0.0,0.0,0.000524619650753204,0.0,0.050363486472307574,0.0,0.0,0.0,0.0,0.0,0.0,7.494566439331484e-05,0.00014989132878662968,0.08821104699093157
23_466,23,466,48001.0,0.21351638507531093,0.0009999791671006853,0.003999916668402741,0.001729130643111602,0.04262411199766671,0.0,0.002041624132830566,0.0013541384554488448,0.002166621528718152,0.003979083769088144,0.058936272160996644,0.0003541592883481594,0.0031041019978750445,0.0018124622403699923,0.001729130643111602,0.0,0.0,0.0,0.0008541488718985021,0.0,0.023541176225495303,0.0002916605904043666,0.006604029082727443,0.0,0.0,0.0,0.00045832378492114746,0.006083206599862503,8.333159725839046e-05,0.050769775629674385
23_467,23,467,47272.0,0.16995261465561015,0.0005711626332712811,0.003617363344051447,0.0008038585209003215,0.022359959383990522,2.115417160264004e-05,0.010894398375359621,0.0012904044677610426,0.04241411406329328,0.007509730918937215,0.035073616517177185,0.000528854290066001,0.0018615671010323235,0.0009096293789135218,0.002538500592316805,6.346251480792013e-05,6.346251480792013e-05,4.230834320528008e-05,0.00038077508884752073,0.00019038754442376036,0.010280927398883059,0.0005923168048739212,0.0,0.0,0.0003596209172448807,6.346251480792013e-05,4.230834320528008e-05,0.001565408698595363,0.0,0.02591386021323405
24_468,24,468,128778.0,0.1999021572007641,0.00049697929770613,0.00293528397707683,0.004736833931261551,0.014769603503704048,0.00010094891984655764,0.03343738837379055,0.0002795508549596981,9.318361831989936e-05,0.01007159608007579,0.03371693922875025,0.004356334156455295,0.0004037956793862306,0.006445200267126372,0.0020655702060911026,0.00014754072900650733,0.00099395859541226,0.0001242448244265325,0.01264191088539968,0.0,0.026378729286058177,0.009139759896876796,0.0,0.00020966314121977357,0.0010949075152588176,0.0006289894236593207,3.8826507633291404e-05,0.0015297644007516813,7.76530152665828e-06,0.0330568885989843
24_469,24,469,114716.0,0.22242756023571253,0.0006537884863488964,0.002571568046305659,0.006032288434045818,0.026317165870497577,0.001403465950695631,0.0067906830782105375,0.0008194149028906168,0.0009414554203424108,0.0009065867010704697,0.047709125143833464,0.001525506468147425,0.0008368492625265874,0.003879145019003452,0.0021357090554063947,0.000122040517451794,0.0,0.00014819205690574984,0.0019264967397747482,0.0,0.023431779350744447,0.0014209003103316015,0.0,0.0005840510478050141,0.0014557690296035427,0.0006973743854388228,0.00010460615781582342,0.0017521531434150424,6.973743854388228e-05,0.08819170821855714
24_470,24,470,73744.31328320802,0.15717075129976465,0.0007458202205880979,0.009492257352939428,0.005749595882351882,0.019915238526017266,0.0015323215441173648,0.005722475147057769,0.00014916404411761958,0.0017628477941173224,0.00046105249999991505,0.048165161607465694,0.0028205564705877156,0.0016543648529408718,0.004806518193442281,0.0021832191911760686,5.42414705882253e-05,0.0,0.001125510514705675,0.0010034672058821682,0.0,0.00225102102941135,0.0,0.0,1.3560367647056325e-05,0.0,0.0003932506617646334,0.0,0.0020266428257957347,0.0,0.045142463897050504
24_471,24,471,148948.0,0.2940355023229584,0.0008392190563149555,0.021195316486290517,0.013568493702500201,0.017663882697317185,0.0016515831028278325,0.0025579396836479845,0.0005773827107446894,0.005028600585439214,0.0008660740661170341,0.034052152429035636,0.0007519402744582002,9.399253430727502e-05,0.007223997636759138,0.0024706609017912293,0.0,0.0,0.01777801648897602,0.024847597819373204,0.0,0.0510245186239493,0.001490453044015361,3.356876225259822e-05,0.0005505277009426108,0.0007653677793592394,2.0141257351558933e-05,0.0,0.0008727878185675538,6.713752450519644e-05,0.08804414963611462
24_472,24,472,105759.0,0.155542317911478,0.0015223290689208484,0.0017492601102506642,0.004973571989145132,0.0299548974555357,2.836638016622699e-05,0.002534063294849611,8.509914049868096e-05,0.00015128736088654393,0.0008982687052638546,0.05309240821112151,0.0026097069752928827,0.0008226250248205827,0.0037538176419973715,0.0030068362976200607,1.891092011081799e-05,0.0,0.0007186149642110837,0.0017303491901398463,0.0002552974214960429,0.026172713433372102,3.782184022163598e-05,0.0,0.0005200503030474947,8.509914049868096e-05,0.00014183190083113495,0.0,0.002297676793464386,0.00013237644077572594,0.018249037906939363
24_473,24,473,88293.90021196804,0.2266709342671036,0.0011552326916709715,0.002638913893718984,0.013024682308055072,0.015936152491911965,0.0006568970207540819,0.008698222619640256,0.0007135260742673647,0.0009287164776178398,0.006138589400839868,0.03700322040461602,0.0011552326916709715,0.0011893006120757665,0.007814861092431229,0.0032392206416584223,0.0,6.79548642159395e-05,0.0044963468489546635,0.009139929237043863,0.0016082651197772348,0.012564990679982433,0.005119266437600776,0.0,0.0007475293601744274,0.00014723553913453558,0.00040772918529563703,5.662905351328292e-05,0.006206557191955353,0.00022651621405313168,0.08558921611447354
24_474,24,474,556289.9502647419,0.27101512890252455,0.0023405060605182063,0.0010498122421986424,0.004100838080765102,0.011780216981878979,0.0001027465559495924,0.011783565002129332,0.0005536681003376402,0.0007945496764585616,0.015458048221807132,0.039126798023311045,0.0012691223338908246,0.0033018471421625067,0.002178234299629609,0.009331641049821284,0.00016717900432272902,0.00020313147837062773,0.006146075438488286,0.010345324407282855,2.6964355535924037e-05,0.0038879148125897465,0.007890863671705054,6.471445328621769e-05,0.004695393110655572,0.0007406209653867135,0.0003289651375382732,5.572633477424301e-05,0.00353620782752392,0.00047816790483705293,0.12927628622936893
24_475,24,475,84993.0,0.19201581306695845,0.00040003294388949676,0.0008000658877789935,0.0037532502676691022,0.01482475027355194,0.0,0.00189427364606497,0.0007765345381384349,0.00025884484604614497,0.003706187568387985,0.036579483016248394,0.0037767816173096607,0.0005882837410139659,0.00021178214676502772,0.0011648018072076523,0.00016471944748391043,0.0,0.016248396926805738,0.0007765345381384349,0.0,0.032308543056487005,0.00015295377266363113,0.0,0.0,0.00015295377266363113,0.0,0.00011765674820279316,0.0003412045697881002,0.00018825079712446907,0.07282952713752898
24_476,24,476,301943.0,0.2781385890714473,4.967825053072931e-05,0.00495457751959807,0.003838472824341018,0.008458550123698843,0.00021858430233520897,0.004762488284212583,0.00043716860467041794,0.00011922780127375034,0.0030734277661677864,0.03129067406762204,0.0004172973044581262,0.0007054311575363562,0.000818035192072676,0.0050406864871846676,5.29901338994446e-05,6.292578400559045e-05,0.0005166538055195848,0.00432200779617345,0.0002318318358100701,0.023567362051777986,0.0020268726216537557,0.0003676190539273969,0.006534345886475262,0.002454105576218028,0.0007584212914358008,0.0002616387861285077,0.005113547921296403,3.3118833687152874e-06,0.167680654958055
24_477,24,477,126371.60621803718,0.1830180781079749,0.000921158762215696,0.006836978858283121,0.0032997918795185897,0.012489729572230558,0.0,0.007917774695943123,0.0022263481148310123,2.373950992459417e-05,0.007193071507152034,0.03766467690364155,0.0015351549751237564,0.0005576366366092816,0.000997059416832955,0.0032313207016388323,0.0005539218982405306,0.00022156875929621225,0.00025322143919567113,0.006076830847458745,0.0,0.025741541928234943,0.0002453082692208064,0.016237824788422412,0.0005776614081651248,0.0007219558368970652,0.00015035022952242976,0.0007121852977378251,0.0033491282685521534,0.0,0.04328213760308586
24_478,24,478,42010.0,0.21087836229469173,0.00023803856224708403,0.00038086169959533443,0.025279695310640324,0.01342537491073554,0.0,0.017067364913115925,0.006665079742918353,0.0004998809807188764,0.0050464175196381815,0.03534872649369198,2.3803856224708402e-05,0.00019043084979766722,4.7607712449416804e-05,0.0022137586288978814,0.0009997619614377528,0.00023803856224708403,0.0003332539871459176,0.047012616043799096,0.0,0.020233277791002143,0.0006427041180671268,0.0,0.0,0.0,0.0010235658176624613,0.0,0.003499166865032135,0.0,0.030468935967626756
24_479,24,479,155212.0,0.15922093652552635,0.0032278432079993814,0.008845965518130041,0.001359430971832075,0.012189779140788084,0.0,0.02785222792052161,0.0009793057237842435,1.932840244311007e-05,0.00269953354122104,0.043392263484782104,8.37564105868103e-05,0.00021261242687421075,0.0011146045408860139,0.0029701311754245807,0.00012885601628740047,1.2885601628740046e-05,0.0007215936912094425,0.0019521686467541168,0.0,0.008098600623663119,9.019921140118032e-05,7.087080895807025e-05,0.0,0.001404530577532665,9.664201221555035e-05,0.0,0.0006958224879519625,1.2885601628740046e-05,0.04098909878102209
24_480,24,480,101305.0,0.3614431666748927,0.00011845417304180445,0.004609841567543556,0.003109422042347367,0.008578056364444005,1.9742362173634075e-05,0.006169488179260649,0.0011253146438971423,2.9613543260451113e-05,0.008183209120971324,0.024677952717042595,0.00038497606238586447,0.001056216376289423,0.001036474014115789,0.001302995903459849,9.871181086817038e-06,0.0,1.9742362173634075e-05,0.0009476333843344356,0.0,0.016573713044765806,8.884062978135334e-05,1.9742362173634075e-05,0.00011845417304180445,0.0009871181086817038,0.0,0.0010068604708553378,0.003859631804945462,0.00010858299195498741,0.27730121909086425
24_481,24,481,206968.0,0.3860741757179854,0.0014205094507363457,0.003821846855552549,0.0051360596807235905,0.007247497197634417,9.66332959684589e-06,0.013992501256232848,0.0001836032623400719,0.0010194812724672413,0.000961501294886166,0.03081635808434154,0.000260909899114839,0.0003092265470990685,0.0016089443778748405,0.0011547678868230838,4.831664798422945e-06,0.0,0.0021597541648950562,0.01014166441188976,0.0,0.008044721889374202,0.0014398361099300374,0.0,1.932665919369178e-05,0.0,0.00018843492713849485,0.00023191991032430135,0.0013480344787600016,0.0001304549495574195,0.29442232615670055
24_482,24,482,107732.0,0.22021312144952288,0.0007518657409126351,0.0002784687929306056,0.005123825789923143,0.0230850629339472,0.00022277503434448446,0.0071937771507073105,0.001197415809601604,0.027800467827572124,0.0013088033267738461,0.04214161066349831,0.0003712917239074741,0.00030631567222366615,0.008781049270411763,0.0043069839973267,0.0001392343964653028,0.0003712917239074741,0.00034344484461441355,0.0018935877919281179,0.0,0.013227267664203764,0.003889280807930791,1.8564586195373706e-05,0.0003527271377121004,0.0,0.0008075594994987562,0.0,0.006451193702892362,9.282293097686853e-06,0.06983997326699588
24_483,24,483,119454.0,0.14737890736182963,0.0022937699867731512,0.0013143134595743969,0.0052572538382975875,0.02150618648182564,0.0,0.020292330101963935,0.0002009141594253855,0.00228539856346376,0.001063170760292665,0.04275285884106016,0.001322684882883788,0.0005692567850385923,0.011251192927821589,0.00291325531166809,3.348569323756425e-05,1.6742846618782126e-05,0.0007283138279170224,0.01182044971286018,0.0,0.006621795837728331,0.000937599410651799,0.0,0.00020928558273477656,0.0,5.0228539856346375e-05,0.0,0.0008455137542484973,7.534280978451956e-05,0.013017563246103103
24_484,24,484,91549.0,0.22468841822412045,0.0021081606571344306,0.0008192334159848824,0.0012670810167232848,0.03544549913161258,0.0008956952014768048,0.005428786769926488,4.369244885252706e-05,0.0002840009175414259,0.004686015139433527,0.040623054320637036,0.0014746201487727884,0.00037138581524648003,0.005002785393614349,0.0021190837693475626,2.184622442626353e-05,0.00021846224426263532,0.003670165703612273,0.011960807873379282,0.0,0.006204327737058843,0.022239456465936273,0.0,0.0003932320396727436,4.369244885252706e-05,0.0002621546931151624,0.0,0.0019770833105768495,3.27693366393953e-05,0.077095326000284
24_485,24,485,47156.0,0.15889812537110864,0.0026295699380778693,0.0011663415047926033,0.0027143947747900587,0.04126728306048011,0.0,0.008291627788616506,0.000127237255068284,4.241241835609467e-05,0.004050385953007041,0.030494528798032064,0.0033505810501314784,0.0002756807193146153,0.0016752905250657392,0.0013571973873950293,0.0,0.0,0.00031809313767071,0.00095427941301213,0.0,0.01796165917380609,0.0,0.0,0.0,0.0,0.0007846297395877513,0.0,0.0009966918313682246,0.002481126473831538,0.03795911442870473
24_486,24,486,297652.66869882913,0.27220999260895695,0.001007886142299453,0.00027237607621166394,0.002033187431447592,0.015021548433511864,0.0001377444394475919,0.010653973568582246,0.0024088478800956925,0.0011590690636443708,0.0026473809337732297,0.031776084655302045,0.0013169712259379518,0.00033260242695881947,0.0031324003710310254,0.006490388949423885,0.0,0.0010515612084657626,0.012212220424195038,0.04335525759647273,0.0010314034856197735,0.008315430900656704,0.003895513361689437,0.0016025389662561302,0.003598153528009047,0.00037627749312512906,0.0009678175143982864,0.00032924280648448796,0.007824926311404303,0.0001377444394475919,0.1091214429750651
24_487,24,487,24497.0,0.21904723027309464,0.003306527329877128,0.002857492754214802,0.0025717434787933214,0.038943544107441726,0.0,0.013144466669388089,0.0002857492754214802,8.164265012042291e-05,0.0004898559007225374,0.03273870269828959,0.000530677225782749,0.001061354451565498,0.0011021757766257092,0.002163530228191207,0.0,0.0,0.0035514552802383965,0.003061599379515859,0.0,0.003306527329877128,4.0821325060211456e-05,0.0,0.0019594236028901498,0.050618443074662206,0.001877780952769727,0.001714495652528881,0.0009797118014450749,0.0006939625260235947,0.05196554680164918
24_488,24,488,148824.0,0.3327420308552384,0.0074450357469225395,0.0004165994732032468,0.0038501854539590387,0.011409450088695372,6.719346341987852e-06,0.02379992474332097,0.0014849755415793152,0.00011422888781379347,0.014675052410901468,0.03788367467612751,0.00024189646831156264,0.0014715368488953395,0.003937536956404881,0.0028758802343708005,0.00016126431220770844,0.00353437617588561,0.030888835134118154,0.10031312153953663,0.0017537493952588291,0.010401548137397194,0.003977853034456808,0.012847390205880773,0.0025063161855614687,0.00022845777562758695,0.0003292479707574047,0.0005173896683330646,0.0007324087512766758,4.031607805192711e-05,0.05489705961404075
24_489,24,489,8673.0,0.16707021791767554,0.0,0.0003459010722933241,0.0023060071486221607,0.041046927245474464,0.0,0.0019601060763288366,0.0,0.00023060071486221607,0.0014989046466044045,0.03562781044621238,0.0,0.0,0.012683039317421884,0.0014989046466044045,0.0,0.0010377032168799724,0.0,0.0011530035743110803,0.0,0.00023060071486221607,0.0,0.0,0.0025366078634843766,0.012452438602559669,0.0003459010722933241,0.0014989046466044045,0.0012683039317421883,0.0,0.049348552980514236
24_490,24,490,103374.0,0.35998413527579465,0.0043047574825391295,0.00024184030800781628,0.0016541877067734634,0.016735349314140887,3.86944492812506e-05,0.025315843442258207,0.0005223750652968832,9.67361232031265e-06,0.0069069591967032325,0.04976106177568828,0.0005997639638593844,0.000860951496507826,0.009373730338382959,0.004604639464468822,0.0,2.9020836960937954e-05,0.004817458935515701,0.01068934161394548,9.673612320312651e-05,0.027560121500570745,0.00040629171745313133,0.0,1.93472246406253e-05,0.0,0.0008125834349062627,0.0,0.0036566254570781823,4.8368061601563255e-05,0.19091841275369048
24_491,24,491,140357.0,0.4039912508816803,0.008350135725328982,0.0002564888106756343,0.005015781186545737,0.012339961669172183,0.00022799005393389713,0.013914517979153159,7.837158103977714e-05,0.00018524191882129143,0.0070249435368382055,0.054104889674187966,0.001018830553517103,0.0006269726483182171,0.004460055430081863,0.009368966278846085,0.0,6.412220266890857e-05,0.02513590344621216,0.06489166910093547,0.00036335914845714854,0.00364071617375692,0.005678377280791126,0.0006625960942453885,0.005193898416181594,0.0012254465398946971,0.00015674316207955427,0.0,0.004303312268002309,0.00022799005393389713,0.17547396994806103
24_492,24,492,824466.0,0.34662678630774346,0.0012505063883774467,0.00013341969226141526,0.0022390250174052053,0.004749741044506384,0.00038691710755810426,0.008108278570614191,0.0003614460753991068,2.910975103885424e-05,0.040035610928770865,0.020256748004162696,0.0014130358316777163,0.0003590202628125356,0.0009642605031620467,0.0033088083680830986,1.5767781812712714e-05,3.0322657332139832e-05,0.0004548398599820975,0.0031753886758216832,0.0032845502422173866,0.006621255455046054,0.006435680792173358,8.490344052999154e-06,0.00023287800831083393,7.883890906356357e-05,0.00024621997753697546,0.0002886716978019712,0.0013754357365858628,0.003162046706595542,0.2376204719175806
24_493,24,493,39468.0,0.28306476132563085,0.005827505827505828,0.0006334245464680247,0.002254991385426168,0.03184858619641228,0.00010134792743488395,0.0210043579608797,0.0012668490929360495,7.601094557616297e-05,0.004053917097395358,0.04408634843417452,5.067396371744198e-05,0.0002026958548697679,0.0010641532380662815,0.0032431336779162865,0.00017735887301104694,0.0,0.0003800547278808148,0.0006587615283267457,0.0,0.022321881017533192,0.0,0.0,0.0,0.0002280328367284889,0.0006334245464680247,2.533698185872099e-05,0.002254991385426168,0.00017735887301104694,0.14049356440660787
25_494,25,494,6152.0,0.08533810143042912,0.0,0.0,0.0013003901170351106,0.0014629388816644994,0.0,0.013491547464239272,0.014791937581274383,0.0006501950585175553,0.0024382314694408325,0.017392717815344603,0.0,0.0,0.007639791937581275,0.001788036410923277,0.0,0.0,0.0,0.0,0.0,0.0009752925877763329,0.00032509752925877764,0.0,0.0,0.0,0.0,0.0,0.0,0.0,0.023081924577373212
25_495,25,495,53693.0,0.7147300392974876,0.00033523923043972213,0.0005959808541150615,0.0002793660253664351,0.0018065669640362804,0.0004097368372041048,0.002048684186020524,0.008492727171139627,0.0,0.01638947348816419,0.051496470675879535,0.0010615908963924534,0.00018624401691095673,0.0007822248710260183,0.00925632764047455,0.0,0.0026446650401355854,0.03991209282401803,0.04570428174994878,0.004823720037993779,0.007729126701804705,0.011677499860316987,0.021492559551524407,0.0,0.008399605162684148,0.002383923416460246,0.00443260760248077,0.010206172126720429,0.0,0.46218315236623025
26_496,26,496,51726.0,0.6960136101767003,0.0,0.0,0.0005606464833932645,0.006186443954684298,1.9332637358388432e-05,0.0013339519777288017,0.0010439624173529754,0.0008119707690523141,0.1768163012798206,0.014963461315392645,0.0024552449445153306,0.0011019603294281405,0.00021265901094227275,0.004794494064880331,0.0,0.013996829447473224,0.03870393999149364,0.051482813285388396,0.0075397285697714886,0.013126860766345744,0.041932490430344506,0.03872327262885203,0.003460542087151529,0.0029385608784750416,9.666318679194216e-05,0.0,0.0018559331864052894,0.0,0.2718555465336581
27_497,27,497,53308.0,0.1553050198844451,0.01093644481128536,0.0024761761836872512,0.0006565618668867712,0.027312973662489682,0.0012380880918436256,0.026149921212575974,0.0033390860658812937,0.0014444361071508968,0.0026074885570646056,0.03352217303219029,0.00013131237337735425,0.0017258197643880843,0.0020447212425902302,0.0021385157950026264,9.379455241239589e-05,0.00011255346289487506,0.0,0.001800855406318001,0.0,0.009510767614616942,0.001256847002326105,0.0,0.005214977114129211,0.0,7.503564192991671e-05,0.0021947925264500638,0.00228858707886246,0.0,0.017033090718091094
27_498,27,498,102321.0,0.15673224460276972,0.007496017435326081,0.0015734795398793992,0.0007916263523616853,0.024178809823985303,0.0006352557148581426,0.01249987783543945,0.0010555018031489136,5.863898906382854e-05,0.012626928978411079,0.03297465818355958,0.0004300192531347426,0.0016907575180070563,0.0009382238250212567,0.0032446907281985125,8.795848359574281e-05,0.0,2.931949453191427e-05,0.0012998309242481993,0.0,0.013086267726077737,0.00023455595625531417,0.00023455595625531417,0.0014171089023758564,0.00011727797812765709,2.931949453191427e-05,0.000254102285943257,0.008326736447063653,4.886582421985711e-05,0.03137185914914827
27_499,27,499,208658.0,0.16776735135964113,0.005885228459967986,0.004270145405400224,0.0029330291673456085,0.026234316441257944,0.00011981328297980428,0.006009834274266983,0.0012077178924364271,0.002381888065638509,0.0037813072108426227,0.0424809976133194,0.00048404566323840924,0.00042174275608891106,0.002238112126062744,0.004054481496036577,4.792531319192171e-06,0.0001293983456181886,0.000757219948432363,0.002942614229983993,0.0,0.012513299274410758,0.00011981328297980428,1.9170125276768683e-05,0.000531970976430331,3.8340250553537365e-05,3.35477192343452e-05,1.4377593957576512e-05,0.0016198755858869538,2.8755187915153024e-05,0.04651151645276002
27_500,27,500,124569.0,0.19083399561688696,0.008565533961097865,0.005185880917403206,0.010235291284348434,0.033234592876237264,0.0,0.008685949152678436,0.0007385465083608281,0.0,0.0017259510793215006,0.04429673514277228,0.0005458822018319164,0.0091435268806846,0.0021273350512567334,0.004118199552055488,4.013839719352327e-05,0.0,4.816607663222792e-05,0.0009392384943284445,0.0009472661737671491,0.01818269392866604,0.00029702413923207217,0.0,0.00950477245542631,0.0,1.6055358877409308e-05,8.027679438704654e-06,0.004134254910932896,1.6055358877409308e-05,0.02809687803546629
27_501,27,501,135773.0,0.1790709493050901,0.009132890928240519,0.002128552805049605,0.013883467257849499,0.02208097338940732,7.365234619548806e-06,0.019105418603109603,0.00033143555787969626,0.0,0.005825900584063105,0.036921921147798166,0.0005892187695639044,0.001281550823801492,0.003137589947927791,0.005929013868736789,0.0,4.4191407717292834e-05,0.0002356875078255618,0.0009648457351608935,0.0,0.017345127529037437,4.4191407717292834e-05,0.0,2.9460938478195224e-05,3.682617309774403e-05,0.00036089649635789146,7.365234619548806e-06,0.012565090260950262,0.00013993945777142732,0.02694202823830953
27_502,27,502,54286.0,0.13977821169362264,0.007644696606859964,0.00232104041557676,0.00018420955679180636,0.03280772206462071,0.0002578933795085289,0.008860479681685886,0.0019526213019931474,1.8420955679180635e-05,3.684191135836127e-05,0.04273661717569908,0.00014736764543344508,0.0009026268282798512,0.0027447223961979145,0.003536823490402682,0.0,0.0,3.684191135836127e-05,5.526286703754191e-05,0.0,0.006465755443392403,0.0004605238919795159,0.0,0.0,1.8420955679180635e-05,3.684191135836127e-05,0.0,0.0019342003463139667,1.8420955679180635e-05,0.026599860000736837
27_503,27,503,172314.3853656538,0.15920537330003648,0.00391306939478181,0.004712316956456789,0.0013812010184699967,0.022210773176082325,5.22301140493979e-05,0.01096955735851205,0.0017817120242110012,6.383680606037522e-05,0.0037840324839765295,0.034986253671271665,0.0009113038618368522,0.004446019609752585,0.003087779175343501,0.00408603441924561,5.803346005488656e-06,0.0,0.0006673847906311954,0.0022575015961350873,0.00016249368815368238,0.015420626893496901,0.0002263304942140576,0.0011954892771306631,3.482007603293194e-05,0.0006209580225872862,0.00033659406831834204,9.866933319649818e-05,0.007423975132675925,3.482474519662857e-05,0.0343337817662113
27_504,27,504,112245.0,0.18519310436990513,0.006263085215377077,0.0019510891353735132,0.0022094525368613303,0.026985611831261972,0.00016927257338856966,0.014566350394226914,0.0011492716824802887,5.345449685954831e-05,0.00615617622165798,0.04509777718383892,0.0005345449685954831,0.0011047262684306652,0.004231814334714241,0.0014967259120673526,0.0,0.0,0.0002939997327275157,0.006227448884137378,0.0,0.009381264198850728,0.017132166243485233,0.0,0.0003207269811572899,0.0008909082809924718,0.0002405452358679674,0.0015947258229765246,0.0039021782707470264,8.909082809924718e-06,0.0332308788810192
27_505,27,505,471334.0,0.19256408406777364,0.00274964250404172,0.001005656286200444,0.001470294950077864,0.01260252814352455,2.3338015080601016e-05,0.011762359600622913,0.003369160722544947,0.0005091930563040222,0.004992213589514018,0.04111521765881519,0.001996461108258687,0.0011541709276224504,0.003695892933673361,0.006670429037582691,0.00018246084517560795,0.0002015555847870088,0.001099008346522848,0.007546665421972529,2.75812905498012e-05,0.008310455006428562,0.0043111678767073875,0.00047524685255042075,0.0018606762932442812,0.0009271556900202404,0.00019731230931780861,0.000114568437668405,0.008596876100599575,0.00012305498860680538,0.06547374048975886
27_506,27,506,100261.0,0.24844156750880197,0.004478311606706496,0.0011769282173527094,0.008647430207159313,0.027617917236014002,9.973967943667028e-05,0.007560267701299608,0.001386381544169717,0.05577442874098602,0.0019050278772404026,0.038379828647230725,0.003311357357297454,0.0008577612431553645,0.0021643510437757453,0.0012068501211837106,0.00011968761532400435,1.9947935887334058e-05,0.0,0.0015559389992120566,0.0,0.014851238268120206,0.0019249758131277366,0.0,0.0,2.9921903831001087e-05,0.00025932316653534275,0.00014960951915500543,0.009136154636398998,0.00012966158326767138,0.06569852684493473
27_507,27,507,100950.0,0.2945319465081723,0.005052005943536404,0.0006934125804853888,0.004507181773155027,0.045913818722139677,5.943536404160475e-05,0.0034274393263992076,0.0006141654284299159,0.10943041109460129,0.0011986131748390292,0.03481921743437345,0.00029717682020802375,0.002753838533927687,0.0012382367508667657,0.0021792966815255077,0.0,0.0,0.0,0.0045765230312035665,0.0,0.010936106983655275,0.0,1.9811788013868253e-05,0.0,0.0001882119861317484,0.00012877662209014363,4.952947003467063e-05,0.005121347201584943,0.0,0.06132738979692917
27_508,27,508,60122.0,0.12133661554838496,0.0006819467083596687,0.00013306277236286218,0.0011809321047204018,0.02538172382821596,3.3265693090715545e-05,0.0012141977978111175,0.00021622700508965105,1.6632846545357772e-05,0.0005655167825421643,0.03471275074016167,0.0013472605701739795,0.0010146036392668241,0.000665313861814311,0.002129004357805795,0.0,0.0,0.0,0.00028275839127108214,0.0,0.009314394065400352,0.0,0.0,0.00026612554472572436,1.6632846545357772e-05,0.0,0.0,0.007401616712684209,1.6632846545357772e-05,0.03474601643325239
27_509,27,509,144019.0,0.1494663898513391,0.012845527326255563,0.00010415292426693701,0.00015970115054263673,0.024191252543067233,6.943528284462467e-06,0.0018261479388136288,0.0005277081496191475,7.637881112908713e-05,0.0026593713329491247,0.031093119657822927,0.0005763128476103847,0.0025899360501045,0.0016247856185642173,0.003006547747172248,0.00025691054652511125,7.637881112908713e-05,0.0,0.00037495052736097323,1.3887056568924933e-05,0.016900547844381643,2.7774113137849867e-05,0.0,0.0,0.004631333365736465,0.0002291364333872614,0.00011109645255139947,0.002895451294620849,0.0,0.0426610377797374
27_510,27,510,160581.13958728654,0.14905958465083982,0.0077531407879641405,0.00036741550191782995,0.0033191987112859613,0.02018303170489922,6.850119527281575e-05,0.013170936008413327,0.0037177799232619843,6.227381388437796e-06,0.002845913294516073,0.047826599250605395,0.0003175964508103276,0.0012205667521338081,0.0013015559445481199,0.0035558813009084504,1.2454762776875593e-05,0.0,7.472857666125356e-05,0.00031759866643463566,3.736428833062678e-05,0.0116141792862762,3.736428833062678e-05,0.0,0.0,0.004278215445105382,0.00019927620443000948,6.227381388437796e-05,0.005810226597887553,5.604643249594016e-05,0.020905512080300483
27_511,27,511,146177.0,0.14073349432537266,0.005370201878544504,0.0015050247302927273,0.0007525123651463637,0.02496288745835528,3.4205107506652894e-05,0.014037776120730348,0.000437825376085157,0.004385094782352901,0.0016486861818206695,0.03976685798723465,0.001621322095815347,0.0013066351067541405,0.0019018039773699008,0.0031400288691107356,0.0,0.0,0.0,0.004008838599779719,2.7364086005322314e-05,0.007018888060365174,0.00011629736552261984,6.8410215013305785e-06,0.0003215280105625372,0.00012313838702395042,0.00015734349453060332,0.0002873229030558843,0.004056725750289033,0.0,0.02373834460961711
27_512,27,512,36461.0,0.19127286689887826,0.008365102438221661,0.0020844189682126106,0.0002468390883409671,0.045281259427881845,0.0,0.008035983653767039,8.227969611365568e-05,0.0,0.0009050766572502126,0.04678972052329887,0.002002139272098955,0.00554016620498615,0.0010147829187350868,0.0022764049258111405,0.0,0.0,0.0,0.0003565453498258413,0.0,0.015633142261594582,5.4853130742437125e-05,0.0,0.0,0.0,2.7426565371218562e-05,5.4853130742437125e-05,0.007569732042456323,0.0,0.04495214064342722
27_513,27,513,88035.0,0.208337593002783,0.0070880899642187765,0.0018060998466518999,0.0006020332822173,0.029340603169194072,4.543647412960754e-05,0.020128358039416143,0.00045436474129607543,0.00044300562276367353,0.007394786164593627,0.04808314874765718,0.0005338785710228886,0.0049298574430624185,0.003498608507979781,0.0036462770489010055,0.0,0.0,0.0,5.679559266200943e-05,0.0,0.008826035099676265,0.00021582325211563582,0.0,3.407735559720566e-05,2.271823706480377e-05,0.001783381609587096,0.0001476685409212245,0.007871869142954506,4.543647412960754e-05,0.06133924007497018
27_514,27,514,149978.0,0.23953513181933347,0.0010668231340596622,0.0016935817253197136,0.0027537372147915028,0.024203549853978584,0.0,0.013982050700769447,5.3341156702983105e-05,0.009087999573270746,0.003940577951432877,0.05008067849951326,0.0016269052794409848,0.002853751883609596,0.0011468348691141368,0.0048140393924442255,0.0,0.0,0.0,0.0010668231340596622,0.0,0.011114963527984105,0.062455826854605344,0.0,1.3335289175745776e-05,0.0,0.0,0.00014002053634533065,0.0034138340289909187,0.00012668524716958487,0.0438997719665551
27_515,27,515,233743.0,0.24233452980410108,0.005296415293720026,0.0020107554023008176,0.0010952199638064027,0.016107434233324634,0.0016599427576440792,0.008868714785041691,0.0031573138019106457,0.0003593690506239759,0.002682433270728963,0.03959049041040801,0.0007016252893134768,0.000714459898264333,0.005035444911719282,0.005891085508443033,2.1391014918093805e-05,0.00017112811934475044,0.006691109466379742,0.009159632587927766,3.422562386895008e-05,0.013198256204463877,0.004765918123751299,0.00044065490731273234,0.000196797337246463,0.0003165870207877883,0.011401410951343997,0.021758940374685017,0.0049028206192271,5.133843580342513e-05,0.07605361443979071
27_516,27,516,383465.0,0.23347632769613916,0.0028998735217034147,0.0008918675759195754,0.0005815393842984367,0.016022322767397287,0.00022427079394468858,0.018763120493395746,0.0015855423571903564,0.00645169702580418,0.0058988434407312275,0.030153990585842255,0.0011239617696530322,0.0004250713885230725,0.0012413127664845554,0.013771791428161631,0.00046158058753732414,0.00047201178725568175,0.0046810008736129765,0.005797139243477241,0.0001225665966907019,0.012527870861747488,0.009064712555252761,0.00022166299401509917,0.0054737720522081545,0.0007797321789472312,0.0009961795731031516,0.0004954819866219863,0.003484020705931441,7.301839802850325e-05,0.08879037200265996
27_517,27,517,1028230.9025899771,0.2652455239528799,0.0014591461637221126,0.0002578041800180613,0.0013696021261031372,0.010322486511843618,0.00012260054450420377,0.007883171013764295,0.0016877581372417116,0.0009862697730867785,0.010733462876480637,0.037438368198404764,0.0018432511430225079,0.0007027837193287505,0.000930312024828853,0.0066396027400674245,5.742009135010758e-05,0.0015497227209151508,0.007233083438362646,0.019744604670882758,0.0012818132548634096,0.012148886308154127,0.010037100068922665,0.002154197735591039,0.0005460571070919044,0.001185198572248591,0.0012704578774818875,0.00032201208897271634,0.006813711085868657,0.00012166798388784352,0.11840297179586957
27_520,27,520,229338.0,0.26236384724729445,0.0010334092038824791,0.0010639318385963076,0.0007543451150703328,0.018989439168389015,0.0003226678526890441,0.010351533544375551,0.0035842293906810036,0.00013517166801838335,0.003575508637905624,0.02278732700206682,0.0002921452179752156,5.232451665227743e-05,0.002289197603537137,0.003287723796318098,0.00021801881938448927,0.0038109689628408722,0.009121907403047032,0.05948861505725174,0.00019621693744604034,0.02600964515256957,0.014685747673739197,0.0015915373815067716,0.0,0.0004927225318089457,0.00012645091524300376,1.3081129163069357e-05,0.003026101213056711,8.72075277537957e-06,0.07505515876130428
27_521,27,521,940837.0,0.265996128978771,0.004895640796439766,0.0003741349457982626,0.0022107974069897336,0.010821215577193498,0.0007897223429775827,0.01667876582234755,0.0011936180231007071,0.0015252376341491672,0.004661806455315852,0.02453134815063608,0.0014625275153932083,0.0005495107016411982,0.0006728051724156257,0.007265870708741259,3.082361769360686e-05,0.00024446317481136476,0.004486430699472916,0.00786852557881971,0.00026678372555501113,0.009113162003620182,0.002678466089237562,0.00021151379038026778,0.001207435506894393,0.002782628659374578,0.0012563281418566659,0.004403525796710801,0.005356932178475124,8.077913602462488e-05,0.14837532962670474
27_522,27,522,316577.0,0.2790821822179122,0.0023880446147382787,0.00030008497142875194,0.0023880446147382787,0.020194139182568537,0.000628599045413912,0.02715295173054265,0.0030261200276709933,0.015358032958806231,0.0024417440306781606,0.02699501227189594,0.001930020184662815,0.0022332639452645013,0.001901591082106407,0.003758959115791735,6.317578345868462e-05,2.5270313383473848e-05,0.005805854499853116,0.00624176740571804,6.317578345868462e-06,0.01765131389835648,0.041054782880626195,0.007151498687523098,0.0051740966652662704,0.0010613531621059015,0.00022111524210539617,0.0004295953275190554,0.0055310398418078385,1.2635156691736924e-05,0.07795575799884388
27_523,27,523,140624.0,0.18125640004551144,0.006933382637387644,7.111161679371942e-05,0.0007111161679371942,0.032206451245875525,0.0006257822277847309,0.010119183069746273,0.00043378086244168847,0.0,0.0020764592103766073,0.06331778359312777,0.00804983502104904,0.0002915576288542496,0.0012373421322107179,0.001856013198316077,0.0,0.0,0.0,0.00024177949709864604,0.0,0.009351177608374103,0.0005831152577084992,0.0,1.4222323358743885e-05,0.0,2.844464671748777e-05,0.0006542268745022187,0.0005546706109910115,0.0,0.04189896461485949
27_524,27,524,150092.0,0.22521520134317616,0.004617168136876049,0.019834501505743143,0.0017988966767049544,0.02529781733869893,0.00010660128454547878,0.03459211683500786,0.0002931535325000666,2.6650321136369694e-05,0.0027316579164778938,0.05611225115262639,0.000519681262159209,0.0001998774085227727,0.0035977933534099087,0.0031380753138075313,1.998774085227727e-05,0.0,3.997548170455454e-05,0.0008861231777842923,1.3325160568184847e-05,0.016043493324094556,0.0019054979612504331,0.0,6.662580284092424e-06,0.0001932148282386803,0.001039362524318418,9.327612397729393e-05,0.006189537083921861,2.6650321136369694e-05,0.04589185299682861
27_525,27,525,119523.0,0.18972080687399076,0.007228734218518612,0.0008282924625385909,0.014465835027567917,0.03623570358843068,2.509977159207851e-05,0.01020724044744526,0.0003179304401663278,0.00040159634547325617,0.001539452657647482,0.04408356550622056,0.0011294897216435331,0.0018406499167524242,0.0018239167356910386,0.002560176702392008,0.0,0.0,0.0,0.0032295039448474354,0.0,0.024898973419341885,0.0001589652200831639,9.203249583762121e-05,0.0016231185629544105,0.0,0.00019243158220593525,1.6733181061385676e-05,0.004902822050986003,8.366590530692837e-05,0.03183487696928625
27_526,27,526,310773.0,0.2398599620945191,0.0028123421275336015,0.0010908283538145205,0.001074739440041445,0.020181933436945937,0.00027351153414228394,0.02876697782625904,0.002120518835291354,0.04533855901252683,0.015535455139281727,0.04463386458926612,0.001132659529624517,0.0019660652630698293,0.0016410692048537034,0.004350442284239622,5.792008958307189e-05,0.0,0.0009975126539306825,0.0022524479282305734,0.0,0.01242385921556892,0.00383237926074659,0.004961821007616492,0.0001930669652769063,5.148452407384168e-05,9.653348263845314e-06,2.8960044791535946e-05,0.003430156416419702,6.43556550923021e-06,0.04069529849761723
27_527,27,527,220239.0,0.19710859566198544,0.0062704607267559335,0.0007855102865523363,0.0024836654725094104,0.027265833934952483,0.0004449711449834044,0.0353570439386303,0.0008626991586412942,0.0002769718351427313,0.002147666852828064,0.03412202198520698,0.0014121023070391711,0.0016073447482053587,0.0018752355395729185,0.004967330945018821,1.8162087550343037e-05,9.081043775171519e-05,0.0005584841921730483,0.0017026957078446596,9.081043775171518e-06,0.019437974200754635,0.0004449711449834044,1.8162087550343037e-05,0.0001997829630537734,0.0020523158931887633,9.535095963930094e-05,0.0011033468186833395,0.003823119429347209,0.0001543777441779158,0.047521102075472554
27_528,27,528,161039.60583941606,0.17920856944654218,0.0024216994249152673,5.588687300299613e-05,0.0004983083496397409,0.03069212571977567,0.0004284660263563037,0.021098342664690465,0.004489578797907356,0.0017759606309840994,0.009897925886561276,0.012211548994639299,0.0004129093590259666,0.00033358987720561736,0.005040636658331533,0.0026902506299871353,1.862895766766538e-05,6.209652555888459e-06,0.0008010451797096112,0.023317245347361164,3.725791533533076e-05,0.004233381826066033,0.009438671884950458,0.0,0.0,0.0,3.725791533533076e-05,0.00013040270367365765,0.016894668171878905,4.3467567891219214e-05,0.03220310243109419
27_529,27,529,74544.0,0.19851362953423485,0.0017439364670530156,0.0005902554196179437,0.0013817342777420047,0.028734707018673537,4.024468770122344e-05,0.0377763468555484,0.0015024683408456751,0.00045610646061386564,0.001998819489160764,0.026574908778707877,0.0009658725048293626,0.0008585533376261,0.0058488946125778065,0.0019183301137583172,0.0,0.0,0.00025488302210774843,0.0007646490663232453,2.6829791800815625e-05,0.029968877441511055,2.6829791800815625e-05,0.00033537239751019535,2.6829791800815625e-05,0.0,0.00014756385490448593,0.0005365958360163126,0.018499141446662374,1.3414895900407813e-05,0.037521463833440655
27_530,27,530,385152.0,0.2758235709538053,0.002936502991026919,0.0017966932535726154,0.0020589273845131274,0.014900610667996013,8.048770355599867e-05,0.05727089564639415,0.0009061357593885012,0.005675681289464938,0.006574027916251246,0.03424102691924227,0.0011943336656696577,0.00416199318710535,0.0019732469258889997,0.00505514705882353,5.971668328348288e-05,0.00015318627450980392,0.0001843428049185776,0.0031416168162180127,2.596377534064473e-06,0.02244049102691924,0.0026405159521435692,8.827683615819209e-05,0.0037387836490528413,8.827683615819209e-05,0.0024483840146227983,0.002944292123629113,0.0039179336989032905,0.00010385510136257894,0.09504559238949817
27_531,27,531,195320.0,0.21459655949211554,0.004403030923612533,0.00034302682776981365,0.00877534302682777,0.0012799508498873642,0.00020991193938152774,0.0896682367397092,0.0008550071677247594,0.0004198238787630555,0.005263157894736842,0.03383166086422281,0.0009522834323161991,0.0030616424329305753,0.0071114069219741964,0.0030872414499283226,2.047921359819783e-05,1.0239606799098915e-05,0.0006758140487405284,0.0011519557648986278,3.58386237968462e-05,0.00895965594921155,0.001423305345074749,0.0,0.00018431292238378047,0.00033278722097071473,1.535941019864837e-05,0.0002508703665779234,0.002723735408560311,0.00011263567479008806,0.03943784558672947
28_532,28,532,145997.21215754125,0.18116393059800864,0.0009523549657194373,0.005198729405743623,0.0004055272633100411,0.025628125519588315,0.0,0.0027345762428007234,0.0009251575250587251,0.02421496538938607,0.0018646520153546985,0.01704951739916592,1.3698891714739454e-05,0.0002739778342947891,0.0010219773904733165,0.0027264801367706845,0.0,0.0,0.0,8.360330801366398e-05,0.0,0.016921121292547,2.739778342947891e-05,0.0,0.0005411062227322084,9.270868623139732e-05,0.00018634499587420988,0.0035751582328743,0.00549450223778319,0.0,0.07123224785914212
28_533,28,533,270532.8541998852,0.5313405480081778,0.002713163996923193,0.0002476593839153323,0.0001811240270425565,0.019082170937290907,0.0,0.003688828707946507,0.012530825544372785,0.42234796338480535,0.00017742761832740227,0.022285787946609337,0.0002661414274911034,0.0008119931837808363,0.0010460836663886426,0.0014932555260336032,0.0,8.77778602767082e-05,0.0,0.00012937430503039748,0.0,0.00909882616188027,0.0005396756724125152,4.805331329700478e-05,0.0,0.00015155275732132276,8.501740044854692e-05,2.9571269721233712e-05,9.980303530916378e-05,1.848204357577107e-05,0.03417998883797731
28_534,28,534,303455.0,0.2335535746651068,0.0007348700795834637,0.0005008979914649618,2.6363052182366414e-05,0.023489479494488475,4.283995979634542e-05,0.0013774694765286452,0.09049117661597271,0.02410571583925129,0.00026363052182366414,0.026659636519418037,4.283995979634542e-05,2.306767065957061e-05,0.003074590960768483,0.0015092847374404772,0.0,0.0,0.0,9.556606416107825e-05,0.0,0.010673740752335601,0.00014829216852581107,0.0,0.00026033514030086836,0.0017201891548994084,0.0004053319273038836,1.3181526091183207e-05,0.004718986340643588,1.977228913677481e-05,0.04315631642253382
28_535,28,535,272955.0,0.4097964866003554,0.004487919254089502,0.00027843417413126706,0.0013555347951127476,0.021197633309519886,0.0002381344910333205,0.023776813027788463,0.002824641424410617,0.13761609056437873,0.001315235112014801,0.005565019875070983,0.0005605319558168929,0.000410324046088183,0.004671099631807441,0.001263944606253778,1.4654430217435108e-05,2.198164532615266e-05,0.029103698411826126,0.03292117748346797,0.0,0.01899946877690462,0.008561850854536462,0.0010807642285358392,0.008345698008829294,0.0015387151728306864,0.00045428733674048835,0.0018171493469619534,0.0015863420710373504,1.099082266307633e-05,0.09977835174296129
28_536,28,536,1128844.0,0.13532339278057906,0.003019017685348906,0.0005137999581873138,0.00131018989337765,0.003760484176733012,2.3032411918741652e-05,0.00402890036178604,0.0006325054657685208,0.0014315529869494811,0.0068485990978381425,0.05111423721966897,0.003123549400980118,0.001762865373780611,0.001106441634096474,0.008433406210246942,1.9488963931242935e-05,4.3407237846859266e-05,0.0005997285718841575,0.002753259086286502,4.429309984373394e-06,0.0016503609001775267,0.0009390137166871596,0.0001089610256155855,0.0006502227057060143,0.0004145834145373497,0.0004889958222748228,3.543447987498715e-05,0.005594218510263597,3.5434479874987156e-06,0.03490916371084047
28_537,28,537,136609.9236987676,0.2435866341984747,0.005844983093217325,0.0012224587751636857,0.007282954515700835,0.017039445691685265,0.000293596507913922,0.005680641905247125,0.016595260202480883,0.004544701799700406,0.014005855095242522,0.01262943929655975,0.00042176381093141037,0.0021185498635060075,0.0023031980393838566,0.0018647833046847933,7.320112426129854e-06,5.124078698290898e-05,0.002150963692868796,0.00719795054018804,0.0,0.02457751612537441,0.004978911106107239,0.00017568269822711648,0.0007473128072135411,0.002195572386844376,0.0024427415164749037,0.0028694840710429027,0.014441832453848252,2.196033727838956e-05,0.08988051366217988
28_538,28,538,282458.0,0.2649420444809494,0.0087127997790822,0.0029455706689136083,0.0007151505710583521,0.026545539513839225,0.00021950166042385063,0.0029561917169986336,0.014798660331801543,0.06371212711270348,0.0006478839331865269,0.037963166205241136,0.000364655984252526,0.001448002888925079,0.00525741880208739,0.0025490515404060074,3.186314425507509e-05,0.0002832279489340008,0.0037102861310354105,0.003246500364655984,7.08069872335002e-06,0.022580348228763213,0.0022410411459402816,1.416139744670004e-05,0.0023118481331737815,0.0025879953833844323,0.0011329117957360032,0.00022658235914720063,0.0004921085612728264,4.602454170177513e-05,0.057194343937859785
28_539,28,539,305243.0271976688,0.34075507853404424,0.0033668781403462093,0.0007436697312433601,0.004684791699022048,0.04012740694823199,0.0006355591535736205,0.00416717135745178,0.13814691685417016,0.0015954500401564597,0.002525856223738461,0.006696890139336311,0.0006132130868300573,0.002073757444392277,0.003990263139446751,0.0035774772974350184,0.00014087135878178186,3.2760781112042296e-06,0.004773245808024562,0.0026044820984073625,0.0006552156222408459,0.02647726329475258,0.0015069959311539455,0.00042916623256775404,0.0005340007321262894,0.0006748720909080713,0.0007698783561329939,0.00036036859223246523,0.005822177283644782,3.2760781112042294e-05,0.08302520301847303
28_540,28,540,325159.0,0.3049861759938983,0.00019682678320452455,5.843295126384323e-05,0.00048591612103617,0.026660802868750364,9.226255462712088e-06,0.003988817778379193,0.0997758019922561,0.06367961520363884,0.002500315230394976,0.0343493490876771,0.001629971798412469,0.0002337318050553729,0.0019897957614582406,0.0029524017480678684,0.0,6.150836975141392e-06,0.0,0.00011379048404011576,0.0,0.009180124185398528,0.00013839383194068133,9.226255462712088e-06,8.918713613955019e-05,2.7678766388136267e-05,5.843295126384323e-05,0.0,0.02032236536586716,6.150836975141392e-06,0.036523669958389585
28_541,28,541,233161.0,0.15509454840217704,0.0030536839351349497,0.0020886855005768546,0.00192999686911619,0.017700215730761148,0.00039886601961734594,0.011408425937442368,0.013407044917460467,0.0015525752591556907,0.0075956099004550505,0.02852106484360592,0.00044175483893103904,0.0002744884436076359,0.003542616475311051,0.0026419512697234957,0.0,0.001664086189371293,0.00015011086759792589,0.006527678299544092,0.0,0.018446481186819408,0.00028306620747037454,8.577763862738622e-06,0.0006218878800485501,9.435540249012485e-05,0.00035597720030365284,2.573329158821587e-05,0.010730782592286017,4.288881931369311e-06,0.02162454269796407
28_542,28,542,252382.0,0.20901252862723962,0.0004635829813536623,0.0008043362838871234,0.0020682933014240317,0.02823101489012687,1.5848990815509823e-05,0.03083421163157436,0.00199301059505036,0.004247529538556632,0.016982193658818773,0.027700073697807293,4.7546972446529465e-05,5.150922015040692e-05,0.001600748072366492,0.0020762177968317867,7.924495407754911e-06,0.0,0.0020920667876472964,0.005535260042316806,0.0,0.018785016364083015,0.0020128218335697477,0.0001347164219318335,0.00011490518341244621,0.0006022616509893733,0.00035264004564509354,3.962247703877456e-05,0.010068071415552615,0.0,0.05215110427843507
28_543,28,543,335659.0,0.22280349998063506,0.0031669045072528967,0.00039921467918333783,0.0017309233478023827,0.02611579013224731,4.468821035634379e-05,0.020330156498112668,0.03348338641299652,0.001084433904647276,0.010540459216049621,0.03180608891762175,0.0006941568675352069,0.00022344105178171895,0.0012333946058350885,0.0007328866498440381,4.170899633258754e-05,1.7875284142537516e-05,0.0006047804468225193,0.0013942721631179263,0.0,0.015932836599048438,0.002204618377579627,0.001260207532048895,0.00013704384509278763,2.9792140237562525e-05,5.362585242761255e-05,0.000589884376703738,0.023723481271171038,4.468821035634379e-05,0.04518275988428733
28_544,28,544,381283.0,0.17651718015227535,0.0030003960312943406,0.0030292459931337092,0.004589766656263195,0.010223377386350822,0.0,0.027103227786185066,0.004925475303121304,0.001264152873325063,0.004474366808905721,0.021430276199043755,7.343626650021113e-05,0.0001180225711610536,0.001940815614648437,0.0034305227350812915,0.0,0.003871140334082558,0.00034095409446526593,0.004623862065709722,0.0,0.0121589475533921,0.0010307304548065348,0.0002701405517686338,0.005549683568373098,2.0981790428631752e-05,0.0007973080362880065,3.4095409446526595e-05,0.0010543349690387456,3.147268564294763e-05,0.06113044641381861
28_545,28,545,495531.8316326531,0.16862892485572012,0.0049179484433334916,0.004952255018440865,0.000934349663218468,0.02097140755975447,2.6234439787991543e-05,0.012219194839714523,0.008907601324938052,0.015387507952571962,0.001572048353449647,0.03055706825152061,0.0002683984993694519,0.00029866900681713447,0.002994762203490727,0.002453929137092132,1.4126236808918523e-05,0.0,0.0002502361949008424,0.000906097189600631,7.466725170428362e-05,0.010433234900301252,0.00011502792830119368,0.00021996568745315985,0.00012915416511011222,0.00016144270638764025,3.027050744768255e-05,1.4126236808918523e-05,0.00023005585660238736,1.6144270638764027e-05,0.04957300103015479
28_546,28,546,460392.0,0.22461945472553818,0.003583902413595371,0.0001998297103338025,0.0024218492067629325,0.023901371005577855,9.122660689151854e-05,0.01797815774383569,0.012256946254496168,0.044227527845835723,0.027094302246781003,0.03232679977063024,0.00034970199308415436,1.5204434481919755e-05,0.0022980416688387286,0.0018071556412796051,1.3032372413074076e-05,2.389268275730247e-05,0.0005669081999687223,0.003811968930824167,1.3032372413074076e-05,0.009133520999496082,0.00022589445515995064,4.344124137691359e-06,1.0860310344228397e-05,0.0,0.0003127769379137778,1.9548558619611113e-05,0.014637526281951033,8.688248275382717e-06,0.027285443708839424
28_547,28,547,504040.0,0.17569042139512736,0.0015990794381398302,0.000771764145702722,0.0020692802158558845,0.019069915086104276,0.0006110626140782478,0.011425680501547497,0.0143936989127847,0.014756765336084438,0.001958177922387112,0.03192405364653599,0.0010356320926910563,0.0014324259979366716,0.0016943099753987778,0.006626458217601778,8.927862868026347e-05,0.0005773351321323705,0.001285612252995794,0.0013054519482580747,1.7855725736052696e-05,0.0089457185937624,0.0013411633997301802,0.0010693595746369335,0.00012697404967859692,0.0002003809221490358,0.0008491389572256171,1.388778668359654e-05,0.009532973573525911,1.983969526228077e-06,0.04096500277755734
28_548,28,548,398604.342665248,0.16293350533681195,0.0060443475081200845,0.0024184382778026504,0.0016858822849412666,0.029814642503378685,3.2613794202732836e-05,0.01501992195519748,0.00264171733042136,0.010747499566500576,0.0018991263239591352,0.03687842007052235,0.001517795807127182,0.0008680286764727355,0.004196634613415969,0.0030435678084834803,3.2613794202732836e-05,0.0,4.515756120378393e-05,0.002551402208013792,0.0,0.021678138131216496,0.00023833157301997074,7.526260200630655e-06,4.515756120378393e-05,0.0,1.2543767001051091e-05,0.00044404935183720864,0.0048268415420044605,3.2613794202732836e-05,0.01621049327215958
28_549,28,549,389856.0,0.38552696380201923,0.0006412624148403513,0.0,0.0016878026758598047,0.012863724041697448,2.052039727489124e-05,0.001728843470409587,0.002385496183206107,0.3040532914717229,1.2825248296807026e-05,0.023298346055979642,1.5390297956168432e-05,5.13009931872281e-06,0.0010106295657883937,5.643109250595091e-05,0.0,0.0,0.0,0.0013774316670770747,0.0,0.01724995895920545,2.3085446934252648e-05,7.695148978084216e-06,0.0,0.0,2.052039727489124e-05,0.0,3.847574489042108e-05,0.0,0.019030103422802265
28_550,28,550,287605.0,0.20961388014811982,0.00037551502929364925,0.00018080353262286817,0.0020479477060551796,0.018341127588185183,0.0016620017037255958,0.007711966064567723,0.0028928565219658907,0.07530467133742459,0.0015263990542584446,0.03051755011213296,0.00018775751464682463,0.00042071591244936633,0.0019957928408755065,0.0019575459397437457,0.0002990212270301281,0.00010083273934736878,0.00018775751464682463,0.001721110550929226,0.0,0.00909580848733506,0.0013838424227673371,0.0010743902227012742,0.00010083273934736878,0.0006293353731680603,6.953982023956468e-06,6.953982023956468e-06,0.0004241929034613446,0.0,0.04946019714539038
28_551,28,551,215424.27760545906,0.17905496408797106,0.004256540483743956,0.0007287943668426231,0.0006220283131013471,0.011474283225705135,0.00015318607710704816,0.010673092196180562,0.00045491622898456724,0.01164214186013566,0.0037600218926275458,0.03652747723928274,0.00025531012851174695,0.0015550707827533677,0.0017221828668701475,0.0012579826332124258,0.0,6.963003504865825e-05,2.3210011682886083e-05,0.0006777323411402737,0.0,0.03145494142451772,4.6420023365772166e-05,3.2494016356040516e-05,0.0,2.3210011682886083e-05,0.0001903220957996659,2.78520140194633e-05,0.0006870163458134281,0.0,0.06073910747348539
28_552,28,552,330794.41824357107,0.1865339328332933,0.008884672285600512,0.003730413610218112,0.0007951950807567046,0.01910659117330263,0.00010580589656210203,0.007309675939633221,0.000468568970489309,0.020889107006975,0.0010459668631567802,0.04482323687171994,0.0005108913291141499,0.0003174176896863061,0.0007557564040150146,0.003835568258175881,4.836840985696093e-05,0.00010278287094604198,0.0,0.007031557582955696,0.0,0.017855058568253764,8.464471724968163e-05,6.046051232120117e-06,0.0007980787626398554,2.4184204928480466e-05,0.00037420392778711404,0.0006348353793726123,6.348353793726123e-05,0.0,0.04693182144072807
28_553,28,553,482626.0,0.17056892915010796,0.0008184391226332605,0.0011105908094466523,0.0001989117867665646,0.014435608525027661,6.215993336455143e-05,0.008020703401805954,0.002554773261283064,0.009680373622639477,0.007753415688338382,0.052721983482033705,0.0004993514646952299,0.0,0.0008826710537766303,0.0018005660697931732,0.0,1.0359988894091905e-05,0.00025899972235229765,0.007071728419107135,0.0,0.025556020603945913,0.0007873591559509848,0.0,0.004606051062313261,0.0,0.0014773344162975057,8.080791337391687e-05,0.004680642982350723,2.071997778818381e-05,0.025479356686129634
28_554,28,554,412579.0,0.4202201275392107,0.00035144784392807197,0.00022056381929278998,0.00308789347009906,0.019649570142930204,0.0010179868582744153,0.28329362376659983,0.0060545980284987845,0.016680441806296492,0.0025813238191958387,0.024397751703310155,0.00012361268993332187,1.454266940392022e-05,0.0011609897740796308,0.0027582596302768683,1.6966447637906922e-05,0.0,8.725601642352131e-05,0.00954968624190761,9.695112935946813e-06,0.011823190225387139,0.0004677891991594337,7.27133470196011e-06,0.0,0.0004120422997777395,0.00036599051333199216,0.0,0.0009525448459567743,0.0,0.035135089279871246
29_555,29,555,341973.2119235437,0.2635617894921902,0.0007456845965186605,0.0002661027145610026,0.0035910217806818757,0.015539544868141441,6.725673005387977e-05,0.04665356706225818,0.001491369193037321,0.007038575165038194,0.010044743660199817,0.031399153005872725,0.000637926553511746,0.006161459324086639,0.006319803995640727,0.0009564826505997973,0.0003918435577052126,0.00016375551665292467,0.00021346701277970536,0.0009679120716449655,4.678729047226419e-05,0.023744853780097826,0.002301349850104495,0.003590924543746277,0.003049946497660722,0.0010293325450067621,0.00019598255193735583,1.4621028272582559e-05,0.0019328999376354145,2.631785089064861e-05,0.094979104157381
29_556,29,556,136958.0,0.1826034258677843,0.00029206033966617503,8.761810189985252e-05,0.0008104674425736357,0.016961404226113114,0.00029206033966617503,0.03999766351728267,0.00567327209801545,0.0008615780020152163,0.003636151228843879,0.032827582178478074,0.002394894785262635,0.00251902042962076,0.0029279049051534048,0.00011682413586647002,7.301508491654376e-06,0.0,0.00016063318681639626,0.0003869799500576819,0.0,0.02275880196848669,0.0007812614086070182,0.0,0.0,0.0,0.0,5.111055944158063e-05,0.00021904525474963126,7.301508491654376e-06,0.048832488792184464
29_557,29,557,105077.0,0.16604965882162603,0.0016844790011134691,0.0002474375933838994,0.0020461185606745528,0.024591490050153698,0.000104685135662419,0.014627368501194362,0.007213757530192145,6.661781360335754e-05,0.0006376276444892793,0.03585941737963588,0.008441428666596876,0.00028550491544296087,0.006319175461804201,0.00420643908752629,6.661781360335754e-05,0.00017130294926577652,0.0,0.00037115639007584915,0.0,0.0012657384584637932,0.004815516240471274,9.516830514765363e-06,9.516830514765363e-06,0.0,0.0004948751867677988,5.710098308859217e-05,0.004130304443408167,7.61346441181229e-05,0.04825033070986039
29_558,29,558,89882.0,0.20203155247991808,0.005729734540842438,0.0001335083776506976,0.0020471284573106963,0.02435415322311475,5.562849068779066e-05,0.027313588927705214,0.00678667586391046,0.0008900558510046506,0.0014574664560201153,0.0538372532876438,0.0006897932845286042,0.0059522485035936,0.006219265258894996,0.0023252709107496497,4.450279255023253e-05,4.450279255023253e-05,1.1125698137558132e-05,0.008144011036692553,1.1125698137558132e-05,0.007342960770788367,0.004394650764335462,0.0,0.0005674106050154648,0.00220288823123651,0.00043390222736476716,0.0013684608709196501,0.0025700362697759285,1.1125698137558132e-05,0.03709307759061881
29_559,29,559,95545.0,0.14610916322151868,0.002595635564393741,0.001287351509759799,0.0006593751635355069,0.02818567167303365,3.139881731121461e-05,0.0022502485739703806,0.0010570935161442253,0.00013606154168192998,0.004322570516510545,0.034622429221832646,0.0006070438013501491,5.2331362185357685e-05,0.0049086817729865504,0.003935318436338898,0.00012559526924485844,2.0932544874143074e-05,0.0,0.0017583337694280182,0.0,0.01130357423203726,0.006949604898215501,1.0466272437071537e-05,1.0466272437071537e-05,2.0932544874143074e-05,0.00032445444554921765,0.0,0.00017792663143021613,0.0,0.04075566486995656
29_560,29,560,78314.0,0.15587251321602782,0.002375054268713129,0.00033199683326097507,0.010840973516867993,0.036149347498531555,0.001404601986873356,0.002770896646831984,0.011441121638532063,5.1076435886303855e-05,0.0011747580253849887,0.0004852261409198866,0.009104374696733662,1.2769108971575964e-05,0.007393314094542483,0.001021528717726077,0.00017876752560206348,0.0,0.0,0.00016599841663048753,2.5538217943151927e-05,0.0028602804096330156,0.024631611206170034,2.5538217943151927e-05,2.5538217943151927e-05,5.1076435886303855e-05,0.0022601322879689453,0.00017876752560206348,0.0008427611921240136,5.1076435886303855e-05,0.04001838751691907
29_561,29,561,86026.0,0.1984981284727873,0.001057819728919164,0.0005347220607723246,0.005951689024248483,0.020098574849464115,0.00034873177876455953,0.008788040824866901,0.0015925417896914887,0.007823216236951619,0.05180991793178807,0.00041847813451747145,0.0007090879501546045,0.0012554344035524143,0.004603259479692186,0.0028014786227419618,6.97463557529119e-05,0.00022086345988422105,2.3248785250970637e-05,0.0018831516053286217,0.0,0.014367749285099854,0.008706670076488503,9.299514100388255e-05,2.3248785250970637e-05,1.1624392625485318e-05,0.00041847813451747145,0.0001394927115058238,0.00273173226698905,4.6497570501941274e-05,0.061969637086462234
29_562,29,562,148301.0,0.2223585815335028,0.0012542059729873704,0.0012946642301805112,0.0010384286012906183,0.013041044901922441,0.002103829374043331,0.017828605336444123,0.0040390826764485745,0.005043796063411575,0.004005367462120957,0.03485478857189095,0.0006001308150315912,0.0010788868584837594,0.0036007848901895467,0.005347232992360133,0.0009844842583664303,5.394434292418797e-05,0.0009237968725767189,0.00318271623252709,0.0,0.02341184482909758,0.0009642551297698599,0.0002022912859657049,0.00010114564298285245,0.000856366443921484,3.371521432761748e-05,0.001834107659422391,0.012177935415135434,4.0458257193140975e-05,0.08246067120248683
29_563,29,563,102190.0,0.18675017124963306,0.0020549955964380075,0.0006262843722477738,0.0021332811429689794,0.011909188766024073,0.00027399941285840103,0.027889225951658676,0.0035326352872100987,7.828554653097172e-05,0.004491633232214502,0.027908797338291418,0.0011938545845973187,0.00010764262648008612,0.005421274097269791,0.004755846951756532,0.00020549955964380078,1.957138663274293e-05,0.0006556414521968881,0.0011938545845973187,1.957138663274293e-05,0.007456698307075057,0.0009785693316371464,0.00021528525296017224,9.785693316371466e-05,0.0006164986789314022,5.8714159898228786e-05,0.000841569625207946,0.011194833153928956,0.0,0.07081906253058029
29_564,29,564,91504.0,0.18631972372792444,0.0006447805560412659,0.0008633502360552544,0.0014097744360902255,0.025310368945619863,1.0928484000699422e-05,0.014272600104913446,0.0018796992481203006,0.0322390278020633,0.0029288337121874453,0.02880748382584368,0.002349624060150376,0.0011256338520720405,0.003180188844203532,0.003934254240251792,0.000284140584018185,1.0928484000699422e-05,0.0,0.001366060500087428,0.001890627732121,0.015135950340968702,7.649938800489595e-05,0.0,0.0,6.557090400419654e-05,0.0005354957160342717,2.1856968001398845e-05,0.0028086203881797518,0.0,0.04516742437489071
29_565,29,565,177488.0,0.16800572433065894,0.00042256377895970434,0.00029297755341206166,0.002541016857477689,0.023911475705399803,2.2536734877850896e-05,0.013420625619760209,0.004805958712701704,0.009966870999729559,0.003493193906066889,0.044470612097719284,0.000490173983593257,0.0005070765347516452,0.0036115117641756064,0.003955196971062833,0.00014648877670603083,5.070765347516452e-05,4.507346975570179e-05,0.0010704949066979177,5.634183719462724e-06,0.006507482195979446,0.015257369512305058,1.6902551158388174e-05,0.0,0.0,0.00016902551158388173,2.2536734877850896e-05,0.0,0.0,0.03280221761471198
29_566,29,566,120203.0,0.22194121610941486,0.003177957288919578,0.005157941149555335,0.0016305749440529772,0.0173290184105222,0.0,0.0097917689242365,0.000391005216175969,0.019417152650100248,0.049050356480287514,0.05423325540959876,0.000690498573246924,0.000989991930317879,0.004775255193298004,0.0022129231383576117,0.0,0.0,0.0,0.0004991555951182583,0.0,0.013976356663311231,0.006272721978652779,0.0,0.0,7.487333926773874e-05,8.319259918637638e-06,0.0,0.001380997146493848,0.0,0.030881092817982913
29_567,29,567,106653.0,0.2106457389853075,0.0018752402651589736,0.0002344050331448717,0.0012470347763307173,0.028944333492728756,0.00012189061723533328,0.022493506980581886,0.0008813629246247175,0.043355554930475465,0.000984501139208461,0.03334177191452655,0.0007219675020862048,0.0016033304267109223,0.006019521251160305,0.0024940695526614346,0.0,0.0,0.0,0.0005250672742445126,0.0,0.00637581690154051,0.0001125144159095384,0.000281286039773846,0.0,9.376201325794867e-05,0.0006188292875024613,0.00037504805303179467,0.017871039726965018,9.376201325794868e-06,0.04006450826512147
29_568,29,568,180951.0,0.4487623721338926,0.0015418538720427077,0.0002984233300727821,0.0005802675862526319,0.012058513078126122,0.0005194776486452133,0.3272377604986985,0.0005636885123596996,0.0043989809395913815,0.0018126454122939359,0.02515045509557836,0.0003315814778586468,0.0002818442561798498,0.0016744864631861665,0.0028129162038341873,0.0,1.105271592862156e-05,0.00013263259114345871,0.003553448171051832,0.0,0.005205829202380755,0.019806466944089836,6.078993760741858e-05,0.0006631629557172936,0.0003923714154660654,7.184265353604014e-05,1.105271592862156e-05,0.002287912197224663,1.657907389293234e-05,0.03728633718520483
29_569,29,569,160877.0,0.4315284347669336,0.001591277808512093,0.0019207220423056123,0.0029960777488391753,0.015179298470259887,0.0006464566097080379,0.10168638152128645,0.0054389378220628185,0.1843333727008833,0.003623886571728712,0.022333832679624806,0.0001864778681850109,0.00013053450772950763,0.003145260043387184,0.010187907531841097,2.4863715758001455e-05,2.4863715758001455e-05,0.000888877838348552,0.0013612884377505797,4.351150257650255e-05,0.020058802687767673,0.0029090547436861703,0.0008142866910745476,1.864778681850109e-05,0.0001553982234875091,0.00024242122864051417,1.864778681850109e-05,0.013556941017050293,0.0,0.03801040546504472
29_570,29,570,116827.0,0.4136886165013226,0.0007789295282768538,0.0005221395738998691,0.0008217278540063513,0.010031927550994205,0.0001283949771884924,0.30599946930076094,0.008799335769984679,0.004271272907803846,0.001720492694325798,0.021048216593766853,0.0006505345510883614,0.00047934124817037156,0.006702217809239302,0.00219127427735027,7.703698631309543e-05,8.559665145899492e-06,3.423866058359797e-05,0.001027159817507939,0.0,0.005426827702500278,0.0,0.0,3.423866058359797e-05,0.00024823028923108526,0.0001283949771884924,2.5678995437698477e-05,0.0006162958905047635,0.0,0.041916680219469815
29_571,29,571,223121.0,0.3282299738706801,0.0035944621976416384,0.0017524123681769085,0.0010666857893250746,0.01885075810882884,6.722809596586606e-05,0.013351499858820998,0.0017524123681769085,0.11928505160876833,0.03633454493301841,0.03310759632665684,0.0005960891175640124,0.0003495860990225035,0.004316043761008601,0.0005467885138557106,3.585498451512856e-05,1.792749225756428e-05,0.0010308308048099463,0.013248416778340004,1.3445619193173212e-05,0.026142765584593112,4.48187306439107e-06,0.0,0.0,0.0004930060370830177,2.6891238386346423e-05,0.0004705966717610624,0.0007305453094957444,1.3445619193173212e-05,0.05103060671115673
29_572,29,572,964145.5150305673,0.25278167997588874,0.002993036596292963,6.328208871009429e-05,0.0009989413777231565,0.0027061730013284587,0.0001536946299623213,0.011994569226253887,0.004288380720520179,0.0006402652168673115,0.008861983784497181,0.046463436183554585,0.02340835442935417,0.001293754891641396,0.0021043370053108012,0.01072263742337337,5.60354045950159e-05,0.00015869655422392443,0.003767079849867325,0.014663485249905859,0.00012555425105366776,0.013744904715984958,0.0027019288348437997,0.000344346361440549,0.000699064601237741,0.015829040831304684,0.00120252200229844,0.00023578240706009041,0.007457330326838922,0.00016596368444086042,0.07493709832540296
29_573,29,573,116646.0,0.25984602986814814,0.0010630454537660958,0.0016888705999348456,0.0009344512456492292,0.01989781046928313,0.0007715652487011985,0.10256674039401266,0.00018003189136361298,0.018749035543439124,0.0011659208202595887,0.017814584297789895,0.0006086792517531677,7.715652487011985e-05,0.007149837971297773,0.003900690979544948,6.858357766232876e-05,0.00010287536649349314,9.430241928570204e-05,0.010561870959998628,2.5718841623373285e-05,0.01747166640947825,0.00012002126090907532,0.0,0.0027347701592853593,4.2864736038955474e-05,0.0032234281501294514,0.00025718841623373286,0.00469797506986952,6.001063045453766e-05,0.043816333179020284
29_574,29,574,150910.0,0.4056192432575707,0.001987939831687761,0.0005234908223444437,0.00316082433238354,0.013001126499237957,0.0010469816446888873,0.07786760320720959,0.0018686634417864952,0.22488238022662513,0.004466238155191836,0.0270492346431648,0.0006825260088794646,0.00042409383076005564,0.005022861308064409,0.0020475780266383937,1.987939831687761e-05,0.0006758995427738387,0.0,0.0009277052547876218,6.62646610562587e-05,0.0029752832814260153,5.963819495063283e-05,1.987939831687761e-05,0.0,0.00013915578821814325,7.289112716188457e-05,0.0010271022463720098,0.011066198396395202,0.00012590285600689154,0.024411901133125705
29_575,29,575,310886.9378717779,0.5353787443318501,0.0001801297937551066,0.0017401824718127263,0.000707652761180776,0.0035372050692726595,0.00011901432801676687,0.023056653994219897,0.002721246527086075,0.4312230918657037,0.00042137505324855296,0.01744054514034497,0.00037955920826968895,0.00011258112109694164,0.002508950698731842,0.004950352724805519,9.649810379737855e-06,0.0,0.0009585478310539602,0.0016629839887748236,4.181584497886404e-05,0.006047214504635722,0.00046962410514724223,0.0002669780871727473,2.8949431139213564e-05,0.00043424146708820343,1.608301729956309e-05,2.8949431139213564e-05,0.004167699740981784,0.0,0.03214746631451357
29_576,29,576,35118.0,0.10749473204624407,0.001993279799533003,0.00025627883136852895,0.005581183438692409,0.008827381969360441,0.0,0.012756990717011219,0.0008827381969360442,0.001566148413918788,0.0003986559599066006,0.03399965829489151,0.00034170510849137196,0.00034170510849137196,0.001566148413918788,0.005381855458739108,0.0,2.847542570761433e-05,0.0,0.0008827381969360442,0.0,5.695085141522866e-05,0.0,0.0,0.0,0.0,0.001737000968164474,0.00031322968278375764,0.01375363061677772,0.0,0.016828976593200068
29_577,29,577,374394.0,0.5649022153132794,0.003958396769178993,0.00021902060396267035,0.003301334957290982,0.010561066683760958,0.000160258978509271,0.007270415658370594,0.00040064744627317744,0.46355176632104145,0.0026602990432538984,0.014340507593604598,0.00040064744627317744,0.0011004449857636607,0.0031571018766326383,0.0024920271158191637,5.3419659503090326e-06,0.00021902060396267035,1.0683931900618065e-05,0.007700443917370471,2.6709829751545164e-05,0.002147470312024231,0.0016426545297200275,7.211654032917195e-05,0.0037794409098436408,0.00010683931900618065,0.0002938081272669968,0.004863859997756374,0.000641035914037084,2.6709829751545163e-06,0.029816182951649867
29_578,29,578,47510.0,0.2651441801725953,0.003704483266680699,0.0008419280151547042,0.037444748474005474,0.010839823195116817,0.000799831614396969,0.023784466428120397,0.0002525784045464113,0.06455483056198695,0.041107135339928436,0.004756893285624079,0.0006524942117448958,0.0006735424121237635,0.0022311092401599663,0.0003157230056830141,2.1048200378867608e-05,6.314460113660282e-05,2.1048200378867608e-05,0.0015365186276573353,0.0,0.00431488107766786,0.0,0.0,0.0006314460113660282,0.0010524100189433804,0.0003788676068196169,0.0009892654178067775,0.0003578194064407493,0.0,0.06381814354872659
29_579,29,579,103933.0,0.213146931196059,0.0038967411697920775,0.0001539453301646253,0.0007697266508231264,0.03164538693196579,5.772949881173448e-05,0.022322072873870665,0.001664533882405011,0.0029538260225337475,0.0009910230629347754,0.051821846766666985,0.0009236719809877517,0.002530476364581028,0.004416306659097688,0.004329712410880086,9.621583135289081e-06,9.621583135289081e-06,0.0,0.0011738331425052678,0.0,0.032078358173053795,0.0,0.0,0.0,0.0,0.0009621583135289081,0.0,0.0012315626413170024,0.0,0.049204776153868354
29_580,29,580,45072.11650485437,0.19710259372897113,0.0012646399685681715,0.00015530666280661758,0.00082090664626355,0.038003669631494555,2.218666611523108e-05,0.011470506381574468,0.000554666652880777,0.002995199925556196,0.00024405332726754189,0.047441791235103704,0.00028842665949800405,0.004435243799149927,0.003949226568511132,0.0036607999090131284,4.437333223046216e-05,2.218666611523108e-05,0.0,0.0012202666363377095,0.0,0.009140906439475205,2.218666611523108e-05,0.00048810665453508377,0.0,0.0,0.0005102933206503149,0.0,0.0004659199884198527,4.437333223046216e-05,0.06983735665905857
29_581,29,581,94368.0,0.3052093930145812,0.010183536792132927,0.0009643099355713801,0.07448499491353001,0.010713377416073245,0.0012928111224143777,0.010872329603255342,0.002575025432349949,0.05343972533062055,0.0015153441844693116,0.01201678535096643,0.0012186334350627332,0.0009431163106137674,0.005160647677178705,0.0023101051203797897,0.0,0.00022253306205493388,0.003221430993557138,0.01274796541200407,4.2387249915225503e-05,0.0565128009494744,0.0051924381146151236,0.0012292302475415396,3.1790437436419124e-05,0.00048745337402509323,0.00018014581213970837,0.0012080366225839267,0.002119362495761275,0.0,0.03432307561885385
29_582,29,582,72321.0,0.12354641113922653,0.009070671036075275,0.0017560597889962806,0.005364970064020132,0.018970976618133045,0.0,0.015265275646077903,0.0037471826993542676,0.0076326378230389515,0.003111129547434355,0.005904232518908754,0.0015486511525006567,0.0009125980005807441,0.004327926881542014,0.0025718670925457335,0.0,4.148172729912474e-05,0.0,0.0030005116079700224,0.0,0.0035950830325908105,0.004438544821006347,0.0,1.3827242433041578e-05,0.0029866843655369808,0.00024889036379474843,0.00030419933352691475,0.003608910275023852,0.0,0.02512409950083655
29_583,29,583,82104.0,0.2611322225470135,0.0008769365682548962,0.0005115463314820228,0.0007307804735457469,0.010511059144499658,4.8718698236383124e-05,0.013909188346487382,0.007855890090616779,0.013482899736919029,0.0016929747637143134,0.041983338205203155,0.0005115463314820228,9.743739647276625e-05,0.0030814576634512324,0.0013641235506187276,0.00020705446750462827,6.0898372795478907e-05,0.003239793432719478,0.012946994056318816,3.653902367728734e-05,0.04362759427068109,0.008866803079021728,0.0003166715385364903,0.0016564357400370262,1.2179674559095781e-05,0.0001339764201500536,0.0,0.006467407190879859,0.0,0.08690197797914839
29_584,29,584,81667.0,0.2797702866518912,0.0009183635985159244,0.0002938763515250958,0.004653042232480684,0.014020350937343114,0.00033061089546573277,0.011167301357953642,7.346908788127395e-05,0.06479973551128362,0.0026693768596862868,0.024097860825057858,0.0005510181591095546,3.6734543940636976e-05,0.0034530471304198757,0.0021183587005767324,0.0,9.79587838416986e-05,0.00020816241566360953,0.006465279733552108,0.00025714180758445884,0.019812164031983544,0.0,1.2244847980212326e-05,6.122423990106163e-05,0.00013469332778233558,7.346908788127395e-05,0.0002938763515250958,0.008767311153832025,2.448969596042465e-05,0.11437912498316333
30_585,30,585,111189.0,0.23865670165214187,0.0017897453884826737,0.001286098444990062,0.001996600383131425,0.004388923364721331,8.993695419510923e-05,0.037072012519224026,0.011826709476656863,0.0,0.0011062245365998436,0.02483159305326966,0.0033276673052190413,6.295586793657646e-05,0.0034176042594141506,0.007518729370711131,0.0008993695419510923,0.0,0.012627148368993335,0.023806311775445413,8.094325877559831e-05,0.005288292906672423,0.00467672161814568,5.3962172517065537e-05,0.0011961614907949527,0.001528928221316857,0.0003147793396828823,0.0006295586793657646,0.004910557699052964,0.0,0.08392916565487593
30_586,30,586,75999.0,0.19364728483269517,0.0031316201528967485,9.210647508519849e-05,0.0007763260042895301,0.011500151317780496,0.0001710548823010829,0.03463203463203463,0.015658100764483745,1.315806786931407e-05,0.003026355609942236,0.0415268621955552,0.0003026355609942236,0.0001710548823010829,0.0028553007276411533,0.003157936288635377,0.0002631613573862814,0.0,0.000750009868550902,0.003210568560112633,0.00019737101803971106,0.003013197542072922,0.004776378636561007,0.00035526783247147986,0.00035526783247147986,0.00113159383676101,0.00040790010394873617,7.894840721588442e-05,0.010723825313490967,0.0,0.05136909696180213
31_587,31,587,8373.0,0.15131971814164574,0.0005971575301564553,0.0,0.00011943150603129105,0.006210438313627135,0.0,0.031052191568135674,0.00011943150603129105,0.0,0.03511286277319957,0.0,0.0,0.0,0.005374417771408097,0.011943150603129105,0.0,0.0,0.0,0.0,0.0,0.01815358891675624,0.0,0.0,0.0,0.0,0.0,0.0,0.014092917711692344,0.0,0.028544129941478563
32_588,32,588,110925.0,0.39557358575614154,0.002109533468559838,0.0013612801442416046,0.0011088573360378633,0.0022718052738336715,0.0,0.011223799864773495,0.001911201262114041,0.2548929456840207,0.0015505972503944106,0.058859589812936666,0.0006220419202163624,0.0003786342123056119,0.004363308541807527,0.0033896777101645255,0.0,2.704530087897228e-05,0.0010006761325219743,0.001054766734279919,0.00026143790849673205,0.006517917511832319,0.0,1.803020058598152e-05,0.00021636240703177824,0.0001532567049808429,0.00039666441289159344,0.0001352265043948614,0.00782510705431598,0.0,0.03392382240252423
32_589,32,589,222924.0,0.24919254992732948,0.002112827690154492,0.0020859126877321417,0.0010541709282087168,0.004615922915433062,5.383000484470044e-05,0.020975758554484938,0.002242916868529185,0.046728930038937036,0.004225655380308984,0.07062945218998402,0.00222945936731801,0.001103515099316359,0.005705980513538246,0.005441316323051802,1.345750121117511e-05,8.97166747411674e-06,0.0007446484003516894,0.002377491880640936,0.0,0.009895749223950763,0.00019737668443056827,4.48583373705837e-06,0.0,0.00035886669896466957,0.0008029642389334482,0.00019737668443056827,0.01598751143887603,0.0,0.04939800111248677
32_590,32,590,61236.730595675166,0.1765320126485168,0.0025571230066485113,0.0005225621892077301,0.0010948026075294581,0.013078503231584491,0.00033511041439908873,0.01908195869719725,0.001292827500109677,3.266013682548313e-05,0.0003926096657815709,0.06899625184031463,0.000636872668096921,0.0001796307525401572,0.002255613512585656,0.00331174627301349,0.0,0.0,0.0027199884265351306,0.006338130615771047,4.8990205238224694e-05,0.0167612776705956,4.8990205238224694e-05,4.8990205238224694e-05,1.6330068412741565e-05,3.266013682548313e-05,0.0,0.00013064054730193252,0.0062334524711426835,0.0,0.030384289600383415
32_591,32,591,320920.90174746007,0.20878406982692488,0.0010407548968649981,0.0017063008973856695,0.0002773269036556432,0.005924094422912025,0.0001589176638925596,0.02753234457305072,0.003205599324421956,0.0026061547506001383,0.011607660975936043,0.056717753263761765,0.001484988411269162,0.003742340349095099,0.0050790590095941565,0.0066345498614905265,5.920461988154181e-05,2.804429362809875e-05,0.0010289110061000072,0.003512979580348981,0.0,0.012854711885640498,0.0,6.232065250688611e-05,5.920461988154181e-05,0.00022435434902479,0.0002150062511487571,0.0001420821873496529,0.011386366109649881,0.0,0.05149303896783376
32_592,32,592,290325.0,0.18808232153620943,0.0033617497631964178,0.002001205545509343,0.0005235511926289504,0.0075432704727460605,2.755532592783949e-05,0.016994747265995005,0.0017153190390080083,0.0015913200723327305,0.002648755704813571,0.07158184792904504,0.0006613278222681477,0.001460432274175493,0.0059898389735641095,0.0027968655816757084,1.7222078704899682e-05,0.00029966416946525443,0.0007612158787565659,0.0017532076121587875,6.888831481959872e-06,0.009430810298803065,3.444415740979936e-06,0.0,0.0,0.00014810987686213726,0.0004064410574356325,0.0002583311805734952,0.011649014035994144,0.0,0.044450185137346075
32_593,32,593,141472.15323977958,0.19142257235009513,0.0014178437488960665,0.001713346719347429,0.0007775381761070833,0.011372407513856543,0.0001625761640951174,0.020482361907338178,0.0034772004900192463,0.0020891820866171295,0.0012904383238889442,0.06247342214579263,0.003023779127944777,0.0009344251360471383,0.005261400320909622,0.004884873250043317,0.0,4.94797021159053e-05,0.001379742455090286,0.005098996062095014,0.0,0.011763759263592282,0.001074416388802515,0.0001625761640951174,0.0001130964619792121,0.0001582662846586935,0.0002544670394532272,0.0001130964619792121,0.008075882232080655,0.0,0.043817998723249776
32_594,32,594,304634.69821211486,0.26176850155970044,0.001472564758838338,0.004065605239367953,0.0005708196813440138,0.009528699968909924,0.0001608483875526276,0.02634556941204489,0.0032961053992045758,0.010819542105152322,0.00530238664537103,0.054668397774743735,0.00133501737063459,0.0008699204179683581,0.004822900364803273,0.010763788086312766,0.0,1.6413100770676285e-05,0.0008045909935436829,0.003985975950784407,6.565240308270514e-06,0.01925810208259852,0.0,0.00044643634096239496,3.282620154135257e-06,0.00029852680214514476,0.0002133703100187917,0.0001894950558026155,0.010629007557060503,2.9543581387217315e-05,0.09186502631191573
32_595,32,595,469511.57756559027,0.227236688277471,0.0023855067554268018,0.0013328650525283165,0.0012170549538873595,0.007048926782150928,0.00019857096044126408,0.023390383114661413,0.0026140233664794133,0.00024312856308384993,0.002555647892284424,0.045109210986555175,0.0014095130570374924,0.0016492332076177931,0.005980272396148713,0.011570228727317534,2.129872931323618e-05,0.0002641042434841286,0.0011462343383283925,0.023033621484767904,6.389618793970854e-06,0.012167995246837088,2.9818221038530654e-05,3.7205496726102145e-05,0.0,0.00032278407334646476,0.0015955898431616491,0.00018627992649841276,0.009833346744922193,6.602606087103215e-05,0.07182142843376142
32_596,32,596,79529.7728722344,0.17638237358181402,0.004426120919954234,0.0008338117147040159,0.0015862792459747277,0.005923715898258923,0.0015591645181636264,0.025974252605045378,0.0028434251248080924,0.00031434768511363437,0.0006509983290876054,0.06655366206776234,0.0005919571045146379,0.0008978757353362716,0.0020411178526488953,0.0032475460476470313,0.0,3.870517871464143e-05,0.0006084648379232044,0.003646188285696986,0.0,0.007077003607690124,1.9352589357320715e-05,0.0,0.0,6.385299352373218e-05,0.0010497460806918216,1.9352589357320715e-05,0.00822941337417458,5.02956296181815e-05,0.038135723566046706
32_597,32,597,204431.99606377466,0.20482569647822715,0.0030155332964067745,0.0005734599992100479,0.000852256589055994,0.005998985227672233,0.001044930744650685,0.013730363470875492,0.002427334247165026,0.0005589804794226554,0.0066402776720605365,0.052366051523790924,0.0005041226952578668,0.00545785267124289,0.006945322631949431,0.007908395475048109,0.0,0.0001898390386483151,0.0012021838953680853,0.005117189444984642,0.0,0.0073667275784136555,9.264215828264838e-05,3.424121534192856e-05,2.2817574817001403e-05,0.0001777478319602596,0.0004130997920990766,0.000443317825567392,0.008086619006244163,7.33740328755612e-05,0.07358203035981575
32_598,32,598,275262.4372419245,0.3648044758919834,0.0032985769846573666,0.001967055224303526,0.0011180461235458428,0.005550668919309881,9.788887664202592e-05,0.038591327952731014,0.0037217248171406456,0.0005728954136544895,0.16626639539830546,0.052052487825474496,0.0006747883242792183,0.0001493544843369928,0.0028056224576358396,0.00331812166627725,0.0,5.6011317932001767e-05,0.0003149153221821857,0.0030679209671560614,0.0,0.006192027356285435,0.0003577132350740879,5.0860553805587304e-05,0.0,0.00014791736879919045,4.003640492855891e-05,8.223628985545168e-05,0.04352590232740418,0.0,0.030783980280266608
32_599,32,599,113346.96432392823,0.15379686150279231,0.0011141042774587945,0.0006259164490507823,0.0009048592702005059,0.005524850075551126,0.0,0.033845800949360384,0.0030379965060915405,0.00029193098305331576,0.0004692444158903752,0.047409715812782166,0.0003352537955176447,0.00046794437286201294,0.0039093145798878995,0.005233189072367934,0.0,0.0,0.0005251324281274203,0.00254285975696619,0.0,0.01111329689225071,7.05797464247673e-05,0.0,0.0,0.00028087030365891026,5.778421767423212e-05,8.358018896143544e-05,0.004852981018024208,0.0,0.031099656390629973
32_600,32,600,362534.2792809571,0.3479470923063289,0.0039203781585042926,0.0016035064924284463,0.000430624943487777,0.004833058859292023,6.6200636385616e-05,0.17788502086844638,0.001975775564093094,0.0013162286547059503,0.023760494048065198,0.05559147857450935,0.00035647003453523205,0.00022531428854335588,0.006044699050541239,0.003240989206399459,1.3791799247003332e-05,5.792555683741399e-05,0.0004956274517285805,0.010740512538928776,0.0,0.018120859359935702,1.9308518945804666e-05,0.0,0.0,0.00021271451538512436,0.0011778196556940846,0.0006978650418983686,0.004485930425682244,0.0,0.03067449806210844
32_601,32,601,390791.9256148946,0.18347061693687994,0.0026835903116497572,0.003157428903805511,0.0014525410595324767,0.005405005388364677,2.047125202858871e-05,0.022843444530602004,0.0013947469985401788,0.00020267672109165746,0.009911817394567242,0.06509982666225969,0.0002185190299661521,0.0005053643580586342,0.0025143182509416656,0.007540968329905361,0.0,0.00010919548905387292,0.0005165982072728937,0.004620160566011806,0.0,0.01140091800658797,0.0,2.558906503573589e-06,0.0,6.710698713319164e-05,0.0005124699788412883,0.0003344168115212104,0.007070526384189873,2.047125202858871e-05,0.03586547515642205
33_602,33,602,262169.50473262323,0.3320982541321291,0.004342027272485146,0.0006446211208750489,0.007656071656299966,0.013821381847366136,0.00042486332849700015,0.01865196738120822,0.008328226122188951,0.0013769717434076486,0.009852649989566439,0.03751367914237056,0.002286991056523362,0.0006946984025574738,0.0033871216292132742,0.007534618267588198,6.1029218544383316e-05,0.000267002831131677,0.0016477889006983495,0.02239821424740379,0.0016554175530163976,0.03538722242291815,0.015070402654303656,0.0005342511830709109,0.007765968059772778,0.0008849236688935581,0.0004958624006731145,0.0007247219702145519,0.0036093346296668907,9.917248013462289e-05,0.12498105295153891
33_603,33,603,879072.0,0.12268164609952315,6.939135815951367e-05,7.962942739616323e-05,0.0001808725565141422,0.003872265297950566,7.507917440209676e-05,0.007191674857122056,0.002820019293072695,0.0009953678424520402,0.0036299643260165266,0.03116923300935532,0.005648001528885006,9.328018637836264e-05,0.0001558461650467766,0.011003649302901241,0.0,1.820101197626588e-05,0.000208174074478541,0.0018132758181354884,3.071420770994867e-05,0.0007052892140803029,0.0004720887481343963,0.0002650522369043719,0.014854300899129992,0.00034809435404608495,0.0003640202395253176,3.753958720104838e-05,0.008254158931236577,0.000455025299406647,0.027871437151905647
33_604,33,604,320394.0,0.23160546077641903,0.001220372416462231,0.0001560578537675487,0.002269081193780158,0.016897944405950174,7.17866127330724e-05,0.006894635979450302,0.006516975973332834,0.0006804122424265124,0.020112736193561676,0.03607121231983121,0.009341623126525466,0.002893312608850353,0.001910148130114796,0.006997634162936884,1.8726942452105845e-05,3.4332727828860714e-05,0.010596328270816557,0.005274755457343146,0.0009176201801531864,0.006080013982783698,0.004300954449833643,0.0003839023202681698,0.0015137611815452224,0.0006117467867687909,0.0012859167150446012,0.01983495321385544,0.0027154066555553475,1.8726942452105845e-05,0.06598438172999495
33_605,33,605,341423.0,0.4406322948366104,0.0016958435723428123,0.0011100599549532398,0.004244002307987453,0.009193873874929339,4.100485321727007e-05,0.011232400863445052,0.002428073094079778,0.17281495388418472,0.03575623200545951,0.02773099644722236,0.025399577650011863,0.037159183769107526,0.0013473023199960168,0.004264504734596088,5.8578361738957245e-06,0.00014644590434739313,0.0012945817944309552,0.04258939790230887,1.1715672347791449e-05,0.009346177615450629,0.0036640765267717756,8.786754260843587e-06,0.0002167399384341418,0.00046862689391165795,0.000743945194084757,0.0025686611622532753,0.0013326577295612774,0.00012887239582570593,0.043687742184914315
33_606,33,606,162356.0,0.15851585404912663,0.0035354406366256866,0.001268816674468452,0.000874621202788933,0.02128655547069403,4.9274433959939885e-05,0.03401167804084851,0.0020633669220724827,0.005660400601148094,0.0025191554362019265,0.0315541156470965,0.0006220897287442411,0.0003941954716795191,0.0047611421813791915,0.004151371061124935,0.0,0.0,0.0,0.0010286038089137451,1.2318608489984971e-05,0.013913868289438025,0.0002710093867796694,0.0,0.0002894872995146468,6.159304244992486e-06,0.0005358594693143462,1.847791273497746e-05,0.0023035797876271896,1.847791273497746e-05,0.027365788760501615
33_607,33,607,168521.0,0.17864835836483278,0.001376683024667549,0.0023973273360590073,0.0012520694750209173,0.03258347624331686,3.560387132760902e-05,0.010153037306923173,0.003969831653028406,5.933978554601504e-06,0.0015250324885325865,0.04811863209926359,0.0004628503272589173,0.0044326819802873235,0.002521940885705639,0.003969831653028406,0.0,0.0,0.0,0.0009494365687362406,0.0,0.024525133366168014,0.0005755959197963459,1.1867957109203007e-05,1.1867957109203007e-05,0.0,0.00011867957109203008,0.0,0.0030322630414013683,0.0,0.036618581660445876
33_608,33,608,394452.0690902137,0.20504081756206322,0.002416009636349614,0.0006013531030379616,0.0018709497498699006,0.020452737154876152,0.0006135092675725147,0.007861397444461467,0.0012028513898324788,0.0018694029302171017,0.03240190887952195,0.026078510535557813,0.0006692828373518343,0.0011104010710609978,0.0021031364812867785,0.004690625235311785,1.0140649050785368e-05,0.00043097758465837817,0.00010901197729594272,0.005043208924531092,2.535162262696342e-05,0.013884887578083352,0.0009304045504095576,0.00014703941123638784,0.002307295695654105,9.6336165982461e-05,0.0007049667921374339,0.0001571800602871732,0.0010166000673412332,0.0,0.07623534076645999
33_609,33,609,269561.0,0.12435775204870142,0.0015914765118099428,0.0002782301594073327,0.0008532391555158202,0.013770538022933584,0.0024224572545731766,0.008131740125611643,0.0011351790503819172,0.00407328953372335,0.020796776981833427,0.02126791338509651,0.001116630373088095,0.000511943493309492,0.0024076183127381186,0.002904722864212553,7.419470917528871e-06,7.419470917528871e-06,8.532391555158201e-05,0.0010164675157014553,0.0001669380956443996,0.007144950493580303,0.001090662224876744,2.596814821135105e-05,1.1129206376293306e-05,0.0001038725928454042,0.0018251898457121022,0.00011871153468046194,0.0011685666695107973,0.0001335504765155197,0.030189827163424977
33_610,33,610,259204.0,0.18953411212789928,0.003707504513819231,0.0028047406675822902,0.002600268514374778,0.01318652489930711,0.0035647598030894585,0.019937963920309873,0.001412015246678292,0.0034683106742179905,0.03068625484174627,0.03961744417524421,0.0012538386753290845,0.0024459499081804295,0.0016743568772086851,0.008950479159272233,1.1573895464576164e-05,3.857965154858721e-06,7.715930309717443e-05,0.0018325334485578926,1.1573895464576164e-05,0.015836946960695052,0.0023070631626055152,0.0,0.0011110939645993117,0.00027777349114982793,0.001481458619465749,1.5431860619434884e-05,0.000706007623339146,0.0,0.030551226061326216
33_611,33,611,60569.0,0.19173174396143242,9.90605755419439e-05,0.0,1.6510095923657316e-05,0.002245373045617395,0.0,0.0717528768842147,0.0012877874820452708,0.0,0.021380574221136223,0.016972378609519723,0.0002806716307021744,0.0,0.0013538278657398998,0.004953028777097195,0.0,0.0,0.00046228268586240485,0.001568459112747445,0.0,0.00016510095923657318,9.90605755419439e-05,0.0,0.0,0.0,0.0007594644124882366,8.255047961828659e-05,0.018260166091564993,0.0,0.049992570456834355
33_612,33,612,199407.0,0.16940227775353922,0.007091024888795278,0.00010531225082369224,0.0019106651220869878,0.012913287898619407,2.005947634736995e-05,0.008154177135205885,0.0038213302441739757,0.001018018424629025,0.00937279032330861,0.012953406851314147,0.00100798868645534,0.0005014869086842488,0.0027381185214159984,0.0045183970472450815,1.0029738173684975e-05,2.005947634736995e-05,1.5044607260527464e-05,0.0020410517183448926,1.5044607260527464e-05,0.018148811225282963,0.000411219265121084,8.52527744763223e-05,4.5133821781582395e-05,0.00022065423982106948,0.0014543120351843215,2.507434543421244e-05,0.0034903488844423717,5.014869086842488e-06,0.07728916236641642
33_613,33,613,113256.0,0.1940206258388077,0.0027901391537755176,0.000573921028466483,0.003408207953662499,0.006683972593063502,0.00021190930281839374,0.00507699371335735,0.0011919898283534647,0.0001589319771137953,0.04145475736384827,0.025243695698241152,0.00168644486826305,0.00013244331426149608,0.0038938334392879847,0.0058893127074945255,0.0,0.0,9.712509712509713e-05,0.0007681712227166772,0.0003885003885003885,0.014798332980151162,0.0006622165713074804,7.946598855689765e-05,0.0016334675425584517,0.001386240022603659,0.0012537967083421629,0.000573921028466483,0.036642650279013915,0.0,0.037340185067457794
33_614,33,614,248385.0,0.23187793143708355,0.007327334581395817,0.001992873965819192,0.0011474122833504438,0.01648247680012883,9.662419228214264e-05,0.008720333353463373,0.0021056021901483583,0.006610705155303259,0.003615355194556837,0.03269923707148177,0.00020130040058779716,6.039012017633915e-05,0.00256054109547678,0.006820057571914568,0.0,0.0006602653139279747,0.0,0.002846387664311452,0.0009461118827626467,0.014095054049157557,0.0005636411216458321,0.0,0.0006562393059162188,0.009396702699438372,0.0026008011755943392,6.039012017633915e-05,0.0016345592527729131,8.052016023511887e-06,0.1079694828592709
33_615,33,615,26629.0,0.1585113973487551,0.000901273048180555,0.0014270156596192121,0.003454880018025461,0.022419167073491307,0.0,0.011190807014908558,0.002027864358406249,0.0,0.004468812197228585,0.04551428893311803,3.755304367418979e-05,0.00022531826204513875,0.003267114799654512,0.003943069585789928,0.0,0.0,0.0,0.00015021217469675917,0.0,0.018400991400353,0.0,3.755304367418979e-05,0.00011265913102256937,0.0005257426114386571,0.0012016973975740733,0.0,0.003304667843328702,0.0,0.03590070975252544
33_616,33,616,47.0,0.06382978723404255,0.0,0.0,0.0,0.02127659574468085,0.0,0.0,0.0,0.0,0.0,0.0425531914893617,0.0,0.0,0.0,0.0,0.0,0.0,0.0,0.0,0.0,0.0,0.0,0.0,0.0,0.0,0.0,0.0,0.0,0.0,0.0
33_617,33,617,189268.8632072671,0.15666529985333905,0.0037248599059210236,0.0011306666948469489,0.0036033396536711178,0.013705371058098064,8.98193168803651e-05,0.015718380454063895,0.0027051464848674668,0.00010038629533687865,0.0007925233842385156,0.03293727184895271,0.0004860810089996229,0.0004543800736300823,0.0031753770261823194,0.006155264950919138,4.226791382605417e-05,1.0566978456513542e-05,2.6417446141283854e-05,0.007793146611678737,5.811838151082448e-05,0.01698641786884552,0.00040610592764506404,0.0008823427011188808,6.340187073908125e-05,0.001500510940824923,0.0007608224488689751,0.0006076012612495287,0.0019707414821397754,4.755140305431094e-05,0.04073041846063145
33_618,33,618,86404.0,0.15068746817276976,0.006029813434563215,0.0010879125966390445,0.001898060274987269,0.021121707328364426,0.00010416184435905745,0.01339058376926994,0.005231239294477107,0.0027776491829081987,0.00039350030091199484,0.03157261237905652,6.944122957270496e-05,3.472061478635248e-05,0.0030554141011990186,0.005046062682283228,0.0,0.0,0.0,0.0005323827600574048,0.0008101476783482246,0.0156127031155965,1.1573538262117494e-05,0.0,0.00011573538262117494,0.00498819499097264,0.003113281792509606,2.3147076524234988e-05,0.0039928707004305355,0.0,0.029674552104069257
33_619,33,619,83403.0,0.14029471361941417,0.0062587676702276895,0.0013188974017721185,0.0003357193386329029,0.020694699231442515,1.1989976379746532e-05,0.0060429480953922525,0.0035969929139239598,0.000767358488303778,0.0005035790079493544,0.03014280061868278,0.0004795990551898613,0.00010790978741771878,0.004088581945493567,0.0038248024651391438,0.0,0.0,0.0,0.0013788472836708512,0.002841624401999928,0.01600661846696162,0.00011989976379746532,0.0,0.0,0.006354687481265662,0.00418450175653154,0.00015586969293670492,0.0029015742838986607,7.193985827847919e-05,0.028104504634125872
33_620,33,620,178994.0,0.16674860609852843,0.004083935774383499,0.0010447277562376392,0.0008044962400974334,0.01584410650636334,0.00013408270668290557,0.015872040403588947,0.003927505949920109,0.0024972904119691165,0.008480731197693778,0.029140641585751477,0.0006313060772986804,0.0001787769422438741,0.0036034727421030872,0.008212565784327967,0.0,6.704135334145279e-05,0.0011341162273595764,0.0024023151614020583,0.000424595237829201,0.012123311395912712,0.00018436372168899515,0.0003296199872621429,0.0,0.013547940154418583,0.0026704805747678694,2.2347117780484264e-05,0.005938746550163692,8.938847112193705e-05,0.03335866006681788
33_621,33,621,119740.0,0.24955737431100716,0.001979288458326374,0.0011274427927175548,0.0012861199265074327,0.028135961249373644,5.8459996659428765e-05,0.013529313512610656,0.0014865542007683314,0.001377985635543678,0.0016368799064640054,0.028219475530315685,0.0016285284783698012,0.00015032570569567397,0.006580925338232838,0.004843828294638383,0.0002755971271087356,0.0,1.6702856188408217e-05,0.0028561884082178054,0.0015951227659929848,0.04477200601302823,0.0020544513111742106,0.0,0.0011691999331885753,0.002096208451645231,0.0029229998329714383,0.00031735426757975615,0.0030399198262902956,0.00010856856522465341,0.09629196592617338
33_622,33,622,77995.0,0.21143663055324058,0.005077248541573178,0.001602666837617796,0.005538816590807103,0.028347971023783575,0.00030771203282261683,0.018885826014488107,0.0032950830181421886,3.8464004102827103e-05,0.006628630040387204,0.030899416629271106,0.0008205654208603115,0.0003333547022245016,0.007026091416116417,0.004705429835245849,7.692800820565421e-05,0.00030771203282261683,0.001705237515225335,0.004538752484133599,0.0,0.028989037758830695,0.0074491954612475155,1.2821334700942368e-05,0.0007564587473555997,5.128533880376947e-05,0.003205333675235592,0.000243605359317905,0.002500160266683762,0.0002948906981216745,0.047797935765113146
33_623,33,623,310342.0,0.21320027582473527,0.0029354711898486184,0.0006831173350690528,0.0013823459280406776,0.010594763196731348,0.00021911310747497922,0.01805105335404167,0.002568134509669977,5.8000528449259206e-05,0.006215723298812278,0.03413331099238904,0.0021782420684277348,0.0007217843540352257,0.004404817910563185,0.009048082438084436,2.2555761063600802e-05,0.00033511416437349763,0.001118121298438497,0.0148803577988155,1.9333509483086402e-05,0.010887988090558158,0.0091963060107881,0.00169168207977006,0.0012276778521759864,0.0012018998395318713,0.003260918599480573,0.0002706691327632096,0.0024682447106740306,0.0003931146928227568,0.07303233207235889
33_624,33,624,81473.0,0.1401445877775459,0.0028352951284474613,0.0018411007327580916,0.00017183606839075522,0.0144710517594786,7.364402931032366e-05,0.014974285959765812,0.002589815030746382,0.0,0.0002823021123562407,0.03457587176119696,0.0013992365568961497,0.0001350140537355934,0.0038172155192517767,0.004921875958906631,0.0,0.0,0.0003559461416665644,0.0010187424054594774,0.0,0.011476194567525438,0.0009573723810342076,3.682201465516183e-05,7.364402931032366e-05,9.819203908043156e-05,0.0,1.2274004885053945e-05,0.004676395861205553,0.0003559461416665644,0.03899451351981638
33_625,33,625,282917.0,0.47826747774082146,0.0008235630944764719,0.0024777584945408016,0.000558467677799496,0.006938430705825383,0.00032164910556806413,0.004298080355722703,0.009942845428164444,0.0008942552055903321,0.002283355188977686,0.02173075495640064,0.0027004386445494614,0.00012017658889356242,0.0018203218611819014,0.0514426492575561,2.82768444455441e-05,0.0,0.0003110452889009851,0.297977852161588,3.8880661112623136e-05,0.005849772194671935,0.0017213529056224971,0.0,0.000593813733356426,0.0002297493611200458,0.0002297493611200458,3.8880661112623136e-05,0.000855374544477709,8.48305333366323e-05,0.06395515292470937
33_626,33,626,77147.0,0.08819526358769622,0.00434235939181044,0.00011666040157102674,0.0012573398835988437,0.0022424721635319585,0.0002203585363008283,0.010473511607709957,0.004407170726016566,2.5924533682450386e-05,0.005638586075932959,0.014854757800044072,0.00045367933944288175,0.0002851698705069543,0.0025794911014038135,0.0034609252466071268,2.5924533682450386e-05,9.073586788857636e-05,0.0,0.0004277548057604314,0.0,0.002268396697214409,1.2962266841225193e-05,0.0,0.0,0.00032405667103062985,0.0005444152073314581,2.5924533682450386e-05,0.0013610380183286454,2.5924533682450386e-05,0.03272972377409361
33_627,33,627,237770.0,0.40164024056861675,0.0019472599571014005,0.0014804222568027927,0.0025612987340707404,0.012171426168145687,0.00016402405686167306,0.013096690078647432,0.0018631450561466963,0.011742440173276697,0.0028641123775076755,0.04283130756613534,0.0006645077175421626,0.0001387895865752618,0.0021743701896791015,0.0029692560037010555,0.0,0.0,0.0001261723514320562,0.24446734238970433,3.7851705429616855e-05,0.007111914875720234,0.0003448710939142869,0.0005635698363965177,0.001652857803759936,0.002161752954535896,0.0018252933507170795,0.00011776086133658578,0.003196366236278757,0.00016822980190940825,0.0431972073852883
33_628,33,628,350264.0,0.5519493867482812,0.00045679830071032135,0.0005310280245757486,0.0015017244135851814,0.006891944361966973,1.712993627663705e-05,0.0053274101820341225,0.0006709225041682845,0.43476634766918665,0.0036172715437498572,0.015588242011739716,0.0011277208048786058,0.0002027042459402051,0.004319598931091976,0.0027208048786058515,0.0,5.709978758879017e-06,5.995477696822968e-05,0.014591850718315327,0.001016376219080465,0.011853915903432839,0.0008536418244524131,0.0020812872576114016,0.0006024027590617362,0.0001398944795925359,0.0005681428865084622,0.00020555923531964462,0.0007137473448598771,1.712993627663705e-05,0.041500125619532695
33_629,33,629,159504.0,0.3394585715718727,0.000344818938710001,0.0051848229511485605,0.0003072023272143645,0.00351715317484201,0.0,0.17559434246163105,0.0014106229310863678,0.01089000902798676,0.005109589728157287,0.031441217775102816,0.003153525930384191,0.0005955963486809109,0.004200521617012739,0.004369796368743103,0.0,0.0,0.0015109338950747317,0.0027460126391814625,0.0015924365533152773,0.014338198415086769,0.00029466345671581905,0.0,2.507774099709098e-05,0.015353846925468954,0.004012438559534557,1.8808305747818238e-05,0.007654980439362022,0.0010908817333734578,0.044701073327314676
33_630,33,630,76450.0,0.19907128842380636,0.0032439502943100067,0.0002746893394375409,0.0040418574231523875,0.031013734466971875,0.0,0.027848266841072597,0.0013603662524525834,0.0015565729234793982,0.013499018966644866,0.04092871157619359,0.0004708960104643558,0.0004185742315238718,0.002969260954872466,0.003989535644211903,0.0,0.0,0.0004708960104643558,0.017423152387181163,0.0,0.018404185742315237,0.0014780902550686724,0.0013211249182472204,0.0004970568999345978,3.924133420536298e-05,5.2321778940483976e-05,1.3080444735120994e-05,0.0006801831262262917,0.0,0.027076520601700457
33_631,33,631,133907.0,0.33743568297400434,0.004585271867788838,0.000448072169490766,0.006287946111853749,0.01482372094065284,0.00012695378135571701,0.0563301395744808,0.0016802706355903724,0.005122958471177758,0.006638935977954849,0.03649547820502289,0.001411427333895913,0.0010679053372863257,0.003360541271180745,0.005085619123720194,0.00017922886779630638,0.0007467869491512766,0.0013367486389807852,0.01583935119149858,0.00034352199660958723,0.030976722650794954,0.016235148274548753,0.0021358106745726513,0.00015682525932176808,0.00031365051864353617,8.961443389815319e-05,0.016586138140649853,0.0021283428050811386,0.0,0.10690255177100524
33_632,33,632,485881.0,0.2639905655911633,0.005025921985012791,0.0005371685659657406,0.001745283310110912,0.005488998334983257,0.0004548438815265466,0.012186111414111685,0.0020828145163116073,0.00020375359398700505,0.0055178119745369755,0.028665455121727336,0.0007162247546209874,0.001648551805894859,0.0019613856067637963,0.007479197581300771,1.4406819776858944e-05,0.0005001224579681033,3.704610799763728e-05,0.0031283380086893704,1.646493688783879e-05,0.018074384468625034,0.0038116328895346804,0.0004157396564179295,0.019733226860074792,0.0003375312062006952,0.0017802713009975695,0.0009323270512738716,0.00394335238463739,2.058117110979849e-06,0.13755014087811623
33_633,33,633,377605.0,0.43435071039843226,0.0021159677440711856,0.0022536777849869573,0.0021901193045642934,0.006859019345612479,0.0013665073290872738,0.013741873121383457,0.0014618450497212697,0.0014009348393162167,0.30665642668926524,0.03812184690351028,0.00045020590299386926,0.0004316680128705923,0.0011705353477840601,0.015073952940241787,4.237232028177593e-05,9.268945061638484e-05,0.002931634909495372,0.0011678870777664491,0.0,0.006101614120575734,0.0003548681823598734,0.0,0.00028336489188437655,2.1186160140887964e-05,0.0006938467446140808,5.296540035221991e-06,0.0007494604149839118,3.177924021133195e-05,0.028580130030057865
34_634,34,634,5229.0,0.4153757888697648,0.0,0.008223369669152802,0.008032128514056224,0.06272709887167718,0.014151845477146681,0.0021036527060623446,0.0011474469305794606,0.0,0.02199273283610633,0.0,0.0,0.00019124115509657678,0.0034423407917383822,0.003633581946834959,0.0,0.0,0.015299292407726142,0.016829221648498757,0.0,0.13941480206540446,0.00592847580799388,0.0,0.013386880856760375,0.0,0.0,0.0,0.0021036527060623446,0.0,0.09676802447886786
34_635,34,635,81301.0,0.1869718699646991,1.2299971710065067e-05,0.00031979926446169175,0.0021278951058412566,0.0039605908906409516,2.4599943420130133e-05,0.0056333870432098004,0.005977786251091623,1.2299971710065067e-05,0.026297339516119112,0.005215188005067589,0.005780986703730582,0.006026986137931883,0.0021155951341311915,0.013210169616609882,0.0,0.002951993210415616,0.01199247241731344,0.017318360167771614,0.00031979926446169175,0.0011438973690360511,0.008536180366785157,8.609980197045547e-05,0.0002213994907811712,0.00020909951907110614,0.0007625982460240341,4.9199886840260266e-05,0.0043295900419429035,0.0,0.06233625662660976
34_636,34,636,2149.0,0.10144253140995813,0.0,0.003257328990228013,0.0009306654257794323,0.0013959981386691485,0.0,0.0009306654257794323,0.007910656119125175,0.0,0.0316426244765007,0.0,0.0009306654257794323,0.0,0.0,0.01582131223825035,0.00046533271288971617,0.0,0.0,0.0,0.0,0.0,0.0,0.0,0.0,0.0,0.0,0.0,0.0037226617031177293,0.0,0.034434620753839
34_637,34,637,13169.0,0.0766193332827094,0.0,0.0003037436403675298,0.0,0.0029615004935834156,0.0,0.0024299491229402385,0.0024299491229402385,0.0009112309211025895,0.030146556306477335,0.0,7.593591009188245e-05,0.0,0.003341180044042828,0.007593591009188245,0.0,0.00037967955045941227,7.593591009188245e-05,0.000835295011010707,0.0,0.0022780773027564734,0.0,7.593591009188245e-05,0.0,0.0,0.0006834231908269421,0.0,0.004480218695421065,0.0,0.01761713114131673
35_640,35,640,16996.0,0.12544128030124738,0.0010590727229936455,0.0,0.00041186161449752884,0.0031772181689809368,0.0,0.0,0.0,0.0,0.0006472111084961167,0.02318192515886091,0.0005295363614968228,0.0,0.04459872911273241,0.007472346434455166,0.0,0.0,0.00011767474699929395,0.0005883737349964697,0.0,0.0009413979759943516,0.0,0.0,0.00029418686749823486,0.0,0.0014709343374911745,0.0,0.012297011061426218,0.00017651212049894094,0.028477288773829136
